player_id,player_name,season,league,team,role,age,ip,g,gs,k_pct,bb_pct,hr_fb,era,fip,home_pa,road_pa,home_era,road_era,park_id,source,is_synthetic
mlbam-670897,Daison Acosta,2024,AAA,Rochester Red Wings,pitcher,26.0,5.666666666666667,4.0,0.0,0.375,0.16666666666666666,0.0,0.0,2.041176470588235,12.0,12.0,0.0,0.0,Rochester Red Wings,statsapi,False
mlbam-600853,Jose Adames,2024,AAA,Worcester Red Sox,pitcher,31.0,4.333333333333333,5.0,0.0,0.2727272727272727,0.18181818181818182,0.3333333333333333,0.0,6.1,11.0,11.0,0.0,0.0,Worcester Red Sox,statsapi,False
mlbam-657193,Eddy Alvarez,2024,AAA,Worcester Red Sox,pitcher,34.0,0.3333333333333333,1.0,0.0,0.0,0.0,0.0,0.0,3.1,0.5,0.5,0.0,0.0,Worcester Red Sox,statsapi,False
mlbam-682266,Brett Auerbach,2024,AAA,Sacramento River Cats,pitcher,26.0,0.3333333333333333,1.0,0.0,0.0,0.0,0.12,0.0,3.1,0.5,0.5,0.0,0.0,Sacramento River Cats,statsapi,False
mlbam-606930,Jacob Barnes,2024,AAA,Rochester Red Wings,pitcher,34.0,8.0,7.0,0.0,0.37037037037037035,0.07407407407407407,0.0,0.0,1.35,13.5,13.5,0.0,0.0,Rochester Red Wings,statsapi,False
mlbam-592144,Wynton Bernard,2024,AAA,Charlotte Knights,pitcher,34.0,0.6666666666666666,1.0,0.0,0.0,0.25,0.0,0.0,7.6,2.0,2.0,0.0,0.0,Charlotte Knights,statsapi,False
mlbam-684049,Brandan Bidois,2024,AAA,Indianapolis Indians,pitcher,23.0,1.0,1.0,0.0,0.2,0.0,0.0,0.0,4.1,2.5,2.5,0.0,0.0,Indianapolis Indians,statsapi,False
mlbam-687134,Bradley Blalock,2024,AAA,Albuquerque Isotopes,pitcher,24.0,3.0,2.0,0.0,0.4,0.0,0.0,0.0,0.43333333333333357,5.0,5.0,0.0,0.0,Albuquerque Isotopes,statsapi,False
mlbam-518489,Ryan Brasier,2024,AAA,Oklahoma City Baseball Club,pitcher,37.0,8.0,8.0,0.0,0.41379310344827586,0.034482758620689655,0.0,0.0,0.4750000000000001,14.5,14.5,0.0,0.0,Oklahoma City Baseball Club,statsapi,False
mlbam-605154,John Brebbia,2024,AAA,Charlotte Knights,pitcher,34.0,1.0,1.0,1.0,0.5,0.0,0.0,0.0,-0.8999999999999999,2.0,2.0,0.0,0.0,Charlotte Knights,statsapi,False
mlbam-663708,Gabriel Cancel,2024,AAA,Buffalo Bisons,pitcher,28.0,0.3333333333333333,1.0,0.0,0.0,0.0,0.0,0.0,3.1,1.0,1.0,0.0,0.0,Buffalo Bisons,statsapi,False
mlbam-612434,Miguel Castro,2024,AAA,Reno Aces,pitcher,30.0,3.0,2.0,0.0,0.18181818181818182,0.18181818181818182,0.0,0.0,3.7666666666666666,5.5,5.5,0.0,0.0,Reno Aces,statsapi,False
mlbam-683409,Angel Chivilli,2024,AAA,Albuquerque Isotopes,pitcher,22.0,3.3333333333333335,3.0,0.0,0.45454545454545453,0.0,0.0,0.0,0.10000000000000009,5.5,5.5,0.0,0.0,Albuquerque Isotopes,statsapi,False
mlbam-543037,Gerrit Cole,2024,AAA,Scranton/Wilkes-Barre RailRiders,pitcher,34.0,4.333333333333333,1.0,1.0,0.625,0.0,0.0,0.0,-1.5153846153846158,8.0,8.0,0.0,0.0,Scranton/Wilkes-Barre RailRiders,statsapi,False
mlbam-543056,Danny Coulombe,2024,AAA,Norfolk Tides,pitcher,35.0,2.6666666666666665,3.0,0.0,0.2,0.0,0.0,0.0,1.6,5.0,5.0,0.0,0.0,Norfolk Tides,statsapi,False
mlbam-678804,José Cruz,2024,AAA,Sacramento River Cats,pitcher,24.0,2.0,2.0,0.0,0.4444444444444444,0.3333333333333333,0.0,0.0,3.6,4.5,4.5,0.0,0.0,Sacramento River Cats,statsapi,False
mlbam-663536,Tristin English,2024,AAA,Reno Aces,pitcher,27.0,2.0,1.0,0.0,0.0,0.0,0.0,0.0,3.1,3.0,3.0,0.0,0.0,Reno Aces,statsapi,False
mlbam-664126,Pete Fairbanks,2024,AAA,Durham Bulls,pitcher,31.0,2.0,2.0,0.0,0.2857142857142857,0.0,0.0,0.0,1.1,3.5,3.5,0.0,0.0,Durham Bulls,statsapi,False
mlbam-681673,Kohl Franklin,2024,AAA,Iowa Cubs,pitcher,25.0,2.0,1.0,1.0,0.125,0.0,0.0,0.0,2.1,4.0,4.0,0.0,0.0,Iowa Cubs,statsapi,False
mlbam-472610,Luis García,2024,AAA,Worcester Red Sox,pitcher,37.0,1.0,1.0,0.0,0.0,0.0,0.0,0.0,3.1,2.0,2.0,0.0,0.0,Worcester Red Sox,statsapi,False
mlbam-702911,Tristan Garnett,2024,AAA,Lehigh Valley IronPigs,pitcher,26.0,1.0,1.0,0.0,0.6666666666666666,0.0,0.0,0.0,-0.8999999999999999,1.5,1.5,0.0,0.0,Lehigh Valley IronPigs,statsapi,False
mlbam-657585,Reed Garrett,2024,AAA,Syracuse Mets,pitcher,31.0,3.0,2.0,0.0,0.5833333333333334,0.08333333333333333,0.0,0.0,-0.5666666666666664,6.0,6.0,0.0,0.0,Syracuse Mets,statsapi,False
mlbam-676769,Matt Givin,2024,AAA,Scranton/Wilkes-Barre RailRiders,pitcher,25.0,3.0,1.0,0.0,0.21428571428571427,0.14285714285714285,0.0,0.0,3.1,7.0,7.0,0.0,0.0,Scranton/Wilkes-Barre RailRiders,statsapi,False
mlbam-608422,José Godoy,2024,AAA,Lehigh Valley IronPigs,pitcher,30.0,1.0,1.0,0.0,0.0,0.0,0.0,0.0,3.1,2.0,2.0,0.0,0.0,Lehigh Valley IronPigs,statsapi,False
mlbam-691897,Diego Gonzalez,2024,AAA,Lehigh Valley IronPigs,pitcher,21.0,1.0,1.0,0.0,0.0,0.0,0.12,0.0,6.1,1.5,1.5,0.0,0.0,Lehigh Valley IronPigs,statsapi,False
mlbam-643338,Chad Green,2024,AAA,Buffalo Bisons,pitcher,33.0,3.0,3.0,0.0,0.08333333333333333,0.08333333333333333,0.0,0.0,3.4333333333333336,6.0,6.0,0.0,0.0,Buffalo Bisons,statsapi,False
mlbam-641656,Ian Hamilton,2024,AAA,Scranton/Wilkes-Barre RailRiders,pitcher,29.0,1.6666666666666665,1.0,0.0,0.0,0.0,0.0,0.0,3.1,2.5,2.5,0.0,0.0,Scranton/Wilkes-Barre RailRiders,statsapi,False
mlbam-521230,Liam Hendriks,2024,AAA,Worcester Red Sox,pitcher,35.0,4.0,4.0,0.0,0.07142857142857142,0.07142857142857142,0.0,0.0,3.35,7.0,7.0,0.0,0.0,Worcester Red Sox,statsapi,False
mlbam-669205,Lincoln Henzman,2024,AAA,Jacksonville Jumbo Shrimp,pitcher,29.0,1.0,1.0,0.0,0.14285714285714285,0.2857142857142857,0.12,0.0,7.1,3.5,3.5,0.0,0.0,Jacksonville Jumbo Shrimp,statsapi,False
mlbam-660634,Yonny Hernández,2024,AAA,Nashville Sounds,pitcher,26.0,1.0,1.0,0.0,0.2,0.0,0.12,0.0,1.1,2.5,2.5,0.0,0.0,Nashville Sounds,statsapi,False
mlbam-675628,Darius Hill,2024,AAA,Iowa Cubs,pitcher,27.0,0.3333333333333333,1.0,0.0,0.0,0.0,0.0,0.0,3.1,1.0,1.0,0.0,0.0,Iowa Cubs,statsapi,False
mlbam-448179,Rich Hill,2024,AAA,Worcester Red Sox,pitcher,44.0,2.0,1.0,1.0,0.2857142857142857,0.14285714285714285,0.12,0.0,4.1,3.5,3.5,0.0,0.0,Worcester Red Sox,statsapi,False
mlbam-663546,Sean Hjelle,2024,AAA,Sacramento River Cats,pitcher,27.0,4.0,3.0,0.0,0.42857142857142855,0.0,0.12,0.0,0.8500000000000001,7.0,7.0,0.0,0.0,Sacramento River Cats,statsapi,False
mlbam-668876,Zach Humphreys,2024,AAA,Salt Lake Bees,pitcher,27.0,1.0,1.0,0.0,0.0,0.14285714285714285,0.25,0.0,22.1,3.5,3.5,0.0,0.0,Salt Lake Bees,statsapi,False
mlbam-685277,Nick Kahle,2024,AAA,Nashville Sounds,pitcher,26.0,2.0,2.0,0.0,0.0,0.0,0.0,0.0,3.1,3.0,3.0,0.0,0.0,Nashville Sounds,statsapi,False
mlbam-687330,Kevin Kelly,2024,AAA,Durham Bulls,pitcher,27.0,4.666666666666667,5.0,0.0,0.4444444444444444,0.0,0.0,0.0,-0.3285714285714283,9.0,9.0,0.0,0.0,Durham Bulls,statsapi,False
mlbam-677161,Zack Kelly,2024,AAA,Worcester Red Sox,pitcher,29.0,12.666666666666666,9.0,0.0,0.2826086956521739,0.17391304347826086,0.0,0.0,2.942105263157895,23.0,23.0,0.0,0.0,Worcester Red Sox,statsapi,False
mlbam-689147,Orion Kerkering,2024,AAA,Lehigh Valley IronPigs,pitcher,23.0,2.0,2.0,0.0,0.3333333333333333,0.0,0.0,0.0,1.6,4.5,4.5,0.0,0.0,Lehigh Valley IronPigs,statsapi,False
mlbam-676332,Caleb Knight,2024,AAA,Iowa Cubs,pitcher,28.0,0.6666666666666666,1.0,0.0,0.0,0.0,0.0,0.0,3.1,1.0,1.0,0.0,0.0,Iowa Cubs,statsapi,False
mlbam-669276,Dylan Lee,2024,AAA,Gwinnett Stripers,pitcher,30.0,3.0,2.0,0.0,0.4,0.0,0.0,0.0,0.43333333333333357,5.0,5.0,0.0,0.0,Gwinnett Stripers,statsapi,False
mlbam-695076,Rhett Lowder,2024,AAA,Louisville Bats,pitcher,22.0,6.0,1.0,1.0,0.3333333333333333,0.0,0.0,0.0,1.2666666666666668,10.5,10.5,0.0,0.0,Louisville Bats,statsapi,False
mlbam-676632,Bligh Madris,2024,AAA,Toledo Mud Hens,pitcher,28.0,0.3333333333333333,1.0,0.0,0.0,0.0,0.0,0.0,3.1,0.5,0.5,0.0,0.0,Toledo Mud Hens,statsapi,False
mlbam-543482,Drew Maggi,2024,AAA,Toledo Mud Hens,pitcher,35.0,0.3333333333333333,1.0,0.0,0.0,0.0,0.0,0.0,3.1,0.5,0.5,0.0,0.0,Toledo Mud Hens,statsapi,False
mlbam-455119,Chris Martin,2024,AAA,Worcester Red Sox,pitcher,38.0,1.0,1.0,0.0,0.0,0.25,0.0,0.0,6.1,2.0,2.0,0.0,0.0,Worcester Red Sox,statsapi,False
mlbam-663436,Davis Martin,2024,AAA,Charlotte Knights,pitcher,27.0,7.666666666666667,2.0,2.0,0.22580645161290322,0.0967741935483871,0.0,0.0,2.447826086956522,15.5,15.5,0.0,0.0,Charlotte Knights,statsapi,False
mlbam-689852,Bernie Martinez,2024,AAA,Tacoma Rainiers,pitcher,28.0,1.6666666666666665,1.0,0.0,0.3333333333333333,0.3333333333333333,0.0,0.0,4.300000000000001,3.0,3.0,0.0,0.0,Tacoma Rainiers,statsapi,False
mlbam-676847,Shane Matheny,2024,AAA,Salt Lake Bees,pitcher,28.0,0.3333333333333333,1.0,0.0,0.0,0.0,0.0,0.0,3.1,1.0,1.0,0.0,0.0,Salt Lake Bees,statsapi,False
mlbam-669682,Morgan McSweeney,2024,AAA,Norfolk Tides,pitcher,27.0,6.666666666666667,6.0,0.0,0.10714285714285714,0.10714285714285714,0.0,0.0,3.55,14.0,14.0,0.0,0.0,Norfolk Tides,statsapi,False
mlbam-656730,Trevor Megill,2024,AAA,Nashville Sounds,pitcher,31.0,2.0,2.0,0.0,0.3333333333333333,0.2222222222222222,0.0,0.0,3.1,4.5,4.5,0.0,0.0,Nashville Sounds,statsapi,False
mlbam-625510,Erick Mejia,2024,AAA,Rochester Red Wings,pitcher,30.0,1.0,1.0,0.0,0.2,0.2,0.0,0.0,4.1,2.5,2.5,0.0,0.0,Rochester Red Wings,statsapi,False
mlbam-677604,Damian Mendoza,2024,AAA,Round Rock Express,pitcher,23.0,2.3333333333333335,1.0,0.0,0.09090909090909091,0.18181818181818182,0.0,0.0,4.814285714285714,5.5,5.5,0.0,0.0,Round Rock Express,statsapi,False
mlbam-571946,Shelby Miller,2024,AAA,Toledo Mud Hens,pitcher,34.0,2.3333333333333335,2.0,1.0,0.3,0.1,0.0,0.0,1.8142857142857145,5.0,5.0,0.0,0.0,Toledo Mud Hens,statsapi,False
mlbam-690841,Matt O'Neill,2024,AAA,Syracuse Mets,pitcher,27.0,0.3333333333333333,1.0,0.0,0.0,0.0,0.12,0.0,3.1,0.5,0.5,0.0,0.0,Syracuse Mets,statsapi,False
mlbam-681857,Reese Olson,2024,AAA,Toledo Mud Hens,pitcher,25.0,5.0,2.0,2.0,0.3333333333333333,0.1111111111111111,0.12,0.0,1.9000000000000001,9.0,9.0,0.0,0.0,Toledo Mud Hens,statsapi,False
mlbam-680730,Mitchell Parker,2024,AAA,Rochester Red Wings,pitcher,25.0,4.0,1.0,1.0,0.3333333333333333,0.06666666666666667,0.0,0.0,1.35,7.5,7.5,0.0,0.0,Rochester Red Wings,statsapi,False
mlbam-678821,Luis Peralta,2024,AAA,Albuquerque Isotopes,pitcher,23.0,1.0,1.0,0.0,0.25,0.25,0.0,0.0,4.1,2.0,2.0,0.0,0.0,Albuquerque Isotopes,statsapi,False
mlbam-702752,Jonathan Pintaro,2024,AAA,Syracuse Mets,pitcher,27.0,4.0,1.0,1.0,0.3157894736842105,0.21052631578947367,0.0,0.0,3.1,9.5,9.5,0.0,0.0,Syracuse Mets,statsapi,False
mlbam-668791,Anthony Prato,2024,AAA,St. Paul Saints,pitcher,26.0,2.0,1.0,0.0,0.08333333333333333,0.0,0.0,0.0,2.1,6.0,6.0,0.0,0.0,St. Paul Saints,statsapi,False
mlbam-640462,A.J. Puk,2024,AAA,Jacksonville Jumbo Shrimp,pitcher,29.0,1.0,1.0,0.0,1.0,0.0,0.12,0.0,-2.9,1.5,1.5,0.0,0.0,Jacksonville Jumbo Shrimp,statsapi,False
mlbam-690155,Matt Pushard,2024,AAA,Jacksonville Jumbo Shrimp,pitcher,27.0,2.0,1.0,0.0,0.3333333333333333,0.0,0.0,0.0,1.1,3.0,3.0,0.0,0.0,Jacksonville Jumbo Shrimp,statsapi,False
mlbam-656024,Carlos Pérez,2024,AAA,Charlotte Knights,pitcher,28.0,2.0,1.0,0.0,0.0,0.125,0.0,0.0,4.6,4.0,4.0,0.0,0.0,Charlotte Knights,statsapi,False
mlbam-650671,José Quijada,2024,AAA,Salt Lake Bees,pitcher,29.0,3.0,4.0,0.0,0.16666666666666666,0.3333333333333333,0.0,0.0,5.766666666666667,6.0,6.0,0.0,0.0,Salt Lake Bees,statsapi,False
mlbam-691711,Jawilme Ramírez,2024,AAA,Syracuse Mets,pitcher,23.0,1.0,1.0,0.0,0.4,0.2,0.12,0.0,2.1,2.5,2.5,0.0,0.0,Syracuse Mets,statsapi,False
mlbam-694397,Marco Raya,2024,AAA,St. Paul Saints,pitcher,22.0,5.0,1.0,1.0,0.21052631578947367,0.0,0.0,0.0,1.5,9.5,9.5,0.0,0.0,St. Paul Saints,statsapi,False
mlbam-663944,Cody Roberts,2024,AAA,Lehigh Valley IronPigs,pitcher,28.0,1.0,1.0,0.0,0.0,0.0,0.0,0.0,3.1,1.5,1.5,0.0,0.0,Lehigh Valley IronPigs,statsapi,False
mlbam-676611,Max Roberts,2024,AAA,Charlotte Knights,pitcher,27.0,1.6666666666666665,1.0,0.0,0.25,0.25,0.0,0.0,4.300000000000001,4.0,4.0,0.0,0.0,Charlotte Knights,statsapi,False
mlbam-605447,Jordan Romano,2024,AAA,Buffalo Bisons,pitcher,31.0,1.0,2.0,0.0,0.125,0.5,0.0,0.0,13.1,4.0,4.0,0.0,0.0,Buffalo Bisons,statsapi,False
mlbam-674022,Jason Ruffcorn,2024,AAA,Tacoma Rainiers,pitcher,26.0,4.666666666666667,3.0,0.0,0.17647058823529413,0.17647058823529413,0.0,0.0,3.742857142857143,8.5,8.5,0.0,0.0,Tacoma Rainiers,statsapi,False
mlbam-685719,Fernando Sanchez,2024,AAA,El Paso Chihuahuas,pitcher,24.0,2.0,1.0,0.0,0.0,0.0,0.0,0.0,3.1,3.5,3.5,0.0,0.0,El Paso Chihuahuas,statsapi,False
mlbam-680704,Nick Sandlin,2024,AAA,Columbus Clippers,pitcher,27.0,1.0,1.0,0.0,0.0,0.25,0.0,0.0,6.1,2.0,2.0,0.0,0.0,Columbus Clippers,statsapi,False
mlbam-687825,Tyler Santana,2024,AAA,Iowa Cubs,pitcher,26.0,3.0,2.0,0.0,0.3333333333333333,0.0,0.0,0.0,1.1,4.5,4.5,0.0,0.0,Iowa Cubs,statsapi,False
mlbam-642048,Tayler Saucedo,2024,AAA,Tacoma Rainiers,pitcher,31.0,1.0,1.0,0.0,0.3333333333333333,0.0,0.12,0.0,1.1,1.5,1.5,0.0,0.0,Tacoma Rainiers,statsapi,False
mlbam-676881,Garrett Schoenle,2024,AAA,Charlotte Knights,pitcher,26.0,3.0,1.0,1.0,0.4,0.1,0.0,0.0,1.4333333333333333,5.0,5.0,0.0,0.0,Charlotte Knights,statsapi,False
mlbam-681423,Peter Serruto,2024,AAA,Scranton/Wilkes-Barre RailRiders,pitcher,24.0,2.0,2.0,0.0,0.0,0.0,0.0,0.0,3.1,3.5,3.5,0.0,0.0,Scranton/Wilkes-Barre RailRiders,statsapi,False
mlbam-623149,Paul Sewald,2024,AAA,Reno Aces,pitcher,34.0,0.6666666666666666,1.0,0.0,0.4,0.2,0.12,0.0,1.6,2.5,2.5,0.0,0.0,Reno Aces,statsapi,False
mlbam-608371,Lucas Sims,2024,AAA,Worcester Red Sox,pitcher,30.0,1.3333333333333333,2.0,0.0,0.5,0.3333333333333333,0.0,0.0,3.1,3.0,3.0,0.0,0.0,Worcester Red Sox,statsapi,False
mlbam-572143,Burch Smith,2024,AAA,Norfolk Tides,pitcher,34.0,2.0,2.0,0.0,0.2857142857142857,0.0,0.0,0.0,1.1,3.5,3.5,0.0,0.0,Norfolk Tides,statsapi,False
mlbam-689359,Dale Stanavich,2024,AAA,Jacksonville Jumbo Shrimp,pitcher,25.0,2.0,1.0,0.0,0.375,0.0,0.0,0.0,1.6,4.0,4.0,0.0,0.0,Jacksonville Jumbo Shrimp,statsapi,False
mlbam-694496,John Stankiewicz,2024,AAA,St. Paul Saints,pitcher,26.0,1.0,1.0,0.0,0.3333333333333333,0.0,0.0,0.0,1.1,1.5,1.5,0.0,0.0,St. Paul Saints,statsapi,False
mlbam-688306,Tristan Stevens,2024,AAA,Jacksonville Jumbo Shrimp,pitcher,27.0,4.0,1.0,1.0,0.11764705882352941,0.11764705882352941,0.0,0.0,4.35,8.5,8.5,0.0,0.0,Jacksonville Jumbo Shrimp,statsapi,False
mlbam-676702,Hunter Stratton,2024,AAA,Indianapolis Indians,pitcher,28.0,4.0,3.0,0.0,0.26666666666666666,0.06666666666666667,0.0,0.0,1.85,7.5,7.5,0.0,0.0,Indianapolis Indians,statsapi,False
mlbam-664350,Sixto Sánchez,2024,AAA,Jacksonville Jumbo Shrimp,pitcher,26.0,1.0,1.0,0.0,0.25,0.0,0.0,0.0,1.1,2.0,2.0,0.0,0.0,Jacksonville Jumbo Shrimp,statsapi,False
mlbam-592791,Jameson Taillon,2024,AAA,Iowa Cubs,pitcher,33.0,3.6666666666666665,1.0,1.0,0.25,0.0625,0.0,0.0,1.7363636363636363,8.0,8.0,0.0,0.0,Iowa Cubs,statsapi,False
mlbam-620443,Luis Torrens,2024,AAA,Scranton/Wilkes-Barre RailRiders,pitcher,28.0,1.0,1.0,0.0,0.0,0.5,0.0,0.0,12.1,3.0,3.0,0.0,0.0,Scranton/Wilkes-Barre RailRiders,statsapi,False
mlbam-613564,Jason Vosler,2024,AAA,Tacoma Rainiers,pitcher,31.0,0.6666666666666666,1.0,0.0,0.0,0.0,0.0,0.0,3.1,2.0,2.0,0.0,0.0,Tacoma Rainiers,statsapi,False
mlbam-677352,Chase Watkins,2024,AAA,Iowa Cubs,pitcher,25.0,1.0,1.0,0.0,0.75,0.0,0.12,0.0,-2.9,2.0,2.0,0.0,0.0,Iowa Cubs,statsapi,False
mlbam-657097,Jacob Webb,2024,AAA,Norfolk Tides,pitcher,31.0,3.0,3.0,0.0,0.16666666666666666,0.08333333333333333,0.0,0.0,2.7666666666666666,6.0,6.0,0.0,0.0,Norfolk Tides,statsapi,False
mlbam-676620,Blake Weiman,2024,AAA,Iowa Cubs,pitcher,29.0,1.6666666666666665,1.0,0.0,0.5,0.0,0.12,0.0,-0.5000000000000004,3.0,3.0,0.0,0.0,Iowa Cubs,statsapi,False
mlbam-675662,Matt Whatley,2024,AAA,Round Rock Express,pitcher,28.0,1.0,1.0,0.0,0.0,0.0,0.0,0.0,3.1,2.0,2.0,0.0,0.0,Round Rock Express,statsapi,False
mlbam-676477,Garrett Whitlock,2024,AAA,Worcester Red Sox,pitcher,28.0,4.666666666666667,1.0,1.0,0.29411764705882354,0.058823529411764705,0.0,0.0,1.6,8.5,8.5,0.0,0.0,Worcester Red Sox,statsapi,False
mlbam-806337,Jarret Whorff,2024,AAA,St. Paul Saints,pitcher,26.0,1.3333333333333333,1.0,0.0,0.75,0.0,0.0,0.0,-1.4,2.0,2.0,0.0,0.0,St. Paul Saints,statsapi,False
mlbam-642207,Devin Williams,2024,AAA,Nashville Sounds,pitcher,30.0,3.0,3.0,0.0,0.25,0.16666666666666666,0.0,0.0,3.1,6.0,6.0,0.0,0.0,Nashville Sounds,statsapi,False
mlbam-693433,Bryan Woo,2024,AAA,Tacoma Rainiers,pitcher,24.0,11.333333333333334,3.0,3.0,0.4358974358974359,0.0,0.0,0.0,0.10000000000000009,19.5,19.5,0.0,0.0,Tacoma Rainiers,statsapi,False
mlbam-687066,Eric Yang,2024,AAA,Louisville Bats,pitcher,26.0,4.333333333333333,5.0,0.0,0.05263157894736842,0.15789473684210525,0.0,0.0,5.407692307692308,9.5,9.5,0.0,0.0,Louisville Bats,statsapi,False
mlbam-678868,Eddy Yean,2024,AAA,Indianapolis Indians,pitcher,23.0,2.0,2.0,0.0,0.5,0.125,0.0,0.0,0.6000000000000001,4.0,4.0,0.0,0.0,Indianapolis Indians,statsapi,False
mlbam-594798,Jacob deGrom,2024,AAA,Round Rock Express,pitcher,36.0,4.666666666666667,2.0,2.0,0.4375,0.0625,0.0,0.0,0.7428571428571429,8.0,8.0,0.0,0.0,Round Rock Express,statsapi,False
mlbam-677952,Braxton Ashcraft,2024,AAA,Indianapolis Indians,pitcher,25.0,19.333333333333332,5.0,4.0,0.17721518987341772,0.05063291139240506,0.0,0.47,2.272413793103448,39.5,39.5,0.47,0.47,Indianapolis Indians,statsapi,False
mlbam-682227,Brandon Williamson,2024,AAA,Louisville Bats,pitcher,26.0,13.333333333333334,4.0,4.0,0.22448979591836735,0.08163265306122448,0.0,0.68,2.8000000000000003,24.5,24.5,0.68,0.68,Louisville Bats,statsapi,False
mlbam-608638,JT Chargois,2024,AAA,Jacksonville Jumbo Shrimp,pitcher,34.0,12.666666666666666,11.0,2.0,0.30434782608695654,0.08695652173913043,0.0,0.71,1.8368421052631578,23.0,23.0,0.71,0.71,Jacksonville Jumbo Shrimp,statsapi,False
mlbam-672582,Angel Zerpa,2024,AAA,Omaha Storm Chasers,pitcher,25.0,11.333333333333334,8.0,0.0,0.21951219512195122,0.04878048780487805,0.0,0.79,2.041176470588235,20.5,20.5,0.79,0.79,Omaha Storm Chasers,statsapi,False
mlbam-671737,Taj Bradley,2024,AAA,Durham Bulls,pitcher,23.0,11.0,2.0,2.0,0.39473684210526316,0.07894736842105263,0.07692307692307693,0.82,2.372727272727273,19.0,19.0,0.82,0.82,Durham Bulls,statsapi,False
mlbam-693312,Kyle Nicolas,2024,AAA,Indianapolis Indians,pitcher,25.0,10.666666666666666,9.0,0.0,0.29545454545454547,0.20454545454545456,0.0,0.84,3.475,22.0,22.0,0.84,0.84,Indianapolis Indians,statsapi,False
mlbam-680880,Grant Holman,2024,AAA,Las Vegas Aviators,pitcher,24.0,29.333333333333332,23.0,0.0,0.2631578947368421,0.11403508771929824,0.03333333333333333,0.92,2.9295454545454547,57.0,57.0,0.92,0.92,Las Vegas Aviators,statsapi,False
mlbam-571510,Matthew Boyd,2024,AAA,Columbus Clippers,pitcher,33.0,9.666666666666666,2.0,2.0,0.375,0.0,0.0,0.93,0.6172413793103448,16.0,16.0,0.93,0.93,Columbus Clippers,statsapi,False
mlbam-502171,Alex Cobb,2024,AAA,Columbus Clippers,pitcher,37.0,9.666666666666666,2.0,2.0,0.2571428571428571,0.08571428571428572,0.0,0.93,2.1689655172413795,17.5,17.5,0.93,0.93,Columbus Clippers,statsapi,False
mlbam-670102,Bowden Francis,2024,AAA,Buffalo Bisons,pitcher,28.0,19.333333333333332,6.0,4.0,0.34285714285714286,0.04285714285714286,0.05555555555555555,0.93,1.910344827586207,35.0,35.0,0.93,0.93,Buffalo Bisons,statsapi,False
mlbam-694973,Paul Skenes,2024,AAA,Indianapolis Indians,pitcher,22.0,27.333333333333332,7.0,7.0,0.42857142857142855,0.0761904761904762,0.07142857142857142,0.99,1.1609756097560975,52.5,52.5,0.99,0.99,Indianapolis Indians,statsapi,False
mlbam-686846,Reggie Crawford,2024,AAA,Sacramento River Cats,pitcher,24.0,8.666666666666666,7.0,0.0,0.3142857142857143,0.2,0.0,1.04,3.330769230769231,17.5,17.5,1.04,1.04,Sacramento River Cats,statsapi,False
mlbam-682842,Abner Uribe,2024,AAA,Nashville Sounds,pitcher,24.0,8.666666666666666,7.0,0.0,0.18421052631578946,0.18421052631578946,0.0,1.04,4.6,19.0,19.0,1.04,1.04,Nashville Sounds,statsapi,False
mlbam-663671,Nic Enright,2024,AAA,Columbus Clippers,pitcher,27.0,17.0,16.0,1.0,0.49206349206349204,0.07936507936507936,0.0,1.06,0.33529411764705896,31.5,31.5,1.06,1.06,Columbus Clippers,statsapi,False
mlbam-655889,Manuel Rodríguez,2024,AAA,Durham Bulls,pitcher,28.0,24.666666666666668,23.0,0.0,0.2916666666666667,0.0625,0.13333333333333333,1.09,2.8567567567567567,48.0,48.0,1.09,1.09,Durham Bulls,statsapi,False
mlbam-694350,Zach Brzykcy,2024,AAA,Rochester Red Wings,pitcher,25.0,8.0,7.0,0.0,0.25925925925925924,0.037037037037037035,0.125,1.13,3.35,13.5,13.5,1.13,1.13,Rochester Red Wings,statsapi,False
mlbam-683583,Yorlin Calderon,2024,AAA,Scranton/Wilkes-Barre RailRiders,pitcher,23.0,7.666666666666667,3.0,0.0,0.16129032258064516,0.0967741935483871,0.125,1.17,5.056521739130435,15.5,15.5,1.17,1.17,Scranton/Wilkes-Barre RailRiders,statsapi,False
mlbam-592229,Dylan Covey,2024,AAA,Lehigh Valley IronPigs,pitcher,33.0,15.0,15.0,0.0,0.27586206896551724,0.1206896551724138,0.14285714285714285,1.2,3.2333333333333334,29.0,29.0,1.2,1.2,Lehigh Valley IronPigs,statsapi,False
mlbam-684974,Craig Yoho,2024,AAA,Nashville Sounds,pitcher,25.0,14.333333333333334,14.0,0.0,0.2903225806451613,0.14516129032258066,0.0,1.26,2.6813953488372095,31.0,31.0,1.26,1.26,Nashville Sounds,statsapi,False
mlbam-664849,Danny Young,2024,AAA,Syracuse Mets,pitcher,30.0,14.333333333333334,15.0,0.0,0.3333333333333333,0.19696969696969696,0.0,1.26,3.3790697674418606,33.0,33.0,1.26,1.26,Syracuse Mets,statsapi,False
mlbam-673380,Dedniel Núñez,2024,AAA,Syracuse Mets,pitcher,28.0,14.0,14.0,0.0,0.38181818181818183,0.12727272727272726,0.0,1.29,1.385714285714286,27.5,27.5,1.29,1.29,Syracuse Mets,statsapi,False
mlbam-685067,Baron Stuart,2024,AAA,Scranton/Wilkes-Barre RailRiders,pitcher,25.0,7.0,1.0,1.0,0.08,0.16,0.0,1.29,4.242857142857143,12.5,12.5,1.29,1.29,Scranton/Wilkes-Barre RailRiders,statsapi,False
mlbam-669674,Sam Long,2024,AAA,Omaha Storm Chasers,pitcher,29.0,20.666666666666668,16.0,0.0,0.27380952380952384,0.08333333333333333,0.0,1.31,1.6,42.0,42.0,1.31,1.31,Omaha Storm Chasers,statsapi,False
mlbam-684320,Yariel Rodríguez,2024,AAA,Buffalo Bisons,pitcher,27.0,20.333333333333332,8.0,7.0,0.3793103448275862,0.14942528735632185,0.0,1.33,1.919672131147541,43.5,43.5,1.33,1.33,Buffalo Bisons,statsapi,False
mlbam-657649,Jared Koenig,2024,AAA,Nashville Sounds,pitcher,30.0,6.666666666666667,6.0,0.0,0.4782608695652174,0.08695652173913043,0.0,1.35,0.7000000000000002,11.5,11.5,1.35,1.35,Nashville Sounds,statsapi,False
mlbam-676617,Riley O'Brien,2024,AAA,Memphis Redbirds,pitcher,29.0,13.333333333333334,14.0,0.0,0.17307692307692307,0.09615384615384616,0.0,1.35,2.875,26.0,26.0,1.35,1.35,Memphis Redbirds,statsapi,False
mlbam-687095,Jake Rice,2024,AAA,Reno Aces,pitcher,27.0,6.666666666666667,5.0,0.0,0.24242424242424243,0.18181818181818182,0.0,1.35,3.85,16.5,16.5,1.35,1.35,Reno Aces,statsapi,False
mlbam-681867,Cooper Criswell,2024,AAA,Worcester Red Sox,pitcher,28.0,25.666666666666668,5.0,5.0,0.21296296296296297,0.07407407407407407,0.0,1.4,2.827272727272727,54.0,54.0,1.4,1.4,Worcester Red Sox,statsapi,False
mlbam-623433,Nick Anderson,2024,AAA,Norfolk Tides,pitcher,34.0,6.333333333333333,5.0,0.0,0.28,0.12,0.25,1.42,4.363157894736842,12.5,12.5,1.42,1.42,Norfolk Tides,statsapi,False
mlbam-679525,Alec Marsh,2024,AAA,Omaha Storm Chasers,pitcher,26.0,19.0,5.0,5.0,0.35714285714285715,0.08571428571428572,0.07142857142857142,1.42,2.4157894736842107,35.0,35.0,1.42,1.42,Omaha Storm Chasers,statsapi,False
mlbam-666619,Gregory Santos,2024,AAA,Tacoma Rainiers,pitcher,25.0,6.333333333333333,7.0,0.0,0.25,0.25,0.0,1.42,4.205263157894737,14.0,14.0,1.42,1.42,Tacoma Rainiers,statsapi,False
mlbam-668964,Tobias Myers,2024,AAA,Nashville Sounds,pitcher,26.0,18.666666666666668,5.0,3.0,0.32,0.09333333333333334,0.15384615384615385,1.45,3.0464285714285717,37.5,37.5,1.45,1.45,Nashville Sounds,statsapi,False
mlbam-661527,Seth Martinez,2024,AAA,Sugar Land Space Cowboys,pitcher,30.0,12.333333333333334,13.0,0.0,0.24,0.14,0.06666666666666667,1.46,4.154054054054054,25.0,25.0,1.46,1.46,Sugar Land Space Cowboys,statsapi,False
mlbam-702281,Robby Snelling,2024,AAA,Jacksonville Jumbo Shrimp,pitcher,21.0,6.0,1.0,1.0,0.28,0.04,0.14285714285714285,1.5,3.4333333333333336,12.5,12.5,1.5,1.5,Jacksonville Jumbo Shrimp,statsapi,False
mlbam-669711,Greg Weissert,2024,AAA,Worcester Red Sox,pitcher,29.0,6.0,4.0,0.0,0.3181818181818182,0.09090909090909091,0.2,1.5,3.9333333333333336,11.0,11.0,1.5,1.5,Worcester Red Sox,statsapi,False
mlbam-802357,Drue Hackenberg,2024,AAA,Gwinnett Stripers,pitcher,22.0,23.666666666666668,4.0,4.0,0.18947368421052632,0.15789473684210525,0.0,1.52,3.480281690140845,47.5,47.5,1.52,1.52,Gwinnett Stripers,statsapi,False
mlbam-647315,Zach Pop,2024,AAA,Buffalo Bisons,pitcher,28.0,11.666666666666666,11.0,0.0,0.24,0.1,0.0,1.54,2.3285714285714287,25.0,25.0,1.54,1.54,Buffalo Bisons,statsapi,False
mlbam-681895,Evan Sisk,2024,AAA,Omaha Storm Chasers,pitcher,27.0,57.333333333333336,58.0,0.0,0.3537117903930131,0.11353711790393013,0.0,1.57,1.7918604651162793,114.5,114.5,1.57,1.57,Omaha Storm Chasers,statsapi,False
mlbam-675627,Michael Grove,2024,AAA,Oklahoma City Baseball Club,pitcher,28.0,11.333333333333334,10.0,0.0,0.2558139534883721,0.06976744186046512,0.09090909090909091,1.59,3.364705882352941,21.5,21.5,1.59,1.59,Oklahoma City Baseball Club,statsapi,False
mlbam-656641,Jacob Latz,2024,AAA,Round Rock Express,pitcher,28.0,5.666666666666667,4.0,1.0,0.20833333333333334,0.20833333333333334,0.0,1.59,3.9823529411764707,12.0,12.0,1.59,1.59,Round Rock Express,statsapi,False
mlbam-657240,Julian Merryweather,2024,AAA,Iowa Cubs,pitcher,33.0,5.666666666666667,5.0,0.0,0.32,0.04,0.0,1.59,0.8058823529411767,12.5,12.5,1.59,1.59,Iowa Cubs,statsapi,False
mlbam-656848,Michael Petersen,2024,AAA,Oklahoma City Baseball Club,pitcher,30.0,33.0,35.0,0.0,0.352,0.064,0.024390243902439025,1.64,1.5545454545454547,62.5,62.5,1.64,1.64,Oklahoma City Baseball Club,statsapi,False
mlbam-614179,José Ruiz,2024,AAA,Lehigh Valley IronPigs,pitcher,30.0,11.0,10.0,0.0,0.30952380952380953,0.07142857142857142,0.07692307692307693,1.64,2.7363636363636363,21.0,21.0,1.64,1.64,Lehigh Valley IronPigs,statsapi,False
mlbam-681799,Ethan Roberts,2024,AAA,Iowa Cubs,pitcher,27.0,16.333333333333332,14.0,0.0,0.31343283582089554,0.11940298507462686,0.07142857142857142,1.65,3.1612244897959183,33.5,33.5,1.65,1.65,Iowa Cubs,statsapi,False
mlbam-642121,Cole Sulser,2024,AAA,Durham Bulls,pitcher,34.0,43.333333333333336,33.0,1.0,0.26627218934911245,0.10650887573964497,0.13513513513513514,1.66,3.8384615384615386,84.5,84.5,1.66,1.66,Durham Bulls,statsapi,False
mlbam-660896,Jorge Alcala,2024,AAA,St. Paul Saints,pitcher,29.0,10.666666666666666,9.0,0.0,0.37209302325581395,0.16279069767441862,0.1111111111111111,1.69,3.2875,21.5,21.5,1.69,1.69,St. Paul Saints,statsapi,False
mlbam-670103,Raymond Burgos,2024,AAA,Sacramento River Cats,pitcher,26.0,26.666666666666668,14.0,0.0,0.2571428571428571,0.047619047619047616,0.15,1.69,3.4375,52.5,52.5,1.69,1.69,Sacramento River Cats,statsapi,False
mlbam-678495,Randy Rodríguez,2024,AAA,Sacramento River Cats,pitcher,25.0,10.666666666666666,10.0,0.0,0.23809523809523808,0.09523809523809523,0.0,1.69,2.35,21.0,21.0,1.69,1.69,Sacramento River Cats,statsapi,False
mlbam-660600,Enoli Paredes,2024,AAA,Nashville Sounds,pitcher,29.0,26.0,23.0,0.0,0.3942307692307692,0.10576923076923077,0.0,1.73,1.330769230769231,52.0,52.0,1.73,1.73,Nashville Sounds,statsapi,False
mlbam-664351,Luis Contreras,2024,AAA,Sugar Land Space Cowboys,pitcher,28.0,46.666666666666664,47.0,0.0,0.2777777777777778,0.11666666666666667,0.06,1.74,3.2071428571428573,90.0,90.0,1.74,1.74,Sugar Land Space Cowboys,statsapi,False
mlbam-802609,John Michael Bertrand,2024,AAA,Sacramento River Cats,pitcher,26.0,10.0,2.0,2.0,0.14634146341463414,0.12195121951219512,0.0,1.8,3.4,20.5,20.5,1.8,1.8,Sacramento River Cats,statsapi,False
mlbam-656266,J.B. Bukauskas,2024,AAA,Nashville Sounds,pitcher,28.0,5.0,6.0,0.0,0.15789473684210525,0.0,0.0,1.8,2.5,9.5,9.5,1.8,1.8,Nashville Sounds,statsapi,False
mlbam-699212,Ivan Oviedo,2024,AAA,Round Rock Express,pitcher,22.0,5.0,2.0,0.0,0.16666666666666666,0.16666666666666666,0.0,1.8,5.1,12.0,12.0,1.8,1.8,Round Rock Express,statsapi,False
mlbam-695534,Chase Petty,2024,AAA,Louisville Bats,pitcher,21.0,10.0,2.0,2.0,0.175,0.075,0.0,1.8,2.6,20.0,20.0,1.8,1.8,Louisville Bats,statsapi,False
mlbam-527048,Martín Pérez,2024,AAA,Indianapolis Indians,pitcher,33.0,5.0,1.0,1.0,0.21052631578947367,0.0,0.0,1.8,1.5,9.5,9.5,1.8,1.8,Indianapolis Indians,statsapi,False
mlbam-677958,Kumar Rocker,2024,AAA,Round Rock Express,pitcher,25.0,10.0,2.0,2.0,0.5142857142857142,0.02857142857142857,0.16666666666666666,1.8,1.1,17.5,17.5,1.8,1.8,Round Rock Express,statsapi,False
mlbam-642100,Gabe Speier,2024,AAA,Tacoma Rainiers,pitcher,29.0,15.0,15.0,0.0,0.1694915254237288,0.0847457627118644,0.0,1.8,2.7666666666666666,29.5,29.5,1.8,1.8,Tacoma Rainiers,statsapi,False
mlbam-679033,Juan Zapata,2024,AAA,Columbus Clippers,pitcher,26.0,5.0,2.0,0.0,0.09090909090909091,0.18181818181818182,0.1111111111111111,1.8,7.300000000000001,11.0,11.0,1.8,1.8,Columbus Clippers,statsapi,False
mlbam-696149,Bubba Chandler,2024,AAA,Indianapolis Indians,pitcher,22.0,39.333333333333336,7.0,7.0,0.33962264150943394,0.09433962264150944,0.0625,1.83,2.3118644067796614,79.5,79.5,1.83,1.83,Indianapolis Indians,statsapi,False
mlbam-621199,Matt Bowman,2024,AAA,Norfolk Tides,pitcher,33.0,33.666666666666664,27.0,0.0,0.31297709923664124,0.06870229007633588,0.13793103448275862,1.87,3.010891089108911,65.5,65.5,1.87,1.87,Norfolk Tides,statsapi,False
mlbam-570257,Joely Rodríguez,2024,AAA,Worcester Red Sox,pitcher,33.0,14.333333333333334,13.0,0.0,0.20634920634920634,0.12698412698412698,0.09090909090909091,1.88,4.076744186046511,31.5,31.5,1.88,1.88,Worcester Red Sox,statsapi,False
mlbam-666215,Forrest Whitley,2024,AAA,Sugar Land Space Cowboys,pitcher,27.0,33.333333333333336,32.0,0.0,0.3191489361702128,0.10638297872340426,0.16666666666666666,1.89,3.4,70.5,70.5,1.89,1.89,Sugar Land Space Cowboys,statsapi,False
mlbam-542585,José Cisnero,2024,AAA,Salt Lake Bees,pitcher,35.0,4.666666666666667,4.0,0.0,0.34782608695652173,0.08695652173913043,0.0,1.93,0.9571428571428573,11.5,11.5,1.93,1.93,Salt Lake Bees,statsapi,False
mlbam-802402,Ryan Hennen,2024,AAA,Norfolk Tides,pitcher,27.0,4.666666666666667,2.0,0.0,0.21052631578947367,0.10526315789473684,0.2,1.93,5.457142857142857,9.5,9.5,1.93,1.93,Norfolk Tides,statsapi,False
mlbam-801179,Yu-Min Lin,2024,AAA,Reno Aces,pitcher,21.0,4.666666666666667,1.0,1.0,0.09523809523809523,0.14285714285714285,0.0,1.93,4.171428571428572,10.5,10.5,1.93,1.93,Reno Aces,statsapi,False
mlbam-641816,Tyler Mahle,2024,AAA,Round Rock Express,pitcher,30.0,9.333333333333334,3.0,3.0,0.24242424242424243,0.06060606060606061,0.0,1.93,2.0285714285714285,16.5,16.5,1.93,1.93,Round Rock Express,statsapi,False
mlbam-608718,Brent Suter,2024,AAA,Louisville Bats,pitcher,35.0,4.666666666666667,3.0,0.0,0.2222222222222222,0.0,0.0,1.93,1.385714285714286,9.0,9.0,1.93,1.93,Louisville Bats,statsapi,False
mlbam-680916,Franco Aleman,2024,AAA,Columbus Clippers,pitcher,24.0,22.666666666666668,24.0,0.0,0.3655913978494624,0.10752688172043011,0.07692307692307693,1.99,2.526470588235294,46.5,46.5,1.99,1.99,Columbus Clippers,statsapi,False
mlbam-605155,Colten Brewer,2024,AAA,Iowa Cubs,pitcher,32.0,18.0,16.0,0.0,0.2631578947368421,0.10526315789473684,0.09523809523809523,2.0,3.8222222222222224,38.0,38.0,2.0,2.0,Iowa Cubs,statsapi,False
mlbam-687396,Brent Headrick,2024,AAA,St. Paul Saints,pitcher,27.0,18.0,6.0,4.0,0.3108108108108108,0.08108108108108109,0.2,2.0,3.7111111111111112,37.0,37.0,2.0,2.0,St. Paul Saints,statsapi,False
mlbam-690736,Trey McGough,2024,AAA,Charlotte Knights,pitcher,26.0,62.0,30.0,1.0,0.2591093117408907,0.0931174089068826,0.04477611940298507,2.03,2.7774193548387096,123.5,123.5,2.03,2.03,Charlotte Knights,statsapi,False
mlbam-676714,Brandon Hughes,2024,AAA,Reno Aces,pitcher,29.0,48.666666666666664,40.0,0.0,0.24875621890547264,0.08955223880597014,0.05555555555555555,2.03,3.141095890410959,100.5,100.5,2.03,2.03,Reno Aces,statsapi,False
mlbam-676249,Adisyn Coffey,2024,AAA,Charlotte Knights,pitcher,25.0,35.333333333333336,35.0,0.0,0.272108843537415,0.11564625850340136,0.02857142857142857,2.04,2.647169811320755,73.5,73.5,2.04,2.04,Charlotte Knights,statsapi,False
mlbam-676760,Ron Marinaccio,2024,AAA,Scranton/Wilkes-Barre RailRiders,pitcher,29.0,39.666666666666664,35.0,0.0,0.2578616352201258,0.0880503144654088,0.05714285714285714,2.04,3.0495798319327734,79.5,79.5,2.04,2.04,Scranton/Wilkes-Barre RailRiders,statsapi,False
mlbam-675650,Michael Mercado,2024,AAA,Lehigh Valley IronPigs,pitcher,25.0,69.66666666666667,32.0,10.0,0.2229965156794425,0.12195121951219512,0.05128205128205128,2.07,3.6454545454545455,143.5,143.5,2.07,2.07,Lehigh Valley IronPigs,statsapi,False
mlbam-669093,Jeremiah Estrada,2024,AAA,El Paso Chihuahuas,pitcher,26.0,8.666666666666666,8.0,0.0,0.6060606060606061,0.09090909090909091,0.0,2.08,-0.476923076923077,16.5,16.5,2.08,2.08,El Paso Chihuahuas,statsapi,False
mlbam-685401,Logan Gragg,2024,AAA,Tacoma Rainiers,pitcher,26.0,8.666666666666666,4.0,1.0,0.2,0.11428571428571428,0.07142857142857142,2.08,4.7153846153846155,17.5,17.5,2.08,2.08,Tacoma Rainiers,statsapi,False
mlbam-543294,Kyle Hendricks,2024,AAA,Iowa Cubs,pitcher,35.0,4.333333333333333,1.0,1.0,0.3,0.15,0.0,2.08,2.4076923076923076,10.0,10.0,2.08,2.08,Iowa Cubs,statsapi,False
mlbam-663542,Bryan Hudson,2024,AAA,Nashville Sounds,pitcher,27.0,8.666666666666666,8.0,0.0,0.35135135135135137,0.05405405405405406,0.0,2.08,0.7923076923076922,18.5,18.5,2.08,2.08,Nashville Sounds,statsapi,False
mlbam-596001,Jakob Junis,2024,AAA,Nashville Sounds,pitcher,32.0,4.333333333333333,2.0,2.0,0.25,0.125,0.0,2.08,2.6384615384615384,8.0,8.0,2.08,2.08,Nashville Sounds,statsapi,False
mlbam-679622,Ryan Langford,2024,AAA,Salt Lake Bees,pitcher,25.0,8.666666666666666,4.0,3.0,0.08823529411764706,0.14705882352941177,0.0,2.08,4.138461538461539,17.0,17.0,2.08,2.08,Salt Lake Bees,statsapi,False
mlbam-622253,Dillon Tate,2024,AAA,Buffalo Bisons,pitcher,30.0,21.666666666666668,21.0,0.0,0.22988505747126436,0.04597701149425287,0.038461538461538464,2.08,2.8230769230769233,43.5,43.5,2.08,2.08,Buffalo Bisons,statsapi,False
mlbam-607455,Anthony Banda,2024,AAA,Columbus Clippers,pitcher,31.0,17.0,12.0,0.0,0.3787878787878788,0.09090909090909091,0.1,2.12,2.158823529411765,33.0,33.0,2.12,2.12,Columbus Clippers,statsapi,False
mlbam-679156,Walter Pennington,2024,AAA,Round Rock Express,pitcher,26.0,63.333333333333336,39.0,2.0,0.3215686274509804,0.08235294117647059,0.13333333333333333,2.13,2.831578947368421,127.5,127.5,2.13,2.13,Round Rock Express,statsapi,False
mlbam-681293,Spencer Arrighetti,2024,AAA,Sugar Land Space Cowboys,pitcher,24.0,8.333333333333334,2.0,2.0,0.2702702702702703,0.1891891891891892,0.0,2.16,3.22,18.5,18.5,2.16,2.16,Sugar Land Space Cowboys,statsapi,False
mlbam-641835,Tim Mayza,2024,AAA,Scranton/Wilkes-Barre RailRiders,pitcher,32.0,8.333333333333334,9.0,0.0,0.22857142857142856,0.08571428571428572,0.0,2.16,2.2600000000000002,17.5,17.5,2.16,2.16,Scranton/Wilkes-Barre RailRiders,statsapi,False
mlbam-688297,Chris Roycroft,2024,AAA,Memphis Redbirds,pitcher,27.0,45.666666666666664,36.0,0.0,0.22959183673469388,0.09693877551020408,0.08333333333333333,2.17,3.165693430656934,98.0,98.0,2.17,2.17,Memphis Redbirds,statsapi,False
mlbam-670990,Yohan Ramírez,2024,AAA,Worcester Red Sox,pitcher,29.0,20.666666666666668,15.0,0.0,0.26666666666666666,0.12222222222222222,0.13333333333333333,2.18,4.212903225806452,45.0,45.0,2.18,2.18,Worcester Red Sox,statsapi,False
mlbam-663462,Isaiah Campbell,2024,AAA,Worcester Red Sox,pitcher,27.0,16.333333333333332,14.0,0.0,0.2714285714285714,0.07142857142857142,0.15789473684210525,2.2,4.263265306122449,35.0,35.0,2.2,2.2,Worcester Red Sox,statsapi,False
mlbam-606160,Rafael Montero,2024,AAA,Sugar Land Space Cowboys,pitcher,34.0,16.333333333333332,17.0,0.0,0.34285714285714286,0.12857142857142856,0.125,2.2,3.406122448979592,35.0,35.0,2.2,2.2,Sugar Land Space Cowboys,statsapi,False
mlbam-669467,Andre Pallante,2024,AAA,Memphis Redbirds,pitcher,26.0,16.333333333333332,4.0,3.0,0.12,0.17333333333333334,0.0,2.2,4.753061224489796,37.5,37.5,2.2,2.2,Memphis Redbirds,statsapi,False
mlbam-687911,Bryan King,2024,AAA,Sugar Land Space Cowboys,pitcher,28.0,36.666666666666664,34.0,0.0,0.2913907284768212,0.09271523178807947,0.043478260869565216,2.21,2.4454545454545453,75.5,75.5,2.21,2.21,Sugar Land Space Cowboys,statsapi,False
mlbam-670154,Nolan Blackwood,2024,AAA,Nashville Sounds,pitcher,29.0,24.333333333333332,22.0,0.0,0.18269230769230768,0.11538461538461539,0.037037037037037035,2.22,3.552054794520548,52.0,52.0,2.22,2.22,Nashville Sounds,statsapi,False
mlbam-665896,José Marte,2024,AAA,Salt Lake Bees,pitcher,28.0,28.333333333333332,25.0,0.0,0.28448275862068967,0.12931034482758622,0.05555555555555555,2.22,2.711764705882353,58.0,58.0,2.22,2.22,Salt Lake Bees,statsapi,False
mlbam-690925,Clayton Beeter,2024,AAA,Scranton/Wilkes-Barre RailRiders,pitcher,26.0,36.0,10.0,7.0,0.3469387755102041,0.14285714285714285,0.034482758620689655,2.25,2.3777777777777778,73.5,73.5,2.25,2.25,Scranton/Wilkes-Barre RailRiders,statsapi,False
mlbam-685801,Hunter Bigge,2024,AAA,Durham Bulls,pitcher,26.0,20.0,20.0,0.0,0.4675324675324675,0.11688311688311688,0.19047619047619047,2.25,3.45,38.5,38.5,2.25,2.25,Durham Bulls,statsapi,False
mlbam-605195,Kyle Crick,2024,AAA,Syracuse Mets,pitcher,32.0,4.0,4.0,0.0,0.3888888888888889,0.2222222222222222,0.0,2.25,2.6,9.0,9.0,2.25,2.25,Syracuse Mets,statsapi,False
mlbam-686747,Joe La Sorsa,2024,AAA,Rochester Red Wings,pitcher,26.0,56.0,42.0,0.0,0.18222222222222223,0.05333333333333334,0.11864406779661017,2.25,4.010714285714286,112.5,112.5,2.25,2.25,Rochester Red Wings,statsapi,False
mlbam-668338,Tyson Miller,2024,AAA,Tacoma Rainiers,pitcher,29.0,4.0,4.0,0.0,0.375,0.125,0.0,2.25,1.6,8.0,8.0,2.25,2.25,Tacoma Rainiers,statsapi,False
mlbam-592779,Brock Stewart,2024,AAA,St. Paul Saints,pitcher,33.0,4.0,4.0,0.0,0.5333333333333333,0.13333333333333333,1.0,2.25,3.85,7.5,7.5,2.25,2.25,St. Paul Saints,statsapi,False
mlbam-622268,Donovan Walton,2024,AAA,Sacramento River Cats,pitcher,30.0,12.0,10.0,0.0,0.04081632653061224,0.1836734693877551,0.1,2.25,6.433333333333334,24.5,24.5,2.25,2.25,Sacramento River Cats,statsapi,False
mlbam-643361,Kevin Herget,2024,AAA,Nashville Sounds,pitcher,33.0,47.666666666666664,38.0,0.0,0.3241758241758242,0.06043956043956044,0.044444444444444446,2.27,1.9881118881118882,91.0,91.0,2.27,2.27,Nashville Sounds,statsapi,False
mlbam-668968,Hans Crouse,2024,AAA,Salt Lake Bees,pitcher,26.0,31.666666666666668,29.0,0.0,0.4573643410852713,0.10077519379844961,0.18181818181818182,2.27,2.2473684210526317,64.5,64.5,2.27,2.27,Salt Lake Bees,statsapi,False
mlbam-673904,Jake Walsh,2024,AAA,Gwinnett Stripers,pitcher,29.0,11.666666666666666,11.0,0.0,0.1509433962264151,0.1509433962264151,0.0,2.31,3.7857142857142856,26.5,26.5,2.31,2.31,Gwinnett Stripers,statsapi,False
mlbam-702070,Noah Cameron,2024,AAA,Omaha Storm Chasers,pitcher,25.0,54.333333333333336,9.0,9.0,0.2897196261682243,0.0514018691588785,0.10714285714285714,2.32,2.915950920245399,107.0,107.0,2.32,2.32,Omaha Storm Chasers,statsapi,False
mlbam-693855,Ian Seymour,2024,AAA,Durham Bulls,pitcher,26.0,54.0,10.0,10.0,0.27876106194690264,0.084070796460177,0.11290322580645161,2.33,3.785185185185185,113.0,113.0,2.33,2.33,Durham Bulls,statsapi,False
mlbam-608648,Tyler Duffey,2024,AAA,Omaha Storm Chasers,pitcher,34.0,30.666666666666668,23.0,0.0,0.2677165354330709,0.08661417322834646,0.06666666666666667,2.35,2.806521739130435,63.5,63.5,2.35,2.35,Omaha Storm Chasers,statsapi,False
mlbam-664062,Tony Gonsolin,2024,AAA,Oklahoma City Baseball Club,pitcher,30.0,7.666666666666667,3.0,3.0,0.36363636363636365,0.06060606060606061,0.0,2.35,1.1434782608695653,16.5,16.5,2.35,2.35,Oklahoma City Baseball Club,statsapi,False
mlbam-688984,Robert Kwiatkowski,2024,AAA,Worcester Red Sox,pitcher,27.0,7.666666666666667,4.0,0.0,0.1724137931034483,0.034482758620689655,0.07692307692307693,2.35,4.273913043478261,14.5,14.5,2.35,2.35,Worcester Red Sox,statsapi,False
mlbam-701240,Ethan Routzahn,2024,AAA,El Paso Chihuahuas,pitcher,26.0,23.0,14.0,0.0,0.18681318681318682,0.03296703296703297,0.047619047619047616,2.35,2.839130434782609,45.5,45.5,2.35,2.35,El Paso Chihuahuas,statsapi,False
mlbam-677960,Ryan Weathers,2024,AAA,Jacksonville Jumbo Shrimp,pitcher,25.0,7.666666666666667,2.0,2.0,0.3611111111111111,0.1388888888888889,0.0,2.35,1.665217391304348,18.0,18.0,2.35,2.35,Jacksonville Jumbo Shrimp,statsapi,False
mlbam-605795,Angel Sánchez,2024,AAA,Durham Bulls,pitcher,35.0,26.666666666666668,6.0,5.0,0.13761467889908258,0.05504587155963303,0.0625,2.36,3.625,54.5,54.5,2.36,2.36,Durham Bulls,statsapi,False
mlbam-665795,Edward Cabrera,2024,AAA,Jacksonville Jumbo Shrimp,pitcher,26.0,22.666666666666668,6.0,6.0,0.28125,0.125,0.0,2.38,2.4382352941176473,48.0,48.0,2.38,2.38,Jacksonville Jumbo Shrimp,statsapi,False
mlbam-676089,Alex Mauricio,2024,AAA,Scranton/Wilkes-Barre RailRiders,pitcher,28.0,49.0,37.0,0.0,0.2548076923076923,0.1346153846153846,0.06779661016949153,2.39,3.6510204081632653,104.0,104.0,2.39,2.39,Scranton/Wilkes-Barre RailRiders,statsapi,False
mlbam-641582,Matt Foster,2024,AAA,Charlotte Knights,pitcher,29.0,15.0,14.0,0.0,0.2878787878787879,0.07575757575757576,0.047619047619047616,2.4,2.4333333333333336,33.0,33.0,2.4,2.4,Charlotte Knights,statsapi,False
mlbam-663321,Nick Hernandez,2024,AAA,Sugar Land Space Cowboys,pitcher,30.0,52.333333333333336,43.0,0.0,0.32558139534883723,0.10697674418604651,0.04918032786885246,2.41,2.7178343949044588,107.5,107.5,2.41,2.41,Sugar Land Space Cowboys,statsapi,False
mlbam-471911,Carlos Carrasco,2024,AAA,Columbus Clippers,pitcher,37.0,3.6666666666666665,1.0,1.0,0.2,0.06666666666666667,0.5,2.45,5.827272727272728,7.5,7.5,2.45,2.45,Columbus Clippers,statsapi,False
mlbam-676661,Max Lazar,2024,AAA,Lehigh Valley IronPigs,pitcher,25.0,33.0,29.0,0.0,0.2835820895522388,0.07462686567164178,0.038461538461538464,2.45,2.2818181818181817,67.0,67.0,2.45,2.45,Lehigh Valley IronPigs,statsapi,False
mlbam-506702,Sandy León,2024,AAA,Gwinnett Stripers,pitcher,35.0,3.6666666666666665,3.0,0.0,0.0,0.0,0.16666666666666666,2.45,6.6454545454545455,6.5,6.5,2.45,2.45,Gwinnett Stripers,statsapi,False
mlbam-668943,Ryan Miller,2024,AAA,Salt Lake Bees,pitcher,28.0,62.333333333333336,34.0,1.0,0.24596774193548387,0.056451612903225805,0.09859154929577464,2.45,3.5171122994652406,124.0,124.0,2.45,2.45,Salt Lake Bees,statsapi,False
mlbam-669283,Drew Parrish,2024,AAA,Gwinnett Stripers,pitcher,27.0,7.333333333333333,2.0,1.0,0.14285714285714285,0.14285714285714285,0.0,2.45,4.054545454545455,14.0,14.0,2.45,2.45,Gwinnett Stripers,statsapi,False
mlbam-676568,Ricky Vanasco,2024,AAA,Toledo Mud Hens,pitcher,26.0,40.333333333333336,35.0,0.0,0.26373626373626374,0.17582417582417584,0.047619047619047616,2.45,3.744628099173554,91.0,91.0,2.45,2.45,Toledo Mud Hens,statsapi,False
mlbam-605121,Justin Anderson,2024,AAA,Charlotte Knights,pitcher,32.0,18.0,16.0,0.0,0.3424657534246575,0.0547945205479452,0.07692307692307693,2.5,1.7111111111111112,36.5,36.5,2.5,2.5,Charlotte Knights,statsapi,False
mlbam-686730,Carson Spiers,2024,AAA,Louisville Bats,pitcher,27.0,46.666666666666664,9.0,8.0,0.2538860103626943,0.07772020725388601,0.04,2.51,2.7785714285714285,96.5,96.5,2.51,2.51,Louisville Bats,statsapi,False
mlbam-676050,Packy Naughton,2024,AAA,Memphis Redbirds,pitcher,28.0,10.666666666666666,7.0,2.0,0.24489795918367346,0.061224489795918366,0.0,2.53,1.69375,24.5,24.5,2.53,2.53,Memphis Redbirds,statsapi,False
mlbam-592662,Robbie Ray,2024,AAA,Sacramento River Cats,pitcher,33.0,10.666666666666666,3.0,2.0,0.3076923076923077,0.10256410256410256,0.06666666666666667,2.53,3.19375,19.5,19.5,2.53,2.53,Sacramento River Cats,statsapi,False
mlbam-694819,Jacob Misiorowski,2024,AAA,Nashville Sounds,pitcher,22.0,17.666666666666668,14.0,2.0,0.3142857142857143,0.14285714285714285,0.0625,2.55,3.5528301886792453,35.0,35.0,2.55,2.55,Nashville Sounds,statsapi,False
mlbam-703710,Darrell Thompson,2024,AAA,Nashville Sounds,pitcher,30.0,14.0,15.0,0.0,0.26153846153846155,0.18461538461538463,0.15,2.57,6.457142857142857,32.5,32.5,2.57,2.57,Nashville Sounds,statsapi,False
mlbam-678226,Daysbel Hernández,2024,AAA,Gwinnett Stripers,pitcher,28.0,41.666666666666664,33.0,0.0,0.28415300546448086,0.14207650273224043,0.058823529411764705,2.59,3.3160000000000003,91.5,91.5,2.59,2.59,Gwinnett Stripers,statsapi,False
mlbam-669067,Ryan Webb,2024,AAA,Columbus Clippers,pitcher,25.0,34.666666666666664,7.0,7.0,0.22448979591836735,0.08843537414965986,0.06976744186046512,2.6,3.6192307692307693,73.5,73.5,2.6,2.6,Columbus Clippers,statsapi,False
mlbam-690928,Hunter Dobbins,2024,AAA,Worcester Red Sox,pitcher,25.0,20.666666666666668,4.0,4.0,0.25,0.10227272727272728,0.058823529411764705,2.61,3.196774193548387,44.0,44.0,2.61,2.61,Worcester Red Sox,statsapi,False
mlbam-592741,Chasen Shreve,2024,AAA,Albuquerque Isotopes,pitcher,34.0,34.333333333333336,31.0,0.0,0.26717557251908397,0.0916030534351145,0.13953488372093023,2.62,4.468932038834952,65.5,65.5,2.62,2.62,Albuquerque Isotopes,statsapi,False
mlbam-685314,Andrew Saalfrank,2024,AAA,Reno Aces,pitcher,27.0,24.0,18.0,0.0,0.29473684210526313,0.10526315789473684,0.14285714285714285,2.63,3.1,47.5,47.5,2.63,2.63,Reno Aces,statsapi,False
mlbam-663460,Kris Bubic,2024,AAA,Omaha Storm Chasers,pitcher,27.0,27.333333333333332,9.0,5.0,0.2543859649122807,0.08771929824561403,0.037037037037037035,2.63,2.6609756097560977,57.0,57.0,2.63,2.63,Omaha Storm Chasers,statsapi,False
mlbam-656550,Grant Holmes,2024,AAA,Gwinnett Stripers,pitcher,28.0,41.0,18.0,3.0,0.30357142857142855,0.08928571428571429,0.10810810810810811,2.63,2.978048780487805,84.0,84.0,2.63,2.63,Gwinnett Stripers,statsapi,False
mlbam-663554,Casey Mize,2024,AAA,Toledo Mud Hens,pitcher,27.0,13.666666666666666,4.0,4.0,0.3148148148148148,0.07407407407407407,0.0,2.63,1.7097560975609756,27.0,27.0,2.63,2.63,Toledo Mud Hens,statsapi,False
mlbam-669169,Jonathan Heasley,2024,AAA,Norfolk Tides,pitcher,27.0,30.666666666666668,10.0,3.0,0.21774193548387097,0.06451612903225806,0.08823529411764706,2.64,3.491304347826087,62.0,62.0,2.64,2.64,Norfolk Tides,statsapi,False
mlbam-595897,Nick Burdi,2024,AAA,Scranton/Wilkes-Barre RailRiders,pitcher,31.0,17.0,18.0,0.0,0.3333333333333333,0.1527777777777778,0.08333333333333333,2.65,3.1588235294117646,36.0,36.0,2.65,2.65,Scranton/Wilkes-Barre RailRiders,statsapi,False
mlbam-593833,Wander Suero,2024,AAA,Sugar Land Space Cowboys,pitcher,33.0,67.66666666666667,67.0,0.0,0.24825174825174826,0.11888111888111888,0.08888888888888889,2.66,4.267487684729064,143.0,143.0,2.66,2.66,Sugar Land Space Cowboys,statsapi,False
mlbam-656657,Zach Logue,2024,AAA,Oklahoma City Baseball Club,pitcher,28.0,93.66666666666667,24.0,13.0,0.22955145118733508,0.0712401055408971,0.08080808080808081,2.69,3.505693950177936,189.5,189.5,2.69,2.69,Oklahoma City Baseball Club,statsapi,False
mlbam-670036,Matt Festa,2024,AAA,Round Rock Express,pitcher,31.0,40.0,33.0,0.0,0.2857142857142857,0.07738095238095238,0.05128205128205128,2.7,2.475,84.0,84.0,2.7,2.7,Round Rock Express,statsapi,False
mlbam-675916,James Karinchak,2024,AAA,Columbus Clippers,pitcher,29.0,6.666666666666667,7.0,0.0,0.41379310344827586,0.20689655172413793,0.0,2.7,2.2,14.5,14.5,2.7,2.7,Columbus Clippers,statsapi,False
mlbam-679885,Justin Martinez,2024,AAA,Reno Aces,pitcher,23.0,6.666666666666667,6.0,0.0,0.5,0.10714285714285714,0.5,2.7,2.6500000000000004,14.0,14.0,2.7,2.7,Reno Aces,statsapi,False
mlbam-669212,Eli Morgan,2024,AAA,Columbus Clippers,pitcher,28.0,16.666666666666668,14.0,0.0,0.22857142857142856,0.11428571428571428,0.04,2.7,3.4,35.0,35.0,2.7,2.7,Columbus Clippers,statsapi,False
mlbam-642016,Daniel Robert,2024,AAA,Round Rock Express,pitcher,30.0,43.333333333333336,35.0,0.0,0.30952380952380953,0.07738095238095238,0.07317073170731707,2.7,2.6384615384615384,84.0,84.0,2.7,2.7,Round Rock Express,statsapi,False
mlbam-681343,Shane Smith,2024,AAA,Nashville Sounds,pitcher,24.0,6.666666666666667,5.0,0.0,0.25,0.10714285714285714,0.0,2.7,2.8000000000000003,14.0,14.0,2.7,2.7,Nashville Sounds,statsapi,False
mlbam-690922,Ryan Sublette,2024,AAA,Oklahoma City Baseball Club,pitcher,26.0,3.3333333333333335,2.0,0.0,0.11764705882352941,0.23529411764705882,0.0,2.7,5.5,8.5,8.5,2.7,2.7,Oklahoma City Baseball Club,statsapi,False
mlbam-686751,Seth Johnson,2024,AAA,Lehigh Valley IronPigs,pitcher,26.0,23.0,5.0,5.0,0.1958762886597938,0.14432989690721648,0.0625,2.74,4.534782608695652,48.5,48.5,2.74,2.74,Lehigh Valley IronPigs,statsapi,False
mlbam-687922,Easton Lucas,2024,AAA,Buffalo Bisons,pitcher,28.0,68.66666666666667,38.0,4.0,0.2616487455197133,0.10752688172043011,0.05405405405405406,2.75,3.0854368932038834,139.5,139.5,2.75,2.75,Buffalo Bisons,statsapi,False
mlbam-695445,Chase Lee,2024,AAA,Toledo Mud Hens,pitcher,26.0,32.666666666666664,25.0,0.0,0.28378378378378377,0.07432432432432433,0.07142857142857142,2.76,2.5183673469387755,74.0,74.0,2.76,2.76,Toledo Mud Hens,statsapi,False
mlbam-689981,River Ryan,2024,AAA,Oklahoma City Baseball Club,pitcher,26.0,16.333333333333332,5.0,5.0,0.2878787878787879,0.09090909090909091,0.08333333333333333,2.76,2.855102040816327,33.0,33.0,2.76,2.76,Oklahoma City Baseball Club,statsapi,False
mlbam-681035,Christian Scott,2024,AAA,Syracuse Mets,pitcher,25.0,42.333333333333336,9.0,9.0,0.3353658536585366,0.07317073170731707,0.23809523809523808,2.76,4.422834645669291,82.0,82.0,2.76,2.76,Syracuse Mets,statsapi,False
mlbam-666129,Braxton Garrett,2024,AAA,Jacksonville Jumbo Shrimp,pitcher,27.0,26.0,6.0,6.0,0.2549019607843137,0.06862745098039216,0.15789473684210525,2.77,3.407692307692308,51.0,51.0,2.77,2.77,Jacksonville Jumbo Shrimp,statsapi,False
mlbam-641849,Aaron McGarity,2024,AAA,Charlotte Knights,pitcher,29.0,65.0,55.0,0.0,0.22304832713754646,0.08550185873605948,0.07142857142857142,2.77,3.730769230769231,134.5,134.5,2.77,2.77,Charlotte Knights,statsapi,False
mlbam-664123,Scott Effross,2024,AAA,Scranton/Wilkes-Barre RailRiders,pitcher,31.0,32.333333333333336,27.0,0.0,0.2204724409448819,0.07874015748031496,0.08,2.78,3.007216494845361,63.5,63.5,2.78,2.78,Scranton/Wilkes-Barre RailRiders,statsapi,False
mlbam-665660,Elvis Alvarado,2024,AAA,Jacksonville Jumbo Shrimp,pitcher,25.0,48.333333333333336,39.0,0.0,0.3317757009345794,0.17757009345794392,0.05263157894736842,2.79,3.3689655172413793,107.0,107.0,2.79,2.79,Jacksonville Jumbo Shrimp,statsapi,False
mlbam-656849,David Peterson,2024,AAA,Syracuse Mets,pitcher,29.0,9.666666666666666,2.0,2.0,0.2558139534883721,0.046511627906976744,0.0,2.79,1.7551724137931035,21.5,21.5,2.79,2.79,Syracuse Mets,statsapi,False
mlbam-622065,Alex Young,2024,AAA,Syracuse Mets,pitcher,31.0,32.0,31.0,0.0,0.21875,0.0859375,0.08,2.81,3.475,64.0,64.0,2.81,2.81,Syracuse Mets,statsapi,False
mlbam-622694,Elieser Hernández,2024,AAA,Oklahoma City Baseball Club,pitcher,29.0,28.666666666666668,6.0,5.0,0.2982456140350877,0.07017543859649122,0.05263157894736842,2.83,2.4720930232558143,57.0,57.0,2.83,2.83,Oklahoma City Baseball Club,statsapi,False
mlbam-683618,Edgardo Henriquez,2024,AAA,Oklahoma City Baseball Club,pitcher,22.0,12.666666666666666,14.0,0.0,0.29508196721311475,0.16393442622950818,0.0,2.84,2.626315789473684,30.5,30.5,2.84,2.84,Oklahoma City Baseball Club,statsapi,False
mlbam-670970,Adrian Morejon,2024,AAA,El Paso Chihuahuas,pitcher,25.0,6.333333333333333,6.0,0.0,0.25,0.041666666666666664,0.4,2.84,5.784210526315789,12.0,12.0,2.84,2.84,El Paso Chihuahuas,statsapi,False
mlbam-680951,Doug Nikhazy,2024,AAA,Columbus Clippers,pitcher,25.0,75.33333333333333,14.0,13.0,0.25,0.11333333333333333,0.0975609756097561,2.87,3.9628318584070796,150.0,150.0,2.87,2.87,Columbus Clippers,statsapi,False
mlbam-670174,Josh Winckowski,2024,AAA,Worcester Red Sox,pitcher,26.0,31.333333333333332,7.0,6.0,0.21014492753623187,0.043478260869565216,0.03225806451612903,2.87,2.3340425531914892,69.0,69.0,2.87,2.87,Worcester Red Sox,statsapi,False
mlbam-671162,Connor Thomas,2024,AAA,Memphis Redbirds,pitcher,26.0,90.33333333333333,56.0,3.0,0.206266318537859,0.06527415143603134,0.0898876404494382,2.89,3.3988929889298896,191.5,191.5,2.89,2.89,Memphis Redbirds,statsapi,False
mlbam-694477,Chad Patrick,2024,AAA,Nashville Sounds,pitcher,26.0,136.33333333333334,26.0,24.0,0.26126126126126126,0.07027027027027027,0.09523809523809523,2.9,3.510757946210269,277.5,277.5,2.9,2.9,Nashville Sounds,statsapi,False
mlbam-702352,Spencer Bivens,2024,AAA,Sacramento River Cats,pitcher,30.0,49.333333333333336,27.0,0.0,0.2048780487804878,0.09268292682926829,0.061224489795918366,2.92,3.404054054054054,102.5,102.5,2.92,2.92,Sacramento River Cats,statsapi,False
mlbam-679358,Eric Orze,2024,AAA,Syracuse Mets,pitcher,27.0,61.666666666666664,43.0,0.0,0.32684824902723736,0.12062256809338522,0.14285714285714285,2.92,3.6675675675675676,128.5,128.5,2.92,2.92,Syracuse Mets,statsapi,False
mlbam-681982,Grant Anderson,2024,AAA,Round Rock Express,pitcher,27.0,27.666666666666668,26.0,0.0,0.2833333333333333,0.11666666666666667,0.0,2.93,2.3771084337349397,60.0,60.0,2.93,2.93,Round Rock Express,statsapi,False
mlbam-689225,Beau Brieske,2024,AAA,Toledo Mud Hens,pitcher,26.0,21.333333333333332,13.0,0.0,0.24175824175824176,0.12087912087912088,0.0,2.95,2.865625,45.5,45.5,2.95,2.95,Toledo Mud Hens,statsapi,False
mlbam-676263,Jack Dreyer,2024,AAA,Oklahoma City Baseball Club,pitcher,25.0,42.666666666666664,37.0,0.0,0.2988505747126437,0.05172413793103448,0.07692307692307693,2.95,2.5140625,87.0,87.0,2.95,2.95,Oklahoma City Baseball Club,statsapi,False
mlbam-624522,Keegan Thompson,2024,AAA,Iowa Cubs,pitcher,29.0,27.333333333333332,20.0,0.0,0.3619047619047619,0.09523809523809523,0.12,2.96,3.0634146341463415,52.5,52.5,2.96,2.96,Iowa Cubs,statsapi,False
mlbam-689958,Andrew Walters,2024,AAA,Columbus Clippers,pitcher,24.0,30.333333333333332,33.0,0.0,0.3178294573643411,0.13178294573643412,0.10810810810810811,2.97,3.8912087912087916,64.5,64.5,2.97,2.97,Columbus Clippers,statsapi,False
mlbam-623474,Jimmy Herget,2024,AAA,Iowa Cubs,pitcher,31.0,33.333333333333336,29.0,0.0,0.23741007194244604,0.050359712230215826,0.13157894736842105,2.97,3.88,69.5,69.5,2.97,2.97,Iowa Cubs,statsapi,False
mlbam-687856,Andrew Bash,2024,AAA,Buffalo Bisons,pitcher,28.0,78.66666666666667,27.0,16.0,0.21818181818181817,0.10606060606060606,0.041666666666666664,2.97,3.5322033898305083,165.0,165.0,2.97,2.97,Buffalo Bisons,statsapi,False
mlbam-622259,Trey Wingenter,2024,AAA,Iowa Cubs,pitcher,30.0,48.333333333333336,38.0,0.0,0.3588516746411483,0.11004784688995216,0.125,2.98,2.9551724137931035,104.5,104.5,2.98,2.98,Iowa Cubs,statsapi,False
mlbam-641312,Shaun Anderson,2024,AAA,Jacksonville Jumbo Shrimp,pitcher,30.0,63.0,19.0,9.0,0.234375,0.05859375,0.06756756756756757,3.0,2.9412698412698415,128.0,128.0,3.0,3.0,Jacksonville Jumbo Shrimp,statsapi,False
mlbam-668933,Graham Ashcraft,2024,AAA,Louisville Bats,pitcher,26.0,12.0,2.0,2.0,0.25,0.041666666666666664,0.08333333333333333,3.0,2.6833333333333336,24.0,24.0,3.0,3.0,Louisville Bats,statsapi,False
mlbam-669622,Anthony Bender,2024,AAA,Jacksonville Jumbo Shrimp,pitcher,29.0,3.0,3.0,1.0,0.2727272727272727,0.09090909090909091,0.5,3.0,6.433333333333334,5.5,5.5,3.0,3.0,Jacksonville Jumbo Shrimp,statsapi,False
mlbam-664776,Jake Cousins,2024,AAA,Scranton/Wilkes-Barre RailRiders,pitcher,30.0,6.0,7.0,0.0,0.3076923076923077,0.15384615384615385,0.0,3.0,3.4333333333333336,13.0,13.0,3.0,3.0,Scranton/Wilkes-Barre RailRiders,statsapi,False
mlbam-656412,Alex Faedo,2024,AAA,Toledo Mud Hens,pitcher,29.0,3.0,3.0,1.0,0.23529411764705882,0.23529411764705882,0.0,3.0,4.433333333333334,8.5,8.5,3.0,3.0,Toledo Mud Hens,statsapi,False
mlbam-608334,Carson Fulmer,2024,AAA,Salt Lake Bees,pitcher,31.0,3.0,1.0,1.0,0.13333333333333333,0.13333333333333333,0.0,3.0,3.7666666666666666,7.5,7.5,3.0,3.0,Salt Lake Bees,statsapi,False
mlbam-678020,Seth Halvorsen,2024,AAA,Albuquerque Isotopes,pitcher,24.0,9.0,8.0,0.0,0.39473684210526316,0.10526315789473684,0.2,3.0,2.5444444444444443,19.0,19.0,3.0,3.0,Albuquerque Isotopes,statsapi,False
mlbam-592390,Heath Hembree,2024,AAA,Tacoma Rainiers,pitcher,35.0,3.0,3.0,0.0,0.4,0.0,0.25,3.0,4.766666666666667,5.0,5.0,3.0,3.0,Tacoma Rainiers,statsapi,False
mlbam-543351,Jay Jackson,2024,AAA,St. Paul Saints,pitcher,37.0,3.0,3.0,0.0,0.2,0.0,0.0,3.0,1.7666666666666668,5.0,5.0,3.0,3.0,St. Paul Saints,statsapi,False
mlbam-669270,Joel Kuhnel,2024,AAA,Durham Bulls,pitcher,29.0,42.0,35.0,0.0,0.17714285714285713,0.06285714285714286,0.03333333333333333,3.0,2.7904761904761903,87.5,87.5,3.0,3.0,Durham Bulls,statsapi,False
mlbam-628317,Kenta Maeda,2024,AAA,Toledo Mud Hens,pitcher,36.0,3.0,1.0,1.0,0.46153846153846156,0.0,0.0,3.0,-0.8999999999999999,6.5,6.5,3.0,3.0,Toledo Mud Hens,statsapi,False
mlbam-489119,Wade Miley,2024,AAA,Nashville Sounds,pitcher,38.0,3.0,1.0,1.0,0.23076923076923078,0.15384615384615385,0.0,3.0,3.1,6.5,6.5,3.0,3.0,Nashville Sounds,statsapi,False
mlbam-666768,Anderson Pilar,2024,AAA,Jacksonville Jumbo Shrimp,pitcher,26.0,15.0,8.0,2.0,0.3492063492063492,0.1111111111111111,0.14285714285714285,3.0,3.5,31.5,31.5,3.0,3.0,Jacksonville Jumbo Shrimp,statsapi,False
mlbam-680588,Julio Rodriguez,2024,AAA,Sacramento River Cats,pitcher,24.0,3.0,2.0,0.0,0.2727272727272727,0.0,1.0,3.0,5.433333333333334,5.5,5.5,3.0,3.0,Sacramento River Cats,statsapi,False
mlbam-657376,Clarke Schmidt,2024,AAA,Scranton/Wilkes-Barre RailRiders,pitcher,28.0,3.0,1.0,1.0,0.38461538461538464,0.07692307692307693,0.0,3.0,0.7666666666666666,6.5,6.5,3.0,3.0,Scranton/Wilkes-Barre RailRiders,statsapi,False
mlbam-573204,Caleb Thielbar,2024,AAA,St. Paul Saints,pitcher,37.0,3.0,2.0,0.0,0.45454545454545453,0.09090909090909091,0.5,3.0,5.1,5.5,5.5,3.0,3.0,St. Paul Saints,statsapi,False
mlbam-664079,Tyler Jay,2024,AAA,Nashville Sounds,pitcher,30.0,56.666666666666664,36.0,1.0,0.20851063829787234,0.05106382978723404,0.06557377049180328,3.02,3.1882352941176473,117.5,117.5,3.02,3.02,Nashville Sounds,statsapi,False
mlbam-677865,Justin Bruihl,2024,AAA,Indianapolis Indians,pitcher,27.0,41.666666666666664,37.0,0.0,0.25133689839572193,0.10695187165775401,0.05714285714285714,3.02,3.628,93.5,93.5,3.02,3.02,Indianapolis Indians,statsapi,False
mlbam-642239,Rob Zastryzny,2024,AAA,Nashville Sounds,pitcher,32.0,29.666666666666668,30.0,0.0,0.325,0.09166666666666666,0.1,3.03,2.897752808988764,60.0,60.0,3.03,3.03,Nashville Sounds,statsapi,False
mlbam-678215,Luarbert Arias,2024,AAA,Jacksonville Jumbo Shrimp,pitcher,24.0,68.0,44.0,1.0,0.25773195876288657,0.09965635738831616,0.08333333333333333,3.04,3.923529411764706,145.5,145.5,3.04,3.04,Jacksonville Jumbo Shrimp,statsapi,False
mlbam-676130,José Buttó,2024,AAA,Syracuse Mets,pitcher,26.0,44.333333333333336,8.0,8.0,0.20540540540540542,0.0972972972972973,0.08,3.05,3.91203007518797,92.5,92.5,3.05,3.05,Syracuse Mets,statsapi,False
mlbam-670245,Ryan Watson,2024,AAA,Sacramento River Cats,pitcher,27.0,17.666666666666668,16.0,0.0,0.273972602739726,0.0821917808219178,0.09523809523809523,3.06,3.49622641509434,36.5,36.5,3.06,3.06,Sacramento River Cats,statsapi,False
mlbam-677944,Slade Cecconi,2024,AAA,Reno Aces,pitcher,25.0,47.0,18.0,5.0,0.29508196721311475,0.08196721311475409,0.10869565217391304,3.06,3.078723404255319,91.5,91.5,3.06,3.06,Reno Aces,statsapi,False
mlbam-675989,Cody Bolton,2024,AAA,Tacoma Rainiers,pitcher,26.0,29.333333333333332,33.0,0.0,0.2698412698412698,0.10317460317460317,0.08333333333333333,3.07,3.1,63.0,63.0,3.07,3.07,Tacoma Rainiers,statsapi,False
mlbam-669165,Kyle Hurt,2024,AAA,Oklahoma City Baseball Club,pitcher,26.0,14.666666666666666,13.0,2.0,0.3384615384615385,0.18461538461538463,0.0,3.07,2.5545454545454547,32.5,32.5,3.07,3.07,Oklahoma City Baseball Club,statsapi,False
mlbam-605483,Blake Snell,2024,AAA,Sacramento River Cats,pitcher,32.0,14.666666666666666,4.0,4.0,0.44642857142857145,0.10714285714285714,0.08333333333333333,3.07,2.009090909090909,28.0,28.0,3.07,3.07,Sacramento River Cats,statsapi,False
mlbam-684384,Chase Plymell,2024,AAA,Charlotte Knights,pitcher,26.0,38.0,23.0,0.0,0.15723270440251572,0.1069182389937107,0.06451612903225806,3.08,4.573684210526316,79.5,79.5,3.08,3.08,Charlotte Knights,statsapi,False
mlbam-686762,Austin Roberts,2024,AAA,Jacksonville Jumbo Shrimp,pitcher,26.0,20.333333333333332,12.0,0.0,0.30120481927710846,0.13253012048192772,0.1111111111111111,3.1,3.5426229508196725,41.5,41.5,3.1,3.1,Jacksonville Jumbo Shrimp,statsapi,False
mlbam-606965,Chris Devenski,2024,AAA,Tacoma Rainiers,pitcher,34.0,29.0,26.0,0.0,0.3333333333333333,0.08547008547008547,0.07142857142857142,3.1,2.341379310344828,58.5,58.5,3.1,3.1,Tacoma Rainiers,statsapi,False
mlbam-656638,Alex Lange,2024,AAA,Toledo Mud Hens,pitcher,29.0,8.666666666666666,9.0,0.0,0.35294117647058826,0.029411764705882353,0.14285714285714285,3.12,2.176923076923077,17.0,17.0,3.12,3.12,Toledo Mud Hens,statsapi,False
mlbam-668877,Ray Gaither,2024,AAA,Sugar Land Space Cowboys,pitcher,26.0,63.333333333333336,51.0,3.0,0.22545454545454546,0.13090909090909092,0.06557377049180328,3.13,3.668421052631579,137.5,137.5,3.13,3.13,Sugar Land Space Cowboys,statsapi,False
mlbam-676720,Tommy Romero,2024,AAA,Sacramento River Cats,pitcher,27.0,71.66666666666667,19.0,8.0,0.22073578595317725,0.12374581939799331,0.09523809523809523,3.14,4.341860465116279,149.5,149.5,3.14,3.14,Sacramento River Cats,statsapi,False
mlbam-668470,Hagen Danner,2024,AAA,Buffalo Bisons,pitcher,26.0,34.333333333333336,33.0,0.0,0.2328767123287671,0.08904109589041095,0.09523809523809523,3.15,3.769902912621359,73.0,73.0,3.15,3.15,Buffalo Bisons,statsapi,False
mlbam-676755,Isaac Mattson,2024,AAA,Indianapolis Indians,pitcher,29.0,60.0,29.0,3.0,0.2980392156862745,0.12941176470588237,0.08450704225352113,3.15,3.5166666666666666,127.5,127.5,3.15,3.15,Indianapolis Indians,statsapi,False
mlbam-666808,Camilo Doval,2024,AAA,Sacramento River Cats,pitcher,27.0,5.666666666666667,5.0,0.0,0.35,0.05,0.0,3.18,1.1588235294117648,10.0,10.0,3.18,3.18,Sacramento River Cats,statsapi,False
mlbam-686924,Tyler Myrick,2024,AAA,Sacramento River Cats,pitcher,26.0,34.0,26.0,0.0,0.25517241379310346,0.14482758620689656,0.06451612903225806,3.18,3.6294117647058823,72.5,72.5,3.18,3.18,Sacramento River Cats,statsapi,False
mlbam-681473,Tyler McKay,2024,AAA,Lehigh Valley IronPigs,pitcher,27.0,33.666666666666664,29.0,0.0,0.21333333333333335,0.16,0.06896551724137931,3.21,4.10990099009901,75.0,75.0,3.21,3.21,Lehigh Valley IronPigs,statsapi,False
mlbam-700270,Yilber Díaz,2024,AAA,Reno Aces,pitcher,24.0,50.333333333333336,10.0,8.0,0.2985781990521327,0.08530805687203792,0.07692307692307693,3.22,2.762251655629139,105.5,105.5,3.22,3.22,Reno Aces,statsapi,False
mlbam-543518,Scott McGough,2024,AAA,Reno Aces,pitcher,35.0,36.333333333333336,33.0,0.0,0.23717948717948717,0.11538461538461539,0.05263157894736842,3.22,3.265137614678899,78.0,78.0,3.22,3.22,Reno Aces,statsapi,False
mlbam-701121,Logan VanWey,2024,AAA,Sugar Land Space Cowboys,pitcher,25.0,72.66666666666667,60.0,0.0,0.31511254019292606,0.13183279742765272,0.11666666666666667,3.22,3.5541284403669726,155.5,155.5,3.22,3.22,Sugar Land Space Cowboys,statsapi,False
mlbam-687847,Marc Church,2024,AAA,Round Rock Express,pitcher,23.0,22.333333333333332,17.0,0.0,0.25806451612903225,0.07526881720430108,0.03225806451612903,3.22,2.473134328358209,46.5,46.5,3.22,3.22,Round Rock Express,statsapi,False
mlbam-543238,Anthony Gose,2024,AAA,Columbus Clippers,pitcher,34.0,44.666666666666664,41.0,0.0,0.3072916666666667,0.15625,0.10869565217391304,3.22,3.7940298507462686,96.0,96.0,3.22,3.22,Columbus Clippers,statsapi,False
mlbam-668873,Caleb Kilian,2024,AAA,Iowa Cubs,pitcher,27.0,44.666666666666664,13.0,7.0,0.20320855614973263,0.08021390374331551,0.04,3.22,3.1223880597014926,93.5,93.5,3.22,3.22,Iowa Cubs,statsapi,False
mlbam-541640,Erasmo Ramírez,2024,AAA,Durham Bulls,pitcher,34.0,53.0,37.0,0.0,0.2882882882882883,0.07207207207207207,0.12280701754385964,3.23,3.3641509433962264,111.0,111.0,3.23,3.23,Durham Bulls,statsapi,False
mlbam-656820,Nicholas Padilla,2024,AAA,Charlotte Knights,pitcher,28.0,30.666666666666668,25.0,0.0,0.29365079365079366,0.12698412698412698,0.2,3.23,4.469565217391304,63.0,63.0,3.23,3.23,Charlotte Knights,statsapi,False
mlbam-669438,Mason Englert,2024,AAA,Toledo Mud Hens,pitcher,25.0,41.666666666666664,28.0,2.0,0.35294117647058826,0.08235294117647059,0.15625,3.24,3.004,85.0,85.0,3.24,3.24,Toledo Mud Hens,statsapi,False
mlbam-668984,Casey Legumina,2024,AAA,Louisville Bats,pitcher,27.0,58.333333333333336,39.0,0.0,0.24152542372881355,0.07627118644067797,0.10126582278481013,3.24,4.008571428571429,118.0,118.0,3.24,3.24,Louisville Bats,statsapi,False
mlbam-594902,Ben Lively,2024,AAA,Columbus Clippers,pitcher,32.0,8.333333333333334,2.0,2.0,0.13793103448275862,0.0,0.1,3.24,3.7,14.5,14.5,3.24,3.24,Columbus Clippers,statsapi,False
mlbam-663684,Adam Wolf,2024,AAA,Toledo Mud Hens,pitcher,28.0,8.333333333333334,5.0,1.0,0.20512820512820512,0.20512820512820512,0.0,3.24,4.78,19.5,19.5,3.24,3.24,Toledo Mud Hens,statsapi,False
mlbam-607216,Joey Krehbiel,2024,AAA,Tacoma Rainiers,pitcher,32.0,58.0,54.0,0.0,0.22821576763485477,0.1078838174273859,0.08196721311475409,3.26,3.6689655172413795,120.5,120.5,3.26,3.26,Tacoma Rainiers,statsapi,False
mlbam-680891,Jack Neely,2024,AAA,Iowa Cubs,pitcher,24.0,19.333333333333332,17.0,0.0,0.345679012345679,0.07407407407407407,0.10526315789473684,3.26,2.6344827586206896,40.5,40.5,3.26,3.26,Iowa Cubs,statsapi,False
mlbam-621249,Duane Underwood Jr.,2024,AAA,Scranton/Wilkes-Barre RailRiders,pitcher,30.0,38.666666666666664,32.0,2.0,0.23391812865497075,0.14035087719298245,0.14285714285714285,3.26,5.143103448275863,85.5,85.5,3.26,3.26,Scranton/Wilkes-Barre RailRiders,statsapi,False
mlbam-641745,Brad Keller,2024,AAA,Worcester Red Sox,pitcher,29.0,68.66666666666667,16.0,13.0,0.2112676056338028,0.08098591549295775,0.046875,3.28,2.9689320388349514,142.0,142.0,3.28,3.28,Worcester Red Sox,statsapi,False
mlbam-686993,Justin Sterner,2024,AAA,Durham Bulls,pitcher,28.0,46.666666666666664,34.0,1.0,0.31413612565445026,0.08900523560209424,0.1346153846153846,3.28,3.8285714285714287,95.5,95.5,3.28,3.28,Durham Bulls,statsapi,False
mlbam-676282,Joey Cantillo,2024,AAA,Columbus Clippers,pitcher,25.0,38.333333333333336,10.0,9.0,0.2982456140350877,0.14619883040935672,0.11764705882352941,3.29,3.8304347826086955,85.5,85.5,3.29,3.29,Columbus Clippers,statsapi,False
mlbam-642216,Allan Winans,2024,AAA,Gwinnett Stripers,pitcher,29.0,114.66666666666667,24.0,16.0,0.20833333333333334,0.06458333333333334,0.12,3.3,4.050581395348837,240.0,240.0,3.3,3.3,Gwinnett Stripers,statsapi,False
mlbam-687941,Alec Gamboa,2024,AAA,Oklahoma City Baseball Club,pitcher,27.0,73.66666666666667,22.0,12.0,0.16139240506329114,0.0981012658227848,0.03571428571428571,3.3,3.547963800904977,158.0,158.0,3.3,3.3,Oklahoma City Baseball Club,statsapi,False
mlbam-605441,Yacksel Ríos,2024,AAA,Syracuse Mets,pitcher,31.0,30.0,27.0,0.0,0.2222222222222222,0.16296296296296298,0.06060606060606061,3.3,4.466666666666667,67.5,67.5,3.3,3.3,Syracuse Mets,statsapi,False
mlbam-674944,Sean Guenther,2024,AAA,Toledo Mud Hens,pitcher,29.0,51.666666666666664,39.0,2.0,0.23423423423423423,0.06756756756756757,0.11428571428571428,3.31,3.02258064516129,111.0,111.0,3.31,3.31,Toledo Mud Hens,statsapi,False
mlbam-692285,Luis Guerrero,2024,AAA,Worcester Red Sox,pitcher,24.0,54.333333333333336,42.0,0.0,0.3305439330543933,0.13389121338912133,0.11538461538461539,3.31,3.8914110429447852,119.5,119.5,3.31,3.31,Worcester Red Sox,statsapi,False
mlbam-663541,Tanner Dodson,2024,AAA,Oklahoma City Baseball Club,pitcher,27.0,62.333333333333336,41.0,1.0,0.20422535211267606,0.15492957746478872,0.09090909090909091,3.32,4.222994652406417,142.0,142.0,3.32,3.32,Oklahoma City Baseball Club,statsapi,False
mlbam-802419,Thomas Harrington,2024,AAA,Indianapolis Indians,pitcher,23.0,46.0,8.0,8.0,0.2122905027932961,0.0446927374301676,0.07936507936507936,3.33,3.5130434782608697,89.5,89.5,3.33,3.33,Indianapolis Indians,statsapi,False
mlbam-674444,Steven Cruz,2024,AAA,Omaha Storm Chasers,pitcher,25.0,51.333333333333336,47.0,0.0,0.25688073394495414,0.11009174311926606,0.0975609756097561,3.33,3.5090909090909093,109.0,109.0,3.33,3.33,Omaha Storm Chasers,statsapi,False
mlbam-664991,Grant Wolfram,2024,AAA,Round Rock Express,pitcher,28.0,56.666666666666664,44.0,0.0,0.25630252100840334,0.11764705882352941,0.09259259259259259,3.34,3.5764705882352943,119.0,119.0,3.34,3.34,Round Rock Express,statsapi,False
mlbam-676508,Ben Casparius,2024,AAA,Oklahoma City Baseball Club,pitcher,25.0,67.0,16.0,14.0,0.254416961130742,0.12367491166077739,0.045454545454545456,3.36,3.428358208955224,141.5,141.5,3.36,3.36,Oklahoma City Baseball Club,statsapi,False
mlbam-607536,Kyle Freeland,2024,AAA,Albuquerque Isotopes,pitcher,31.0,8.0,2.0,2.0,0.25806451612903225,0.16129032258064516,0.16666666666666666,3.38,4.6,15.5,15.5,3.38,3.38,Albuquerque Isotopes,statsapi,False
mlbam-667463,John King,2024,AAA,Memphis Redbirds,pitcher,30.0,5.333333333333333,6.0,0.0,0.22727272727272727,0.0,0.25,3.38,3.6625,11.0,11.0,3.38,3.38,Memphis Redbirds,statsapi,False
mlbam-670219,Zac Kristofak,2024,AAA,Salt Lake Bees,pitcher,27.0,18.666666666666668,6.0,3.0,0.12987012987012986,0.06493506493506493,0.07142857142857142,3.38,4.225,38.5,38.5,3.38,3.38,Salt Lake Bees,statsapi,False
mlbam-647336,Michael Soroka,2024,AAA,Charlotte Knights,pitcher,27.0,8.0,6.0,0.0,0.375,0.0625,0.16666666666666666,3.38,3.225,16.0,16.0,3.38,3.38,Charlotte Knights,statsapi,False
mlbam-694462,Hurston Waldrep,2024,AAA,Gwinnett Stripers,pitcher,22.0,40.0,8.0,8.0,0.25,0.13953488372093023,0.08571428571428572,3.38,3.725,86.0,86.0,3.38,3.38,Gwinnett Stripers,statsapi,False
mlbam-621139,Brooks Kriske,2024,AAA,Norfolk Tides,pitcher,30.0,58.333333333333336,50.0,0.0,0.34177215189873417,0.14767932489451477,0.13793103448275862,3.39,4.008571428571429,118.5,118.5,3.39,3.39,Norfolk Tides,statsapi,False
mlbam-702795,Ryan Loutos,2024,AAA,Memphis Redbirds,pitcher,25.0,53.0,47.0,0.0,0.2576419213973799,0.10480349344978165,0.05555555555555555,3.4,2.9113207547169813,114.5,114.5,3.4,3.4,Memphis Redbirds,statsapi,False
mlbam-641360,Phil Bickford,2024,AAA,Scranton/Wilkes-Barre RailRiders,pitcher,29.0,50.333333333333336,39.0,1.0,0.2995169082125604,0.07729468599033816,0.06779661016949153,3.4,2.86158940397351,103.5,103.5,3.4,3.4,Scranton/Wilkes-Barre RailRiders,statsapi,False
mlbam-656354,Austin Davis,2024,AAA,El Paso Chihuahuas,pitcher,31.0,47.666666666666664,47.0,0.0,0.2946859903381642,0.1497584541062802,0.0,3.4,2.6804195804195805,103.5,103.5,3.4,3.4,El Paso Chihuahuas,statsapi,False
mlbam-682445,Domingo Gonzalez,2024,AAA,Gwinnett Stripers,pitcher,25.0,29.0,24.0,1.0,0.3629032258064516,0.10483870967741936,0.06896551724137931,3.41,2.8586206896551727,62.0,62.0,3.41,3.41,Gwinnett Stripers,statsapi,False
mlbam-642520,Gerson Garabito,2024,AAA,Round Rock Express,pitcher,29.0,55.333333333333336,13.0,10.0,0.2422907488986784,0.05286343612334802,0.10714285714285714,3.42,3.6060240963855423,113.5,113.5,3.42,3.42,Round Rock Express,statsapi,False
mlbam-621057,Justin Garza,2024,AAA,Sacramento River Cats,pitcher,30.0,52.666666666666664,37.0,0.0,0.26666666666666666,0.08,0.1,3.42,3.555696202531646,112.5,112.5,3.42,3.42,Sacramento River Cats,statsapi,False
mlbam-674114,Ryan Garcia,2024,AAA,Round Rock Express,pitcher,26.0,42.0,8.0,8.0,0.2808988764044944,0.09550561797752809,0.1,3.43,3.623809523809524,89.0,89.0,3.43,3.43,Round Rock Express,statsapi,False
mlbam-676106,Emerson Hancock,2024,AAA,Tacoma Rainiers,pitcher,25.0,94.33333333333333,17.0,17.0,0.1670886075949367,0.09620253164556962,0.08,3.43,4.350883392226148,197.5,197.5,3.43,3.43,Tacoma Rainiers,statsapi,False
mlbam-678692,Ronny Henriquez,2024,AAA,St. Paul Saints,pitcher,24.0,55.0,34.0,3.0,0.2489451476793249,0.07172995780590717,0.1875,3.44,4.0636363636363635,118.5,118.5,3.44,3.44,St. Paul Saints,statsapi,False
mlbam-676092,Collin Snider,2024,AAA,Tacoma Rainiers,pitcher,29.0,18.333333333333332,17.0,1.0,0.2558139534883721,0.09302325581395349,0.09090909090909091,3.44,3.4272727272727272,43.0,43.0,3.44,3.44,Tacoma Rainiers,statsapi,False
mlbam-687064,Brandon Young,2024,AAA,Norfolk Tides,pitcher,26.0,89.0,20.0,18.0,0.256,0.088,0.06862745098039216,3.44,3.1449438202247193,187.5,187.5,3.44,3.44,Norfolk Tides,statsapi,False
mlbam-669713,Hayden Wesneski,2024,AAA,Iowa Cubs,pitcher,27.0,15.666666666666666,7.0,3.0,0.25,0.07352941176470588,0.07142857142857142,3.45,3.1,34.0,34.0,3.45,3.45,Iowa Cubs,statsapi,False
mlbam-668390,Cole Winn,2024,AAA,Round Rock Express,pitcher,25.0,15.666666666666666,10.0,0.0,0.30303030303030304,0.06060606060606061,0.125,3.45,3.3553191489361702,33.0,33.0,3.45,3.45,Round Rock Express,statsapi,False
mlbam-641401,Connor Brogdon,2024,AAA,Oklahoma City Baseball Club,pitcher,29.0,13.0,13.0,0.0,0.3392857142857143,0.08928571428571429,0.15384615384615385,3.46,3.330769230769231,28.0,28.0,3.46,3.46,Oklahoma City Baseball Club,statsapi,False
mlbam-702193,Andrew Morris,2024,AAA,St. Paul Saints,pitcher,23.0,33.666666666666664,7.0,7.0,0.1956521739130435,0.07971014492753623,0.07894736842105263,3.48,3.812871287128713,69.0,69.0,3.48,3.48,St. Paul Saints,statsapi,False
mlbam-700249,Cade Povich,2024,AAA,Norfolk Tides,pitcher,24.0,77.66666666666667,15.0,14.0,0.28164556962025317,0.08544303797468354,0.0875,3.48,3.06137339055794,158.0,158.0,3.48,3.48,Norfolk Tides,statsapi,False
mlbam-663574,Tony Santillan,2024,AAA,Louisville Bats,pitcher,27.0,38.666666666666664,38.0,0.0,0.3045977011494253,0.13793103448275862,0.07142857142857142,3.49,3.4620689655172416,87.0,87.0,3.49,3.49,Louisville Bats,statsapi,False
mlbam-621053,Tyler Ferguson,2024,AAA,Las Vegas Aviators,pitcher,31.0,28.333333333333332,26.0,0.0,0.33076923076923076,0.08461538461538462,0.0,3.49,1.9705882352941178,65.0,65.0,3.49,3.49,Las Vegas Aviators,statsapi,False
mlbam-679777,Nick Mikolajchak,2024,AAA,Columbus Clippers,pitcher,27.0,36.0,32.0,0.0,0.15950920245398773,0.15337423312883436,0.08163265306122448,3.5,5.016666666666667,81.5,81.5,3.5,3.5,Columbus Clippers,statsapi,False
mlbam-683004,Jack Leiter,2024,AAA,Round Rock Express,pitcher,24.0,77.0,17.0,16.0,0.3333333333333333,0.10606060606060606,0.136986301369863,3.51,3.4896103896103896,165.0,165.0,3.51,3.51,Round Rock Express,statsapi,False
mlbam-656186,Dan Altavilla,2024,AAA,Omaha Storm Chasers,pitcher,32.0,41.0,37.0,0.0,0.2222222222222222,0.13450292397660818,0.11627906976744186,3.51,4.441463414634146,85.5,85.5,3.51,3.51,Omaha Storm Chasers,statsapi,False
mlbam-665001,Trevor Kelley,2024,AAA,Tacoma Rainiers,pitcher,32.0,53.666666666666664,54.0,0.0,0.2572614107883817,0.14107883817427386,0.1076923076923077,3.52,4.385714285714286,120.5,120.5,3.52,3.52,Tacoma Rainiers,statsapi,False
mlbam-672841,Carlos Vargas,2024,AAA,Tacoma Rainiers,pitcher,25.0,53.333333333333336,55.0,0.0,0.17094017094017094,0.0811965811965812,0.13333333333333333,3.54,4.24375,117.0,117.0,3.54,3.54,Tacoma Rainiers,statsapi,False
mlbam-663738,Daniel Lynch IV,2024,AAA,Omaha Storm Chasers,pitcher,28.0,119.33333333333333,21.0,21.0,0.19230769230769232,0.06477732793522267,0.12195121951219512,3.54,3.9966480446927375,247.0,247.0,3.54,3.54,Omaha Storm Chasers,statsapi,False
mlbam-623381,Thomas Pannone,2024,AAA,Scranton/Wilkes-Barre RailRiders,pitcher,30.0,152.33333333333334,30.0,30.0,0.2118380062305296,0.059190031152647975,0.11834319526627218,3.54,3.9074398249452953,321.0,321.0,3.54,3.54,Scranton/Wilkes-Barre RailRiders,statsapi,False
mlbam-621294,Ben Heller,2024,AAA,Indianapolis Indians,pitcher,33.0,33.0,30.0,0.0,0.4074074074074074,0.1037037037037037,0.20689655172413793,3.55,3.584848484848485,67.5,67.5,3.55,3.55,Indianapolis Indians,statsapi,False
mlbam-814300,Josimar Cousin,2024,AAA,Charlotte Knights,pitcher,26.0,25.333333333333332,22.0,0.0,0.1792452830188679,0.11320754716981132,0.10526315789473684,3.55,5.0736842105263165,53.0,53.0,3.55,3.55,Charlotte Knights,statsapi,False
mlbam-656382,Tommy Doyle,2024,AAA,Gwinnett Stripers,pitcher,28.0,40.333333333333336,32.0,0.0,0.24855491329479767,0.09826589595375723,0.11904761904761904,3.57,3.918181818181818,86.5,86.5,3.57,3.57,Gwinnett Stripers,statsapi,False
mlbam-668820,Max Kranick,2024,AAA,Syracuse Mets,pitcher,27.0,63.0,41.0,4.0,0.20384615384615384,0.08076923076923077,0.13636363636363635,3.57,4.9412698412698415,130.0,130.0,3.57,3.57,Syracuse Mets,statsapi,False
mlbam-676083,Janson Junk,2024,AAA,Las Vegas Aviators,pitcher,28.0,60.333333333333336,24.0,9.0,0.2125984251968504,0.08267716535433071,0.10294117647058823,3.58,4.011602209944751,127.0,127.0,3.58,3.58,Las Vegas Aviators,statsapi,False
mlbam-681869,Shawn Dubin,2024,AAA,Sugar Land Space Cowboys,pitcher,29.0,10.0,10.0,0.0,0.30952380952380953,0.11904761904761904,0.0,3.6,2.0,21.0,21.0,3.6,3.6,Sugar Land Space Cowboys,statsapi,False
mlbam-666130,Jay Groome,2024,AAA,El Paso Chihuahuas,pitcher,26.0,5.0,3.0,3.0,0.22727272727272727,0.22727272727272727,0.1,3.6,7.300000000000001,11.0,11.0,3.6,3.6,El Paso Chihuahuas,statsapi,False
mlbam-675375,Cory Lewis,2024,AAA,St. Paul Saints,pitcher,24.0,5.0,1.0,1.0,0.08695652173913043,0.13043478260869565,0.0,3.6,4.1,11.5,11.5,3.6,3.6,St. Paul Saints,statsapi,False
mlbam-656794,Sean Newcomb,2024,AAA,Las Vegas Aviators,pitcher,31.0,5.0,3.0,0.0,0.17391304347826086,0.17391304347826086,0.0,3.6,3.9000000000000004,11.5,11.5,3.6,3.6,Las Vegas Aviators,statsapi,False
mlbam-657697,Vinny Nittoli,2024,AAA,Syracuse Mets,pitcher,34.0,30.0,26.0,0.0,0.33858267716535434,0.09448818897637795,0.1724137931034483,3.6,3.8,63.5,63.5,3.6,3.6,Syracuse Mets,statsapi,False
mlbam-453286,Max Scherzer,2024,AAA,Round Rock Express,pitcher,40.0,15.0,4.0,4.0,0.43103448275862066,0.08620689655172414,0.2,3.6,3.3666666666666667,29.0,29.0,3.6,3.6,Round Rock Express,statsapi,False
mlbam-669740,Travis MacGregor,2024,AAA,Salt Lake Bees,pitcher,27.0,82.33333333333333,41.0,3.0,0.20738636363636365,0.08238636363636363,0.1095890410958904,3.61,3.938056680161943,176.0,176.0,3.61,3.61,Salt Lake Bees,statsapi,False
mlbam-689254,Mason Fluharty,2024,AAA,Buffalo Bisons,pitcher,23.0,67.0,56.0,0.0,0.2743682310469314,0.09386281588447654,0.1111111111111111,3.63,3.682089552238806,138.5,138.5,3.63,3.63,Buffalo Bisons,statsapi,False
mlbam-681989,Dalton Roach,2024,AAA,Charlotte Knights,pitcher,28.0,24.666666666666668,21.0,0.0,0.2524271844660194,0.11650485436893204,0.08571428571428572,3.65,4.154054054054054,51.5,51.5,3.65,3.65,Charlotte Knights,statsapi,False
mlbam-688427,Kolton Ingram,2024,AAA,Sacramento River Cats,pitcher,28.0,51.666666666666664,45.0,0.0,0.23636363636363636,0.15454545454545454,0.17777777777777778,3.66,5.248387096774193,110.0,110.0,3.66,3.66,Sacramento River Cats,statsapi,False
mlbam-630023,Yonny Chirinos,2024,AAA,Jacksonville Jumbo Shrimp,pitcher,31.0,110.66666666666667,21.0,21.0,0.1945031712473573,0.07822410147991543,0.09649122807017543,3.66,3.8409638554216867,236.5,236.5,3.66,3.66,Jacksonville Jumbo Shrimp,statsapi,False
mlbam-672782,Yoendrys Gómez,2024,AAA,Scranton/Wilkes-Barre RailRiders,pitcher,25.0,83.33333333333333,23.0,21.0,0.2703488372093023,0.11337209302325581,0.11538461538461539,3.67,4.432,172.0,172.0,3.67,3.67,Scranton/Wilkes-Barre RailRiders,statsapi,False
mlbam-667478,Evan Kravetz,2024,AAA,Louisville Bats,pitcher,28.0,49.0,48.0,0.0,0.23873873873873874,0.12612612612612611,0.14285714285714285,3.67,5.038775510204082,111.0,111.0,3.67,3.67,Louisville Bats,statsapi,False
mlbam-656731,Tylor Megill,2024,AAA,Syracuse Mets,pitcher,29.0,44.0,9.0,9.0,0.3149171270718232,0.11049723756906077,0.125,3.68,3.0545454545454547,90.5,90.5,3.68,3.68,Syracuse Mets,statsapi,False
mlbam-686827,Logan Rinehart,2024,AAA,Norfolk Tides,pitcher,27.0,7.333333333333333,3.0,0.0,0.16666666666666666,0.2222222222222222,0.14285714285714285,3.68,6.50909090909091,18.0,18.0,3.68,3.68,Norfolk Tides,statsapi,False
mlbam-686294,Amos Willingham,2024,AAA,Rochester Red Wings,pitcher,26.0,68.33333333333333,55.0,0.0,0.24232081911262798,0.11945392491467577,0.0684931506849315,3.69,3.4658536585365853,146.5,146.5,3.69,3.69,Rochester Red Wings,statsapi,False
mlbam-656970,Devin Smeltzer,2024,AAA,Jacksonville Jumbo Shrimp,pitcher,29.0,31.666666666666668,24.0,0.0,0.22857142857142856,0.09285714285714286,0.13333333333333333,3.69,5.342105263157895,70.0,70.0,3.69,3.69,Jacksonville Jumbo Shrimp,statsapi,False
mlbam-687473,Ryan Gusto,2024,AAA,Sugar Land Space Cowboys,pitcher,25.0,148.33333333333334,29.0,26.0,0.22632423756019263,0.08507223113964688,0.0748663101604278,3.7,3.6393258426966293,311.5,311.5,3.7,3.7,Sugar Land Space Cowboys,statsapi,False
mlbam-670389,Nelson L. Alvarez,2024,AAA,Lehigh Valley IronPigs,pitcher,26.0,17.0,13.0,0.0,0.2465753424657534,0.2054794520547945,0.0,3.71,3.6294117647058823,36.5,36.5,3.71,3.71,Lehigh Valley IronPigs,statsapi,False
mlbam-689017,Landon Knack,2024,AAA,Oklahoma City Baseball Club,pitcher,27.0,68.0,14.0,12.0,0.28113879003558717,0.1103202846975089,0.08860759493670886,3.71,3.526470588235294,140.5,140.5,3.71,3.71,Oklahoma City Baseball Club,statsapi,False
mlbam-687377,Orlando Ribalta,2024,AAA,Rochester Red Wings,pitcher,26.0,36.333333333333336,35.0,0.0,0.28662420382165604,0.15286624203821655,0.08888888888888889,3.72,4.118348623853211,78.5,78.5,3.72,3.72,Rochester Red Wings,statsapi,False
mlbam-693821,Bryce Elder,2024,AAA,Gwinnett Stripers,pitcher,25.0,101.33333333333333,17.0,17.0,0.23776223776223776,0.09324009324009325,0.07692307692307693,3.73,3.0703947368421054,214.5,214.5,3.73,3.73,Gwinnett Stripers,statsapi,False
mlbam-607457,Kyle Barraclough,2024,AAA,Round Rock Express,pitcher,34.0,55.333333333333336,31.0,4.0,0.27125506072874495,0.145748987854251,0.04838709677419355,3.74,3.4975903614457833,123.5,123.5,3.74,3.74,Round Rock Express,statsapi,False
mlbam-687001,Bryce Tassin,2024,AAA,Toledo Mud Hens,pitcher,27.0,33.666666666666664,21.0,3.0,0.23648648648648649,0.11486486486486487,0.23529411764705882,3.74,5.981188118811882,74.0,74.0,3.74,3.74,Toledo Mud Hens,statsapi,False
mlbam-668716,Noah Murdock,2024,AAA,Omaha Storm Chasers,pitcher,26.0,38.333333333333336,30.0,0.0,0.2787878787878788,0.15757575757575756,0.0,3.76,3.0478260869565217,82.5,82.5,3.76,3.76,Omaha Storm Chasers,statsapi,False
mlbam-658431,Adonis Medina,2024,AAA,Rochester Red Wings,pitcher,28.0,64.66666666666667,49.0,0.0,0.21897810218978103,0.0948905109489051,0.14893617021276595,3.76,4.043298969072165,137.0,137.0,3.76,3.76,Rochester Red Wings,statsapi,False
mlbam-686642,Fraser Ellard,2024,AAA,Charlotte Knights,pitcher,27.0,40.666666666666664,38.0,0.0,0.3352272727272727,0.11363636363636363,0.13333333333333333,3.76,3.321311475409836,88.0,88.0,3.76,3.76,Charlotte Knights,statsapi,False
mlbam-672021,Eric Cerantola,2024,AAA,Omaha Storm Chasers,pitcher,24.0,14.333333333333334,13.0,0.0,0.3125,0.125,0.23076923076923078,3.77,4.913953488372093,32.0,32.0,3.77,3.77,Omaha Storm Chasers,statsapi,False
mlbam-694361,Will Klein,2024,AAA,Las Vegas Aviators,pitcher,25.0,43.0,38.0,0.0,0.22395833333333334,0.16666666666666666,0.09433962264150944,3.77,4.913953488372093,96.0,96.0,3.77,3.77,Las Vegas Aviators,statsapi,False
mlbam-670810,Logan Gillaspie,2024,AAA,El Paso Chihuahuas,pitcher,27.0,45.333333333333336,44.0,0.0,0.2153846153846154,0.09743589743589744,0.09433962264150944,3.77,4.004411764705883,97.5,97.5,3.77,3.77,El Paso Chihuahuas,statsapi,False
mlbam-666818,Luis Frías,2024,AAA,Buffalo Bisons,pitcher,26.0,33.333333333333336,30.0,0.0,0.23684210526315788,0.10526315789473684,0.13513513513513514,3.78,4.6,76.0,76.0,3.78,3.78,Buffalo Bisons,statsapi,False
mlbam-694646,Chayce McDermott,2024,AAA,Norfolk Tides,pitcher,26.0,100.0,22.0,21.0,0.3287671232876712,0.136986301369863,0.1111111111111111,3.78,3.54,219.0,219.0,3.78,3.78,Norfolk Tides,statsapi,False
mlbam-684946,Nick Fraze,2024,AAA,Buffalo Bisons,pitcher,27.0,35.666666666666664,17.0,4.0,0.2229299363057325,0.08917197452229299,0.11627906976744186,3.79,4.473831775700935,78.5,78.5,3.79,3.79,Buffalo Bisons,statsapi,False
mlbam-656240,Scott Blewett,2024,AAA,St. Paul Saints,pitcher,28.0,54.666666666666664,38.0,3.0,0.226890756302521,0.07563025210084033,0.047619047619047616,3.79,2.8804878048780487,119.0,119.0,3.79,3.79,St. Paul Saints,statsapi,False
mlbam-694738,Landen Roupp,2024,AAA,Sacramento River Cats,pitcher,26.0,21.333333333333332,8.0,6.0,0.3333333333333333,0.15555555555555556,0.07692307692307693,3.8,2.865625,45.0,45.0,3.8,3.8,Sacramento River Cats,statsapi,False
mlbam-528748,Humberto Castellanos,2024,AAA,Reno Aces,pitcher,26.0,104.0,21.0,20.0,0.2383177570093458,0.0911214953271028,0.16279069767441862,3.81,4.946153846153846,214.0,214.0,3.81,3.81,Reno Aces,statsapi,False
mlbam-676571,PJ Poulin,2024,AAA,Toledo Mud Hens,pitcher,28.0,26.0,20.0,0.0,0.2882882882882883,0.10810810810810811,0.058823529411764705,3.81,2.523076923076923,55.5,55.5,3.81,3.81,Toledo Mud Hens,statsapi,False
mlbam-703231,James Meeker,2024,AAA,Nashville Sounds,pitcher,29.0,37.666666666666664,28.0,0.0,0.20625,0.11875,0.11904761904761904,3.82,4.82566371681416,80.0,80.0,3.82,3.82,Nashville Sounds,statsapi,False
mlbam-669084,DL Hall,2024,AAA,Nashville Sounds,pitcher,26.0,40.0,14.0,14.0,0.19553072625698323,0.13966480446927373,0.08695652173913043,3.83,4.825,89.5,89.5,3.83,3.83,Nashville Sounds,statsapi,False
mlbam-805123,AJ Blubaugh,2024,AAA,Sugar Land Space Cowboys,pitcher,24.0,124.66666666666667,27.0,25.0,0.24242424242424243,0.09848484848484848,0.0979020979020979,3.83,3.8540106951871658,264.0,264.0,3.83,3.83,Sugar Land Space Cowboys,statsapi,False
mlbam-670161,Parker Dunshee,2024,AAA,Gwinnett Stripers,pitcher,29.0,44.666666666666664,26.0,0.0,0.2777777777777778,0.11616161616161616,0.021739130434782608,3.83,2.674626865671642,99.0,99.0,3.83,3.83,Gwinnett Stripers,statsapi,False
mlbam-691172,Yosver Zulueta,2024,AAA,Louisville Bats,pitcher,26.0,54.0,40.0,0.0,0.2674897119341564,0.13168724279835392,0.1111111111111111,3.83,3.359259259259259,121.5,121.5,3.83,3.83,Louisville Bats,statsapi,False
mlbam-623454,Drew Anderson,2024,AAA,Toledo Mud Hens,pitcher,30.0,14.0,9.0,0.0,0.24615384615384617,0.13846153846153847,0.0,3.86,2.742857142857143,32.5,32.5,3.86,3.86,Toledo Mud Hens,statsapi,False
mlbam-685126,Brandon Eisert,2024,AAA,Buffalo Bisons,pitcher,26.0,53.666666666666664,42.0,4.0,0.2907488986784141,0.09251101321585903,0.14,3.86,3.621739130434783,113.5,113.5,3.86,3.86,Buffalo Bisons,statsapi,False
mlbam-680702,Joey Gerber,2024,AAA,Scranton/Wilkes-Barre RailRiders,pitcher,27.0,14.0,12.0,0.0,0.23076923076923078,0.15384615384615385,0.1111111111111111,3.86,4.5285714285714285,32.5,32.5,3.86,3.86,Scranton/Wilkes-Barre RailRiders,statsapi,False
mlbam-477132,Clayton Kershaw,2024,AAA,Oklahoma City Baseball Club,pitcher,36.0,7.0,2.0,2.0,0.25925925925925924,0.037037037037037035,0.14285714285714285,3.86,3.3857142857142857,13.5,13.5,3.86,3.86,Oklahoma City Baseball Club,statsapi,False
mlbam-681320,Nate Lavender,2024,AAA,Syracuse Mets,pitcher,24.0,7.0,5.0,1.0,0.2647058823529412,0.20588235294117646,0.2857142857142857,3.86,7.242857142857144,17.0,17.0,3.86,3.86,Syracuse Mets,statsapi,False
mlbam-681517,Kyle Leahy,2024,AAA,Memphis Redbirds,pitcher,27.0,28.0,16.0,0.0,0.256198347107438,0.06611570247933884,0.24,3.86,4.635714285714286,60.5,60.5,3.86,3.86,Memphis Redbirds,statsapi,False
mlbam-682989,Victor Mederos,2024,AAA,Salt Lake Bees,pitcher,23.0,9.333333333333334,3.0,3.0,0.17142857142857143,0.05714285714285714,0.1,3.86,3.85,17.5,17.5,3.86,3.86,Salt Lake Bees,statsapi,False
mlbam-672335,Cionel Pérez,2024,AAA,Norfolk Tides,pitcher,28.0,2.3333333333333335,2.0,0.0,0.1,0.1,0.0,3.86,3.5285714285714285,5.0,5.0,3.86,3.86,Norfolk Tides,statsapi,False
mlbam-678789,Julio Robaina,2024,AAA,Sugar Land Space Cowboys,pitcher,23.0,4.666666666666667,1.0,1.0,0.23809523809523808,0.09523809523809523,0.0,3.86,2.242857142857143,10.5,10.5,3.86,3.86,Sugar Land Space Cowboys,statsapi,False
mlbam-623451,Jackson Stephens,2024,AAA,Gwinnett Stripers,pitcher,30.0,46.666666666666664,29.0,1.0,0.24378109452736318,0.0845771144278607,0.06666666666666667,3.86,3.1214285714285714,100.5,100.5,3.86,3.86,Gwinnett Stripers,statsapi,False
mlbam-622786,Jesus Tinoco,2024,AAA,Omaha Storm Chasers,pitcher,29.0,28.0,21.0,0.0,0.31896551724137934,0.09482758620689655,0.11538461538461539,3.86,3.1357142857142857,58.0,58.0,3.86,3.86,Omaha Storm Chasers,statsapi,False
mlbam-676510,Nolan Hoffman,2024,AAA,Norfolk Tides,pitcher,27.0,58.0,44.0,0.0,0.28205128205128205,0.1391941391941392,0.047619047619047616,3.88,2.910344827586207,136.5,136.5,3.88,3.88,Norfolk Tides,statsapi,False
mlbam-687792,DJ Herz,2024,AAA,Rochester Red Wings,pitcher,23.0,39.333333333333336,10.0,10.0,0.2619047619047619,0.19047619047619047,0.06382978723404255,3.89,4.294915254237289,84.0,84.0,3.89,3.89,Rochester Red Wings,statsapi,False
mlbam-687209,Zach Maxwell,2024,AAA,Louisville Bats,pitcher,23.0,39.333333333333336,39.0,0.0,0.3240223463687151,0.16759776536312848,0.025,3.89,2.769491525423729,89.5,89.5,3.89,3.89,Louisville Bats,statsapi,False
mlbam-656353,Tucker Davidson,2024,AAA,Norfolk Tides,pitcher,28.0,115.66666666666667,32.0,17.0,0.20675944333996024,0.09145129224652088,0.1297709923664122,3.89,4.4573487031700285,251.5,251.5,3.89,3.89,Norfolk Tides,statsapi,False
mlbam-664948,Anthony Misiewicz,2024,AAA,Scranton/Wilkes-Barre RailRiders,pitcher,30.0,55.333333333333336,47.0,0.0,0.28991596638655465,0.07983193277310924,0.1509433962264151,3.9,3.5156626506024096,119.0,119.0,3.9,3.9,Scranton/Wilkes-Barre RailRiders,statsapi,False
mlbam-682967,Devin Sweet,2024,AAA,Toledo Mud Hens,pitcher,28.0,76.0,52.0,4.0,0.3394495412844037,0.12538226299694188,0.1506849315068493,3.91,3.7184210526315793,163.5,163.5,3.91,3.91,Toledo Mud Hens,statsapi,False
mlbam-571927,Steven Matz,2024,AAA,Memphis Redbirds,pitcher,33.0,23.0,7.0,7.0,0.19791666666666666,0.052083333333333336,0.07692307692307693,3.91,3.360869565217391,48.0,48.0,3.91,3.91,Memphis Redbirds,statsapi,False
mlbam-640454,Matt Krook,2024,AAA,Norfolk Tides,pitcher,30.0,43.666666666666664,41.0,0.0,0.2903225806451613,0.16666666666666666,0.12903225806451613,3.92,4.016030534351145,93.0,93.0,3.92,3.92,Norfolk Tides,statsapi,False
mlbam-547001,Cody Poteet,2024,AAA,Scranton/Wilkes-Barre RailRiders,pitcher,30.0,43.666666666666664,10.0,10.0,0.2722222222222222,0.08333333333333333,0.11904761904761904,3.92,3.4435114503816795,90.0,90.0,3.92,3.92,Scranton/Wilkes-Barre RailRiders,statsapi,False
mlbam-621114,Ryan Burr,2024,AAA,Buffalo Bisons,pitcher,30.0,20.666666666666668,20.0,0.0,0.4175824175824176,0.0989010989010989,0.05555555555555555,3.92,1.3580645161290323,45.5,45.5,3.92,3.92,Buffalo Bisons,statsapi,False
mlbam-663765,Jake Woodford,2024,AAA,Indianapolis Indians,pitcher,28.0,94.0,20.0,19.0,0.228643216080402,0.0678391959798995,0.12,3.93,3.876595744680851,199.0,199.0,3.93,3.93,Indianapolis Indians,statsapi,False
mlbam-695418,Brad Lord,2024,AAA,Rochester Red Wings,pitcher,24.0,55.0,12.0,12.0,0.2375,0.08333333333333333,0.06666666666666667,3.93,3.3363636363636364,120.0,120.0,3.93,3.93,Rochester Red Wings,statsapi,False
mlbam-572971,Dallas Keuchel,2024,AAA,Tacoma Rainiers,pitcher,36.0,71.0,13.0,13.0,0.15625,0.0763888888888889,0.18518518518518517,3.93,4.677464788732395,144.0,144.0,3.93,3.93,Tacoma Rainiers,statsapi,False
mlbam-678738,Juan Sanchez,2024,AAA,Sacramento River Cats,pitcher,24.0,34.333333333333336,23.0,0.0,0.2348993288590604,0.18791946308724833,0.058823529411764705,3.93,4.439805825242718,74.5,74.5,3.93,3.93,Sacramento River Cats,statsapi,False
mlbam-679775,Kyle Backhus,2024,AAA,Reno Aces,pitcher,26.0,32.0,35.0,0.0,0.2602739726027397,0.13013698630136986,0.125,3.94,4.50625,73.0,73.0,3.94,3.94,Reno Aces,statsapi,False
mlbam-670329,Rico Garcia,2024,AAA,Rochester Red Wings,pitcher,30.0,61.666666666666664,55.0,0.0,0.34099616858237547,0.12260536398467432,0.1232876712328767,3.94,3.7162162162162162,130.5,130.5,3.94,3.94,Rochester Red Wings,statsapi,False
mlbam-676467,Colton Gordon,2024,AAA,Sugar Land Space Cowboys,pitcher,26.0,123.33333333333333,25.0,24.0,0.23754789272030652,0.07471264367816093,0.08843537414965986,3.94,3.5783783783783782,261.0,261.0,3.94,3.94,Sugar Land Space Cowboys,statsapi,False
mlbam-666120,Ian Anderson,2024,AAA,Gwinnett Stripers,pitcher,26.0,52.333333333333336,10.0,10.0,0.2324561403508772,0.11842105263157894,0.1590909090909091,3.96,4.418471337579618,114.0,114.0,3.96,3.96,Gwinnett Stripers,statsapi,False
mlbam-595928,John Curtiss,2024,AAA,Albuquerque Isotopes,pitcher,31.0,50.0,43.0,0.0,0.19069767441860466,0.08372093023255814,0.05714285714285714,3.96,3.46,107.5,107.5,3.96,3.96,Albuquerque Isotopes,statsapi,False
mlbam-669199,Lake Bachar,2024,AAA,Jacksonville Jumbo Shrimp,pitcher,29.0,72.66666666666667,47.0,1.0,0.2698412698412698,0.10476190476190476,0.11827956989247312,3.96,4.090825688073394,157.5,157.5,3.96,3.96,Jacksonville Jumbo Shrimp,statsapi,False
mlbam-695239,Robby Ahlstrom,2024,AAA,Round Rock Express,pitcher,25.0,20.333333333333332,15.0,1.0,0.16483516483516483,0.08791208791208792,0.08333333333333333,3.98,4.378688524590164,45.5,45.5,3.98,3.98,Round Rock Express,statsapi,False
mlbam-694381,Trey McLoughlin,2024,AAA,Syracuse Mets,pitcher,25.0,9.0,9.0,0.0,0.2972972972972973,0.10810810810810811,0.2222222222222222,4.0,4.877777777777778,18.5,18.5,4.0,4.0,Syracuse Mets,statsapi,False
mlbam-476595,Lucas Luetge,2024,AAA,Iowa Cubs,pitcher,37.0,58.333333333333336,44.0,1.0,0.285140562248996,0.07228915662650602,0.1016949152542373,4.01,2.98,124.5,124.5,4.01,4.01,Iowa Cubs,statsapi,False
mlbam-605218,Carl Edwards Jr.,2024,AAA,El Paso Chihuahuas,pitcher,33.0,65.0,29.0,9.0,0.22996515679442509,0.14285714285714285,0.11940298507462686,4.02,4.561538461538461,143.5,143.5,4.02,4.02,El Paso Chihuahuas,statsapi,False
mlbam-700241,Michael McGreevy,2024,AAA,Memphis Redbirds,pitcher,24.0,150.0,27.0,27.0,0.21630094043887146,0.06896551724137931,0.09929078014184398,4.02,3.3933333333333335,319.0,319.0,4.02,4.02,Memphis Redbirds,statsapi,False
mlbam-663752,Cody Morris,2024,AAA,Scranton/Wilkes-Barre RailRiders,pitcher,28.0,38.0,26.0,2.0,0.27058823529411763,0.15294117647058825,0.07317073170731707,4.03,3.9157894736842107,85.0,85.0,4.03,4.03,Scranton/Wilkes-Barre RailRiders,statsapi,False
mlbam-701581,David Festa,2024,AAA,St. Paul Saints,pitcher,24.0,60.333333333333336,15.0,15.0,0.34901960784313724,0.10196078431372549,0.1875,4.03,3.530939226519337,127.5,127.5,4.03,4.03,St. Paul Saints,statsapi,False
mlbam-641386,Ben Bowden,2024,AAA,Gwinnett Stripers,pitcher,30.0,29.0,27.0,0.0,0.2713178294573643,0.13178294573643412,0.12903225806451613,4.03,4.444827586206896,64.5,64.5,4.03,4.03,Gwinnett Stripers,statsapi,False
mlbam-664141,JT Brubaker,2024,AAA,Scranton/Wilkes-Barre RailRiders,pitcher,31.0,6.666666666666667,5.0,2.0,0.13793103448275862,0.20689655172413793,0.1,4.05,6.55,14.5,14.5,4.05,4.05,Scranton/Wilkes-Barre RailRiders,statsapi,False
mlbam-680758,Michael Byrne,2024,AAA,Louisville Bats,pitcher,27.0,6.666666666666667,7.0,0.0,0.39285714285714285,0.07142857142857142,0.0,4.05,1.1500000000000001,14.0,14.0,4.05,4.05,Louisville Bats,statsapi,False
mlbam-621399,Brady Feigl,2024,AAA,Indianapolis Indians,pitcher,34.0,60.0,39.0,1.0,0.27530364372469635,0.06882591093117409,0.15254237288135594,4.05,3.6833333333333336,123.5,123.5,4.05,4.05,Indianapolis Indians,statsapi,False
mlbam-687362,Connor Gillispie,2024,AAA,Columbus Clippers,pitcher,27.0,113.33333333333333,27.0,15.0,0.25,0.10084033613445378,0.14666666666666667,4.05,4.952941176470588,238.0,238.0,4.05,4.05,Columbus Clippers,statsapi,False
mlbam-608344,Cole Irvin,2024,AAA,Norfolk Tides,pitcher,30.0,6.666666666666667,2.0,2.0,0.15151515151515152,0.18181818181818182,0.0,4.05,4.75,16.5,16.5,4.05,4.05,Norfolk Tides,statsapi,False
mlbam-681432,Luke Little,2024,AAA,Iowa Cubs,pitcher,24.0,6.666666666666667,4.0,0.0,0.23333333333333334,0.23333333333333334,0.0,4.05,5.05,15.0,15.0,4.05,4.05,Iowa Cubs,statsapi,False
mlbam-667297,Tommy Nance,2024,AAA,El Paso Chihuahuas,pitcher,33.0,33.333333333333336,26.0,0.0,0.23333333333333334,0.05333333333333334,0.12903225806451613,4.05,3.55,75.0,75.0,4.05,4.05,El Paso Chihuahuas,statsapi,False
mlbam-669952,Mitch White,2024,AAA,Nashville Sounds,pitcher,30.0,57.666666666666664,18.0,7.0,0.272,0.088,0.037037037037037035,4.06,2.5971098265895955,125.0,125.0,4.06,4.06,Nashville Sounds,statsapi,False
mlbam-681347,Mike Burrows,2024,AAA,Indianapolis Indians,pitcher,25.0,37.666666666666664,10.0,9.0,0.26627218934911245,0.08875739644970414,0.14893617021276595,4.06,4.4805309734513274,84.5,84.5,4.06,4.06,Indianapolis Indians,statsapi,False
mlbam-677020,Josh Walker,2024,AAA,Indianapolis Indians,pitcher,30.0,37.666666666666664,33.0,0.0,0.3048780487804878,0.13414634146341464,0.10526315789473684,4.06,3.7371681415929205,82.0,82.0,4.06,4.06,Indianapolis Indians,statsapi,False
mlbam-641427,Alan Busenitz,2024,AAA,Louisville Bats,pitcher,34.0,66.33333333333333,49.0,2.0,0.2158273381294964,0.08273381294964029,0.08823529411764706,4.07,3.5522613065326634,139.0,139.0,4.07,4.07,Louisville Bats,statsapi,False
mlbam-700794,Frankie Scalzo Jr.,2024,AAA,Iowa Cubs,pitcher,25.0,28.666666666666668,24.0,0.0,0.22962962962962963,0.11851851851851852,0.11538461538461539,4.08,4.181395348837209,67.5,67.5,4.08,4.08,Iowa Cubs,statsapi,False
mlbam-669183,Grant Gambrell,2024,AAA,Worcester Red Sox,pitcher,27.0,83.66666666666667,18.0,16.0,0.17615176151761516,0.0921409214092141,0.057692307692307696,4.09,3.9127490039840636,184.5,184.5,4.09,4.09,Worcester Red Sox,statsapi,False
mlbam-642546,Jonathan Hernández,2024,AAA,Tacoma Rainiers,pitcher,28.0,22.0,21.0,0.0,0.23,0.1,0.25,4.09,4.281818181818182,50.0,50.0,4.09,4.09,Tacoma Rainiers,statsapi,False
mlbam-663992,Richard Lovelady,2024,AAA,Durham Bulls,pitcher,29.0,22.0,20.0,0.0,0.32989690721649484,0.020618556701030927,0.0,4.09,0.6000000000000001,48.5,48.5,4.09,4.09,Durham Bulls,statsapi,False
mlbam-623437,Justin Topa,2024,AAA,St. Paul Saints,pitcher,33.0,11.0,11.0,0.0,0.36363636363636365,0.09090909090909091,0.2,4.09,3.0090909090909093,22.0,22.0,4.09,4.09,St. Paul Saints,statsapi,False
mlbam-592836,Taijuan Walker,2024,AAA,Lehigh Valley IronPigs,pitcher,32.0,11.0,2.0,2.0,0.04081632653061224,0.12244897959183673,0.0,4.09,4.6454545454545455,24.5,24.5,4.09,4.09,Lehigh Valley IronPigs,statsapi,False
mlbam-657424,Matt Gage,2024,AAA,Syracuse Mets,pitcher,31.0,41.666666666666664,40.0,0.0,0.2833333333333333,0.12222222222222222,0.10526315789473684,4.1,3.484,90.0,90.0,4.1,4.1,Syracuse Mets,statsapi,False
mlbam-687606,Paxton Schultz,2024,AAA,Buffalo Bisons,pitcher,26.0,92.0,40.0,7.0,0.28426395939086296,0.11421319796954314,0.1,4.11,3.5782608695652174,197.0,197.0,4.11,4.11,Buffalo Bisons,statsapi,False
mlbam-669358,Shane Baz,2024,AAA,Durham Bulls,pitcher,25.0,39.333333333333336,10.0,10.0,0.24719101123595505,0.12921348314606743,0.043478260869565216,4.12,3.506779661016949,89.0,89.0,4.12,4.12,Durham Bulls,statsapi,False
mlbam-660787,Yerry De los Santos,2024,AAA,Scranton/Wilkes-Barre RailRiders,pitcher,27.0,59.0,51.0,1.0,0.2131782945736434,0.07364341085271318,0.16666666666666666,4.12,4.235593220338983,129.0,129.0,4.12,4.12,Scranton/Wilkes-Barre RailRiders,statsapi,False
mlbam-666207,Riley Pint,2024,AAA,Albuquerque Isotopes,pitcher,27.0,39.333333333333336,35.0,0.0,0.3567567567567568,0.20540540540540542,0.0,4.12,3.252542372881356,92.5,92.5,4.12,4.12,Albuquerque Isotopes,statsapi,False
mlbam-676570,Brooks Wilson,2024,AAA,Gwinnett Stripers,pitcher,28.0,43.666666666666664,26.0,0.0,0.296875,0.15104166666666666,0.13333333333333333,4.12,4.405343511450382,96.0,96.0,4.12,4.12,Gwinnett Stripers,statsapi,False
mlbam-666204,Dany Jiménez,2024,AAA,Las Vegas Aviators,pitcher,31.0,24.0,21.0,0.0,0.29411764705882354,0.12745098039215685,0.14814814814814814,4.13,4.891666666666667,51.0,51.0,4.13,4.13,Las Vegas Aviators,statsapi,False
mlbam-543766,Bryan Shaw,2024,AAA,Salt Lake Bees,pitcher,37.0,41.333333333333336,39.0,0.0,0.1837837837837838,0.16216216216216217,0.027777777777777776,4.14,3.946774193548387,92.5,92.5,4.14,4.14,Salt Lake Bees,statsapi,False
mlbam-676614,Bryan Sammons,2024,AAA,Toledo Mud Hens,pitcher,29.0,102.0,22.0,20.0,0.23076923076923078,0.09954751131221719,0.10852713178294573,4.15,4.266666666666667,221.0,221.0,4.15,4.15,Toledo Mud Hens,statsapi,False
mlbam-686539,Declan Cronin,2024,AAA,Jacksonville Jumbo Shrimp,pitcher,27.0,4.333333333333333,3.0,0.0,0.19047619047619047,0.19047619047619047,0.25,4.15,7.023076923076923,10.5,10.5,4.15,4.15,Jacksonville Jumbo Shrimp,statsapi,False
mlbam-663893,Brendon Little,2024,AAA,Buffalo Bisons,pitcher,28.0,17.333333333333332,16.0,0.0,0.31645569620253167,0.16455696202531644,0.0,4.15,2.4653846153846155,39.5,39.5,4.15,4.15,Buffalo Bisons,statsapi,False
mlbam-656887,Sean Reid-Foley,2024,AAA,Syracuse Mets,pitcher,29.0,4.333333333333333,4.0,0.0,0.15,0.1,0.3333333333333333,4.15,6.1,10.0,10.0,4.15,4.15,Syracuse Mets,statsapi,False
mlbam-607179,Jordan Weems,2024,AAA,Rochester Red Wings,pitcher,32.0,13.0,12.0,0.0,0.2459016393442623,0.13114754098360656,0.08333333333333333,4.15,3.407692307692308,30.5,30.5,4.15,4.15,Rochester Red Wings,statsapi,False
mlbam-691094,Randy Wynne,2024,AAA,Louisville Bats,pitcher,31.0,93.0,27.0,18.0,0.15776081424936386,0.06615776081424936,0.16793893129770993,4.16,5.712903225806452,196.5,196.5,4.16,4.16,Louisville Bats,statsapi,False
mlbam-690916,Richard Fitts,2024,AAA,Worcester Red Sox,pitcher,25.0,116.66666666666667,24.0,23.0,0.22560975609756098,0.07520325203252033,0.14393939393939395,4.17,4.394285714285714,246.0,246.0,4.17,4.17,Worcester Red Sox,statsapi,False
mlbam-621389,Ty Blach,2024,AAA,Albuquerque Isotopes,pitcher,34.0,41.0,12.0,9.0,0.14457831325301204,0.03614457831325301,0.175,4.17,4.734146341463415,83.0,83.0,4.17,4.17,Albuquerque Isotopes,statsapi,False
mlbam-662914,Ryan Shreve,2024,AAA,Memphis Redbirds,pitcher,26.0,32.333333333333336,15.0,0.0,0.16666666666666666,0.1111111111111111,0.10810810810810811,4.18,4.7082474226804125,72.0,72.0,4.18,4.18,Memphis Redbirds,statsapi,False
mlbam-667725,Kyle Tyler,2024,AAA,Lehigh Valley IronPigs,pitcher,28.0,84.0,18.0,16.0,0.22727272727272727,0.09659090909090909,0.0875,4.18,3.6357142857142857,176.0,176.0,4.18,4.18,Lehigh Valley IronPigs,statsapi,False
mlbam-696522,Hayden Juenger,2024,AAA,Buffalo Bisons,pitcher,24.0,68.66666666666667,54.0,0.0,0.21694915254237288,0.08813559322033898,0.08108108108108109,4.19,3.7262135922330097,147.5,147.5,4.19,4.19,Buffalo Bisons,statsapi,False
mlbam-642629,Emmanuel Ramirez,2024,AAA,Buffalo Bisons,pitcher,30.0,45.0,30.0,0.0,0.2978723404255319,0.09042553191489362,0.14583333333333334,4.2,3.7666666666666666,94.0,94.0,4.2,4.2,Buffalo Bisons,statsapi,False
mlbam-641149,Wes Parsons,2024,AAA,Columbus Clippers,pitcher,32.0,25.666666666666668,12.0,5.0,0.2926829268292683,0.17073170731707318,0.17857142857142858,4.21,5.632467532467532,61.5,61.5,4.21,4.21,Columbus Clippers,statsapi,False
mlbam-670046,Kenny Rosenberg,2024,AAA,Salt Lake Bees,pitcher,29.0,115.33333333333333,21.0,21.0,0.2151639344262295,0.07991803278688525,0.15527950310559005,4.21,5.1895953757225435,244.0,244.0,4.21,4.21,Salt Lake Bees,statsapi,False
mlbam-676252,Zach Haake,2024,AAA,Lehigh Valley IronPigs,pitcher,28.0,21.333333333333332,16.0,1.0,0.30434782608695654,0.11956521739130435,0.045454545454545456,4.22,3.053125,46.0,46.0,4.22,4.22,Lehigh Valley IronPigs,statsapi,False
mlbam-667356,Bryan Mata,2024,AAA,Worcester Red Sox,pitcher,25.0,10.666666666666666,6.0,2.0,0.25,0.14583333333333334,0.09090909090909091,4.22,5.1625,24.0,24.0,4.22,4.22,Worcester Red Sox,statsapi,False
mlbam-674072,Tommy Henry,2024,AAA,Reno Aces,pitcher,27.0,108.0,20.0,20.0,0.24203821656050956,0.11464968152866242,0.08620689655172414,4.25,3.7481481481481485,235.5,235.5,4.25,4.25,Reno Aces,statsapi,False
mlbam-677976,Randy Dobnak,2024,AAA,St. Paul Saints,pitcher,29.0,133.33333333333334,28.0,24.0,0.22673434856175972,0.1065989847715736,0.12844036697247707,4.25,4.075,295.5,295.5,4.25,4.25,St. Paul Saints,statsapi,False
mlbam-680735,Austin Cox,2024,AAA,Omaha Storm Chasers,pitcher,27.0,55.0,38.0,5.0,0.24,0.152,0.1509433962264151,4.25,4.990909090909091,125.0,125.0,4.25,4.25,Omaha Storm Chasers,statsapi,False
mlbam-669361,Brandon Birdsell,2024,AAA,Iowa Cubs,pitcher,24.0,61.333333333333336,12.0,12.0,0.2623574144486692,0.07224334600760456,0.08,4.26,2.6760869565217393,131.5,131.5,4.26,4.26,Iowa Cubs,statsapi,False
mlbam-641541,Jon Duplantier,2024,AAA,Oklahoma City Baseball Club,pitcher,30.0,50.666666666666664,22.0,6.0,0.27876106194690264,0.17256637168141592,0.06521739130434782,4.26,3.8697368421052634,113.0,113.0,4.26,4.26,Oklahoma City Baseball Club,statsapi,False
mlbam-676534,Calvin Faucher,2024,AAA,Jacksonville Jumbo Shrimp,pitcher,29.0,6.333333333333333,4.0,0.0,0.15384615384615385,0.038461538461538464,0.1111111111111111,4.26,4.363157894736842,13.0,13.0,4.26,4.26,Jacksonville Jumbo Shrimp,statsapi,False
mlbam-802363,Jordan Geber,2024,AAA,Syracuse Mets,pitcher,25.0,12.666666666666666,4.0,2.0,0.16666666666666666,0.16666666666666666,0.16666666666666666,4.26,5.626315789473685,27.0,27.0,4.26,4.26,Syracuse Mets,statsapi,False
mlbam-682052,Jacob Lopez,2024,AAA,Durham Bulls,pitcher,26.0,88.66666666666667,21.0,19.0,0.2789473684210526,0.11842105263157894,0.13043478260869565,4.26,4.16015037593985,190.0,190.0,4.26,4.26,Durham Bulls,statsapi,False
mlbam-687423,Triston Polley,2024,AAA,Round Rock Express,pitcher,28.0,6.333333333333333,7.0,0.0,0.09090909090909091,0.21212121212121213,0.1,4.26,7.994736842105263,16.5,16.5,4.26,4.26,Round Rock Express,statsapi,False
mlbam-683425,Hyun-il Choi,2024,AAA,Oklahoma City Baseball Club,pitcher,24.0,73.66666666666667,15.0,14.0,0.1755485893416928,0.10031347962382445,0.07526881720430108,4.28,4.40316742081448,159.5,159.5,4.28,4.28,Oklahoma City Baseball Club,statsapi,False
mlbam-666159,Matt Manning,2024,AAA,Toledo Mud Hens,pitcher,26.0,69.33333333333333,15.0,14.0,0.2491349480968858,0.08650519031141868,0.11494252873563218,4.28,3.9798076923076926,144.5,144.5,4.28,4.28,Toledo Mud Hens,statsapi,False
mlbam-660825,Eduard Bazardo,2024,AAA,Tacoma Rainiers,pitcher,29.0,21.0,21.0,0.0,0.3118279569892473,0.11827956989247312,0.10526315789473684,4.29,3.1476190476190475,46.5,46.5,4.29,4.29,Tacoma Rainiers,statsapi,False
mlbam-605200,Zach Davies,2024,AAA,Omaha Storm Chasers,pitcher,31.0,21.0,5.0,5.0,0.12903225806451613,0.0967741935483871,0.0625,4.29,4.480952380952381,46.5,46.5,4.29,4.29,Omaha Storm Chasers,statsapi,False
mlbam-808970,Woo-Suk Go,2024,AAA,Jacksonville Jumbo Shrimp,pitcher,26.0,21.0,16.0,0.0,0.15384615384615385,0.07692307692307693,0.12903225806451613,4.29,5.5285714285714285,45.5,45.5,4.29,4.29,Jacksonville Jumbo Shrimp,statsapi,False
mlbam-534910,Jesse Hahn,2024,AAA,Tacoma Rainiers,pitcher,35.0,50.333333333333336,43.0,2.0,0.25116279069767444,0.17674418604651163,0.06896551724137931,4.29,3.9741721854304637,107.5,107.5,4.29,4.29,Tacoma Rainiers,statsapi,False
mlbam-685116,Austin Kitchen,2024,AAA,Tacoma Rainiers,pitcher,27.0,44.0,32.0,0.0,0.14516129032258066,0.06989247311827956,0.0625,4.3,3.6454545454545455,93.0,93.0,4.3,4.3,Tacoma Rainiers,statsapi,False
mlbam-660604,Alan Rangel,2024,AAA,Lehigh Valley IronPigs,pitcher,27.0,29.333333333333332,10.0,5.0,0.21551724137931033,0.06896551724137931,0.09090909090909091,4.3,3.9863636363636363,58.0,58.0,4.3,4.3,Lehigh Valley IronPigs,statsapi,False
mlbam-622766,Miguel Díaz,2024,AAA,Toledo Mud Hens,pitcher,30.0,46.0,37.0,1.0,0.27,0.085,0.0,4.3,1.9260869565217391,100.0,100.0,4.3,4.3,Toledo Mud Hens,statsapi,False
mlbam-694312,Logan Workman,2024,AAA,Durham Bulls,pitcher,26.0,23.0,5.0,5.0,0.2524271844660194,0.10679611650485436,0.06666666666666667,4.3,3.5347826086956524,51.5,51.5,4.3,4.3,Durham Bulls,statsapi,False
mlbam-542947,Richard Bleier,2024,AAA,Rochester Red Wings,pitcher,37.0,16.666666666666668,15.0,0.0,0.14705882352941177,0.029411764705882353,0.13333333333333333,4.32,3.8200000000000003,34.0,34.0,4.32,4.32,Rochester Red Wings,statsapi,False
mlbam-694298,Nick Dombkowski,2024,AAA,Indianapolis Indians,pitcher,26.0,33.333333333333336,14.0,5.0,0.20512820512820512,0.16025641025641027,0.10256410256410256,4.32,4.99,78.0,78.0,4.32,4.32,Indianapolis Indians,statsapi,False
mlbam-656529,Sam Hentges,2024,AAA,Columbus Clippers,pitcher,28.0,8.333333333333334,9.0,2.0,0.1891891891891892,0.13513513513513514,0.0,4.32,3.94,18.5,18.5,4.32,4.32,Columbus Clippers,statsapi,False
mlbam-682607,Antonio Jimenez,2024,AAA,Durham Bulls,pitcher,23.0,25.0,16.0,1.0,0.21568627450980393,0.06862745098039216,0.09090909090909091,4.32,3.74,51.0,51.0,4.32,4.32,Durham Bulls,statsapi,False
mlbam-676768,Andrew Quezada,2024,AAA,Albuquerque Isotopes,pitcher,27.0,8.333333333333334,4.0,0.0,0.07317073170731707,0.24390243902439024,0.0,4.32,5.98,20.5,20.5,4.32,4.32,Albuquerque Isotopes,statsapi,False
mlbam-671093,Kyle Whitten,2024,AAA,Durham Bulls,pitcher,26.0,16.666666666666668,11.0,1.0,0.2361111111111111,0.1388888888888889,0.23529411764705882,4.32,5.98,36.0,36.0,4.32,4.32,Durham Bulls,statsapi,False
mlbam-680701,John Rooney,2024,AAA,Oklahoma City Baseball Club,pitcher,27.0,60.333333333333336,53.0,0.0,0.2610294117647059,0.1213235294117647,0.18421052631578946,4.33,4.392817679558011,136.0,136.0,4.33,4.33,Oklahoma City Baseball Club,statsapi,False
mlbam-701643,Grant Hartwig,2024,AAA,Syracuse Mets,pitcher,27.0,37.333333333333336,33.0,0.0,0.21764705882352942,0.12352941176470589,0.05405405405405406,4.34,3.8232142857142857,85.0,85.0,4.34,4.34,Syracuse Mets,statsapi,False
mlbam-641771,Chad Kuhl,2024,AAA,Charlotte Knights,pitcher,32.0,56.0,13.0,11.0,0.1728395061728395,0.13580246913580246,0.11363636363636363,4.34,4.742857142857143,121.5,121.5,4.34,4.34,Charlotte Knights,statsapi,False
mlbam-669145,Bruce Zimmermann,2024,AAA,Norfolk Tides,pitcher,29.0,76.66666666666667,23.0,15.0,0.2245508982035928,0.07784431137724551,0.10256410256410256,4.34,3.6347826086956525,167.0,167.0,4.34,4.34,Norfolk Tides,statsapi,False
mlbam-676974,Max Meyer,2024,AAA,Jacksonville Jumbo Shrimp,pitcher,25.0,58.0,15.0,15.0,0.27058823529411763,0.09411764705882353,0.18,4.34,4.031034482758621,127.5,127.5,4.34,4.34,Jacksonville Jumbo Shrimp,statsapi,False
mlbam-592644,Adam Plutko,2024,AAA,St. Paul Saints,pitcher,33.0,60.0,13.0,12.0,0.20081967213114754,0.05737704918032787,0.08421052631578947,4.35,3.9000000000000004,122.0,122.0,4.35,4.35,St. Paul Saints,statsapi,False
mlbam-620454,José Castillo,2024,AAA,Reno Aces,pitcher,28.0,20.666666666666668,21.0,0.0,0.2441860465116279,0.08139534883720931,0.058823529411764705,4.35,2.8580645161290326,43.0,43.0,4.35,4.35,Reno Aces,statsapi,False
mlbam-690382,Michael Darrell-Hicks,2024,AAA,Salt Lake Bees,pitcher,27.0,20.666666666666668,10.0,0.0,0.25274725274725274,0.054945054945054944,0.0,4.35,2.470967741935484,45.5,45.5,4.35,4.35,Salt Lake Bees,statsapi,False
mlbam-646242,Jhonathan Díaz,2024,AAA,Tacoma Rainiers,pitcher,28.0,117.66666666666667,23.0,22.0,0.22900763358778625,0.09923664122137404,0.09574468085106383,4.36,3.711898016997167,262.0,262.0,4.36,4.36,Tacoma Rainiers,statsapi,False
mlbam-682990,Quinn Priester,2024,AAA,Worcester Red Sox,pitcher,24.0,72.0,16.0,16.0,0.26262626262626265,0.06397306397306397,0.10344827586206896,4.38,2.8916666666666666,148.5,148.5,4.38,4.38,Worcester Red Sox,statsapi,False
mlbam-665167,Jonah Dipoto,2024,AAA,Lehigh Valley IronPigs,pitcher,28.0,37.0,29.0,2.0,0.18128654970760233,0.11695906432748537,0.14893617021276595,4.38,6.072972972972973,85.5,85.5,4.38,4.38,Lehigh Valley IronPigs,statsapi,False
mlbam-598286,Nick Ramirez,2024,AAA,Oklahoma City Baseball Club,pitcher,35.0,37.0,29.0,2.0,0.19480519480519481,0.045454545454545456,0.08823529411764706,4.38,3.1810810810810812,77.0,77.0,4.38,4.38,Oklahoma City Baseball Club,statsapi,False
mlbam-681870,Erik Sabrowski,2024,AAA,Columbus Clippers,pitcher,27.0,37.0,27.0,0.0,0.31176470588235294,0.17647058823529413,0.058823529411764705,4.38,3.4513513513513514,85.0,85.0,4.38,4.38,Columbus Clippers,statsapi,False
mlbam-666151,Kevin Gowdy,2024,AAA,Oklahoma City Baseball Club,pitcher,27.0,51.333333333333336,42.0,1.0,0.19480519480519481,0.09956709956709957,0.038461538461538464,4.38,3.3532467532467534,115.5,115.5,4.38,4.38,Oklahoma City Baseball Club,statsapi,False
mlbam-666277,George Soriano,2024,AAA,Jacksonville Jumbo Shrimp,pitcher,25.0,39.0,24.0,0.0,0.27848101265822783,0.10759493670886076,0.22857142857142856,4.38,4.894871794871795,79.0,79.0,4.38,4.38,Jacksonville Jumbo Shrimp,statsapi,False
mlbam-665996,Oddanier Mosqueda,2024,AAA,Scranton/Wilkes-Barre RailRiders,pitcher,25.0,67.66666666666667,55.0,0.0,0.2972972972972973,0.12837837837837837,0.13559322033898305,4.39,4.031034482758621,148.0,148.0,4.39,4.39,Scranton/Wilkes-Barre RailRiders,statsapi,False
mlbam-641703,Brent Honeywell,2024,AAA,Oklahoma City Baseball Club,pitcher,29.0,43.0,33.0,0.0,0.1912568306010929,0.09836065573770492,0.08163265306122448,4.4,4.1465116279069765,91.5,91.5,4.4,4.4,Oklahoma City Baseball Club,statsapi,False
mlbam-668868,Zack Thompson,2024,AAA,Memphis Redbirds,pitcher,27.0,90.0,21.0,20.0,0.27411167512690354,0.14213197969543148,0.10989010989010989,4.4,4.211111111111111,197.0,197.0,4.4,4.4,Memphis Redbirds,statsapi,False
mlbam-687924,Julian Aguiar,2024,AAA,Louisville Bats,pitcher,23.0,47.0,9.0,9.0,0.20603015075376885,0.08040201005025126,0.10344827586206896,4.4,4.291489361702128,99.5,99.5,4.4,4.4,Louisville Bats,statsapi,False
mlbam-674285,Eduardo Salazar,2024,AAA,Rochester Red Wings,pitcher,26.0,49.0,21.0,7.0,0.17972350230414746,0.08294930875576037,0.07317073170731707,4.41,3.7122448979591836,108.5,108.5,4.41,4.41,Rochester Red Wings,statsapi,False
mlbam-605335,Brandon Leibrandt,2024,AAA,Louisville Bats,pitcher,32.0,83.66666666666667,17.0,17.0,0.22727272727272727,0.05965909090909091,0.1388888888888889,4.41,4.3430278884462155,176.0,176.0,4.41,4.41,Louisville Bats,statsapi,False
mlbam-687003,Brian Van Belle,2024,AAA,Worcester Red Sox,pitcher,28.0,93.66666666666667,30.0,9.0,0.2116788321167883,0.072992700729927,0.10869565217391304,4.42,3.6551601423487545,205.5,205.5,4.42,4.42,Worcester Red Sox,statsapi,False
mlbam-678316,Omar Cruz,2024,AAA,El Paso Chihuahuas,pitcher,25.0,38.666666666666664,14.0,5.0,0.2874251497005988,0.1377245508982036,0.02702702702702703,4.42,2.7379310344827585,83.5,83.5,4.42,4.42,El Paso Chihuahuas,statsapi,False
mlbam-669920,Jason Alexander,2024,AAA,Worcester Red Sox,pitcher,31.0,138.33333333333334,29.0,27.0,0.2193877551020408,0.06802721088435375,0.096,4.42,3.33855421686747,294.0,294.0,4.42,4.42,Worcester Red Sox,statsapi,False
mlbam-667339,Johan Dominguez,2024,AAA,Charlotte Knights,pitcher,28.0,111.66666666666667,27.0,22.0,0.18218623481781376,0.10728744939271255,0.1328125,4.43,5.105970149253731,247.0,247.0,4.43,4.43,Charlotte Knights,statsapi,False
mlbam-671111,Sammy Peralta,2024,AAA,Charlotte Knights,pitcher,26.0,50.666666666666664,38.0,0.0,0.25,0.12735849056603774,0.13636363636363635,4.44,4.3236842105263165,106.0,106.0,4.44,4.44,Charlotte Knights,statsapi,False
mlbam-685299,Tanner Gordon,2024,AAA,Albuquerque Isotopes,pitcher,27.0,54.666666666666664,11.0,11.0,0.19130434782608696,0.05652173913043478,0.15492957746478872,4.45,4.87439024390244,115.0,115.0,4.45,4.45,Albuquerque Isotopes,statsapi,False
mlbam-663767,Chase Shugart,2024,AAA,Worcester Red Sox,pitcher,28.0,70.66666666666667,36.0,5.0,0.25559105431309903,0.10223642172523961,0.10606060606060606,4.46,3.736792452830189,156.5,156.5,4.46,4.46,Worcester Red Sox,statsapi,False
mlbam-682489,Joe Record,2024,AAA,Durham Bulls,pitcher,29.0,58.333333333333336,46.0,3.0,0.25830258302583026,0.11439114391143912,0.08,4.47,3.34,135.5,135.5,4.47,4.47,Durham Bulls,statsapi,False
mlbam-702303,Riley Martin,2024,AAA,Iowa Cubs,pitcher,26.0,60.333333333333336,43.0,0.0,0.3273381294964029,0.16546762589928057,0.13333333333333333,4.48,3.812707182320442,139.0,139.0,4.48,4.48,Iowa Cubs,statsapi,False
mlbam-674370,Osvaldo Bido,2024,AAA,Las Vegas Aviators,pitcher,29.0,48.0,10.0,9.0,0.2696078431372549,0.0784313725490196,0.17543859649122806,4.5,4.641666666666667,102.0,102.0,4.5,4.5,Las Vegas Aviators,statsapi,False
mlbam-680253,Kyle Bischoff,2024,AAA,St. Paul Saints,pitcher,25.0,2.0,3.0,0.0,0.125,0.125,0.0,4.5,3.6,4.0,4.0,4.5,4.5,St. Paul Saints,statsapi,False
mlbam-681603,Carlos Garcia,2024,AAA,Durham Bulls,pitcher,26.0,64.0,40.0,5.0,0.23655913978494625,0.12186379928315412,0.07228915662650602,4.5,4.13125,139.5,139.5,4.5,4.5,Durham Bulls,statsapi,False
mlbam-670114,Jarrett Gonzales,2024,AAA,Rochester Red Wings,pitcher,26.0,2.0,1.0,0.0,0.0,0.2,0.0,4.5,6.1,5.0,5.0,4.5,4.5,Rochester Red Wings,statsapi,False
mlbam-593574,Luis González,2024,AAA,Norfolk Tides,pitcher,32.0,60.0,44.0,0.0,0.2886178861788618,0.04878048780487805,0.1095890410958904,4.5,3.216666666666667,123.0,123.0,4.5,4.5,Norfolk Tides,statsapi,False
mlbam-624647,Victor González,2024,AAA,Scranton/Wilkes-Barre RailRiders,pitcher,29.0,22.0,21.0,0.0,0.20588235294117646,0.08823529411764706,0.045454545454545456,4.5,3.1454545454545455,51.0,51.0,4.5,4.5,Scranton/Wilkes-Barre RailRiders,statsapi,False
mlbam-664346,Carlos Guzman,2024,AAA,Syracuse Mets,pitcher,26.0,10.0,7.0,0.0,0.1836734693877551,0.24489795918367346,0.08333333333333333,4.5,6.5,24.5,24.5,4.5,4.5,Syracuse Mets,statsapi,False
mlbam-678061,Ray Kerr,2024,AAA,Gwinnett Stripers,pitcher,30.0,14.0,9.0,1.0,0.3728813559322034,0.0847457627118644,0.38461538461538464,4.5,5.885714285714286,29.5,29.5,4.5,4.5,Gwinnett Stripers,statsapi,False
mlbam-689242,Nick Krauth,2024,AAA,Round Rock Express,pitcher,25.0,8.0,3.0,0.0,0.14705882352941177,0.11764705882352941,0.3333333333333333,4.5,8.6,17.0,17.0,4.5,4.5,Round Rock Express,statsapi,False
mlbam-608678,Dominic Leone,2024,AAA,Charlotte Knights,pitcher,33.0,4.0,4.0,0.0,0.4117647058823529,0.0,0.0,4.5,0.3500000000000001,8.5,8.5,4.5,4.5,Charlotte Knights,statsapi,False
mlbam-621345,A.J. Minter,2024,AAA,Gwinnett Stripers,pitcher,31.0,2.0,2.0,0.0,0.0,0.2857142857142857,0.0,4.5,6.1,3.5,3.5,4.5,4.5,Gwinnett Stripers,statsapi,False
mlbam-667280,Andrew Misiaszek,2024,AAA,Columbus Clippers,pitcher,27.0,18.0,16.0,0.0,0.27631578947368424,0.14473684210526316,0.1111111111111111,4.5,4.211111111111111,38.0,38.0,4.5,4.5,Columbus Clippers,statsapi,False
mlbam-542208,Carlos Pérez,2024,AAA,Las Vegas Aviators,pitcher,34.0,2.0,2.0,0.0,0.1,0.1,0.2,4.5,10.1,5.0,5.0,4.5,4.5,Las Vegas Aviators,statsapi,False
mlbam-666720,Yerry Rodríguez,2024,AAA,Buffalo Bisons,pitcher,27.0,20.0,17.0,0.0,0.3163265306122449,0.20408163265306123,0.09090909090909091,4.5,3.5,49.0,49.0,4.5,4.5,Buffalo Bisons,statsapi,False
mlbam-605488,Jeffrey Springs,2024,AAA,Durham Bulls,pitcher,32.0,30.0,9.0,9.0,0.24603174603174602,0.031746031746031744,0.08333333333333333,4.5,2.8333333333333335,63.0,63.0,4.5,4.5,Durham Bulls,statsapi,False
mlbam-692230,Carlos Rodriguez,2024,AAA,Nashville Sounds,pitcher,23.0,129.66666666666666,25.0,22.0,0.23497267759562843,0.1111111111111111,0.09202453987730061,4.51,4.210539845758355,274.5,274.5,4.51,4.51,Nashville Sounds,statsapi,False
mlbam-690544,Bailey Horn,2024,AAA,Worcester Red Sox,pitcher,26.0,39.666666666666664,30.0,1.0,0.29069767441860467,0.14534883720930233,0.15,4.54,4.360504201680673,86.0,86.0,4.54,4.54,Worcester Red Sox,statsapi,False
mlbam-641302,Tyler Alexander,2024,AAA,Durham Bulls,pitcher,30.0,35.666666666666664,7.0,5.0,0.2185430463576159,0.039735099337748346,0.10638297872340426,4.54,3.5766355140186916,75.5,75.5,4.54,4.54,Durham Bulls,statsapi,False
mlbam-701566,Connor Cooke,2024,AAA,Buffalo Bisons,pitcher,25.0,31.666666666666668,33.0,0.0,0.20270270270270271,0.1891891891891892,0.07317073170731707,4.55,5.089473684210526,74.0,74.0,4.55,4.55,Buffalo Bisons,statsapi,False
mlbam-601980,Geronimo Franzua,2024,AAA,Indianapolis Indians,pitcher,31.0,61.333333333333336,48.0,2.0,0.2909090909090909,0.14909090909090908,0.18181818181818182,4.55,5.089130434782609,137.5,137.5,4.55,4.55,Indianapolis Indians,statsapi,False
mlbam-701656,Logan Henderson,2024,AAA,Nashville Sounds,pitcher,22.0,23.666666666666668,6.0,6.0,0.2653061224489796,0.061224489795918366,0.125,4.56,4.663380281690141,49.0,49.0,4.56,4.56,Nashville Sounds,statsapi,False
mlbam-657093,Spenser Watkins,2024,AAA,Rochester Red Wings,pitcher,32.0,118.33333333333333,25.0,23.0,0.1814595660749507,0.07692307692307693,0.09090909090909091,4.56,3.97887323943662,253.5,253.5,4.56,4.56,Rochester Red Wings,statsapi,False
mlbam-665178,Randy Labaut,2024,AAA,Columbus Clippers,pitcher,28.0,61.0,36.0,3.0,0.18571428571428572,0.16428571428571428,0.08333333333333333,4.57,5.001639344262295,140.0,140.0,4.57,4.57,Columbus Clippers,statsapi,False
mlbam-697812,Joe Rock,2024,AAA,Durham Bulls,pitcher,24.0,139.66666666666666,27.0,23.0,0.2160392798690671,0.057283142389525366,0.11258278145695365,4.58,3.6727923627684964,305.5,305.5,4.58,4.58,Durham Bulls,statsapi,False
mlbam-674841,Andrew Alvarez,2024,AAA,Rochester Red Wings,pitcher,25.0,78.66666666666667,16.0,16.0,0.17732558139534885,0.09593023255813954,0.1111111111111111,4.58,4.485593220338983,172.0,172.0,4.58,4.58,Rochester Red Wings,statsapi,False
mlbam-663362,Matt Waldron,2024,AAA,El Paso Chihuahuas,pitcher,28.0,19.666666666666668,4.0,4.0,0.20238095238095238,0.03571428571428571,0.16666666666666666,4.58,4.116949152542373,42.0,42.0,4.58,4.58,El Paso Chihuahuas,statsapi,False
mlbam-669142,Tanner Burns,2024,AAA,Columbus Clippers,pitcher,26.0,68.66666666666667,51.0,0.0,0.22727272727272727,0.15584415584415584,0.13095238095238096,4.59,5.284466019417476,154.0,154.0,4.59,4.59,Columbus Clippers,statsapi,False
mlbam-696131,Mason Black,2024,AAA,Sacramento River Cats,pitcher,25.0,84.33333333333333,20.0,20.0,0.23705722070844687,0.10626702997275204,0.1111111111111111,4.59,4.451778656126482,183.5,183.5,4.59,4.59,Sacramento River Cats,statsapi,False
mlbam-691828,Sem Robberse,2024,AAA,Memphis Redbirds,pitcher,23.0,84.33333333333333,16.0,14.0,0.21839080459770116,0.07758620689655173,0.13131313131313133,4.59,4.297628458498024,174.0,174.0,4.59,4.59,Memphis Redbirds,statsapi,False
mlbam-691441,Cristian Mena,2024,AAA,Reno Aces,pitcher,22.0,95.66666666666667,19.0,19.0,0.24056603773584906,0.10849056603773585,0.1724137931034483,4.61,4.5738675958188155,212.0,212.0,4.61,4.61,Reno Aces,statsapi,False
mlbam-656924,Ryder Ryan,2024,AAA,Indianapolis Indians,pitcher,29.0,41.0,32.0,0.0,0.19318181818181818,0.08522727272727272,0.17391304347826086,4.61,5.148780487804878,88.0,88.0,4.61,4.61,Indianapolis Indians,statsapi,False
mlbam-677961,Cole Wilcox,2024,AAA,Durham Bulls,pitcher,25.0,39.0,8.0,8.0,0.16666666666666666,0.10119047619047619,0.12121212121212122,4.62,4.535897435897436,84.0,84.0,4.62,4.62,Durham Bulls,statsapi,False
mlbam-680732,Sean Burke,2024,AAA,Charlotte Knights,pitcher,25.0,64.33333333333333,16.0,16.0,0.3104693140794224,0.1299638989169675,0.16901408450704225,4.62,4.669948186528497,138.5,138.5,4.62,4.62,Charlotte Knights,statsapi,False
mlbam-666205,Kyle Muller,2024,AAA,Las Vegas Aviators,pitcher,27.0,25.333333333333332,7.0,4.0,0.17757009345794392,0.07476635514018691,0.18181818181818182,4.62,5.626315789473685,53.5,53.5,4.62,4.62,Las Vegas Aviators,statsapi,False
mlbam-687486,Fineas Del Bonta-Smith,2024,AAA,Indianapolis Indians,pitcher,27.0,33.0,21.0,0.0,0.19047619047619047,0.10884353741496598,0.16279069767441862,4.64,5.706060606060606,73.5,73.5,4.64,4.64,Indianapolis Indians,statsapi,False
mlbam-656257,Jeff Brigham,2024,AAA,St. Paul Saints,pitcher,32.0,42.666666666666664,33.0,1.0,0.31891891891891894,0.14054054054054055,0.15384615384615385,4.64,4.740625,92.5,92.5,4.64,4.64,St. Paul Saints,statsapi,False
mlbam-687424,Anthony Maldonado,2024,AAA,Jacksonville Jumbo Shrimp,pitcher,26.0,46.333333333333336,33.0,0.0,0.26108374384236455,0.11330049261083744,0.13793103448275862,4.66,4.610791366906475,101.5,101.5,4.66,4.66,Jacksonville Jumbo Shrimp,statsapi,False
mlbam-592712,Connor Sadzeck,2024,AAA,Indianapolis Indians,pitcher,33.0,63.666666666666664,49.0,0.0,0.2168284789644013,0.1423948220064725,0.05263157894736842,4.66,4.058115183246073,154.5,154.5,4.66,4.66,Indianapolis Indians,statsapi,False
mlbam-680689,Lyon Richardson,2024,AAA,Louisville Bats,pitcher,24.0,98.33333333333333,25.0,19.0,0.2108843537414966,0.13378684807256236,0.0851063829787234,4.67,4.249152542372881,220.5,220.5,4.67,4.67,Louisville Bats,statsapi,False
mlbam-678368,Valente Bellozo,2024,AAA,Jacksonville Jumbo Shrimp,pitcher,24.0,34.666666666666664,8.0,7.0,0.21153846153846154,0.10897435897435898,0.14893617021276595,4.67,5.4653846153846155,78.0,78.0,4.67,4.67,Jacksonville Jumbo Shrimp,statsapi,False
mlbam-680742,Jonathan Bowlan,2024,AAA,Omaha Storm Chasers,pitcher,28.0,104.0,35.0,16.0,0.2182628062360802,0.0779510022271715,0.12389380530973451,4.67,4.148076923076923,224.5,224.5,4.67,4.67,Omaha Storm Chasers,statsapi,False
mlbam-666785,Harold Chirino,2024,AAA,Nashville Sounds,pitcher,26.0,34.666666666666664,30.0,0.0,0.18497109826589594,0.1791907514450867,0.10526315789473684,4.67,5.523076923076923,86.5,86.5,4.67,4.67,Nashville Sounds,statsapi,False
mlbam-805437,Ryan Middendorf,2024,AAA,Nashville Sounds,pitcher,27.0,59.666666666666664,52.0,0.0,0.2222222222222222,0.10740740740740741,0.13846153846153847,4.68,4.910055865921787,135.0,135.0,4.68,4.68,Nashville Sounds,statsapi,False
mlbam-641632,Conner Greene,2024,AAA,Sugar Land Space Cowboys,pitcher,29.0,57.666666666666664,34.0,5.0,0.23046875,0.125,0.09859154929577464,4.68,4.400578034682081,128.0,128.0,4.68,4.68,Sugar Land Space Cowboys,statsapi,False
mlbam-676498,Alex Cornwell,2024,AAA,Memphis Redbirds,pitcher,25.0,15.333333333333334,6.0,0.0,0.18461538461538463,0.07692307692307693,0.14285714285714285,4.7,4.208695652173914,32.5,32.5,4.7,4.7,Memphis Redbirds,statsapi,False
mlbam-664192,Joey Lucchesi,2024,AAA,Syracuse Mets,pitcher,31.0,115.0,27.0,17.0,0.17303822937625754,0.11267605633802817,0.12962962962962962,4.7,4.7,248.5,248.5,4.7,4.7,Syracuse Mets,statsapi,False
mlbam-676046,Griff McGarry,2024,AAA,Lehigh Valley IronPigs,pitcher,25.0,30.666666666666668,29.0,0.0,0.272108843537415,0.25170068027210885,0.10714285714285714,4.7,5.3826086956521735,73.5,73.5,4.7,4.7,Lehigh Valley IronPigs,statsapi,False
mlbam-681810,Austin Warren,2024,AAA,Sacramento River Cats,pitcher,28.0,23.0,24.0,0.0,0.2755102040816326,0.061224489795918366,0.14814814814814814,4.7,3.9260869565217393,49.0,49.0,4.7,4.7,Sacramento River Cats,statsapi,False
mlbam-656457,Tyler Gilbert,2024,AAA,Lehigh Valley IronPigs,pitcher,31.0,51.666666666666664,38.0,3.0,0.2850877192982456,0.06140350877192982,0.07317073170731707,4.7,2.325806451612903,114.0,114.0,4.7,4.7,Lehigh Valley IronPigs,statsapi,False
mlbam-669193,Jack Little,2024,AAA,Oklahoma City Baseball Club,pitcher,26.0,36.333333333333336,29.0,0.0,0.2597402597402597,0.07142857142857142,0.11764705882352941,4.71,3.953211009174312,77.0,77.0,4.71,4.71,Oklahoma City Baseball Club,statsapi,False
mlbam-806577,Jared Kollar,2024,AAA,El Paso Chihuahuas,pitcher,26.0,47.666666666666664,11.0,8.0,0.1715686274509804,0.08333333333333333,0.08450704225352113,4.72,4.400699300699301,102.0,102.0,4.72,4.72,El Paso Chihuahuas,statsapi,False
mlbam-686790,Trevor McDonald,2024,AAA,Sacramento River Cats,pitcher,23.0,47.666666666666664,10.0,8.0,0.1782178217821782,0.06930693069306931,0.0975609756097561,4.72,3.8762237762237763,101.0,101.0,4.72,4.72,Sacramento River Cats,statsapi,False
mlbam-670766,Darren McCaughan,2024,AAA,Jacksonville Jumbo Shrimp,pitcher,28.0,85.66666666666667,17.0,17.0,0.25205479452054796,0.0821917808219178,0.13541666666666666,4.73,4.045525291828794,182.5,182.5,4.73,4.73,Jacksonville Jumbo Shrimp,statsapi,False
mlbam-666171,Ryan Zeferjahn,2024,AAA,Salt Lake Bees,pitcher,26.0,32.333333333333336,23.0,1.0,0.2727272727272727,0.13286713286713286,0.1111111111111111,4.73,4.522680412371134,71.5,71.5,4.73,4.73,Salt Lake Bees,statsapi,False
mlbam-570666,Luis Cessa,2024,AAA,Indianapolis Indians,pitcher,32.0,102.66666666666667,26.0,23.0,0.1726457399103139,0.09641255605381166,0.1282051282051282,4.73,4.785064935064935,223.0,223.0,4.73,4.73,Indianapolis Indians,statsapi,False
mlbam-680572,Adam Kloffenstein,2024,AAA,Memphis Redbirds,pitcher,24.0,89.33333333333333,17.0,17.0,0.19414893617021275,0.10904255319148937,0.1368421052631579,4.74,5.036567164179105,188.0,188.0,4.74,4.74,Memphis Redbirds,statsapi,False
mlbam-668831,Garrett Stallings,2024,AAA,Nashville Sounds,pitcher,27.0,79.66666666666667,28.0,9.0,0.1936416184971098,0.1069364161849711,0.11320754716981132,4.74,4.844769874476987,173.0,173.0,4.74,4.74,Nashville Sounds,statsapi,False
mlbam-686973,Louis Varland,2024,AAA,St. Paul Saints,pitcher,27.0,83.33333333333333,17.0,16.0,0.2615803814713896,0.08719346049046321,0.17142857142857143,4.75,3.8920000000000003,183.5,183.5,4.75,4.75,St. Paul Saints,statsapi,False
mlbam-621366,Ryan Borucki,2024,AAA,Indianapolis Indians,pitcher,30.0,11.333333333333334,12.0,0.0,0.4375,0.125,0.75,4.76,4.688235294117647,24.0,24.0,4.76,4.76,Indianapolis Indians,statsapi,False
mlbam-643316,Paul Fry,2024,AAA,El Paso Chihuahuas,pitcher,32.0,73.66666666666667,51.0,0.0,0.17484662576687116,0.09815950920245399,0.11320754716981132,4.76,3.9552036199095024,163.0,163.0,4.76,4.76,El Paso Chihuahuas,statsapi,False
mlbam-682051,Garrett Hill,2024,AAA,Toledo Mud Hens,pitcher,28.0,28.333333333333332,15.0,1.0,0.21705426356589147,0.1937984496124031,0.16,4.76,5.605882352941176,64.5,64.5,4.76,4.76,Toledo Mud Hens,statsapi,False
mlbam-686754,Ryan Jensen,2024,AAA,St. Paul Saints,pitcher,27.0,56.666666666666664,44.0,3.0,0.30916030534351147,0.19083969465648856,0.1111111111111111,4.76,3.9647058823529413,131.0,131.0,4.76,4.76,St. Paul Saints,statsapi,False
mlbam-682144,Jayvien Sandridge,2024,AAA,El Paso Chihuahuas,pitcher,25.0,39.666666666666664,31.0,0.0,0.2931937172774869,0.18848167539267016,0.17073170731707318,4.76,5.3689075630252105,95.5,95.5,4.76,4.76,El Paso Chihuahuas,statsapi,False
mlbam-673540,Kodai Senga,2024,AAA,Syracuse Mets,pitcher,31.0,11.333333333333334,4.0,4.0,0.17307692307692307,0.15384615384615385,0.07142857142857142,4.76,4.776470588235294,26.0,26.0,4.76,4.76,Syracuse Mets,statsapi,False
mlbam-656686,Corbin Martin,2024,AAA,Norfolk Tides,pitcher,29.0,43.333333333333336,38.0,0.0,0.1943127962085308,0.16587677725118483,0.07317073170731707,4.78,4.6692307692307695,105.5,105.5,4.78,4.78,Norfolk Tides,statsapi,False
mlbam-667498,Robert Dugger,2024,AAA,Las Vegas Aviators,pitcher,29.0,94.0,20.0,16.0,0.20863309352517986,0.1342925659472422,0.14814814814814814,4.79,5.280851063829788,208.5,208.5,4.79,4.79,Las Vegas Aviators,statsapi,False
mlbam-685107,Anthony Veneziano,2024,AAA,Omaha Storm Chasers,pitcher,27.0,90.0,31.0,14.0,0.19338422391857507,0.10687022900763359,0.11428571428571428,4.8,4.644444444444445,196.5,196.5,4.8,4.8,Omaha Storm Chasers,statsapi,False
mlbam-642545,Jaime Barria,2024,AAA,Columbus Clippers,pitcher,28.0,24.333333333333332,13.0,1.0,0.28125,0.0625,0.09090909090909091,4.81,2.689041095890411,48.0,48.0,4.81,4.81,Columbus Clippers,statsapi,False
mlbam-659275,Dinelson Lamet,2024,AAA,Omaha Storm Chasers,pitcher,32.0,86.0,19.0,18.0,0.19480519480519481,0.13506493506493505,0.10638297872340426,4.81,4.82093023255814,192.5,192.5,4.81,4.81,Omaha Storm Chasers,statsapi,False
mlbam-701552,Andre Granillo,2024,AAA,Memphis Redbirds,pitcher,24.0,46.666666666666664,34.0,0.0,0.27941176470588236,0.15196078431372548,0.10714285714285714,4.82,4.385714285714286,102.0,102.0,4.82,4.82,Memphis Redbirds,statsapi,False
mlbam-663773,Bryan Hoeing,2024,AAA,Jacksonville Jumbo Shrimp,pitcher,28.0,9.333333333333334,5.0,1.0,0.22727272727272727,0.11363636363636363,0.0,4.82,2.5642857142857145,22.0,22.0,4.82,4.82,Jacksonville Jumbo Shrimp,statsapi,False
mlbam-693313,Carson Seymour,2024,AAA,Sacramento River Cats,pitcher,26.0,134.33333333333334,29.0,28.0,0.22110552763819097,0.10050251256281408,0.18518518518518517,4.82,4.588833746898263,298.5,298.5,4.82,4.82,Sacramento River Cats,statsapi,False
mlbam-571863,Matt Koch,2024,AAA,Albuquerque Isotopes,pitcher,34.0,54.0,49.0,0.0,0.15767634854771784,0.03734439834024896,0.1388888888888889,4.83,4.711111111111111,120.5,120.5,4.83,4.83,Albuquerque Isotopes,statsapi,False
mlbam-456501,Johnny Cueto,2024,AAA,Salt Lake Bees,pitcher,38.0,61.333333333333336,12.0,12.0,0.1724137931034483,0.04980842911877394,0.12857142857142856,4.84,4.322826086956522,130.5,130.5,4.84,4.84,Salt Lake Bees,statsapi,False
mlbam-700669,Gordon Graceffo,2024,AAA,Memphis Redbirds,pitcher,24.0,130.0,27.0,26.0,0.1835334476843911,0.08576329331046312,0.12048192771084337,4.85,4.7,291.5,291.5,4.85,4.85,Memphis Redbirds,statsapi,False
mlbam-694037,Daniel Palencia,2024,AAA,Iowa Cubs,pitcher,24.0,39.0,33.0,1.0,0.3953488372093023,0.12790697674418605,0.09090909090909091,4.85,2.458974358974359,86.0,86.0,4.85,4.85,Iowa Cubs,statsapi,False
mlbam-681882,Colin Selby,2024,AAA,Norfolk Tides,pitcher,27.0,39.0,38.0,0.0,0.32142857142857145,0.11904761904761904,0.14285714285714285,4.85,3.2794871794871794,84.0,84.0,4.85,4.85,Norfolk Tides,statsapi,False
mlbam-686796,Blake Walston,2024,AAA,Reno Aces,pitcher,23.0,65.0,14.0,13.0,0.23208191126279865,0.10921501706484642,0.11594202898550725,4.85,4.361538461538462,146.5,146.5,4.85,4.85,Reno Aces,statsapi,False
mlbam-676680,Tom Cosgrove,2024,AAA,El Paso Chihuahuas,pitcher,28.0,29.666666666666668,32.0,0.0,0.26153846153846155,0.11538461538461539,0.12121212121212122,4.85,4.178651685393259,65.0,65.0,4.85,4.85,El Paso Chihuahuas,statsapi,False
mlbam-546276,Edwin Escobar,2024,AAA,Iowa Cubs,pitcher,32.0,46.333333333333336,31.0,0.0,0.22815533980582525,0.1650485436893204,0.125,4.86,5.3014388489208635,103.0,103.0,4.86,4.86,Iowa Cubs,statsapi,False
mlbam-661440,Mauricio Llovera,2024,AAA,Tacoma Rainiers,pitcher,28.0,16.666666666666668,14.0,1.0,0.16901408450704225,0.11267605633802817,0.2,4.86,5.62,35.5,35.5,4.86,4.86,Tacoma Rainiers,statsapi,False
mlbam-700363,AJ Smith-Shawver,2024,AAA,Gwinnett Stripers,pitcher,22.0,87.0,20.0,20.0,0.28493150684931506,0.1095890410958904,0.16806722689075632,4.86,5.145977011494253,182.5,182.5,4.86,4.86,Gwinnett Stripers,statsapi,False
mlbam-622103,Gerardo Reyes,2024,AAA,Las Vegas Aviators,pitcher,31.0,44.333333333333336,43.0,0.0,0.3191489361702128,0.14893617021276595,0.16129032258064516,4.87,5.28796992481203,94.0,94.0,4.87,4.87,Las Vegas Aviators,statsapi,False
mlbam-502179,Paolo Espino,2024,AAA,Buffalo Bisons,pitcher,37.0,86.66666666666667,20.0,19.0,0.15159574468085107,0.061170212765957445,0.1015625,4.88,4.6692307692307695,188.0,188.0,4.88,4.88,Buffalo Bisons,statsapi,False
mlbam-657022,Trey Supak,2024,AAA,Iowa Cubs,pitcher,28.0,64.33333333333333,16.0,9.0,0.19434628975265017,0.07420494699646643,0.1388888888888889,4.9,4.530051813471503,141.5,141.5,4.9,4.9,Iowa Cubs,statsapi,False
mlbam-664199,Taylor Clarke,2024,AAA,Nashville Sounds,pitcher,31.0,68.0,22.0,15.0,0.19112627986348124,0.05802047781569966,0.14285714285714285,4.9,4.438235294117647,146.5,146.5,4.9,4.9,Nashville Sounds,statsapi,False
mlbam-663795,Justin Hagenman,2024,AAA,Worcester Red Sox,pitcher,28.0,91.66666666666667,28.0,15.0,0.245,0.0775,0.17647058823529413,4.91,5.15090909090909,200.0,200.0,4.91,4.91,Worcester Red Sox,statsapi,False
mlbam-683003,Jared Jones,2024,AAA,Indianapolis Indians,pitcher,23.0,11.0,3.0,3.0,0.37209302325581395,0.06976744186046512,0.125,4.91,2.190909090909091,21.5,21.5,4.91,4.91,Indianapolis Indians,statsapi,False
mlbam-675656,Kevin Smith,2024,AAA,Scranton/Wilkes-Barre RailRiders,pitcher,28.0,3.6666666666666665,2.0,0.0,0.0,0.0,0.0,4.91,3.1,8.5,8.5,4.91,4.91,Scranton/Wilkes-Barre RailRiders,statsapi,False
mlbam-605156,Aaron Brooks,2024,AAA,Las Vegas Aviators,pitcher,34.0,67.66666666666667,15.0,9.0,0.16722408026755853,0.05351170568561873,0.06349206349206349,4.92,3.2330049261083746,149.5,149.5,4.92,4.92,Las Vegas Aviators,statsapi,False
mlbam-542882,Matt Andriese,2024,AAA,Jacksonville Jumbo Shrimp,pitcher,35.0,42.0,18.0,1.0,0.1693121693121693,0.07936507936507936,0.05555555555555555,4.93,3.647619047619048,94.5,94.5,4.93,4.93,Jacksonville Jumbo Shrimp,statsapi,False
mlbam-668970,Gavin Hollowell,2024,AAA,Iowa Cubs,pitcher,27.0,31.0,31.0,0.0,0.3191489361702128,0.15602836879432624,0.07407407407407407,4.94,3.261290322580645,70.5,70.5,4.94,4.94,Iowa Cubs,statsapi,False
mlbam-623364,Brad Wieck,2024,AAA,Iowa Cubs,pitcher,33.0,27.333333333333332,21.0,0.0,0.24166666666666667,0.08333333333333333,0.1111111111111111,4.94,4.197560975609756,60.0,60.0,4.94,4.94,Iowa Cubs,statsapi,False
mlbam-641726,Daulton Jefferies,2024,AAA,Indianapolis Indians,pitcher,29.0,40.0,10.0,7.0,0.1676300578034682,0.08670520231213873,0.1,4.95,4.55,86.5,86.5,4.95,4.95,Indianapolis Indians,statsapi,False
mlbam-682610,Roddery Muñoz,2024,AAA,Jacksonville Jumbo Shrimp,pitcher,24.0,49.0,12.0,8.0,0.20187793427230047,0.11267605633802817,0.11290322580645161,4.96,4.977551020408163,106.5,106.5,4.96,4.96,Jacksonville Jumbo Shrimp,statsapi,False
mlbam-690206,Anthony Simonelli,2024,AAA,Omaha Storm Chasers,pitcher,26.0,16.333333333333332,10.0,1.0,0.19117647058823528,0.11764705882352941,0.13636363636363635,4.96,5.7326530612244895,34.0,34.0,4.96,4.96,Omaha Storm Chasers,statsapi,False
mlbam-673820,Robinson Piña,2024,AAA,Lehigh Valley IronPigs,pitcher,26.0,29.0,6.0,6.0,0.1937984496124031,0.10852713178294573,0.14285714285714285,4.97,4.824137931034483,64.5,64.5,4.97,4.97,Lehigh Valley IronPigs,statsapi,False
mlbam-657248,Glenn Otto Jr.,2024,AAA,Sugar Land Space Cowboys,pitcher,28.0,12.666666666666666,10.0,2.0,0.288135593220339,0.1694915254237288,0.07692307692307693,4.97,4.0473684210526315,29.5,29.5,4.97,4.97,Sugar Land Space Cowboys,statsapi,False
mlbam-571539,Matt Carasiti,2024,AAA,Gwinnett Stripers,pitcher,33.0,34.333333333333336,31.0,0.0,0.2848101265822785,0.17088607594936708,0.1111111111111111,4.98,3.9737864077669904,79.0,79.0,4.98,4.98,Gwinnett Stripers,statsapi,False
mlbam-806185,Hayden Birdsong,2024,AAA,Sacramento River Cats,pitcher,23.0,9.0,2.0,2.0,0.3333333333333333,0.14285714285714285,0.14285714285714285,5.0,3.7666666666666666,21.0,21.0,5.0,5.0,Sacramento River Cats,statsapi,False
mlbam-669247,Chris Clarke,2024,AAA,Iowa Cubs,pitcher,26.0,45.0,13.0,11.0,0.1717171717171717,0.08585858585858586,0.10869565217391304,5.0,4.433333333333334,99.0,99.0,5.0,5.0,Iowa Cubs,statsapi,False
mlbam-621111,Walker Buehler,2024,AAA,Oklahoma City Baseball Club,pitcher,30.0,32.333333333333336,8.0,8.0,0.2348993288590604,0.10738255033557047,0.10526315789473684,5.01,4.027835051546392,74.5,74.5,5.01,5.01,Oklahoma City Baseball Club,statsapi,False
mlbam-681007,Jack Cushing,2024,AAA,Las Vegas Aviators,pitcher,28.0,32.333333333333336,22.0,0.0,0.25,0.12162162162162163,0.08333333333333333,5.01,3.5948453608247424,74.0,74.0,5.01,5.01,Las Vegas Aviators,statsapi,False
mlbam-676546,Michael Gomez,2024,AAA,Durham Bulls,pitcher,28.0,55.666666666666664,39.0,0.0,0.27755102040816326,0.08979591836734693,0.07936507936507936,5.01,3.279640718562874,122.5,122.5,5.01,5.01,Durham Bulls,statsapi,False
mlbam-657265,Peter Strzelecki,2024,AAA,Columbus Clippers,pitcher,30.0,46.666666666666664,44.0,0.0,0.270935960591133,0.07881773399014778,0.07692307692307693,5.01,3.0785714285714287,101.5,101.5,5.01,5.01,Columbus Clippers,statsapi,False
mlbam-678016,Ian Bedell,2024,AAA,Memphis Redbirds,pitcher,25.0,43.0,9.0,9.0,0.164021164021164,0.12698412698412698,0.15151515151515152,5.02,6.565116279069768,94.5,94.5,5.02,5.02,Memphis Redbirds,statsapi,False
mlbam-676596,Josh Fleming,2024,AAA,Tacoma Rainiers,pitcher,28.0,28.666666666666668,26.0,0.0,0.14634146341463414,0.06504065040650407,0.15789473684210525,5.02,4.1465116279069765,61.5,61.5,5.02,5.02,Tacoma Rainiers,statsapi,False
mlbam-672456,Keider Montero,2024,AAA,Toledo Mud Hens,pitcher,24.0,48.333333333333336,13.0,13.0,0.24107142857142858,0.13392857142857142,0.09433962264150944,5.03,4.196551724137931,112.0,112.0,5.03,5.03,Toledo Mud Hens,statsapi,False
mlbam-685068,Carson Ragsdale,2024,AAA,Sacramento River Cats,pitcher,26.0,53.666666666666664,13.0,12.0,0.24050632911392406,0.10970464135021098,0.14492753623188406,5.03,4.907453416149068,118.5,118.5,5.03,5.03,Sacramento River Cats,statsapi,False
mlbam-593334,Domingo Germán,2024,AAA,Indianapolis Indians,pitcher,32.0,75.0,15.0,14.0,0.22492401215805471,0.10030395136778116,0.11538461538461539,5.04,4.6466666666666665,164.5,164.5,5.04,5.04,Indianapolis Indians,statsapi,False
mlbam-665959,Abdiel Mendoza,2024,AAA,Buffalo Bisons,pitcher,26.0,5.333333333333333,3.0,0.0,0.19230769230769232,0.19230769230769232,0.3333333333333333,5.06,9.475,13.0,13.0,5.06,5.06,Buffalo Bisons,statsapi,False
mlbam-676272,Bobby Miller,2024,AAA,Oklahoma City Baseball Club,pitcher,25.0,26.666666666666668,6.0,6.0,0.19008264462809918,0.14049586776859505,0.047619047619047616,5.06,4.0,60.5,60.5,5.06,5.06,Oklahoma City Baseball Club,statsapi,False
mlbam-607237,Amir Garrett,2024,AAA,Salt Lake Bees,pitcher,32.0,33.666666666666664,26.0,2.0,0.2847682119205298,0.10596026490066225,0.14285714285714285,5.08,4.16930693069307,75.5,75.5,5.08,5.08,Salt Lake Bees,statsapi,False
mlbam-663969,Tyler Phillips,2024,AAA,Lehigh Valley IronPigs,pitcher,27.0,118.66666666666667,20.0,20.0,0.19723865877712032,0.09664694280078895,0.13592233009708737,5.08,4.237640449438202,253.5,253.5,5.08,5.08,Lehigh Valley IronPigs,statsapi,False
mlbam-668711,Nick Bennett,2024,AAA,Nashville Sounds,pitcher,27.0,35.333333333333336,16.0,4.0,0.14375,0.0875,0.1,5.09,4.911320754716981,80.0,80.0,5.09,5.09,Nashville Sounds,statsapi,False
mlbam-607755,Andrew Vasquez,2024,AAA,Toledo Mud Hens,pitcher,31.0,68.66666666666667,48.0,3.0,0.19444444444444445,0.09567901234567901,0.10256410256410256,5.11,4.6582524271844665,162.0,162.0,5.11,5.11,Toledo Mud Hens,statsapi,False
mlbam-671212,Joe Boyle,2024,AAA,Las Vegas Aviators,pitcher,25.0,45.666666666666664,15.0,13.0,0.3604060913705584,0.19796954314720813,0.125,5.12,3.8883211678832117,98.5,98.5,5.12,5.12,Las Vegas Aviators,statsapi,False
mlbam-662165,Austin Schulfer,2024,AAA,Toledo Mud Hens,pitcher,29.0,52.666666666666664,34.0,1.0,0.25213675213675213,0.10683760683760683,0.14893617021276595,5.13,4.296202531645569,117.0,117.0,5.13,5.13,Toledo Mud Hens,statsapi,False
mlbam-680604,Blas Castaño,2024,AAA,Tacoma Rainiers,pitcher,26.0,73.66666666666667,14.0,14.0,0.2334384858044164,0.07570977917981073,0.18055555555555555,5.13,4.606787330316742,158.5,158.5,5.13,5.13,Tacoma Rainiers,statsapi,False
mlbam-694389,William Fleming,2024,AAA,Omaha Storm Chasers,pitcher,25.0,21.0,5.0,5.0,0.16842105263157894,0.07368421052631578,0.15,5.14,4.861904761904762,47.5,47.5,5.14,5.14,Omaha Storm Chasers,statsapi,False
mlbam-663901,Michael Flynn,2024,AAA,Durham Bulls,pitcher,28.0,42.0,34.0,0.0,0.32065217391304346,0.11413043478260869,0.14583333333333334,5.14,4.1,92.0,92.0,5.14,5.14,Durham Bulls,statsapi,False
mlbam-670241,Darius Vines,2024,AAA,Gwinnett Stripers,pitcher,26.0,77.0,14.0,14.0,0.1656441717791411,0.06748466257668712,0.12962962962962962,5.14,5.035064935064935,163.0,163.0,5.14,5.14,Gwinnett Stripers,statsapi,False
mlbam-571527,David Buchanan,2024,AAA,Louisville Bats,pitcher,35.0,117.0,25.0,18.0,0.17120622568093385,0.07198443579766536,0.13392857142857142,5.15,4.288034188034188,257.0,257.0,5.15,5.15,Louisville Bats,statsapi,False
mlbam-687879,Luis Quiñones,2024,AAA,Buffalo Bisons,pitcher,27.0,73.33333333333333,35.0,0.0,0.2448377581120944,0.15634218289085547,0.046511627906976744,5.15,3.795454545454546,169.5,169.5,5.15,5.15,Buffalo Bisons,statsapi,False
mlbam-676709,Ty Tice,2024,AAA,Rochester Red Wings,pitcher,28.0,29.666666666666668,22.0,1.0,0.22962962962962963,0.17037037037037037,0.1388888888888889,5.16,5.526966292134832,67.5,67.5,5.16,5.16,Rochester Red Wings,statsapi,False
mlbam-696147,Sam Bachman,2024,AAA,Salt Lake Bees,pitcher,25.0,15.666666666666666,3.0,3.0,0.10606060606060606,0.06060606060606061,0.15,5.17,5.653191489361703,33.0,33.0,5.17,5.17,Salt Lake Bees,statsapi,False
mlbam-641329,Bryan Baker,2024,AAA,Norfolk Tides,pitcher,30.0,31.333333333333332,32.0,0.0,0.3208955223880597,0.11940298507462686,0.125,5.17,3.9617021276595747,67.0,67.0,5.17,5.17,Norfolk Tides,statsapi,False
mlbam-669724,Brenan Hanifee,2024,AAA,Toledo Mud Hens,pitcher,26.0,47.0,34.0,0.0,0.25980392156862747,0.06862745098039216,0.16216216216216217,5.17,3.4617021276595747,102.0,102.0,5.17,5.17,Toledo Mud Hens,statsapi,False
mlbam-800212,Francis Peña,2024,AAA,El Paso Chihuahuas,pitcher,23.0,15.666666666666666,15.0,0.0,0.2318840579710145,0.08695652173913043,0.16666666666666666,5.17,4.0574468085106385,34.5,34.5,5.17,5.17,El Paso Chihuahuas,statsapi,False
mlbam-682010,Lane Ramsey,2024,AAA,Charlotte Knights,pitcher,28.0,15.666666666666666,14.0,0.0,0.2535211267605634,0.18309859154929578,0.19230769230769232,5.17,7.631914893617022,35.5,35.5,5.17,5.17,Charlotte Knights,statsapi,False
mlbam-663627,Clay Helvey,2024,AAA,Sacramento River Cats,pitcher,27.0,71.33333333333333,39.0,0.0,0.3050314465408805,0.11635220125786164,0.11267605633802817,5.17,3.5626168224299066,159.0,159.0,5.17,5.17,Sacramento River Cats,statsapi,False
mlbam-663336,Aaron Shortridge,2024,AAA,Indianapolis Indians,pitcher,27.0,48.666666666666664,12.0,6.0,0.18604651162790697,0.09302325581395349,0.0958904109589041,5.18,4.620547945205479,107.5,107.5,5.18,5.18,Indianapolis Indians,statsapi,False
mlbam-669620,Brady Basso,2024,AAA,Las Vegas Aviators,pitcher,27.0,67.66666666666667,16.0,12.0,0.2636986301369863,0.07534246575342465,0.18292682926829268,5.19,4.6812807881773395,146.0,146.0,5.19,5.19,Las Vegas Aviators,statsapi,False
mlbam-809579,Nick Payero,2024,AAA,Tacoma Rainiers,pitcher,24.0,8.666666666666666,2.0,2.0,0.04878048780487805,0.0975609756097561,0.17647058823529413,5.19,8.523076923076923,20.5,20.5,5.19,5.19,Tacoma Rainiers,statsapi,False
mlbam-669020,Ryan Rolison,2024,AAA,Albuquerque Isotopes,pitcher,27.0,34.666666666666664,22.0,1.0,0.17482517482517482,0.06993006993006994,0.18421052631578946,5.19,5.061538461538461,71.5,71.5,5.19,5.19,Albuquerque Isotopes,statsapi,False
mlbam-670871,Guillo Zuñiga,2024,AAA,Salt Lake Bees,pitcher,26.0,26.0,25.0,0.0,0.14545454545454545,0.07272727272727272,0.10810810810810811,5.19,4.907692307692308,55.0,55.0,5.19,5.19,Salt Lake Bees,statsapi,False
mlbam-688857,Stevie Branche,2024,AAA,Louisville Bats,pitcher,27.0,27.666666666666668,24.0,0.0,0.2246376811594203,0.1956521739130435,0.17857142857142858,5.2,6.461445783132531,69.0,69.0,5.2,5.2,Louisville Bats,statsapi,False
mlbam-701519,Travis Adams,2024,AAA,St. Paul Saints,pitcher,24.0,19.0,4.0,3.0,0.11392405063291139,0.08860759493670886,0.16,5.21,5.994736842105263,39.5,39.5,5.21,5.21,St. Paul Saints,statsapi,False
mlbam-666659,Sauryn Lao,2024,AAA,Oklahoma City Baseball Club,pitcher,25.0,29.333333333333332,20.0,0.0,0.1937984496124031,0.10077519379844961,0.034482758620689655,5.22,3.372727272727273,64.5,64.5,5.22,5.22,Oklahoma City Baseball Club,statsapi,False
mlbam-676961,Caleb Boushley,2024,AAA,St. Paul Saints,pitcher,31.0,134.33333333333334,26.0,26.0,0.1875,0.04861111111111111,0.12154696132596685,5.23,4.268734491315136,288.0,288.0,5.23,5.23,St. Paul Saints,statsapi,False
mlbam-554431,Tyler Matzek,2024,AAA,Gwinnett Stripers,pitcher,34.0,10.333333333333334,9.0,0.0,0.17777777777777778,0.1111111111111111,0.2,5.23,6.77741935483871,22.5,22.5,5.23,5.23,Gwinnett Stripers,statsapi,False
mlbam-673395,Carlos Romero,2024,AAA,Rochester Red Wings,pitcher,25.0,20.666666666666668,14.0,0.0,0.1276595744680851,0.1276595744680851,0.13636363636363635,5.23,6.148387096774194,47.0,47.0,5.23,5.23,Rochester Red Wings,statsapi,False
mlbam-663474,Triston McKenzie,2024,AAA,Columbus Clippers,pitcher,27.0,53.333333333333336,13.0,10.0,0.23529411764705882,0.13865546218487396,0.14705882352941177,5.23,5.35,119.0,119.0,5.23,5.23,Columbus Clippers,statsapi,False
mlbam-663531,Logan Allen,2024,AAA,Reno Aces,pitcher,27.0,96.33333333333333,20.0,19.0,0.18949771689497716,0.08904109589041095,0.10569105691056911,5.23,4.40795847750865,219.0,219.0,5.23,5.23,Reno Aces,statsapi,False
mlbam-668719,Kenyon Yovan,2024,AAA,Salt Lake Bees,pitcher,27.0,32.666666666666664,25.0,0.0,0.16891891891891891,0.10810810810810811,0.07692307692307693,5.23,4.3244897959183675,74.0,74.0,5.23,5.23,Salt Lake Bees,statsapi,False
mlbam-688162,Brandon Komar,2024,AAA,Memphis Redbirds,pitcher,25.0,22.333333333333332,10.0,0.0,0.18811881188118812,0.0891089108910891,0.09523809523809523,5.24,3.9059701492537315,50.5,50.5,5.24,5.24,Memphis Redbirds,statsapi,False
mlbam-801216,Christian Montes De Oca,2024,AAA,Reno Aces,pitcher,25.0,56.666666666666664,47.0,0.0,0.1828793774319066,0.08949416342412451,0.1111111111111111,5.24,4.423529411764706,128.5,128.5,5.24,5.24,Reno Aces,statsapi,False
mlbam-694900,Kyle Amendt,2024,AAA,Reno Aces,pitcher,24.0,12.0,13.0,0.0,0.2857142857142857,0.2222222222222222,0.1,5.25,4.683333333333334,31.5,31.5,5.25,5.25,Reno Aces,statsapi,False
mlbam-688107,Robert Gasser,2024,AAA,Nashville Sounds,pitcher,25.0,12.0,3.0,3.0,0.3333333333333333,0.11764705882352941,0.4444444444444444,5.25,6.35,25.5,25.5,5.25,5.25,Nashville Sounds,statsapi,False
mlbam-687190,Adam Leverett,2024,AAA,Durham Bulls,pitcher,26.0,12.0,3.0,3.0,0.10204081632653061,0.08163265306122448,0.18181818181818182,5.25,5.933333333333334,24.5,24.5,5.25,5.25,Durham Bulls,statsapi,False
mlbam-621051,Steven Wilson,2024,AAA,Charlotte Knights,pitcher,30.0,12.0,12.0,0.0,0.2545454545454545,0.12727272727272726,0.1111111111111111,5.25,4.683333333333334,27.5,27.5,5.25,5.25,Charlotte Knights,statsapi,False
mlbam-641778,Eric Lauer,2024,AAA,Sugar Land Space Cowboys,pitcher,29.0,75.33333333333333,19.0,16.0,0.2529411764705882,0.09117647058823529,0.12222222222222222,5.26,4.108849557522124,170.0,170.0,5.26,5.26,Sugar Land Space Cowboys,statsapi,False
mlbam-656234,Jake Bird,2024,AAA,Albuquerque Isotopes,pitcher,29.0,13.666666666666666,14.0,0.0,0.2714285714285714,0.1,0.23076923076923078,5.27,5.36829268292683,35.0,35.0,5.27,5.27,Albuquerque Isotopes,statsapi,False
mlbam-620982,Ricardo Pinto,2024,AAA,Lehigh Valley IronPigs,pitcher,30.0,56.333333333333336,16.0,6.0,0.15503875968992248,0.10852713178294573,0.1509433962264151,5.27,5.123668639053255,129.0,129.0,5.27,5.27,Lehigh Valley IronPigs,statsapi,False
mlbam-689379,Aidan Anderson,2024,AAA,Round Rock Express,pitcher,27.0,58.0,36.0,2.0,0.2450592885375494,0.07905138339920949,0.12643678160919541,5.28,4.56551724137931,126.5,126.5,5.28,5.28,Round Rock Express,statsapi,False
mlbam-663567,Peter Lambert,2024,AAA,Albuquerque Isotopes,pitcher,27.0,29.0,10.0,4.0,0.3089430894308943,0.10569105691056911,0.10714285714285714,5.28,3.1689655172413795,61.5,61.5,5.28,5.28,Albuquerque Isotopes,statsapi,False
mlbam-641540,Dane Dunning,2024,AAA,Round Rock Express,pitcher,30.0,15.333333333333334,4.0,3.0,0.2608695652173913,0.08695652173913043,0.06666666666666667,5.28,2.9695652173913043,34.5,34.5,5.28,5.28,Round Rock Express,statsapi,False
mlbam-690939,Connor Noland,2024,AAA,Iowa Cubs,pitcher,25.0,47.666666666666664,10.0,9.0,0.22790697674418606,0.06976744186046512,0.1694915254237288,5.29,4.7153846153846155,107.5,107.5,5.29,5.29,Iowa Cubs,statsapi,False
mlbam-680897,Nick Nastrini,2024,AAA,Charlotte Knights,pitcher,24.0,85.0,21.0,18.0,0.25,0.1326530612244898,0.15315315315315314,5.29,5.335294117647059,196.0,196.0,5.29,5.29,Charlotte Knights,statsapi,False
mlbam-679928,Evan McKendry,2024,AAA,Nashville Sounds,pitcher,26.0,86.66666666666667,24.0,10.0,0.1864864864864865,0.0891891891891892,0.1,5.3,4.623076923076923,185.0,185.0,5.3,5.3,Nashville Sounds,statsapi,False
mlbam-670124,Adam Oller,2024,AAA,Jacksonville Jumbo Shrimp,pitcher,30.0,52.666666666666664,18.0,9.0,0.2556053811659193,0.11210762331838565,0.16326530612244897,5.3,4.391139240506329,111.5,111.5,5.3,5.3,Jacksonville Jumbo Shrimp,statsapi,False
mlbam-676969,Brett de Geus,2024,AAA,Buffalo Bisons,pitcher,27.0,39.0,39.0,0.0,0.15606936416184972,0.08092485549132948,0.08823529411764706,5.31,3.9461538461538463,86.5,86.5,5.31,5.31,Buffalo Bisons,statsapi,False
mlbam-656271,Brock Burke,2024,AAA,Round Rock Express,pitcher,28.0,20.333333333333332,16.0,0.0,0.17708333333333334,0.14583333333333334,0.041666666666666664,5.31,3.9852459016393444,48.0,48.0,5.31,5.31,Round Rock Express,statsapi,False
mlbam-676345,Aaron Brown,2024,AAA,Sugar Land Space Cowboys,pitcher,25.0,22.0,5.0,5.0,0.16129032258064516,0.08602150537634409,0.15625,5.32,5.781818181818181,46.5,46.5,5.32,5.32,Sugar Land Space Cowboys,statsapi,False
mlbam-621097,Jacob Waguespack,2024,AAA,Durham Bulls,pitcher,31.0,22.0,9.0,4.0,0.32323232323232326,0.050505050505050504,0.1,5.32,2.190909090909091,49.5,49.5,5.32,5.32,Durham Bulls,statsapi,False
mlbam-679712,Lael Lockhart,2024,AAA,Toledo Mud Hens,pitcher,27.0,93.0,20.0,18.0,0.26265060240963856,0.12048192771084337,0.16666666666666666,5.32,4.895698924731183,207.5,207.5,5.32,5.32,Toledo Mud Hens,statsapi,False
mlbam-672078,Eric Pardinho,2024,AAA,Buffalo Bisons,pitcher,23.0,28.666666666666668,24.0,0.0,0.2248062015503876,0.13953488372093023,0.1111111111111111,5.34,4.425581395348837,64.5,64.5,5.34,5.34,Buffalo Bisons,statsapi,False
mlbam-672851,Joan Adon,2024,AAA,Rochester Red Wings,pitcher,26.0,69.0,23.0,13.0,0.17484662576687116,0.12883435582822086,0.10112359550561797,5.35,5.447826086956522,163.0,163.0,5.35,5.35,Rochester Red Wings,statsapi,False
mlbam-689266,Dylan Dodd,2024,AAA,Gwinnett Stripers,pitcher,26.0,107.66666666666667,25.0,20.0,0.2033195020746888,0.06639004149377593,0.1323529411764706,5.35,4.428173374613003,241.0,241.0,5.35,5.35,Gwinnett Stripers,statsapi,False
mlbam-671305,Michel Otañez,2024,AAA,Las Vegas Aviators,pitcher,27.0,37.0,29.0,0.0,0.3216374269005848,0.14619883040935672,0.08,5.35,3.424324324324324,85.5,85.5,5.35,5.35,Las Vegas Aviators,statsapi,False
mlbam-671106,Logan Allen,2024,AAA,Columbus Clippers,pitcher,26.0,48.666666666666664,10.0,8.0,0.22641509433962265,0.10849056603773585,0.23529411764705882,5.36,5.935616438356165,106.0,106.0,5.36,5.36,Columbus Clippers,statsapi,False
mlbam-656671,Josh Maciejewski,2024,AAA,Scranton/Wilkes-Barre RailRiders,pitcher,29.0,60.333333333333336,19.0,12.0,0.21348314606741572,0.09737827715355805,0.11290322580645161,5.37,4.111049723756906,133.5,133.5,5.37,5.37,Scranton/Wilkes-Barre RailRiders,statsapi,False
mlbam-663465,Kolby Allard,2024,AAA,Lehigh Valley IronPigs,pitcher,27.0,82.0,20.0,14.0,0.19786096256684493,0.09090909090909091,0.14423076923076922,5.38,4.953658536585366,187.0,187.0,5.38,5.38,Lehigh Valley IronPigs,statsapi,False
mlbam-686654,Ty Adcock,2024,AAA,Syracuse Mets,pitcher,27.0,26.666666666666668,26.0,0.0,0.24242424242424243,0.11363636363636363,0.1111111111111111,5.4,3.85,66.0,66.0,5.4,5.4,Syracuse Mets,statsapi,False
mlbam-670391,Ben Anderson,2024,AAA,Round Rock Express,pitcher,26.0,1.6666666666666665,1.0,0.0,0.0,0.0,0.2,5.4,10.9,3.5,3.5,5.4,5.4,Round Rock Express,statsapi,False
mlbam-621112,Paul Blackburn,2024,AAA,Syracuse Mets,pitcher,31.0,10.0,3.0,2.0,0.1276595744680851,0.0851063829787234,0.08333333333333333,5.4,4.7,23.5,23.5,5.4,5.4,Syracuse Mets,statsapi,False
mlbam-680694,Kyle Bradish,2024,AAA,Norfolk Tides,pitcher,28.0,8.333333333333334,2.0,2.0,0.2564102564102564,0.10256410256410256,0.125,5.4,4.0600000000000005,19.5,19.5,5.4,5.4,Norfolk Tides,statsapi,False
mlbam-605182,Mike Clevinger,2024,AAA,Charlotte Knights,pitcher,34.0,21.666666666666668,6.0,6.0,0.20202020202020202,0.0707070707070707,0.12121212121212122,5.4,5.038461538461538,49.5,49.5,5.4,5.4,Charlotte Knights,statsapi,False
mlbam-672578,Carlos Hernández,2024,AAA,Omaha Storm Chasers,pitcher,27.0,26.666666666666668,25.0,0.0,0.3185840707964602,0.10619469026548672,0.15151515151515152,5.4,4.3,56.5,56.5,5.4,5.4,Omaha Storm Chasers,statsapi,False
mlbam-682175,Joe Jacques,2024,AAA,Reno Aces,pitcher,29.0,41.666666666666664,39.0,0.0,0.20725388601036268,0.10880829015544041,0.0,5.4,3.052,96.5,96.5,5.4,5.4,Reno Aces,statsapi,False
mlbam-665155,Nick Maton,2024,AAA,Norfolk Tides,pitcher,27.0,3.3333333333333335,4.0,0.0,0.0,0.17647058823529413,0.0,5.4,6.699999999999999,8.5,8.5,5.4,5.4,Norfolk Tides,statsapi,False
mlbam-682077,Gabe Mosser,2024,AAA,El Paso Chihuahuas,pitcher,28.0,133.33333333333334,28.0,26.0,0.17606837606837608,0.08205128205128205,0.09615384615384616,5.4,4.1875,292.5,292.5,5.4,5.4,El Paso Chihuahuas,statsapi,False
mlbam-688490,Mitch Myers,2024,AAA,Las Vegas Aviators,pitcher,25.0,3.3333333333333335,2.0,0.0,0.06666666666666667,0.13333333333333333,0.2,5.4,8.2,7.5,7.5,5.4,5.4,Las Vegas Aviators,statsapi,False
mlbam-689608,Walker Powell,2024,AAA,Iowa Cubs,pitcher,28.0,5.0,2.0,2.0,0.1724137931034483,0.1724137931034483,0.0,5.4,4.7,14.5,14.5,5.4,5.4,Iowa Cubs,statsapi,False
mlbam-678576,Wilkin Ramos,2024,AAA,Syracuse Mets,pitcher,24.0,18.333333333333332,18.0,0.0,0.18181818181818182,0.19318181818181818,0.05263157894736842,5.4,5.00909090909091,44.0,44.0,5.4,5.4,Syracuse Mets,statsapi,False
mlbam-622251,Josh Staumont,2024,AAA,Iowa Cubs,pitcher,31.0,11.666666666666666,10.0,0.0,0.3269230769230769,0.15384615384615385,0.07142857142857142,5.4,3.357142857142857,26.0,26.0,5.4,5.4,Iowa Cubs,statsapi,False
mlbam-592848,Zack Weiss,2024,AAA,St. Paul Saints,pitcher,32.0,25.0,18.0,0.0,0.26666666666666666,0.09166666666666666,0.1111111111111111,5.4,3.7800000000000002,60.0,60.0,5.4,5.4,St. Paul Saints,statsapi,False
mlbam-669721,Davis Daniel,2024,AAA,Salt Lake Bees,pitcher,27.0,118.0,22.0,21.0,0.2332695984703633,0.06692160611854685,0.11194029850746269,5.42,3.676271186440678,261.5,261.5,5.42,5.42,Salt Lake Bees,statsapi,False
mlbam-687931,Carson Whisenhunt,2024,AAA,Sacramento River Cats,pitcher,24.0,104.66666666666667,25.0,25.0,0.28361344537815125,0.11134453781512606,0.14285714285714285,5.42,3.921656050955414,238.0,238.0,5.42,5.42,Sacramento River Cats,statsapi,False
mlbam-656786,Parker Mushinski,2024,AAA,Sugar Land Space Cowboys,pitcher,29.0,44.666666666666664,44.0,0.0,0.2644230769230769,0.1201923076923077,0.10526315789473684,5.44,3.9507462686567165,104.0,104.0,5.44,5.44,Sugar Land Space Cowboys,statsapi,False
mlbam-668869,Tyler Thomas,2024,AAA,Salt Lake Bees,pitcher,29.0,44.666666666666664,31.0,2.0,0.215311004784689,0.14354066985645933,0.08695652173913043,5.44,4.667164179104478,104.5,104.5,5.44,5.44,Salt Lake Bees,statsapi,False
mlbam-683522,Michael Arias,2024,AAA,Iowa Cubs,pitcher,23.0,36.333333333333336,33.0,0.0,0.25,0.20652173913043478,0.08571428571428572,5.45,4.861467889908257,92.0,92.0,5.45,5.45,Iowa Cubs,statsapi,False
mlbam-664054,Cody Stashak,2024,AAA,Sacramento River Cats,pitcher,30.0,36.333333333333336,27.0,0.0,0.2716049382716049,0.07407407407407407,0.16326530612244897,5.45,4.531192660550459,81.0,81.0,5.45,5.45,Sacramento River Cats,statsapi,False
mlbam-663982,David Parkinson,2024,AAA,Lehigh Valley IronPigs,pitcher,29.0,69.33333333333333,19.0,11.0,0.15960912052117263,0.08794788273615635,0.11363636363636363,5.45,5.075961538461539,153.5,153.5,5.45,5.45,Lehigh Valley IronPigs,statsapi,False
mlbam-663535,Juan Hillman,2024,AAA,Albuquerque Isotopes,pitcher,27.0,56.0,19.0,9.0,0.12790697674418605,0.10077519379844961,0.16666666666666666,5.46,5.564285714285715,129.0,129.0,5.46,5.46,Albuquerque Isotopes,statsapi,False
mlbam-680736,Justin Wrobleski,2024,AAA,Oklahoma City Baseball Club,pitcher,24.0,28.0,7.0,5.0,0.3181818181818182,0.13636363636363635,0.18181818181818182,5.46,3.8857142857142857,66.0,66.0,5.46,5.46,Oklahoma City Baseball Club,statsapi,False
mlbam-664129,Geoff Hartlieb,2024,AAA,Albuquerque Isotopes,pitcher,31.0,54.333333333333336,41.0,0.0,0.22857142857142856,0.10204081632653061,0.16666666666666666,5.47,4.388343558282209,122.5,122.5,5.47,5.47,Albuquerque Isotopes,statsapi,False
mlbam-702021,Will Dion,2024,AAA,Columbus Clippers,pitcher,24.0,116.66666666666667,29.0,27.0,0.22393822393822393,0.10424710424710425,0.15328467153284672,5.48,4.8914285714285715,259.0,259.0,5.48,5.48,Columbus Clippers,statsapi,False
mlbam-571479,Andrew Bellatti,2024,AAA,Lehigh Valley IronPigs,pitcher,33.0,42.666666666666664,46.0,0.0,0.2079207920792079,0.16336633663366337,0.07692307692307693,5.48,5.0921875,101.0,101.0,5.48,5.48,Lehigh Valley IronPigs,statsapi,False
mlbam-656420,J.P. Feyereisen,2024,AAA,Oklahoma City Baseball Club,pitcher,31.0,42.666666666666664,33.0,6.0,0.1793478260869565,0.07065217391304347,0.12962962962962962,5.48,4.6,92.0,92.0,5.48,5.48,Oklahoma City Baseball Club,statsapi,False
mlbam-573185,Dan Straily,2024,AAA,Iowa Cubs,pitcher,36.0,78.66666666666667,17.0,16.0,0.21367521367521367,0.1111111111111111,0.16822429906542055,5.49,5.693220338983051,175.5,175.5,5.49,5.49,Iowa Cubs,statsapi,False
mlbam-686563,Jonathan Cannon,2024,AAA,Charlotte Knights,pitcher,24.0,37.666666666666664,8.0,8.0,0.20833333333333334,0.10714285714285714,0.07894736842105263,5.5,4.108849557522124,84.0,84.0,5.5,5.5,Charlotte Knights,statsapi,False
mlbam-518633,Danny Duffy,2024,AAA,Round Rock Express,pitcher,36.0,18.0,10.0,2.0,0.2073170731707317,0.2073170731707317,0.06896551724137931,5.5,5.488888888888889,41.0,41.0,5.5,5.5,Round Rock Express,statsapi,False
mlbam-668874,Blair Henley,2024,AAA,Sugar Land Space Cowboys,pitcher,27.0,63.666666666666664,15.0,14.0,0.2,0.1377049180327869,0.16393442622950818,5.51,5.723036649214659,152.5,152.5,5.51,5.51,Sugar Land Space Cowboys,statsapi,False
mlbam-547179,Michael Lorenzen,2024,AAA,Omaha Storm Chasers,pitcher,32.0,14.666666666666666,4.0,4.0,0.2463768115942029,0.15942028985507245,0.15384615384615385,5.52,5.00909090909091,34.5,34.5,5.52,5.52,Omaha Storm Chasers,statsapi,False
mlbam-689690,Alek Jacob,2024,AAA,El Paso Chihuahuas,pitcher,26.0,53.666666666666664,42.0,0.0,0.2549019607843137,0.12156862745098039,0.21052631578947367,5.53,5.429192546583851,127.5,127.5,5.53,5.53,El Paso Chihuahuas,statsapi,False
mlbam-672282,Reid Detmers,2024,AAA,Salt Lake Bees,pitcher,25.0,78.0,14.0,14.0,0.2936046511627907,0.07848837209302326,0.20224719101123595,5.54,4.664102564102564,172.0,172.0,5.54,5.54,Salt Lake Bees,statsapi,False
mlbam-686249,Nathan Wiles,2024,AAA,Durham Bulls,pitcher,26.0,87.66666666666667,35.0,11.0,0.1836734693877551,0.0663265306122449,0.12844036697247707,5.54,4.662737642585551,196.0,196.0,5.54,5.54,Durham Bulls,statsapi,False
mlbam-685005,Christian Roa,2024,AAA,Louisville Bats,pitcher,25.0,48.666666666666664,23.0,4.0,0.21171171171171171,0.13513513513513514,0.19148936170212766,5.55,5.6068493150684935,111.0,111.0,5.55,5.55,Louisville Bats,statsapi,False
mlbam-670109,Jacob Bosiokovic,2024,AAA,Memphis Redbirds,pitcher,31.0,55.0,47.0,0.0,0.26,0.14,0.13793103448275862,5.56,4.6454545454545455,125.0,125.0,5.56,5.56,Memphis Redbirds,statsapi,False
mlbam-696136,Jordan Wicks,2024,AAA,Iowa Cubs,pitcher,25.0,21.0,7.0,7.0,0.2696629213483146,0.0898876404494382,0.22727272727272727,5.57,5.052380952380952,44.5,44.5,5.57,5.57,Iowa Cubs,statsapi,False
mlbam-699911,Dugan Darnell,2024,AAA,Albuquerque Isotopes,pitcher,27.0,40.333333333333336,40.0,1.0,0.26595744680851063,0.13297872340425532,0.10810810810810811,5.58,3.546280991735537,94.0,94.0,5.58,5.58,Albuquerque Isotopes,statsapi,False
mlbam-675651,Steven Jennings,2024,AAA,Round Rock Express,pitcher,26.0,29.0,17.0,2.0,0.20634920634920634,0.06349206349206349,0.16666666666666666,5.59,5.272413793103448,63.0,63.0,5.59,5.59,Round Rock Express,statsapi,False
mlbam-673929,Jordan Leasure,2024,AAA,Charlotte Knights,pitcher,26.0,9.666666666666666,11.0,0.0,0.3,0.15,0.25,5.59,4.13448275862069,20.0,20.0,5.59,5.59,Charlotte Knights,statsapi,False
mlbam-650895,Diego Castillo,2024,AAA,St. Paul Saints,pitcher,30.0,37.0,40.0,0.0,0.23863636363636365,0.1534090909090909,0.13333333333333333,5.59,4.3432432432432435,88.0,88.0,5.59,5.59,St. Paul Saints,statsapi,False
mlbam-675977,Drew Strotman,2024,AAA,Sacramento River Cats,pitcher,28.0,27.333333333333332,23.0,0.0,0.2116788321167883,0.1678832116788321,0.16,5.6,6.173170731707318,68.5,68.5,5.6,5.6,Sacramento River Cats,statsapi,False
mlbam-666364,Jordan Balazovic,2024,AAA,St. Paul Saints,pitcher,26.0,35.333333333333336,24.0,1.0,0.3006134969325153,0.09202453987730061,0.13636363636363635,5.6,2.788679245283019,81.5,81.5,5.6,5.6,St. Paul Saints,statsapi,False
mlbam-669441,Chandler Champlain,2024,AAA,Omaha Storm Chasers,pitcher,25.0,104.33333333333333,21.0,20.0,0.15483870967741936,0.0989247311827957,0.1259259259259259,5.61,5.275718849840256,232.5,232.5,5.61,5.61,Omaha Storm Chasers,statsapi,False
mlbam-673257,Victor Santos,2024,AAA,Memphis Redbirds,pitcher,24.0,77.0,33.0,8.0,0.17964071856287425,0.09880239520958084,0.1,5.61,4.463636363636364,167.0,167.0,5.61,5.61,Memphis Redbirds,statsapi,False
mlbam-548389,Ross Stripling,2024,AAA,Las Vegas Aviators,pitcher,35.0,8.0,2.0,2.0,0.027777777777777776,0.027777777777777776,0.0,5.63,3.225,18.0,18.0,5.63,5.63,Las Vegas Aviators,statsapi,False
mlbam-592716,Adrian Sampson,2024,AAA,Round Rock Express,pitcher,33.0,137.33333333333334,28.0,27.0,0.18838304552590268,0.07221350078492936,0.10982658959537572,5.64,4.417961165048544,318.5,318.5,5.64,5.64,Round Rock Express,statsapi,False
mlbam-669391,Owen White,2024,AAA,Round Rock Express,pitcher,25.0,99.0,29.0,15.0,0.19463087248322147,0.10738255033557047,0.12612612612612611,5.64,4.847474747474747,223.5,223.5,5.64,5.64,Round Rock Express,statsapi,False
mlbam-663658,Thaddeus Ward,2024,AAA,Rochester Red Wings,pitcher,27.0,119.66666666666667,28.0,28.0,0.1931407942238267,0.17148014440433212,0.12264150943396226,5.64,5.456545961002785,277.0,277.0,5.64,5.64,Rochester Red Wings,statsapi,False
mlbam-669432,Trevor Rogers,2024,AAA,Norfolk Tides,pitcher,27.0,28.666666666666668,5.0,5.0,0.25,0.075,0.08108108108108109,5.65,3.3093023255813954,60.0,60.0,5.65,5.65,Norfolk Tides,statsapi,False
mlbam-687287,Patrick Monteverde,2024,AAA,Jacksonville Jumbo Shrimp,pitcher,27.0,70.0,14.0,13.0,0.1853035143769968,0.08945686900958466,0.15841584158415842,5.66,5.742857142857143,156.5,156.5,5.66,5.66,Jacksonville Jumbo Shrimp,statsapi,False
mlbam-676641,Beau Sulser,2024,AAA,Indianapolis Indians,pitcher,30.0,68.33333333333333,23.0,11.0,0.1891025641025641,0.07051282051282051,0.1827956989247312,5.66,5.748780487804878,156.0,156.0,5.66,5.66,Indianapolis Indians,statsapi,False
mlbam-669796,Jose E. Hernandez,2024,AAA,Oklahoma City Baseball Club,pitcher,27.0,33.333333333333336,30.0,1.0,0.22727272727272727,0.12987012987012986,0.05714285714285714,5.67,3.58,77.0,77.0,5.67,5.67,Oklahoma City Baseball Club,statsapi,False
mlbam-805673,Zebby Matthews,2024,AAA,St. Paul Saints,pitcher,24.0,19.0,4.0,4.0,0.2839506172839506,0.012345679012345678,0.2222222222222222,5.68,3.731578947368421,40.5,40.5,5.68,5.68,St. Paul Saints,statsapi,False
mlbam-664353,José Urquidy,2024,AAA,Sugar Land Space Cowboys,pitcher,29.0,6.333333333333333,2.0,2.0,0.2222222222222222,0.037037037037037035,0.125,5.68,3.7315789473684213,13.5,13.5,5.68,5.68,Sugar Land Space Cowboys,statsapi,False
mlbam-668676,Zach Plesac,2024,AAA,Salt Lake Bees,pitcher,29.0,99.66666666666667,18.0,17.0,0.15011547344110854,0.07621247113163972,0.12025316455696203,5.69,5.2672240802675585,216.5,216.5,5.69,5.69,Salt Lake Bees,statsapi,False
mlbam-687166,Austin Pope,2024,AAA,Reno Aces,pitcher,26.0,56.666666666666664,55.0,0.0,0.26022304832713755,0.12639405204460966,0.0784313725490196,5.72,3.4,134.5,134.5,5.72,5.72,Reno Aces,statsapi,False
mlbam-669372,J.T. Ginn,2024,AAA,Las Vegas Aviators,pitcher,25.0,72.33333333333333,15.0,14.0,0.2123076923076923,0.09230769230769231,0.16393442622950818,5.72,4.482488479262673,162.5,162.5,5.72,5.72,Las Vegas Aviators,statsapi,False
mlbam-666148,Drake Fellows,2024,AAA,Indianapolis Indians,pitcher,26.0,11.0,3.0,3.0,0.14814814814814814,0.16666666666666666,0.0,5.73,4.1,27.0,27.0,5.73,5.73,Indianapolis Indians,statsapi,False
mlbam-680961,Chris Gau,2024,AAA,Indianapolis Indians,pitcher,27.0,22.0,10.0,1.0,0.17475728155339806,0.1650485436893204,0.13333333333333333,5.73,6.1454545454545455,51.5,51.5,5.73,5.73,Indianapolis Indians,statsapi,False
mlbam-594027,Tyron Guerrero,2024,AAA,Salt Lake Bees,pitcher,33.0,33.0,30.0,0.0,0.2064516129032258,0.07096774193548387,0.02857142857142857,5.73,2.7363636363636363,77.5,77.5,5.73,5.73,Salt Lake Bees,statsapi,False
mlbam-656647,Taylor Lehman,2024,AAA,Lehigh Valley IronPigs,pitcher,29.0,33.0,38.0,0.0,0.24503311258278146,0.19205298013245034,0.23076923076923078,5.73,6.039393939393939,75.5,75.5,5.73,5.73,Lehigh Valley IronPigs,statsapi,False
mlbam-516853,Wilking Rodríguez,2024,AAA,Memphis Redbirds,pitcher,34.0,11.0,12.0,0.0,0.28846153846153844,0.21153846153846154,0.1111111111111111,5.73,4.554545454545455,26.0,26.0,5.73,5.73,Memphis Redbirds,statsapi,False
mlbam-642834,Jonathan Bermúdez,2024,AAA,Jacksonville Jumbo Shrimp,pitcher,29.0,26.666666666666668,7.0,4.0,0.2396694214876033,0.12396694214876033,0.08333333333333333,5.74,4.1875,60.5,60.5,5.74,5.74,Jacksonville Jumbo Shrimp,statsapi,False
mlbam-687863,Porter Hodge,2024,AAA,Iowa Cubs,pitcher,23.0,15.666666666666666,13.0,0.0,0.2631578947368421,0.15789473684210525,0.1,5.74,3.6744680851063833,38.0,38.0,5.74,5.74,Iowa Cubs,statsapi,False
mlbam-663562,Noah Davis,2024,AAA,Albuquerque Isotopes,pitcher,27.0,68.66666666666667,19.0,8.0,0.22570532915360503,0.09717868338557993,0.10144927536231885,5.77,3.9883495145631067,159.5,159.5,5.77,5.77,Albuquerque Isotopes,statsapi,False
mlbam-670955,Edwin Uceta,2024,AAA,Durham Bulls,pitcher,26.0,34.333333333333336,22.0,0.0,0.2974683544303797,0.10126582278481013,0.1951219512195122,5.77,4.964077669902912,79.0,79.0,5.77,5.77,Durham Bulls,statsapi,False
mlbam-685588,Wander Guante,2024,AAA,Las Vegas Aviators,pitcher,24.0,18.666666666666668,6.0,1.0,0.175,0.1125,0.14285714285714285,5.79,5.135714285714286,40.0,40.0,5.79,5.79,Las Vegas Aviators,statsapi,False
mlbam-675919,Nick Raquet,2024,AAA,Memphis Redbirds,pitcher,29.0,68.33333333333333,27.0,6.0,0.18412698412698414,0.10158730158730159,0.1232876712328767,5.8,4.651219512195122,157.5,157.5,5.8,5.8,Memphis Redbirds,statsapi,False
mlbam-642130,Blake Taylor,2024,AAA,Round Rock Express,pitcher,29.0,40.333333333333336,34.0,0.0,0.20408163265306123,0.1326530612244898,0.11627906976744186,5.8,4.736363636363636,98.0,98.0,5.8,5.8,Round Rock Express,statsapi,False
mlbam-676428,Brant Hurter,2024,AAA,Toledo Mud Hens,pitcher,26.0,71.33333333333333,19.0,18.0,0.21671826625386997,0.07120743034055728,0.125,5.8,3.983177570093458,161.5,161.5,5.8,5.8,Toledo Mud Hens,statsapi,False
mlbam-669735,Chris Rodriguez,2024,AAA,Reno Aces,pitcher,26.0,35.666666666666664,25.0,1.0,0.16666666666666666,0.17857142857142858,0.15789473684210525,5.8,6.324299065420561,84.0,84.0,5.8,5.8,Reno Aces,statsapi,False
mlbam-622503,Nabil Crismatt,2024,AAA,El Paso Chihuahuas,pitcher,30.0,79.0,27.0,16.0,0.20718232044198895,0.07734806629834254,0.10344827586206896,5.81,3.821518987341772,181.0,181.0,5.81,5.81,El Paso Chihuahuas,statsapi,False
mlbam-690279,Mason Adams,2024,AAA,Charlotte Knights,pitcher,24.0,17.0,5.0,5.0,0.10975609756097561,0.10975609756097561,0.058823529411764705,5.82,4.570588235294117,41.0,41.0,5.82,5.82,Charlotte Knights,statsapi,False
mlbam-681252,Jack Anderson,2024,AAA,Toledo Mud Hens,pitcher,25.0,17.0,8.0,1.0,0.13157894736842105,0.07894736842105263,0.08333333333333333,5.82,4.511764705882353,38.0,38.0,5.82,5.82,Toledo Mud Hens,statsapi,False
mlbam-677076,Clayton Andrews,2024,AAA,Scranton/Wilkes-Barre RailRiders,pitcher,27.0,24.666666666666668,20.0,0.0,0.25925925925925924,0.21296296296296297,0.13043478260869565,5.84,5.3297297297297295,54.0,54.0,5.84,5.84,Scranton/Wilkes-Barre RailRiders,statsapi,False
mlbam-592527,Michael Mariot,2024,AAA,Tacoma Rainiers,pitcher,36.0,126.33333333333333,28.0,25.0,0.1866913123844732,0.06099815157116451,0.1065989847715736,5.84,4.659366754617414,270.5,270.5,5.84,5.84,Tacoma Rainiers,statsapi,False
mlbam-669420,Tim Cate,2024,AAA,Rochester Red Wings,pitcher,27.0,55.333333333333336,53.0,1.0,0.24596774193548387,0.13709677419354838,0.10344827586206896,5.86,4.202409638554217,124.0,124.0,5.86,5.86,Rochester Red Wings,statsapi,False
mlbam-687223,Carson Palmquist,2024,AAA,Albuquerque Isotopes,pitcher,24.0,35.333333333333336,9.0,9.0,0.18674698795180722,0.16265060240963855,0.14814814814814814,5.86,6.666037735849057,83.0,83.0,5.86,5.86,Albuquerque Isotopes,statsapi,False
mlbam-667434,Kevin Kopps,2024,AAA,El Paso Chihuahuas,pitcher,27.0,50.666666666666664,40.0,0.0,0.1346938775510204,0.15510204081632653,0.11627906976744186,5.86,5.507894736842106,122.5,122.5,5.86,5.86,El Paso Chihuahuas,statsapi,False
mlbam-660813,Brusdar Graterol,2024,AAA,Oklahoma City Baseball Club,pitcher,26.0,7.666666666666667,8.0,0.0,0.175,0.05,0.0,5.87,2.056521739130435,20.0,20.0,5.87,5.87,Oklahoma City Baseball Club,statsapi,False
mlbam-670059,Colin Holderman,2024,AAA,Indianapolis Indians,pitcher,29.0,7.666666666666667,8.0,1.0,0.3225806451612903,0.06451612903225806,0.2,5.87,3.752173913043478,15.5,15.5,5.87,5.87,Indianapolis Indians,statsapi,False
mlbam-666157,Nick Lodolo,2024,AAA,Louisville Bats,pitcher,26.0,7.666666666666667,2.0,2.0,0.30303030303030304,0.09090909090909091,0.5,5.87,4.534782608695652,16.5,16.5,5.87,5.87,Louisville Bats,statsapi,False
mlbam-544150,Albert Suárez,2024,AAA,Norfolk Tides,pitcher,35.0,15.333333333333334,3.0,1.0,0.26153846153846155,0.015384615384615385,0.16666666666666666,5.87,2.773913043478261,32.5,32.5,5.87,5.87,Norfolk Tides,statsapi,False
mlbam-680684,Gunnar Hoglund,2024,AAA,Las Vegas Aviators,pitcher,25.0,26.0,5.0,5.0,0.1981981981981982,0.09009009009009009,0.13513513513513514,5.88,5.176923076923077,55.5,55.5,5.88,5.88,Las Vegas Aviators,statsapi,False
mlbam-621295,Nick Wittgren,2024,AAA,St. Paul Saints,pitcher,33.0,52.0,35.0,0.0,0.21052631578947367,0.05263157894736842,0.18666666666666668,5.88,5.561538461538461,114.0,114.0,5.88,5.88,St. Paul Saints,statsapi,False
mlbam-683726,Pedro Santos,2024,AAA,Las Vegas Aviators,pitcher,24.0,36.666666666666664,33.0,0.0,0.24571428571428572,0.17714285714285713,0.11904761904761904,5.89,5.3090909090909095,87.5,87.5,5.89,5.89,Las Vegas Aviators,statsapi,False
mlbam-592155,Cam Booser,2024,AAA,Worcester Red Sox,pitcher,32.0,10.666666666666666,8.0,0.0,0.42,0.08,0.0,5.91,0.5687500000000001,25.0,25.0,5.91,5.91,Worcester Red Sox,statsapi,False
mlbam-623211,Huascar Brazobán,2024,AAA,Jacksonville Jumbo Shrimp,pitcher,35.0,10.666666666666666,6.0,0.0,0.20833333333333334,0.0625,0.14285714285714285,5.91,4.50625,24.0,24.0,5.91,5.91,Jacksonville Jumbo Shrimp,statsapi,False
mlbam-672836,Angel Macuare,2024,AAA,Jacksonville Jumbo Shrimp,pitcher,24.0,42.666666666666664,24.0,2.0,0.2192513368983957,0.0962566844919786,0.1206896551724138,5.91,4.7875,93.5,93.5,5.91,5.91,Jacksonville Jumbo Shrimp,statsapi,False
mlbam-701542,Will Warren,2024,AAA,Scranton/Wilkes-Barre RailRiders,pitcher,25.0,109.66666666666667,23.0,23.0,0.27983539094650206,0.08024691358024691,0.1958762886597938,5.91,4.15775075987842,243.0,243.0,5.91,5.91,Scranton/Wilkes-Barre RailRiders,statsapi,False
mlbam-663455,Konnor Pilkington,2024,AAA,Reno Aces,pitcher,27.0,77.66666666666667,33.0,21.0,0.2200557103064067,0.13649025069637882,0.0945945945945946,5.91,4.245922746781115,179.5,179.5,5.91,5.91,Reno Aces,statsapi,False
mlbam-572383,Brian Moran,2024,AAA,Gwinnett Stripers,pitcher,36.0,45.666666666666664,27.0,2.0,0.22857142857142856,0.0761904761904762,0.1016949152542373,5.91,4.151094890510949,105.0,105.0,5.91,5.91,Gwinnett Stripers,statsapi,False
mlbam-683068,Zach Penrod,2024,AAA,Worcester Red Sox,pitcher,27.0,27.333333333333332,15.0,5.0,0.3225806451612903,0.16129032258064516,0.10526315789473684,5.93,3.4292682926829268,62.0,62.0,5.93,5.93,Worcester Red Sox,statsapi,False
mlbam-605498,Andrew Suárez,2024,AAA,Norfolk Tides,pitcher,32.0,13.666666666666666,10.0,0.0,0.1935483870967742,0.08064516129032258,0.14285714285714285,5.93,4.5634146341463415,31.0,31.0,5.93,5.93,Norfolk Tides,statsapi,False
mlbam-700287,Alfredo Zarraga,2024,AAA,Durham Bulls,pitcher,24.0,13.666666666666666,10.0,1.0,0.24615384615384617,0.15384615384615385,0.1111111111111111,5.93,3.904878048780488,32.5,32.5,5.93,5.93,Durham Bulls,statsapi,False
mlbam-694918,Blade Tidwell,2024,AAA,Syracuse Mets,pitcher,23.0,85.0,19.0,17.0,0.19845360824742267,0.13659793814432988,0.16831683168316833,5.93,5.970588235294118,194.0,194.0,5.93,5.93,Syracuse Mets,statsapi,False
mlbam-676265,Cory Abbott,2024,AAA,Charlotte Knights,pitcher,29.0,74.33333333333333,31.0,10.0,0.2507836990595611,0.09717868338557993,0.17,5.93,5.252466367713005,159.5,159.5,5.93,5.93,Charlotte Knights,statsapi,False
mlbam-606149,Giovanny Gallegos,2024,AAA,St. Paul Saints,pitcher,33.0,16.666666666666668,17.0,1.0,0.14102564102564102,0.15384615384615385,0.10344827586206896,5.94,6.46,39.0,39.0,5.94,5.94,St. Paul Saints,statsapi,False
mlbam-596271,Casey Lawrence,2024,AAA,Tacoma Rainiers,pitcher,37.0,165.0,29.0,29.0,0.1485557083906465,0.06602475928473177,0.1642512077294686,5.95,5.433333333333334,363.5,363.5,5.95,5.95,Tacoma Rainiers,statsapi,False
mlbam-680397,Sam Benschoter,2024,AAA,Louisville Bats,pitcher,26.0,19.666666666666668,6.0,1.0,0.18478260869565216,0.09782608695652174,0.08695652173913043,5.95,4.21864406779661,46.0,46.0,5.95,5.95,Louisville Bats,statsapi,False
mlbam-695049,Brett Kerry,2024,AAA,Salt Lake Bees,pitcher,25.0,84.66666666666667,15.0,14.0,0.17473118279569894,0.05913978494623656,0.13076923076923078,5.95,5.096062992125984,186.0,186.0,5.95,5.95,Salt Lake Bees,statsapi,False
mlbam-688763,Rhett Kouba,2024,AAA,Sugar Land Space Cowboys,pitcher,25.0,42.333333333333336,11.0,10.0,0.1477832512315271,0.15763546798029557,0.08928571428571429,5.95,5.698425196850394,101.5,101.5,5.95,5.95,Sugar Land Space Cowboys,statsapi,False
mlbam-663929,Riley Thompson,2024,AAA,Iowa Cubs,pitcher,28.0,107.33333333333333,34.0,15.0,0.20496894409937888,0.09937888198757763,0.11450381679389313,5.95,4.413664596273292,241.5,241.5,5.95,5.95,Iowa Cubs,statsapi,False
mlbam-670056,Caleb Baragar,2024,AAA,St. Paul Saints,pitcher,30.0,25.666666666666668,16.0,4.0,0.22413793103448276,0.09482758620689655,0.16666666666666666,5.96,5.125974025974026,58.0,58.0,5.96,5.96,St. Paul Saints,statsapi,False
mlbam-672391,Kaleb Ort,2024,AAA,Sugar Land Space Cowboys,pitcher,32.0,28.666666666666668,30.0,0.0,0.2857142857142857,0.13533834586466165,0.06666666666666667,5.97,3.23953488372093,66.5,66.5,5.97,5.97,Sugar Land Space Cowboys,statsapi,False
mlbam-701533,Hunter Stanley,2024,AAA,Columbus Clippers,pitcher,27.0,28.666666666666668,13.0,4.0,0.22794117647058823,0.09558823529411764,0.17073170731707318,5.97,5.472093023255814,68.0,68.0,5.97,5.97,Columbus Clippers,statsapi,False
mlbam-680691,Justin Jarvis,2024,AAA,Syracuse Mets,pitcher,24.0,46.666666666666664,18.0,5.0,0.17410714285714285,0.10267857142857142,0.0958904109589041,5.98,5.050000000000001,112.0,112.0,5.98,5.98,Syracuse Mets,statsapi,False
mlbam-687607,Edgar Barclay,2024,AAA,Scranton/Wilkes-Barre RailRiders,pitcher,26.0,143.0,29.0,29.0,0.18209876543209877,0.10802469135802469,0.14492753623188406,5.98,5.792307692307693,324.0,324.0,5.98,5.98,Scranton/Wilkes-Barre RailRiders,statsapi,False
mlbam-663559,Bailey Falter,2024,AAA,Indianapolis Indians,pitcher,27.0,3.0,1.0,1.0,0.23076923076923078,0.0,0.0,6.0,1.1,6.5,6.5,6.0,6.0,Indianapolis Indians,statsapi,False
mlbam-695549,Jackson Jobe,2024,AAA,Toledo Mud Hens,pitcher,22.0,9.0,2.0,2.0,0.16279069767441862,0.11627906976744186,0.16666666666666666,6.0,6.1,21.5,21.5,6.0,6.0,Toledo Mud Hens,statsapi,False
mlbam-664042,Travis Lakins,2024,AAA,Charlotte Knights,pitcher,30.0,15.0,14.0,0.0,0.2222222222222222,0.09722222222222222,0.08695652173913043,6.0,4.3,36.0,36.0,6.0,6.0,Charlotte Knights,statsapi,False
mlbam-642575,Gerson Moreno,2024,AAA,Las Vegas Aviators,pitcher,29.0,42.0,37.0,1.0,0.23756906077348067,0.16022099447513813,0.125,6.0,5.504761904761905,90.5,90.5,6.0,6.0,Las Vegas Aviators,statsapi,False
mlbam-641941,Emilio Pagán,2024,AAA,Louisville Bats,pitcher,33.0,3.0,3.0,0.0,0.2727272727272727,0.0,0.0,6.0,1.1,5.5,5.5,6.0,6.0,Louisville Bats,statsapi,False
mlbam-519141,Drew Pomeranz,2024,AAA,Oklahoma City Baseball Club,pitcher,36.0,9.0,8.0,1.0,0.3783783783783784,0.02702702702702703,0.08333333333333333,6.0,1.7666666666666668,18.5,18.5,6.0,6.0,Oklahoma City Baseball Club,statsapi,False
mlbam-663629,Ethan Small,2024,AAA,Sacramento River Cats,pitcher,27.0,9.0,10.0,0.0,0.2631578947368421,0.05263157894736842,0.0,6.0,1.5444444444444445,19.0,19.0,6.0,6.0,Sacramento River Cats,statsapi,False
mlbam-694357,Ricky Tiedemann,2024,AAA,Buffalo Bisons,pitcher,22.0,9.0,4.0,4.0,0.22448979591836735,0.24489795918367346,0.3,6.0,9.988888888888889,24.5,24.5,6.0,6.0,Buffalo Bisons,statsapi,False
mlbam-699044,Miguel Ullola,2024,AAA,Sugar Land Space Cowboys,pitcher,22.0,3.0,1.0,1.0,0.3125,0.25,0.0,6.0,4.766666666666667,8.0,8.0,6.0,6.0,Sugar Land Space Cowboys,statsapi,False
mlbam-668909,Gavin Williams,2024,AAA,Columbus Clippers,pitcher,25.0,12.0,5.0,5.0,0.3448275862068966,0.1206896551724138,0.18181818181818182,6.0,3.9333333333333336,29.0,29.0,6.0,6.0,Columbus Clippers,statsapi,False
mlbam-657053,Touki Toussaint,2024,AAA,Charlotte Knights,pitcher,28.0,55.333333333333336,19.0,10.0,0.2196969696969697,0.16287878787878787,0.1,6.02,4.780722891566265,132.0,132.0,6.02,6.02,Charlotte Knights,statsapi,False
mlbam-814005,Jake Bloss,2024,AAA,Buffalo Bisons,pitcher,23.0,31.333333333333332,9.0,9.0,0.19444444444444445,0.10416666666666667,0.10638297872340426,6.03,4.919148936170213,72.0,72.0,6.03,6.03,Buffalo Bisons,statsapi,False
mlbam-683155,Joey Estes,2024,AAA,Las Vegas Aviators,pitcher,23.0,28.333333333333332,6.0,6.0,0.208,0.08,0.18421052631578946,6.04,5.641176470588236,62.5,62.5,6.04,6.04,Las Vegas Aviators,statsapi,False
mlbam-672552,Jack O'Loughlin,2024,AAA,Las Vegas Aviators,pitcher,24.0,73.0,32.0,10.0,0.23529411764705882,0.1,0.18888888888888888,6.04,5.373972602739727,170.0,170.0,6.04,6.04,Las Vegas Aviators,statsapi,False
mlbam-694356,Nick Garcia,2024,AAA,Sacramento River Cats,pitcher,25.0,22.333333333333332,16.0,0.0,0.1743119266055046,0.22935779816513763,0.19047619047619047,6.04,6.950746268656717,54.5,54.5,6.04,6.04,Sacramento River Cats,statsapi,False
mlbam-678024,Mike Vasil,2024,AAA,Syracuse Mets,pitcher,24.0,134.0,29.0,27.0,0.17957166392092258,0.085667215815486,0.16901408450704225,6.04,5.2791044776119405,303.5,303.5,6.04,6.04,Syracuse Mets,statsapi,False
mlbam-656232,Brandon Bielak,2024,AAA,Las Vegas Aviators,pitcher,28.0,66.66666666666667,16.0,13.0,0.16387959866220736,0.10367892976588629,0.1282051282051282,6.08,5.109999999999999,149.5,149.5,6.08,6.08,Las Vegas Aviators,statsapi,False
mlbam-681892,Kody Funderburk,2024,AAA,St. Paul Saints,pitcher,28.0,13.333333333333334,11.0,0.0,0.36666666666666664,0.1,0.16666666666666666,6.08,2.575,30.0,30.0,6.08,6.08,St. Paul Saints,statsapi,False
mlbam-663534,Nash Walters,2024,AAA,Rochester Red Wings,pitcher,27.0,13.333333333333334,10.0,0.0,0.16393442622950818,0.11475409836065574,0.16666666666666666,6.08,6.1,30.5,30.5,6.08,6.08,Rochester Red Wings,statsapi,False
mlbam-680573,Simeon Woods Richardson,2024,AAA,St. Paul Saints,pitcher,24.0,13.333333333333334,3.0,3.0,0.2033898305084746,0.0847457627118644,0.0,6.08,2.6500000000000004,29.5,29.5,6.08,6.08,St. Paul Saints,statsapi,False
mlbam-594577,Mike Mayers,2024,AAA,Buffalo Bisons,pitcher,33.0,41.333333333333336,31.0,3.0,0.23711340206185566,0.11855670103092783,0.06896551724137931,6.1,4.164516129032258,97.0,97.0,6.1,6.1,Buffalo Bisons,statsapi,False
mlbam-641851,Kyle McGowin,2024,AAA,Iowa Cubs,pitcher,33.0,47.0,10.0,10.0,0.1822429906542056,0.11214953271028037,0.12903225806451613,6.13,5.248936170212766,107.0,107.0,6.13,6.13,Iowa Cubs,statsapi,False
mlbam-656793,Nick Nelson,2024,AAA,Lehigh Valley IronPigs,pitcher,29.0,54.333333333333336,34.0,5.0,0.17959183673469387,0.11020408163265306,0.11764705882352941,6.13,5.2165644171779135,122.5,122.5,6.13,6.13,Lehigh Valley IronPigs,statsapi,False
mlbam-594835,Marco Gonzales,2024,AAA,Indianapolis Indians,pitcher,32.0,7.333333333333333,2.0,2.0,0.16666666666666666,0.1388888888888889,0.1111111111111111,6.14,5.281818181818182,18.0,18.0,6.14,6.14,Indianapolis Indians,statsapi,False
mlbam-680739,Josh Winder,2024,AAA,St. Paul Saints,pitcher,28.0,41.0,27.0,0.0,0.24479166666666666,0.06770833333333333,0.1388888888888889,6.15,3.5634146341463415,96.0,96.0,6.15,6.15,St. Paul Saints,statsapi,False
mlbam-660623,Huascar Ynoa,2024,AAA,Gwinnett Stripers,pitcher,26.0,26.333333333333332,12.0,5.0,0.19130434782608696,0.11304347826086956,0.1,6.15,4.6189873417721525,57.5,57.5,6.15,6.15,Gwinnett Stripers,statsapi,False
mlbam-669308,Sean Reynolds,2024,AAA,El Paso Chihuahuas,pitcher,26.0,54.0,39.0,3.0,0.26693227091633465,0.13147410358565736,0.09090909090909091,6.17,3.5814814814814815,125.5,125.5,6.17,6.17,El Paso Chihuahuas,statsapi,False
mlbam-681806,Andrew Wantz,2024,AAA,Salt Lake Bees,pitcher,29.0,23.333333333333332,7.0,6.0,0.3177570093457944,0.14018691588785046,0.14814814814814814,6.17,4.4714285714285715,53.5,53.5,6.17,6.17,Salt Lake Bees,statsapi,False
mlbam-665620,Deivi García,2024,AAA,Charlotte Knights,pitcher,25.0,51.0,40.0,5.0,0.2743362831858407,0.11946902654867257,0.1,6.18,3.8254901960784315,113.0,113.0,6.18,6.18,Charlotte Knights,statsapi,False
mlbam-657272,Erich Uelmen,2024,AAA,Reno Aces,pitcher,28.0,27.666666666666668,23.0,1.0,0.18248175182481752,0.11678832116788321,0.11428571428571428,6.18,5.449397590361446,68.5,68.5,6.18,6.18,Reno Aces,statsapi,False
mlbam-800049,Adam Mazur,2024,AAA,Jacksonville Jumbo Shrimp,pitcher,23.0,61.0,13.0,13.0,0.22813688212927757,0.049429657794676805,0.15714285714285714,6.2,4.214754098360656,131.5,131.5,6.2,6.2,Jacksonville Jumbo Shrimp,statsapi,False
mlbam-690103,Chris Jefferson,2024,AAA,Tacoma Rainiers,pitcher,27.0,4.333333333333333,4.0,1.0,0.19047619047619047,0.38095238095238093,0.125,6.23,9.1,10.5,10.5,6.23,6.23,Tacoma Rainiers,statsapi,False
mlbam-702065,Aaron Rozek,2024,AAA,St. Paul Saints,pitcher,29.0,52.0,12.0,10.0,0.1722689075630252,0.07142857142857142,0.058823529411764705,6.23,3.792307692307692,119.0,119.0,6.23,6.23,St. Paul Saints,statsapi,False
mlbam-676105,Jeff Criswell,2024,AAA,Albuquerque Isotopes,pitcher,25.0,57.666666666666664,35.0,0.0,0.2996389891696751,0.10830324909747292,0.1917808219178082,6.24,4.8861271676300575,138.5,138.5,6.24,6.24,Albuquerque Isotopes,statsapi,False
mlbam-682254,Mason Montgomery,2024,AAA,Durham Bulls,pitcher,24.0,87.66666666666667,31.0,14.0,0.26054590570719605,0.08933002481389578,0.18095238095238095,6.26,4.925095057034221,201.5,201.5,6.26,6.26,Durham Bulls,statsapi,False
mlbam-642028,Josh Rogers,2024,AAA,Albuquerque Isotopes,pitcher,30.0,83.33333333333333,19.0,16.0,0.1356382978723404,0.0425531914893617,0.16417910447761194,6.26,5.992000000000001,188.0,188.0,6.26,6.26,Albuquerque Isotopes,statsapi,False
mlbam-680436,Trenton Wallace,2024,AAA,Buffalo Bisons,pitcher,25.0,33.0,9.0,9.0,0.19753086419753085,0.16666666666666666,0.175,6.27,6.6454545454545455,81.0,81.0,6.27,6.27,Buffalo Bisons,statsapi,False
mlbam-571704,Ken Giles,2024,AAA,Gwinnett Stripers,pitcher,34.0,38.666666666666664,42.0,0.0,0.3391812865497076,0.1286549707602339,0.21621621621621623,6.28,4.729310344827587,85.5,85.5,6.28,6.28,Gwinnett Stripers,statsapi,False
mlbam-669111,John McMillon,2024,AAA,Jacksonville Jumbo Shrimp,pitcher,26.0,31.333333333333332,29.0,0.0,0.24503311258278146,0.18543046357615894,0.21875,6.32,6.323404255319149,75.5,75.5,6.32,6.32,Jacksonville Jumbo Shrimp,statsapi,False
mlbam-592288,Kent Emanuel,2024,AAA,Jacksonville Jumbo Shrimp,pitcher,32.0,48.333333333333336,15.0,7.0,0.18552036199095023,0.06787330316742081,0.15,6.33,4.196551724137931,110.5,110.5,6.33,6.33,Jacksonville Jumbo Shrimp,statsapi,False
mlbam-689149,Chad Dallas,2024,AAA,Buffalo Bisons,pitcher,24.0,61.0,14.0,14.0,0.17793594306049823,0.08540925266903915,0.1282051282051282,6.34,5.067213114754098,140.5,140.5,6.34,6.34,Buffalo Bisons,statsapi,False
mlbam-681401,Josh Green,2024,AAA,Reno Aces,pitcher,29.0,17.0,13.0,1.0,0.10256410256410256,0.15384615384615385,0.07692307692307693,6.35,5.2176470588235295,39.0,39.0,6.35,6.35,Reno Aces,statsapi,False
mlbam-663687,Hogan Harris,2024,AAA,Las Vegas Aviators,pitcher,28.0,56.666666666666664,13.0,13.0,0.24074074074074073,0.14444444444444443,0.13793103448275862,6.35,4.864705882352942,135.0,135.0,6.35,6.35,Las Vegas Aviators,statsapi,False
mlbam-622338,Jesús Liranzo,2024,AAA,Scranton/Wilkes-Barre RailRiders,pitcher,29.0,5.666666666666667,5.0,0.0,0.3333333333333333,0.08333333333333333,0.2222222222222222,6.35,5.923529411764706,12.0,12.0,6.35,6.35,Scranton/Wilkes-Barre RailRiders,statsapi,False
mlbam-681217,Chase Silseth,2024,AAA,Salt Lake Bees,pitcher,24.0,28.333333333333332,7.0,7.0,0.12213740458015267,0.13740458015267176,0.14634146341463414,6.35,6.735294117647059,65.5,65.5,6.35,6.35,Salt Lake Bees,statsapi,False
mlbam-605288,Adrian Houser,2024,AAA,Norfolk Tides,pitcher,31.0,35.333333333333336,7.0,7.0,0.16129032258064516,0.07741935483870968,0.07894736842105263,6.37,4.062264150943396,77.5,77.5,6.37,6.37,Norfolk Tides,statsapi,False
mlbam-663883,Brooks Crawford,2024,AAA,Louisville Bats,pitcher,28.0,18.333333333333332,14.0,1.0,0.16666666666666666,0.15476190476190477,0.17391304347826086,6.38,6.7,42.0,42.0,6.38,6.38,Louisville Bats,statsapi,False
mlbam-687934,Jimmy Robbins,2024,AAA,Round Rock Express,pitcher,27.0,12.666666666666666,11.0,0.0,0.22807017543859648,0.17543859649122806,0.125,6.39,5.468421052631579,28.5,28.5,6.39,6.39,Round Rock Express,statsapi,False
mlbam-694363,Jared Shuster,2024,AAA,Charlotte Knights,pitcher,26.0,12.666666666666666,3.0,3.0,0.16363636363636364,0.05454545454545454,0.3076923076923077,6.39,6.494736842105263,27.5,27.5,6.39,6.39,Charlotte Knights,statsapi,False
mlbam-671131,Jackson Rutledge,2024,AAA,Rochester Red Wings,pitcher,25.0,122.33333333333333,27.0,27.0,0.22735346358792186,0.13676731793960922,0.12781954887218044,6.4,4.922888283378747,281.5,281.5,6.4,6.4,Rochester Red Wings,statsapi,False
mlbam-672860,Prelander Berroa,2024,AAA,Charlotte Knights,pitcher,24.0,46.333333333333336,43.0,0.0,0.22477064220183487,0.16055045871559634,0.12727272727272726,6.41,5.279856115107913,109.0,109.0,6.41,6.41,Charlotte Knights,statsapi,False
mlbam-668684,Tanner Tully,2024,AAA,Scranton/Wilkes-Barre RailRiders,pitcher,30.0,99.66666666666667,25.0,22.0,0.12866817155756208,0.06320541760722348,0.11560693641618497,6.41,5.497993311036789,221.5,221.5,6.41,6.41,Scranton/Wilkes-Barre RailRiders,statsapi,False
mlbam-664856,Chance Adams,2024,AAA,Albuquerque Isotopes,pitcher,30.0,57.333333333333336,46.0,3.0,0.16044776119402984,0.1044776119402985,0.05405405405405406,6.44,4.129069767441861,134.0,134.0,6.44,6.44,Albuquerque Isotopes,statsapi,False
mlbam-621016,Jose Cuas,2024,AAA,Lehigh Valley IronPigs,pitcher,30.0,30.666666666666668,30.0,0.0,0.3103448275862069,0.12413793103448276,0.16666666666666666,6.46,3.9152173913043478,72.5,72.5,6.46,6.46,Lehigh Valley IronPigs,statsapi,False
mlbam-543475,Jordan Lyles,2024,AAA,Oklahoma City Baseball Club,pitcher,34.0,15.333333333333334,5.0,4.0,0.17142857142857143,0.07142857142857142,0.15789473684210525,6.46,5.252173913043478,35.0,35.0,6.46,6.46,Oklahoma City Baseball Club,statsapi,False
mlbam-690953,Mick Abel,2024,AAA,Lehigh Valley IronPigs,pitcher,23.0,108.66666666666667,24.0,24.0,0.22718446601941747,0.15145631067961166,0.14150943396226415,6.46,5.004907975460123,257.5,257.5,6.46,6.46,Lehigh Valley IronPigs,statsapi,False
mlbam-685377,Misael Tamarez,2024,AAA,Sugar Land Space Cowboys,pitcher,24.0,71.0,31.0,11.0,0.21100917431192662,0.1345565749235474,0.19767441860465115,6.46,6.254929577464789,163.5,163.5,6.46,6.46,Sugar Land Space Cowboys,statsapi,False
mlbam-667050,Grant Gavin,2024,AAA,Louisville Bats,pitcher,29.0,25.0,9.0,4.0,0.1623931623931624,0.15384615384615385,0.06060606060606061,6.48,4.78,58.5,58.5,6.48,6.48,Louisville Bats,statsapi,False
mlbam-687273,Quinn Mathews,2024,AAA,Memphis Redbirds,pitcher,24.0,16.666666666666668,4.0,4.0,0.27848101265822783,0.17721518987341772,0.07692307692307693,6.48,3.76,39.5,39.5,6.48,6.48,Memphis Redbirds,statsapi,False
mlbam-594580,Sam Moll,2024,AAA,Louisville Bats,pitcher,32.0,8.333333333333334,9.0,0.0,0.225,0.075,0.1,6.48,4.3,20.0,20.0,6.48,6.48,Louisville Bats,statsapi,False
mlbam-675652,Matt Tabor,2024,AAA,Tacoma Rainiers,pitcher,26.0,8.333333333333334,7.0,0.0,0.17073170731707318,0.1951219512195122,0.08333333333333333,6.48,5.859999999999999,20.5,20.5,6.48,6.48,Tacoma Rainiers,statsapi,False
mlbam-669395,Dylan Coleman,2024,AAA,Sugar Land Space Cowboys,pitcher,28.0,36.0,36.0,0.0,0.23863636363636365,0.23863636363636365,0.06060606060606061,6.5,5.405555555555555,88.0,88.0,6.5,6.5,Sugar Land Space Cowboys,statsapi,False
mlbam-666201,Alek Manoah,2024,AAA,Buffalo Bisons,pitcher,26.0,18.0,4.0,4.0,0.32098765432098764,0.08641975308641975,0.26666666666666666,6.5,4.266666666666667,40.5,40.5,6.5,6.5,Buffalo Bisons,statsapi,False
mlbam-656981,Peter Solomon,2024,AAA,Round Rock Express,pitcher,28.0,72.0,22.0,11.0,0.21604938271604937,0.12654320987654322,0.1724137931034483,6.5,5.655555555555555,162.0,162.0,6.5,6.5,Round Rock Express,statsapi,False
mlbam-621074,Michael Rucker,2024,AAA,Rochester Red Wings,pitcher,30.0,27.666666666666668,23.0,0.0,0.2556390977443609,0.07518796992481203,0.14814814814814814,6.51,3.7144578313253014,66.5,66.5,6.51,6.51,Rochester Red Wings,statsapi,False
mlbam-642203,Taylor Widener,2024,AAA,Gwinnett Stripers,pitcher,30.0,56.666666666666664,22.0,11.0,0.22180451127819548,0.11278195488721804,0.13924050632911392,6.51,5.394117647058824,133.0,133.0,6.51,6.51,Gwinnett Stripers,statsapi,False
mlbam-681006,Josh Simpson,2024,AAA,Jacksonville Jumbo Shrimp,pitcher,27.0,9.666666666666666,9.0,0.0,0.3,0.08,0.2727272727272727,6.52,5.893103448275863,25.0,25.0,6.52,6.52,Jacksonville Jumbo Shrimp,statsapi,False
mlbam-660761,José Suarez,2024,AAA,Salt Lake Bees,pitcher,26.0,52.333333333333336,11.0,11.0,0.2530612244897959,0.06938775510204082,0.14492753623188406,6.54,4.361146496815286,122.5,122.5,6.54,6.54,Salt Lake Bees,statsapi,False
mlbam-681815,Tim Brennan,2024,AAA,Round Rock Express,pitcher,28.0,42.666666666666664,17.0,10.0,0.10152284263959391,0.14213197969543148,0.17777777777777778,6.54,6.85,98.5,98.5,6.54,6.54,Round Rock Express,statsapi,False
mlbam-664058,David Fletcher,2024,AAA,Gwinnett Stripers,pitcher,30.0,11.0,5.0,1.0,0.19230769230769232,0.1346153846153846,0.0,6.55,4.009090909090909,26.0,26.0,6.55,6.55,Gwinnett Stripers,statsapi,False
mlbam-675921,Spencer Howard,2024,AAA,Sacramento River Cats,pitcher,28.0,61.666666666666664,22.0,10.0,0.31636363636363635,0.09818181818181818,0.17647058823529413,6.57,4.218918918918919,137.5,137.5,6.57,6.57,Sacramento River Cats,statsapi,False
mlbam-680755,Braydon Fisher,2024,AAA,Buffalo Bisons,pitcher,24.0,30.0,25.0,0.0,0.25170068027210885,0.17006802721088435,0.05405405405405406,6.6,3.9000000000000004,73.5,73.5,6.6,6.6,Buffalo Bisons,statsapi,False
mlbam-687841,Andrew Magno,2024,AAA,Toledo Mud Hens,pitcher,26.0,50.333333333333336,35.0,0.0,0.22821576763485477,0.13692946058091288,0.08695652173913043,6.62,4.212582781456954,120.5,120.5,6.62,6.62,Toledo Mud Hens,statsapi,False
mlbam-686651,Levi Stoudt,2024,AAA,Norfolk Tides,pitcher,27.0,65.0,20.0,11.0,0.1717171717171717,0.12121212121212122,0.20202020202020202,6.65,7.330769230769231,148.5,148.5,6.65,6.65,Norfolk Tides,statsapi,False
mlbam-660261,Shintaro Fujinami,2024,AAA,Syracuse Mets,pitcher,30.0,32.333333333333336,29.0,0.0,0.25675675675675674,0.22297297297297297,0.05405405405405406,6.68,4.893814432989691,74.0,74.0,6.68,6.68,Syracuse Mets,statsapi,False
mlbam-624427,Stephen Gonsalves,2024,AAA,Albuquerque Isotopes,pitcher,30.0,35.0,32.0,0.0,0.2598870056497175,0.23728813559322035,0.0975609756097561,6.69,5.814285714285715,88.5,88.5,6.69,6.69,Albuquerque Isotopes,statsapi,False
mlbam-676604,Tyler Zuber,2024,AAA,Syracuse Mets,pitcher,29.0,37.666666666666664,35.0,0.0,0.27011494252873564,0.12643678160919541,0.10869565217391304,6.69,4.082300884955752,87.0,87.0,6.69,6.69,Syracuse Mets,statsapi,False
mlbam-678371,Ivan Armstrong,2024,AAA,Salt Lake Bees,pitcher,24.0,10.666666666666666,4.0,1.0,0.09090909090909091,0.10909090909090909,0.0625,6.75,5.63125,27.5,27.5,6.75,6.75,Salt Lake Bees,statsapi,False
mlbam-687195,Jake Garland,2024,AAA,Las Vegas Aviators,pitcher,24.0,4.0,1.0,1.0,0.4117647058823529,0.11764705882352941,0.6666666666666666,6.75,7.6,8.5,8.5,6.75,6.75,Las Vegas Aviators,statsapi,False
mlbam-701856,Patrick Halligan,2024,AAA,Gwinnett Stripers,pitcher,25.0,5.333333333333333,4.0,1.0,0.1724137931034483,0.27586206896551724,0.0,6.75,5.725,14.5,14.5,6.75,6.75,Gwinnett Stripers,statsapi,False
mlbam-668971,Mason Hickman,2024,AAA,Columbus Clippers,pitcher,26.0,32.0,25.0,0.0,0.2847682119205298,0.152317880794702,0.24444444444444444,6.75,7.0375,75.5,75.5,6.75,6.75,Columbus Clippers,statsapi,False
mlbam-625643,Reynaldo López,2024,AAA,Gwinnett Stripers,pitcher,30.0,4.0,1.0,1.0,0.21052631578947367,0.05263157894736842,0.0,6.75,2.6,9.5,9.5,6.75,6.75,Gwinnett Stripers,statsapi,False
mlbam-669387,Carmen Mlodzinski,2024,AAA,Indianapolis Indians,pitcher,25.0,17.333333333333332,15.0,0.0,0.2125,0.1,0.2,6.75,5.86923076923077,40.0,40.0,6.75,6.75,Indianapolis Indians,statsapi,False
mlbam-595345,Steven Okert,2024,AAA,St. Paul Saints,pitcher,33.0,5.333333333333333,7.0,0.0,0.3225806451612903,0.12903225806451613,0.0,6.75,2.725,15.5,15.5,6.75,6.75,St. Paul Saints,statsapi,False
mlbam-663500,Hunter Parsons,2024,AAA,Syracuse Mets,pitcher,27.0,6.666666666666667,5.0,1.0,0.30303030303030304,0.24242424242424243,0.14285714285714285,6.75,5.65,16.5,16.5,6.75,6.75,Syracuse Mets,statsapi,False
mlbam-621363,Colin Poche,2024,AAA,Durham Bulls,pitcher,30.0,2.6666666666666665,3.0,0.0,0.08333333333333333,0.08333333333333333,0.0,6.75,3.475,6.0,6.0,6.75,6.75,Durham Bulls,statsapi,False
mlbam-688497,Taylor Rashi,2024,AAA,Reno Aces,pitcher,28.0,4.0,3.0,0.0,0.15,0.2,0.0,6.75,4.6,10.0,10.0,6.75,6.75,Reno Aces,statsapi,False
mlbam-642701,Dennis Santana,2024,AAA,Scranton/Wilkes-Barre RailRiders,pitcher,28.0,1.3333333333333333,2.0,0.0,0.2,0.3,0.0,6.75,6.85,5.0,5.0,6.75,6.75,Scranton/Wilkes-Barre RailRiders,statsapi,False
mlbam-688274,Hayden Seig,2024,AAA,Salt Lake Bees,pitcher,26.0,12.0,4.0,1.0,0.125,0.05357142857142857,0.08333333333333333,6.75,4.016666666666667,28.0,28.0,6.75,6.75,Salt Lake Bees,statsapi,False
mlbam-642563,Raffi Vizcaíno,2024,AAA,Jacksonville Jumbo Shrimp,pitcher,29.0,21.333333333333332,14.0,0.0,0.2761904761904762,0.20952380952380953,0.13333333333333333,6.75,4.975,52.5,52.5,6.75,6.75,Jacksonville Jumbo Shrimp,statsapi,False
mlbam-686608,Jacob Wallace,2024,AAA,Omaha Storm Chasers,pitcher,26.0,2.6666666666666665,3.0,0.0,0.2727272727272727,0.0,0.0,6.75,0.8500000000000001,5.5,5.5,6.75,6.75,Omaha Storm Chasers,statsapi,False
mlbam-808967,Yoshinobu Yamamoto,2024,AAA,Oklahoma City Baseball Club,pitcher,26.0,4.0,2.0,2.0,0.29411764705882354,0.11764705882352941,0.3333333333333333,6.75,5.35,8.5,8.5,6.75,6.75,Oklahoma City Baseball Club,statsapi,False
mlbam-687589,Dom Hamel,2024,AAA,Syracuse Mets,pitcher,25.0,124.66666666666667,27.0,27.0,0.21305841924398625,0.1323024054982818,0.13609467455621302,6.79,5.482352941176471,291.0,291.0,6.79,6.79,Syracuse Mets,statsapi,False
mlbam-665048,Hobie Harris,2024,AAA,St. Paul Saints,pitcher,31.0,54.333333333333336,44.0,0.0,0.23754789272030652,0.11877394636015326,0.1774193548387097,6.79,5.161349693251534,130.5,130.5,6.79,6.79,St. Paul Saints,statsapi,False
mlbam-642530,Luis Reyes,2024,AAA,Rochester Red Wings,pitcher,30.0,43.666666666666664,32.0,1.0,0.1267605633802817,0.11737089201877934,0.08888888888888889,6.8,5.046564885496183,106.5,106.5,6.8,6.8,Rochester Red Wings,statsapi,False
mlbam-669704,Kade Strowd,2024,AAA,Norfolk Tides,pitcher,27.0,41.0,37.0,0.0,0.3076923076923077,0.13846153846153847,0.2692307692307692,6.8,4.514634146341463,97.5,97.5,6.8,6.8,Norfolk Tides,statsapi,False
mlbam-663649,Nolan Watson,2024,AAA,El Paso Chihuahuas,pitcher,27.0,35.666666666666664,8.0,8.0,0.2375,0.08125,0.23404255319148937,6.81,6.1560747663551405,80.0,80.0,6.81,6.81,El Paso Chihuahuas,statsapi,False
mlbam-694851,Andrew Hoffmann,2024,AAA,Omaha Storm Chasers,pitcher,24.0,66.0,25.0,11.0,0.2088607594936709,0.10126582278481013,0.13043478260869565,6.82,4.6454545454545455,158.0,158.0,6.82,6.82,Omaha Storm Chasers,statsapi,False
mlbam-674384,Eduarniel Núñez,2024,AAA,Iowa Cubs,pitcher,25.0,23.666666666666668,19.0,0.0,0.1864406779661017,0.2288135593220339,0.16666666666666666,6.85,6.691549295774648,59.0,59.0,6.85,6.85,Iowa Cubs,statsapi,False
mlbam-664691,Garvin Alston,2024,AAA,Rochester Red Wings,pitcher,27.0,18.333333333333332,9.0,0.0,0.2125,0.1375,0.10714285714285714,6.87,5.172727272727273,40.0,40.0,6.87,6.87,Rochester Red Wings,statsapi,False
mlbam-687798,Nick Robertson,2024,AAA,Buffalo Bisons,pitcher,26.0,36.666666666666664,33.0,0.0,0.21714285714285714,0.14285714285714285,0.10810810810810811,6.87,4.654545454545454,87.5,87.5,6.87,6.87,Buffalo Bisons,statsapi,False
mlbam-682027,Cam Alldred,2024,AAA,Indianapolis Indians,pitcher,28.0,34.0,9.0,9.0,0.21794871794871795,0.11538461538461539,0.0967741935483871,6.88,3.923529411764706,78.0,78.0,6.88,6.88,Indianapolis Indians,statsapi,False
mlbam-628708,Yunior Marte,2024,AAA,Lehigh Valley IronPigs,pitcher,29.0,17.0,16.0,0.0,0.175,0.125,0.07692307692307693,6.88,4.335294117647059,40.0,40.0,6.88,6.88,Lehigh Valley IronPigs,statsapi,False
mlbam-656726,Sam McWilliams,2024,AAA,Nashville Sounds,pitcher,29.0,62.333333333333336,35.0,4.0,0.3024054982817869,0.140893470790378,0.2028985507246377,6.93,5.265775401069519,145.5,145.5,6.93,6.93,Nashville Sounds,statsapi,False
mlbam-502624,Chase Anderson,2024,AAA,Round Rock Express,pitcher,37.0,11.666666666666666,4.0,4.0,0.21052631578947367,0.08771929824561403,0.16666666666666666,6.94,5.671428571428572,28.5,28.5,6.94,6.94,Round Rock Express,statsapi,False
mlbam-681084,Tanner Andrews,2024,AAA,Sacramento River Cats,pitcher,29.0,55.666666666666664,38.0,0.0,0.2846441947565543,0.14232209737827714,0.1509433962264151,6.95,4.231736526946108,133.5,133.5,6.95,6.95,Sacramento River Cats,statsapi,False
mlbam-592473,Adam Kolarek,2024,AAA,Salt Lake Bees,pitcher,35.0,31.0,31.0,0.0,0.22,0.12,0.15384615384615385,6.97,4.487096774193549,75.0,75.0,6.97,6.97,Salt Lake Bees,statsapi,False
mlbam-675540,Xzavion Curry,2024,AAA,Jacksonville Jumbo Shrimp,pitcher,26.0,60.666666666666664,14.0,13.0,0.18450184501845018,0.0959409594095941,0.17708333333333334,6.97,6.479120879120879,135.5,135.5,6.97,6.97,Jacksonville Jumbo Shrimp,statsapi,False
mlbam-681066,Ky Bush,2024,AAA,Charlotte Knights,pitcher,25.0,25.666666666666668,6.0,4.0,0.1896551724137931,0.1206896551724138,0.15789473684210525,7.01,4.775324675324676,58.0,58.0,7.01,7.01,Charlotte Knights,statsapi,False
mlbam-668834,Easton McGee,2024,AAA,Nashville Sounds,pitcher,27.0,24.333333333333332,11.0,2.0,0.18018018018018017,0.02702702702702703,0.07407407407407407,7.03,3.264383561643836,55.5,55.5,7.03,7.03,Nashville Sounds,statsapi,False
mlbam-643256,Adam Cimber,2024,AAA,Salt Lake Bees,pitcher,34.0,15.333333333333334,11.0,0.0,0.24096385542168675,0.060240963855421686,0.18181818181818182,7.04,5.839130434782609,41.5,41.5,7.04,7.04,Salt Lake Bees,statsapi,False
mlbam-667427,Zach Jackson,2024,AAA,Las Vegas Aviators,pitcher,30.0,34.333333333333336,35.0,0.0,0.2529411764705882,0.25882352941176473,0.10810810810810811,7.08,5.866990291262136,85.0,85.0,7.08,7.08,Las Vegas Aviators,statsapi,False
mlbam-680232,Jackson Wolf,2024,AAA,El Paso Chihuahuas,pitcher,25.0,89.0,26.0,18.0,0.17592592592592593,0.13194444444444445,0.12149532710280374,7.08,5.414606741573033,216.0,216.0,7.08,7.08,El Paso Chihuahuas,statsapi,False
mlbam-543391,Casey Kelly,2024,AAA,Louisville Bats,pitcher,35.0,26.666666666666668,6.0,6.0,0.140625,0.1171875,0.15384615384615385,7.09,6.25,64.0,64.0,7.09,7.09,Louisville Bats,statsapi,False
mlbam-656458,Lucas Gilbreath,2024,AAA,Albuquerque Isotopes,pitcher,28.0,6.333333333333333,7.0,0.0,0.1875,0.15625,0.0,7.11,4.994736842105263,16.0,16.0,7.11,7.11,Albuquerque Isotopes,statsapi,False
mlbam-621076,James Kaprielian,2024,AAA,Buffalo Bisons,pitcher,30.0,49.333333333333336,12.0,12.0,0.1652892561983471,0.14049586776859505,0.18309859154929578,7.11,7.032432432432433,121.0,121.0,7.11,7.11,Buffalo Bisons,statsapi,False
mlbam-694787,Jimmy Burnette,2024,AAA,Buffalo Bisons,pitcher,26.0,10.0,8.0,0.0,0.13725490196078433,0.13725490196078433,0.0,7.2,4.7,25.5,25.5,7.2,7.2,Buffalo Bisons,statsapi,False
mlbam-688753,Evan Gates,2024,AAA,Sacramento River Cats,pitcher,26.0,35.0,20.0,0.0,0.19047619047619047,0.08333333333333333,0.14285714285714285,7.2,4.7,84.0,84.0,7.2,7.2,Sacramento River Cats,statsapi,False
mlbam-681306,Christian MacLeod,2024,AAA,St. Paul Saints,pitcher,24.0,5.0,1.0,1.0,0.23809523809523808,0.047619047619047616,0.1,7.2,4.3,10.5,10.5,7.2,7.2,St. Paul Saints,statsapi,False
mlbam-690294,Shane Murphy,2024,AAA,Charlotte Knights,pitcher,23.0,10.0,3.0,2.0,0.18181818181818182,0.1590909090909091,0.13333333333333333,7.2,6.2,22.0,22.0,7.2,7.2,Charlotte Knights,statsapi,False
mlbam-682645,Jerming Rosario,2024,AAA,Oklahoma City Baseball Club,pitcher,22.0,5.0,1.0,1.0,0.21739130434782608,0.2608695652173913,0.0,7.2,4.7,11.5,11.5,7.2,7.2,Oklahoma City Baseball Club,statsapi,False
mlbam-681871,Eli Villalobos,2024,AAA,Toledo Mud Hens,pitcher,27.0,20.0,16.0,0.0,0.24,0.18,0.14285714285714285,7.2,5.5,50.0,50.0,7.2,7.2,Toledo Mud Hens,statsapi,False
mlbam-681216,Tyler Woessner,2024,AAA,Nashville Sounds,pitcher,25.0,38.666666666666664,15.0,5.0,0.14948453608247422,0.17525773195876287,0.16071428571428573,7.22,7.496551724137932,97.0,97.0,7.22,7.22,Nashville Sounds,statsapi,False
mlbam-687849,Zak Kent,2024,AAA,Columbus Clippers,pitcher,26.0,23.666666666666668,14.0,3.0,0.25,0.1724137931034483,0.09090909090909091,7.23,4.409859154929578,58.0,58.0,7.23,7.23,Columbus Clippers,statsapi,False
mlbam-663989,Nick Vespi,2024,AAA,Norfolk Tides,pitcher,29.0,42.333333333333336,29.0,0.0,0.24056603773584906,0.14622641509433962,0.05128205128205128,7.23,3.714173228346457,106.0,106.0,7.23,7.23,Norfolk Tides,statsapi,False
mlbam-669648,John Doxakis,2024,AAA,Columbus Clippers,pitcher,26.0,31.0,20.0,0.0,0.1935483870967742,0.1935483870967742,0.16,7.26,6.229032258064516,77.5,77.5,7.26,7.26,Columbus Clippers,statsapi,False
mlbam-656954,Justus Sheffield,2024,AAA,Louisville Bats,pitcher,28.0,43.333333333333336,17.0,8.0,0.18518518518518517,0.12962962962962962,0.13333333333333333,7.27,5.2,108.0,108.0,7.27,7.27,Louisville Bats,statsapi,False
mlbam-661332,Luke Westphal,2024,AAA,El Paso Chihuahuas,pitcher,35.0,26.0,13.0,3.0,0.18253968253968253,0.18253968253968253,0.0967741935483871,7.27,5.484615384615385,63.0,63.0,7.27,7.27,El Paso Chihuahuas,statsapi,False
mlbam-675660,Shane Drohan,2024,AAA,Worcester Red Sox,pitcher,25.0,11.0,7.0,2.0,0.22413793103448276,0.20689655172413793,0.0,7.36,4.009090909090909,29.0,29.0,7.36,7.36,Worcester Red Sox,statsapi,False
mlbam-641585,J.P. France,2024,AAA,Sugar Land Space Cowboys,pitcher,29.0,3.6666666666666665,1.0,1.0,0.15789473684210525,0.21052631578947367,0.0,7.36,4.736363636363636,9.5,9.5,7.36,7.36,Sugar Land Space Cowboys,statsapi,False
mlbam-802686,Hayden Harris,2024,AAA,Gwinnett Stripers,pitcher,25.0,22.0,22.0,0.0,0.3333333333333333,0.1523809523809524,0.25,7.36,5.190909090909091,52.5,52.5,7.36,7.36,Gwinnett Stripers,statsapi,False
mlbam-665665,Reiver Sanmartin,2024,AAA,Louisville Bats,pitcher,28.0,18.333333333333332,18.0,0.0,0.2,0.07777777777777778,0.18181818181818182,7.36,4.027272727272727,45.0,45.0,7.36,7.36,Louisville Bats,statsapi,False
mlbam-667563,Jake Sommers,2024,AAA,Albuquerque Isotopes,pitcher,27.0,3.6666666666666665,3.0,0.0,0.2631578947368421,0.21052631578947367,0.0,7.36,3.6454545454545455,9.5,9.5,7.36,7.36,Albuquerque Isotopes,statsapi,False
mlbam-503449,Wily Peralta,2024,AAA,Indianapolis Indians,pitcher,35.0,32.666666666666664,17.0,4.0,0.2,0.09655172413793103,0.17073170731707318,7.44,5.395918367346939,72.5,72.5,7.44,7.44,Indianapolis Indians,statsapi,False
mlbam-622250,Josh Sborz,2024,AAA,Round Rock Express,pitcher,31.0,9.666666666666666,11.0,0.0,0.3333333333333333,0.2222222222222222,0.0,7.45,3.1,22.5,22.5,7.45,7.45,Round Rock Express,statsapi,False
mlbam-685410,Peyton Battenfield,2024,AAA,Albuquerque Isotopes,pitcher,27.0,118.33333333333333,26.0,24.0,0.14814814814814814,0.08703703703703704,0.15025906735751296,7.45,6.226760563380282,270.0,270.0,7.45,7.45,Albuquerque Isotopes,statsapi,False
mlbam-679857,Carlos Tavera,2024,AAA,Norfolk Tides,pitcher,26.0,47.0,14.0,6.0,0.18181818181818182,0.15584415584415584,0.18032786885245902,7.47,6.717021276595744,115.5,115.5,7.47,7.47,Norfolk Tides,statsapi,False
mlbam-681402,Gus Varland,2024,AAA,Charlotte Knights,pitcher,28.0,37.333333333333336,32.0,1.0,0.2411764705882353,0.07647058823529412,0.14634146341463414,7.47,4.2785714285714285,85.0,85.0,7.47,7.47,Charlotte Knights,statsapi,False
mlbam-690990,Cade Horton,2024,AAA,Iowa Cubs,pitcher,23.0,18.0,5.0,5.0,0.2716049382716049,0.13580246913580246,0.14814814814814814,7.5,5.377777777777778,40.5,40.5,7.5,7.5,Iowa Cubs,statsapi,False
mlbam-642152,Lou Trivino III,2024,AAA,Scranton/Wilkes-Barre RailRiders,pitcher,33.0,6.0,6.0,0.0,0.20689655172413793,0.13793103448275862,0.14285714285714285,7.5,5.266666666666667,14.5,14.5,7.5,7.5,Scranton/Wilkes-Barre RailRiders,statsapi,False
mlbam-681890,Troy Watson,2024,AAA,Toledo Mud Hens,pitcher,27.0,75.33333333333333,36.0,15.0,0.21774193548387097,0.13172043010752688,0.18446601941747573,7.53,6.299115044247788,186.0,186.0,7.53,7.53,Toledo Mud Hens,statsapi,False
mlbam-687075,Brandon Sproat,2024,AAA,Syracuse Mets,pitcher,24.0,28.666666666666668,7.0,7.0,0.16279069767441862,0.08527131782945736,0.21875,7.53,6.169767441860465,64.5,64.5,7.53,7.53,Syracuse Mets,statsapi,False
mlbam-701859,Justin Armbruester,2024,AAA,Norfolk Tides,pitcher,26.0,119.33333333333333,29.0,26.0,0.23434704830053668,0.12343470483005367,0.14673913043478262,7.54,5.957541899441341,279.5,279.5,7.54,7.54,Norfolk Tides,statsapi,False
mlbam-701603,Tyler Stuart,2024,AAA,Rochester Red Wings,pitcher,25.0,16.666666666666668,4.0,4.0,0.17105263157894737,0.13157894736842105,0.06666666666666667,7.56,4.48,38.0,38.0,7.56,7.56,Rochester Red Wings,statsapi,False
mlbam-683822,Naoyuki Uwasawa,2024,AAA,Worcester Red Sox,pitcher,30.0,59.0,20.0,6.0,0.16845878136200718,0.12903225806451613,0.11267605633802817,7.63,5.4050847457627125,139.5,139.5,7.63,7.63,Worcester Red Sox,statsapi,False
mlbam-688953,Trevor Brigden,2024,AAA,Durham Bulls,pitcher,29.0,35.333333333333336,32.0,0.0,0.2830188679245283,0.09433962264150944,0.16326530612244897,7.64,4.854716981132075,79.5,79.5,7.64,7.64,Durham Bulls,statsapi,False
mlbam-676275,Blake Beers,2024,AAA,Las Vegas Aviators,pitcher,26.0,20.0,4.0,3.0,0.1717171717171717,0.10101010101010101,0.18518518518518517,7.65,6.45,49.5,49.5,7.65,7.65,Las Vegas Aviators,statsapi,False
mlbam-691526,Spencer Stockton,2024,AAA,Louisville Bats,pitcher,28.0,20.0,12.0,0.0,0.16842105263157894,0.14736842105263157,0.17857142857142858,7.65,7.0,47.5,47.5,7.65,7.65,Louisville Bats,statsapi,False
mlbam-800550,Miguel Cienfuegos,2024,AAA,El Paso Chihuahuas,pitcher,27.0,22.333333333333332,5.0,5.0,0.09259259259259259,0.1388888888888889,0.13043478260869565,7.66,6.2343283582089555,54.0,54.0,7.66,7.66,El Paso Chihuahuas,statsapi,False
mlbam-641739,Rob Kaminsky,2024,AAA,Tacoma Rainiers,pitcher,30.0,47.0,15.0,8.0,0.1956521739130435,0.07391304347826087,0.19444444444444445,7.66,4.334042553191489,115.0,115.0,7.66,7.66,Tacoma Rainiers,statsapi,False
mlbam-669912,Kirby Snead,2024,AAA,Tacoma Rainiers,pitcher,30.0,36.333333333333336,40.0,0.0,0.19767441860465115,0.09883720930232558,0.23076923076923078,7.68,5.026605504587156,86.0,86.0,7.68,7.68,Tacoma Rainiers,statsapi,False
mlbam-664082,Michael Boyle,2024,AAA,St. Paul Saints,pitcher,30.0,9.333333333333334,10.0,0.0,0.08,0.14,0.13333333333333333,7.71,7.2785714285714285,25.0,25.0,7.71,7.71,St. Paul Saints,statsapi,False
mlbam-672550,Danis Correa,2024,AAA,Las Vegas Aviators,pitcher,25.0,11.666666666666666,11.0,0.0,0.21875,0.234375,0.1111111111111111,7.71,6.7,32.0,32.0,7.71,7.71,Las Vegas Aviators,statsapi,False
mlbam-641501,Tyler Danish,2024,AAA,Albuquerque Isotopes,pitcher,30.0,39.666666666666664,11.0,10.0,0.1262135922330097,0.1553398058252427,0.07692307692307693,7.71,5.595798319327731,103.0,103.0,7.71,7.71,Albuquerque Isotopes,statsapi,False
mlbam-683157,Evan Fitterer,2024,AAA,Jacksonville Jumbo Shrimp,pitcher,24.0,25.666666666666668,6.0,6.0,0.23015873015873015,0.15079365079365079,0.21052631578947367,7.71,5.788311688311689,63.0,63.0,7.71,7.71,Jacksonville Jumbo Shrimp,statsapi,False
mlbam-656755,Bryce Montes de Oca,2024,AAA,Syracuse Mets,pitcher,28.0,4.666666666666667,6.0,0.0,0.25925925925925924,0.3333333333333333,0.3333333333333333,7.71,12.742857142857142,13.5,13.5,7.71,7.71,Syracuse Mets,statsapi,False
mlbam-664028,Brett Kennedy,2024,AAA,Louisville Bats,pitcher,30.0,43.0,10.0,10.0,0.18478260869565216,0.04891304347826087,0.21052631578947367,7.74,5.913953488372093,92.0,92.0,7.74,7.74,Louisville Bats,statsapi,False
mlbam-676742,Cam Sanders,2024,AAA,Iowa Cubs,pitcher,28.0,32.333333333333336,30.0,1.0,0.28735632183908044,0.22413793103448276,0.2413793103448276,7.79,6.718556701030927,87.0,87.0,7.79,7.79,Iowa Cubs,statsapi,False
mlbam-660906,Francisco Pérez,2024,AAA,Las Vegas Aviators,pitcher,27.0,35.666666666666664,34.0,0.0,0.28654970760233917,0.12280701754385964,0.28125,7.82,5.314953271028038,85.5,85.5,7.82,7.82,Las Vegas Aviators,statsapi,False
mlbam-684871,Enmanuel Mejia,2024,AAA,Durham Bulls,pitcher,26.0,54.0,42.0,5.0,0.22957198443579765,0.14396887159533073,0.2033898305084746,7.83,6.0814814814814815,128.5,128.5,7.83,7.83,Durham Bulls,statsapi,False
mlbam-813895,Corey Avant,2024,AAA,Las Vegas Aviators,pitcher,23.0,13.666666666666666,10.0,0.0,0.19047619047619047,0.14285714285714285,0.0,7.9,3.758536585365854,31.5,31.5,7.9,7.9,Las Vegas Aviators,statsapi,False
mlbam-663941,Tristan Beck,2024,AAA,Sacramento River Cats,pitcher,28.0,13.666666666666666,5.0,5.0,0.26153846153846155,0.046153846153846156,0.16666666666666666,7.9,4.12439024390244,32.5,32.5,7.9,7.9,Sacramento River Cats,statsapi,False
mlbam-689167,Jeff Lindgren,2024,AAA,Jacksonville Jumbo Shrimp,pitcher,28.0,27.333333333333332,10.0,3.0,0.20454545454545456,0.12121212121212122,0.2702702702702703,7.9,7.856097560975609,66.0,66.0,7.9,7.9,Jacksonville Jumbo Shrimp,statsapi,False
mlbam-681938,Angel Reyes,2024,AAA,Toledo Mud Hens,pitcher,27.0,19.333333333333332,10.0,1.0,0.11224489795918367,0.1836734693877551,0.14285714285714285,7.91,7.393103448275863,49.0,49.0,7.91,7.91,Toledo Mud Hens,statsapi,False
mlbam-592717,Aaron Sanchez,2024,AAA,Buffalo Bisons,pitcher,32.0,61.333333333333336,14.0,14.0,0.1404109589041096,0.13356164383561644,0.16049382716049382,7.92,6.817391304347826,146.0,146.0,7.92,7.92,Buffalo Bisons,statsapi,False
mlbam-674681,Michael Plassmeyer,2024,AAA,Indianapolis Indians,pitcher,28.0,70.33333333333333,28.0,11.0,0.2670807453416149,0.040372670807453416,0.13095238095238096,7.93,3.6687203791469196,161.0,161.0,7.93,7.93,Indianapolis Indians,statsapi,False
mlbam-571710,Mychal Givens,2024,AAA,Jacksonville Jumbo Shrimp,pitcher,34.0,11.333333333333334,9.0,0.0,0.24074074074074073,0.09259259259259259,0.13333333333333333,7.94,4.688235294117647,27.0,27.0,7.94,7.94,Jacksonville Jumbo Shrimp,statsapi,False
mlbam-680744,Ty Madden,2024,AAA,Toledo Mud Hens,pitcher,24.0,79.0,18.0,18.0,0.2756756756756757,0.10810810810810811,0.19318181818181818,7.97,4.872151898734177,185.0,185.0,7.97,7.97,Toledo Mud Hens,statsapi,False
mlbam-680686,Josiah Gray,2024,AAA,Rochester Red Wings,pitcher,27.0,9.0,2.0,2.0,0.1282051282051282,0.02564102564102564,0.1111111111111111,8.0,5.544444444444444,19.5,19.5,8.0,8.0,Rochester Red Wings,statsapi,False
mlbam-683175,Connor Phillips,2024,AAA,Louisville Bats,pitcher,23.0,78.66666666666667,19.0,19.0,0.1969309462915601,0.1534526854219949,0.16161616161616163,8.01,6.341525423728814,195.5,195.5,8.01,8.01,Louisville Bats,statsapi,False
mlbam-676879,Aaron Ashby,2024,AAA,Nashville Sounds,pitcher,26.0,84.0,25.0,14.0,0.21957040572792363,0.17422434367541767,0.08771929824561403,8.04,4.54047619047619,209.5,209.5,8.04,8.04,Nashville Sounds,statsapi,False
mlbam-676221,Jorge Benitez,2024,AAA,Worcester Red Sox,pitcher,25.0,35.666666666666664,26.0,0.0,0.24022346368715083,0.19553072625698323,0.15625,8.07,5.791588785046729,89.5,89.5,8.07,8.07,Worcester Red Sox,statsapi,False
mlbam-663366,Beau Burrows,2024,AAA,Lehigh Valley IronPigs,pitcher,28.0,13.333333333333334,9.0,0.0,0.15942028985507245,0.2608695652173913,0.058823529411764705,8.1,6.475,34.5,34.5,8.1,8.1,Lehigh Valley IronPigs,statsapi,False
mlbam-681740,Benito Garcia,2024,AAA,Memphis Redbirds,pitcher,24.0,3.3333333333333335,1.0,0.0,0.05555555555555555,0.1111111111111111,0.4,8.1,12.1,9.0,9.0,8.1,8.1,Memphis Redbirds,statsapi,False
mlbam-657006,Justin Steele,2024,AAA,Iowa Cubs,pitcher,29.0,3.3333333333333335,1.0,1.0,0.23529411764705882,0.058823529411764705,0.0,8.1,1.6,8.5,8.5,8.1,8.1,Iowa Cubs,statsapi,False
mlbam-621079,Collin Wiles,2024,AAA,Round Rock Express,pitcher,30.0,6.666666666666667,2.0,2.0,0.1875,0.125,0.1,8.1,5.05,16.0,16.0,8.1,8.1,Round Rock Express,statsapi,False
mlbam-676206,Freddy Tarnok,2024,AAA,Lehigh Valley IronPigs,pitcher,26.0,28.666666666666668,21.0,5.0,0.25,0.15441176470588236,0.1891891891891892,8.16,6.309302325581395,68.0,68.0,8.16,8.16,Lehigh Valley IronPigs,statsapi,False
mlbam-644396,Luis Ledo,2024,AAA,Salt Lake Bees,pitcher,29.0,39.666666666666664,25.0,3.0,0.20207253886010362,0.12953367875647667,0.15625,8.17,4.965546218487395,96.5,96.5,8.17,8.17,Salt Lake Bees,statsapi,False
mlbam-681190,Randy Vásquez,2024,AAA,El Paso Chihuahuas,pitcher,26.0,41.666666666666664,10.0,10.0,0.22,0.065,0.19607843137254902,8.21,5.332000000000001,100.0,100.0,8.21,8.21,El Paso Chihuahuas,statsapi,False
mlbam-669416,Blayne Enlow,2024,AAA,Sacramento River Cats,pitcher,25.0,7.666666666666667,2.0,2.0,0.1891891891891892,0.08108108108108109,0.0,8.22,2.839130434782609,18.5,18.5,8.22,8.22,Sacramento River Cats,statsapi,False
mlbam-605452,Joe Ross,2024,AAA,Nashville Sounds,pitcher,31.0,12.0,3.0,3.0,0.16363636363636364,0.10909090909090909,0.14285714285714285,8.25,5.516666666666667,27.5,27.5,8.25,8.25,Nashville Sounds,statsapi,False
mlbam-643493,Austin Pruitt,2024,AAA,Las Vegas Aviators,pitcher,35.0,25.0,18.0,2.0,0.15833333333333333,0.09166666666666666,0.15625,8.28,5.62,60.0,60.0,8.28,8.28,Las Vegas Aviators,statsapi,False
mlbam-671142,Jaime Arias,2024,AAA,Columbus Clippers,pitcher,25.0,21.666666666666668,7.0,1.0,0.12264150943396226,0.12264150943396226,0.17073170731707318,8.31,8.038461538461538,53.0,53.0,8.31,8.31,Columbus Clippers,statsapi,False
mlbam-684949,Zac Leigh,2024,AAA,Iowa Cubs,pitcher,27.0,13.0,13.0,0.0,0.20512820512820512,0.23076923076923078,0.1111111111111111,8.31,6.484615384615385,39.0,39.0,8.31,8.31,Iowa Cubs,statsapi,False
mlbam-686830,Avery Weems,2024,AAA,Round Rock Express,pitcher,27.0,4.333333333333333,4.0,1.0,0.15,0.1,0.125,8.31,6.1,10.0,10.0,8.31,8.31,Round Rock Express,statsapi,False
mlbam-666721,Max Castillo,2024,AAA,Lehigh Valley IronPigs,pitcher,25.0,43.0,11.0,10.0,0.17703349282296652,0.11483253588516747,0.19298245614035087,8.37,6.448837209302326,104.5,104.5,8.37,8.37,Lehigh Valley IronPigs,statsapi,False
mlbam-681544,Wyatt Olds,2024,AAA,Worcester Red Sox,pitcher,25.0,24.666666666666668,17.0,0.0,0.28225806451612906,0.20161290322580644,0.16,8.39,6.018918918918919,62.0,62.0,8.39,8.39,Worcester Red Sox,statsapi,False
mlbam-669434,Stevie Emanuels,2024,AAA,Las Vegas Aviators,pitcher,25.0,15.0,14.0,0.0,0.25333333333333335,0.18666666666666668,0.23809523809523808,8.4,7.699999999999999,37.5,37.5,8.4,8.4,Las Vegas Aviators,statsapi,False
mlbam-664301,Wandisson Charles,2024,AAA,Norfolk Tides,pitcher,28.0,25.666666666666668,25.0,0.0,0.2109375,0.21875,0.13043478260869565,8.42,6.022077922077922,64.0,64.0,8.42,8.42,Norfolk Tides,statsapi,False
mlbam-665625,Elvis Peguero,2024,AAA,Nashville Sounds,pitcher,27.0,5.333333333333333,6.0,0.0,0.15384615384615385,0.11538461538461539,0.0,8.44,3.85,13.0,13.0,8.44,8.44,Nashville Sounds,statsapi,False
mlbam-676689,Ricky Karcher,2024,AAA,Reno Aces,pitcher,27.0,22.333333333333332,21.0,0.0,0.28440366972477066,0.28440366972477066,0.07142857142857142,8.46,5.204477611940298,54.5,54.5,8.46,8.46,Reno Aces,statsapi,False
mlbam-700183,Blake Holub,2024,AAA,Nashville Sounds,pitcher,26.0,23.333333333333332,25.0,0.0,0.2631578947368421,0.19298245614035087,0.09090909090909091,8.49,4.4714285714285715,57.0,57.0,8.49,8.49,Nashville Sounds,statsapi,False
mlbam-695865,Wilmer Flores,2024,AAA,Toledo Mud Hens,pitcher,23.0,25.333333333333332,16.0,0.0,0.1796875,0.1875,0.0967741935483871,8.53,5.784210526315789,64.0,64.0,8.53,8.53,Toledo Mud Hens,statsapi,False
mlbam-668761,Colin Peluse,2024,AAA,Las Vegas Aviators,pitcher,26.0,6.333333333333333,5.0,1.0,0.06451612903225806,0.1935483870967742,0.1,8.53,7.363157894736842,15.5,15.5,8.53,8.53,Las Vegas Aviators,statsapi,False
mlbam-681808,Chris Vallimont,2024,AAA,Oklahoma City Baseball Club,pitcher,27.0,42.0,10.0,9.0,0.165,0.135,0.16666666666666666,8.57,7.004761904761905,100.0,100.0,8.57,8.57,Oklahoma City Baseball Club,statsapi,False
mlbam-656876,Drew Rasmussen,2024,AAA,Durham Bulls,pitcher,29.0,7.333333333333333,5.0,2.0,0.24242424242424243,0.0,0.4,8.59,4.872727272727273,16.5,16.5,8.59,8.59,Durham Bulls,statsapi,False
mlbam-701539,Eric Torres,2024,AAA,Salt Lake Bees,pitcher,25.0,7.333333333333333,6.0,0.0,0.20512820512820512,0.28205128205128205,0.0,8.59,5.827272727272728,19.5,19.5,8.59,8.59,Salt Lake Bees,statsapi,False
mlbam-678906,Kai-Wei Teng,2024,AAA,Sacramento River Cats,pitcher,26.0,75.33333333333333,23.0,13.0,0.17039106145251395,0.12290502793296089,0.16091954022988506,8.6,5.9274336283185844,179.0,179.0,8.6,8.6,Sacramento River Cats,statsapi,False
mlbam-607644,John Means,2024,AAA,Norfolk Tides,pitcher,31.0,18.666666666666668,6.0,6.0,0.25882352941176473,0.08235294117647059,0.2,8.68,5.510714285714286,42.5,42.5,8.68,8.68,Norfolk Tides,statsapi,False
mlbam-694553,Tyson Guerrero,2024,AAA,Omaha Storm Chasers,pitcher,25.0,20.666666666666668,5.0,5.0,0.14432989690721648,0.14432989690721648,0.15151515151515152,8.71,6.92258064516129,48.5,48.5,8.71,8.71,Omaha Storm Chasers,statsapi,False
mlbam-607229,Robert Gsellman,2024,AAA,Rochester Red Wings,pitcher,31.0,36.0,17.0,4.0,0.20118343195266272,0.11242603550295859,0.11428571428571428,8.75,4.405555555555556,84.5,84.5,8.75,8.75,Rochester Red Wings,statsapi,False
mlbam-687145,Evan Justice,2024,AAA,Albuquerque Isotopes,pitcher,26.0,24.666666666666668,32.0,0.0,0.1897810218978102,0.24817518248175183,0.07407407407407407,8.76,6.667567567567568,68.5,68.5,8.76,8.76,Albuquerque Isotopes,statsapi,False
mlbam-605521,Art Warren,2024,AAA,Scranton/Wilkes-Barre RailRiders,pitcher,31.0,26.666666666666668,24.0,0.0,0.2116788321167883,0.16058394160583941,0.2222222222222222,8.78,7.4125,68.5,68.5,8.78,8.78,Scranton/Wilkes-Barre RailRiders,statsapi,False
mlbam-543001,Ryan Carpenter,2024,AAA,El Paso Chihuahuas,pitcher,34.0,59.0,14.0,14.0,0.15658362989323843,0.1103202846975089,0.24675324675324675,8.85,7.523728813559321,140.5,140.5,8.85,8.85,El Paso Chihuahuas,statsapi,False
mlbam-527054,Julio Teheran,2024,AAA,Norfolk Tides,pitcher,33.0,49.333333333333336,12.0,12.0,0.2033195020746888,0.0912863070539419,0.1774193548387097,8.94,5.654054054054054,120.5,120.5,8.94,8.94,Norfolk Tides,statsapi,False
mlbam-666154,Karl Kauffmann,2024,AAA,Albuquerque Isotopes,pitcher,27.0,129.66666666666666,29.0,29.0,0.11598746081504702,0.11912225705329153,0.19767441860465115,8.95,7.218251928020566,319.0,319.0,8.95,8.95,Albuquerque Isotopes,statsapi,False
mlbam-679304,Reid Birlingmair,2024,AAA,Round Rock Express,pitcher,28.0,19.0,14.0,0.0,0.17475728155339806,0.22330097087378642,0.15384615384615385,9.0,7.5736842105263165,51.5,51.5,9.0,9.0,Round Rock Express,statsapi,False
mlbam-666745,Jhony Brito,2024,AAA,El Paso Chihuahuas,pitcher,26.0,14.0,6.0,6.0,0.1232876712328767,0.1232876712328767,0.2,9.0,5.814285714285715,36.5,36.5,9.0,9.0,El Paso Chihuahuas,statsapi,False
mlbam-688664,Ryan Brown,2024,AAA,Las Vegas Aviators,pitcher,24.0,4.0,3.0,0.0,0.18181818181818182,0.13636363636363635,0.14285714285714285,9.0,8.1,11.0,11.0,9.0,9.0,Las Vegas Aviators,statsapi,False
mlbam-621142,Ty Buttrey,2024,AAA,Tacoma Rainiers,pitcher,31.0,29.0,29.0,1.0,0.22142857142857142,0.1,0.17142857142857143,9.0,5.1,70.0,70.0,9.0,9.0,Tacoma Rainiers,statsapi,False
mlbam-621129,Kyle Cody,2024,AAA,Sacramento River Cats,pitcher,30.0,4.0,3.0,0.0,0.19230769230769232,0.23076923076923078,0.0,9.0,5.85,13.0,13.0,9.0,9.0,Sacramento River Cats,statsapi,False
mlbam-694650,Cameron Cotter,2024,AAA,Sacramento River Cats,pitcher,26.0,1.0,1.0,0.0,0.14285714285714285,0.42857142857142855,0.0,9.0,10.1,3.5,3.5,9.0,9.0,Sacramento River Cats,statsapi,False
mlbam-699823,Tyler Davis,2024,AAA,Charlotte Knights,pitcher,26.0,5.0,4.0,0.0,0.19047619047619047,0.14285714285714285,0.2857142857142857,9.0,8.5,10.5,10.5,9.0,9.0,Charlotte Knights,statsapi,False
mlbam-657562,Patrick Dorrian,2024,AAA,Nashville Sounds,pitcher,28.0,1.0,1.0,0.0,0.0,0.0,0.0,9.0,3.1,3.5,3.5,9.0,9.0,Nashville Sounds,statsapi,False
mlbam-661395,Jhoan Duran,2024,AAA,St. Paul Saints,pitcher,26.0,2.0,2.0,0.0,0.5,0.0,0.12,9.0,-1.9,5.0,5.0,9.0,9.0,St. Paul Saints,statsapi,False
mlbam-669001,J.C. Flowers,2024,AAA,Indianapolis Indians,pitcher,26.0,20.0,14.0,2.0,0.14285714285714285,0.23214285714285715,0.2857142857142857,9.0,8.3,56.0,56.0,9.0,9.0,Indianapolis Indians,statsapi,False
mlbam-669443,Aaron Hernandez,2024,AAA,Salt Lake Bees,pitcher,28.0,2.0,2.0,0.0,0.18181818181818182,0.2727272727272727,0.0,9.0,5.6,5.5,5.5,9.0,9.0,Salt Lake Bees,statsapi,False
mlbam-695038,Sean Hunley,2024,AAA,Durham Bulls,pitcher,25.0,1.0,1.0,0.0,0.0,0.16666666666666666,0.12,9.0,9.1,3.0,3.0,9.0,9.0,Durham Bulls,statsapi,False
mlbam-669192,Wil Jensen,2024,AAA,Sacramento River Cats,pitcher,27.0,5.0,3.0,0.0,0.25,0.21428571428571427,0.0,9.0,3.9000000000000004,14.0,14.0,9.0,9.0,Sacramento River Cats,statsapi,False
mlbam-671936,Adam Macko,2024,AAA,Buffalo Bisons,pitcher,24.0,3.0,1.0,1.0,0.1875,0.1875,0.3333333333333333,9.0,12.766666666666666,8.0,8.0,9.0,9.0,Buffalo Bisons,statsapi,False
mlbam-663302,John Murphy,2024,AAA,Louisville Bats,pitcher,28.0,2.0,2.0,0.0,0.1111111111111111,0.2222222222222222,0.25,9.0,11.6,4.5,4.5,9.0,9.0,Louisville Bats,statsapi,False
mlbam-680865,Jake Pfennigs,2024,AAA,Las Vegas Aviators,pitcher,25.0,2.0,1.0,0.0,0.0,0.0,0.0,9.0,4.6,5.5,5.5,9.0,9.0,Las Vegas Aviators,statsapi,False
mlbam-668687,Andre Scrubb,2024,AAA,Syracuse Mets,pitcher,29.0,2.0,1.0,0.0,0.0,0.375,0.0,9.0,7.6,4.0,4.0,9.0,9.0,Syracuse Mets,statsapi,False
mlbam-622098,Drew Smith,2024,AAA,Syracuse Mets,pitcher,31.0,4.0,4.0,0.0,0.058823529411764705,0.058823529411764705,0.2,9.0,6.6,8.5,8.5,9.0,9.0,Syracuse Mets,statsapi,False
mlbam-605513,Spencer Turnbull,2024,AAA,Lehigh Valley IronPigs,pitcher,32.0,2.0,1.0,0.0,0.2222222222222222,0.1111111111111111,0.5,9.0,9.1,4.5,4.5,9.0,9.0,Lehigh Valley IronPigs,statsapi,False
mlbam-622415,Anthony Vizcaya,2024,AAA,Gwinnett Stripers,pitcher,31.0,1.0,1.0,0.0,0.0,0.2857142857142857,0.0,9.0,9.1,3.5,3.5,9.0,9.0,Gwinnett Stripers,statsapi,False
mlbam-657089,Logan Warmoth,2024,AAA,Tacoma Rainiers,pitcher,29.0,1.0,1.0,0.0,0.0,0.16666666666666666,0.0,9.0,6.1,3.0,3.0,9.0,9.0,Tacoma Rainiers,statsapi,False
mlbam-802138,Jacob Watters,2024,AAA,Las Vegas Aviators,pitcher,23.0,3.0,1.0,0.0,0.0,0.3333333333333333,0.0,9.0,8.1,7.5,7.5,9.0,9.0,Las Vegas Aviators,statsapi,False
mlbam-595939,Chris Ellis,2024,AAA,Reno Aces,pitcher,32.0,64.33333333333333,15.0,15.0,0.14193548387096774,0.14516129032258066,0.15384615384615385,9.09,6.752849740932643,155.0,155.0,9.09,9.09,Reno Aces,statsapi,False
mlbam-664048,Kyle Wilcox,2024,AAA,Albuquerque Isotopes,pitcher,30.0,25.666666666666668,16.0,0.0,0.22556390977443608,0.18796992481203006,0.2,9.12,6.567532467532468,66.5,66.5,9.12,9.12,Albuquerque Isotopes,statsapi,False
mlbam-656818,Connor Overton,2024,AAA,Louisville Bats,pitcher,31.0,24.666666666666668,9.0,2.0,0.11206896551724138,0.05172413793103448,0.2564102564102564,9.12,8.41081081081081,58.0,58.0,9.12,9.12,Louisville Bats,statsapi,False
mlbam-672839,Francisco Morales,2024,AAA,Reno Aces,pitcher,25.0,20.666666666666668,19.0,0.0,0.30392156862745096,0.21568627450980393,0.23076923076923078,9.15,5.906451612903226,51.0,51.0,9.15,9.15,Reno Aces,statsapi,False
mlbam-699071,Christian Romero,2024,AAA,Oklahoma City Baseball Club,pitcher,22.0,17.666666666666668,4.0,4.0,0.09302325581395349,0.05813953488372093,0.17857142857142858,9.17,7.571698113207548,43.0,43.0,9.17,9.17,Oklahoma City Baseball Club,statsapi,False
mlbam-699613,Houston Harding,2024,AAA,Salt Lake Bees,pitcher,26.0,15.666666666666666,6.0,5.0,0.12345679012345678,0.12345679012345678,0.15384615384615385,9.19,7.0574468085106385,40.5,40.5,9.19,9.19,Salt Lake Bees,statsapi,False
mlbam-607219,Sal Romano,2024,AAA,Worcester Red Sox,pitcher,31.0,25.333333333333332,15.0,0.0,0.1282051282051282,0.1111111111111111,0.1724137931034483,9.24,6.139473684210527,58.5,58.5,9.24,9.24,Worcester Red Sox,statsapi,False
mlbam-666121,Tyler Baum,2024,AAA,Las Vegas Aviators,pitcher,26.0,10.666666666666666,9.0,0.0,0.12727272727272726,0.2,0.2727272727272727,9.28,8.81875,27.5,27.5,9.28,9.28,Las Vegas Aviators,statsapi,False
mlbam-688910,Blake Goldsberry,2024,AAA,Albuquerque Isotopes,pitcher,27.0,9.666666666666666,10.0,1.0,0.10714285714285714,0.25,0.07692307692307693,9.31,6.927586206896552,28.0,28.0,9.31,9.31,Albuquerque Isotopes,statsapi,False
mlbam-667421,Blaine Knight,2024,AAA,Lehigh Valley IronPigs,pitcher,28.0,9.666666666666666,7.0,0.0,0.22916666666666666,0.14583333333333334,0.21428571428571427,9.31,7.341379310344827,24.0,24.0,9.31,9.31,Lehigh Valley IronPigs,statsapi,False
mlbam-681520,Antoine Kelly,2024,AAA,Albuquerque Isotopes,pitcher,25.0,25.0,27.0,0.0,0.23880597014925373,0.23134328358208955,0.1111111111111111,9.36,6.0600000000000005,67.0,67.0,9.36,9.36,Albuquerque Isotopes,statsapi,False
mlbam-641712,Dakota Hudson,2024,AAA,Albuquerque Isotopes,pitcher,30.0,11.333333333333334,3.0,3.0,0.18181818181818182,0.07272727272727272,0.15384615384615385,9.53,4.952941176470588,27.5,27.5,9.53,9.53,Albuquerque Isotopes,statsapi,False
mlbam-663793,Dakota Chalmers,2024,AAA,Reno Aces,pitcher,28.0,26.333333333333332,25.0,0.0,0.3188405797101449,0.2463768115942029,0.10526315789473684,9.57,5.302531645569621,69.0,69.0,9.57,9.57,Reno Aces,statsapi,False
mlbam-675963,Josh Roberson,2024,AAA,El Paso Chihuahuas,pitcher,28.0,10.333333333333334,10.0,0.0,0.1694915254237288,0.15254237288135594,0.07142857142857142,9.58,5.616129032258065,29.5,29.5,9.58,9.58,El Paso Chihuahuas,statsapi,False
mlbam-681902,Brad Case,2024,AAA,Indianapolis Indians,pitcher,28.0,4.666666666666667,2.0,0.0,0.041666666666666664,0.125,0.3333333333333333,9.64,11.457142857142856,12.0,12.0,9.64,9.64,Indianapolis Indians,statsapi,False
mlbam-666123,Austin Bergner,2024,AAA,Toledo Mud Hens,pitcher,27.0,30.666666666666668,10.0,9.0,0.20245398773006135,0.15950920245398773,0.14285714285714285,9.68,5.708695652173914,81.5,81.5,9.68,9.68,Toledo Mud Hens,statsapi,False
mlbam-547176,Daniel Camarena,2024,AAA,El Paso Chihuahuas,pitcher,32.0,36.0,14.0,7.0,0.15934065934065933,0.14285714285714285,0.2708333333333333,9.75,8.433333333333334,91.0,91.0,9.75,9.75,El Paso Chihuahuas,statsapi,False
mlbam-668665,Stephen Nogosek,2024,AAA,Rochester Red Wings,pitcher,29.0,15.666666666666666,11.0,0.0,0.1875,0.225,0.20833333333333334,9.77,8.972340425531915,40.0,40.0,9.77,9.77,Rochester Red Wings,statsapi,False
mlbam-523260,Joe Kelly,2024,AAA,Oklahoma City Baseball Club,pitcher,36.0,3.6666666666666665,5.0,0.0,0.29411764705882354,0.35294117647058826,0.0,9.82,5.281818181818182,8.5,8.5,9.82,9.82,Oklahoma City Baseball Club,statsapi,False
mlbam-671109,Jake Eder,2024,AAA,Charlotte Knights,pitcher,26.0,34.666666666666664,9.0,9.0,0.21428571428571427,0.16071428571428573,0.22580645161290322,9.87,6.157692307692308,84.0,84.0,9.87,9.87,Charlotte Knights,statsapi,False
mlbam-691641,Jose Acuna,2024,AAA,Louisville Bats,pitcher,22.0,12.666666666666666,4.0,4.0,0.15384615384615385,0.06153846153846154,0.08695652173913043,9.95,4.757894736842106,32.5,32.5,9.95,9.95,Louisville Bats,statsapi,False
mlbam-683690,Royber Salinas,2024,AAA,Las Vegas Aviators,pitcher,23.0,6.333333333333333,2.0,2.0,0.24242424242424243,0.24242424242424243,0.25,9.95,6.41578947368421,16.5,16.5,9.95,9.95,Las Vegas Aviators,statsapi,False
mlbam-624420,Ian Clarkin,2024,AAA,Reno Aces,pitcher,29.0,9.0,6.0,0.0,0.25,0.10416666666666667,0.5,10.0,5.322222222222223,24.0,24.0,10.0,10.0,Reno Aces,statsapi,False
mlbam-680423,Cole McDonald,2024,AAA,Sugar Land Space Cowboys,pitcher,27.0,20.666666666666668,20.0,0.0,0.1836734693877551,0.14285714285714285,0.2727272727272727,10.02,7.309677419354838,49.0,49.0,10.02,10.02,Sugar Land Space Cowboys,statsapi,False
mlbam-656548,Jordan Holloway,2024,AAA,Tacoma Rainiers,pitcher,28.0,32.333333333333336,35.0,0.0,0.24022346368715083,0.2681564245810056,0.15151515151515152,10.02,6.9041237113402065,89.5,89.5,10.02,10.02,Tacoma Rainiers,statsapi,False
mlbam-669618,Joe Barlow,2024,AAA,Charlotte Knights,pitcher,29.0,11.666666666666666,12.0,0.0,0.23333333333333334,0.13333333333333333,0.29411764705882354,10.03,8.32857142857143,30.0,30.0,10.03,10.03,Charlotte Knights,statsapi,False
mlbam-542963,Rob Brantly,2024,AAA,Durham Bulls,pitcher,35.0,2.6666666666666665,3.0,0.0,0.07692307692307693,0.15384615384615385,0.2222222222222222,10.13,14.35,6.5,6.5,10.13,10.13,Durham Bulls,statsapi,False
mlbam-672767,Deury Carrasco,2024,AAA,Sugar Land Space Cowboys,pitcher,25.0,2.6666666666666665,1.0,0.0,0.06666666666666667,0.2,0.12,10.13,6.85,7.5,7.5,10.13,10.13,Sugar Land Space Cowboys,statsapi,False
mlbam-663372,Ryan Feltner,2024,AAA,Albuquerque Isotopes,pitcher,28.0,2.6666666666666665,1.0,1.0,0.2,0.13333333333333333,0.0,10.13,3.1,7.5,7.5,10.13,10.13,Albuquerque Isotopes,statsapi,False
mlbam-680734,Kyle Luckham,2024,AAA,Rochester Red Wings,pitcher,25.0,15.0,4.0,4.0,0.12987012987012986,0.12987012987012986,0.21739130434782608,10.2,8.3,38.5,38.5,10.2,10.2,Rochester Red Wings,statsapi,False
mlbam-668766,Dylan File,2024,AAA,Reno Aces,pitcher,28.0,9.666666666666666,3.0,2.0,0.08,0.06,0.11764705882352941,10.24,6.513793103448276,25.0,25.0,10.24,10.24,Reno Aces,statsapi,False
mlbam-677955,Jaden Hill,2024,AAA,Albuquerque Isotopes,pitcher,25.0,7.0,7.0,0.0,0.34210526315789475,0.15789473684210525,0.3333333333333333,10.29,4.671428571428572,19.0,19.0,10.29,10.29,Albuquerque Isotopes,statsapi,False
mlbam-667677,Zac Houston,2024,AAA,Lehigh Valley IronPigs,pitcher,30.0,14.0,14.0,0.0,0.2638888888888889,0.19444444444444445,0.21052631578947367,10.29,7.957142857142857,36.0,36.0,10.29,10.29,Lehigh Valley IronPigs,statsapi,False
mlbam-664901,Danny Mendick,2024,AAA,Charlotte Knights,pitcher,31.0,7.0,5.0,0.0,0.027777777777777776,0.08333333333333333,0.25,10.29,9.67142857142857,18.0,18.0,10.29,10.29,Charlotte Knights,statsapi,False
mlbam-679883,Luinder Avila,2024,AAA,Omaha Storm Chasers,pitcher,23.0,4.333333333333333,1.0,1.0,0.13636363636363635,0.18181818181818182,0.0,10.38,4.484615384615385,11.0,11.0,10.38,10.38,Omaha Storm Chasers,statsapi,False
mlbam-680743,Ryan Cusick,2024,AAA,Las Vegas Aviators,pitcher,25.0,4.333333333333333,2.0,0.0,0.07142857142857142,0.14285714285714285,0.0,10.38,6.330769230769231,14.0,14.0,10.38,10.38,Las Vegas Aviators,statsapi,False
mlbam-681924,R.J. Dabovich,2024,AAA,Sacramento River Cats,pitcher,25.0,4.333333333333333,4.0,0.0,0.18518518518518517,0.2222222222222222,0.0,10.38,5.638461538461539,13.5,13.5,10.38,10.38,Sacramento River Cats,statsapi,False
mlbam-695318,Jamison Hill,2024,AAA,Reno Aces,pitcher,25.0,4.333333333333333,1.0,1.0,0.09090909090909091,0.18181818181818182,0.2,10.38,10.946153846153846,11.0,11.0,10.38,10.38,Reno Aces,statsapi,False
mlbam-570560,Yolmer Sánchez,2024,AAA,Syracuse Mets,pitcher,32.0,4.333333333333333,6.0,0.0,0.0,0.041666666666666664,0.25,10.38,9.792307692307693,12.0,12.0,10.38,10.38,Syracuse Mets,statsapi,False
mlbam-595014,Blake Treinen,2024,AAA,Oklahoma City Baseball Club,pitcher,36.0,4.333333333333333,5.0,1.0,0.3,0.0,0.0,10.38,0.3307692307692305,10.0,10.0,10.38,10.38,Oklahoma City Baseball Club,statsapi,False
mlbam-665622,Luis Medina,2024,AAA,Las Vegas Aviators,pitcher,25.0,6.0,2.0,2.0,0.21212121212121213,0.09090909090909091,0.16666666666666666,10.5,5.933333333333334,16.5,16.5,10.5,10.5,Las Vegas Aviators,statsapi,False
mlbam-434378,Justin Verlander,2024,AAA,Sugar Land Space Cowboys,pitcher,41.0,6.0,2.0,2.0,0.3,0.1,0.16666666666666666,10.5,3.7666666666666666,15.0,15.0,10.5,10.5,Sugar Land Space Cowboys,statsapi,False
mlbam-641646,Joe Gunkel,2024,AAA,St. Paul Saints,pitcher,33.0,27.333333333333332,9.0,7.0,0.08088235294117647,0.04411764705882353,0.21875,10.54,6.282926829268293,68.0,68.0,10.54,10.54,St. Paul Saints,statsapi,False
mlbam-656756,Jordan Montgomery,2024,AAA,Reno Aces,pitcher,32.0,7.666666666666667,2.0,2.0,0.23076923076923078,0.1282051282051282,0.2222222222222222,10.57,6.1,19.5,19.5,10.57,10.57,Reno Aces,statsapi,False
mlbam-661269,Vladimir Gutierrez,2024,AAA,Worcester Red Sox,pitcher,29.0,12.666666666666666,7.0,2.0,0.14492753623188406,0.21739130434782608,0.11764705882352941,10.66,7.363157894736842,34.5,34.5,10.66,10.66,Worcester Red Sox,statsapi,False
mlbam-673316,Luke Barker,2024,AAA,Tacoma Rainiers,pitcher,32.0,6.666666666666667,5.0,0.0,0.18181818181818182,0.2727272727272727,0.1111111111111111,10.8,7.300000000000001,16.5,16.5,10.8,10.8,Tacoma Rainiers,statsapi,False
mlbam-554340,Yimi García,2024,AAA,Buffalo Bisons,pitcher,34.0,1.6666666666666665,2.0,0.0,0.2857142857142857,0.14285714285714285,0.0,10.8,2.5,3.5,3.5,10.8,10.8,Buffalo Bisons,statsapi,False
mlbam-656814,Luis Ortiz,2024,AAA,Lehigh Valley IronPigs,pitcher,29.0,1.6666666666666665,1.0,0.0,0.0,0.125,0.25,10.8,14.5,4.0,4.0,10.8,10.8,Lehigh Valley IronPigs,statsapi,False
mlbam-664092,Sean Poppen,2024,AAA,Tacoma Rainiers,pitcher,30.0,3.3333333333333335,2.0,0.0,0.3125,0.125,0.3333333333333333,10.8,9.7,8.0,8.0,10.8,10.8,Tacoma Rainiers,statsapi,False
mlbam-660756,Eury Ramos,2024,AAA,Lehigh Valley IronPigs,pitcher,27.0,6.666666666666667,6.0,0.0,0.13157894736842105,0.2631578947368421,0.3,10.8,11.95,19.0,19.0,10.8,10.8,Lehigh Valley IronPigs,statsapi,False
mlbam-815587,Trent Sellers,2024,AAA,Scranton/Wilkes-Barre RailRiders,pitcher,25.0,1.6666666666666665,1.0,0.0,0.2222222222222222,0.3333333333333333,0.0,10.8,6.1000000000000005,4.5,4.5,10.8,10.8,Scranton/Wilkes-Barre RailRiders,statsapi,False
mlbam-661309,Adrián Martinez,2024,AAA,Las Vegas Aviators,pitcher,28.0,22.0,18.0,0.0,0.16379310344827586,0.12931034482758622,0.28,11.05,7.554545454545455,58.0,58.0,11.05,11.05,Las Vegas Aviators,statsapi,False
mlbam-627392,Daniel Missaki,2024,AAA,Iowa Cubs,pitcher,28.0,5.666666666666667,3.0,1.0,0.2857142857142857,0.17857142857142858,0.25,11.12,5.2176470588235295,14.0,14.0,11.12,11.12,Iowa Cubs,statsapi,False
mlbam-695034,Kade Morris,2024,AAA,Las Vegas Aviators,pitcher,22.0,5.666666666666667,2.0,1.0,0.06896551724137931,0.13793103448275862,0.2857142857142857,11.12,9.1,14.5,14.5,11.12,11.12,Las Vegas Aviators,statsapi,False
mlbam-595881,Tyler Beede,2024,AAA,Columbus Clippers,pitcher,31.0,22.333333333333332,12.0,5.0,0.20869565217391303,0.1391304347826087,0.23809523809523808,11.28,6.2791044776119405,57.5,57.5,11.28,11.28,Columbus Clippers,statsapi,False
mlbam-657024,Erik Swanson,2024,AAA,Buffalo Bisons,pitcher,31.0,16.666666666666668,18.0,0.0,0.18888888888888888,0.14444444444444443,0.30434782608695654,11.34,9.04,45.0,45.0,11.34,11.34,Buffalo Bisons,statsapi,False
mlbam-665152,Dean Kremer,2024,AAA,Norfolk Tides,pitcher,28.0,8.666666666666666,3.0,3.0,0.1956521739130435,0.08695652173913043,0.23529411764705882,11.42,8.407692307692308,23.0,23.0,11.42,11.42,Norfolk Tides,statsapi,False
mlbam-702471,Hunter Dula,2024,AAA,Sacramento River Cats,pitcher,25.0,4.666666666666667,3.0,0.0,0.07407407407407407,0.07407407407407407,0.2222222222222222,11.57,9.742857142857142,13.5,13.5,11.57,11.57,Sacramento River Cats,statsapi,False
mlbam-702465,Ryan Long,2024,AAA,Norfolk Tides,pitcher,25.0,4.666666666666667,1.0,0.0,0.19047619047619047,0.0,0.3,11.57,9.742857142857142,10.5,10.5,11.57,11.57,Norfolk Tides,statsapi,False
mlbam-643615,T.J. Zeuch,2024,AAA,Rochester Red Wings,pitcher,29.0,22.333333333333332,11.0,1.0,0.09836065573770492,0.07377049180327869,0.32142857142857145,11.69,9.01044776119403,61.0,61.0,11.69,11.69,Rochester Red Wings,statsapi,False
mlbam-608349,Corey Knebel,2024,AAA,Salt Lake Bees,pitcher,33.0,10.0,12.0,1.0,0.2545454545454545,0.12727272727272726,0.2,11.7,5.0,27.5,27.5,11.7,11.7,Salt Lake Bees,statsapi,False
mlbam-664139,Ian Gibaut,2024,AAA,Louisville Bats,pitcher,31.0,7.666666666666667,9.0,1.0,0.13953488372093023,0.13953488372093023,0.25,11.74,9.752173913043478,21.5,21.5,11.74,11.74,Louisville Bats,statsapi,False
mlbam-543606,Jake Odorizzi,2024,AAA,Durham Bulls,pitcher,34.0,5.333333333333333,2.0,2.0,0.06896551724137931,0.1724137931034483,0.16666666666666666,11.81,8.725,14.5,14.5,11.81,11.81,Durham Bulls,statsapi,False
mlbam-676907,Billy Sullivan,2024,AAA,Las Vegas Aviators,pitcher,25.0,5.333333333333333,6.0,0.0,0.1111111111111111,0.2777777777777778,0.0,11.81,8.9125,18.0,18.0,11.81,11.81,Las Vegas Aviators,statsapi,False
mlbam-661536,Melvin Adón,2024,AAA,Worcester Red Sox,pitcher,30.0,8.333333333333334,7.0,0.0,0.2727272727272727,0.22727272727272727,0.25,11.88,7.299999999999999,22.0,22.0,11.88,11.88,Worcester Red Sox,statsapi,False
mlbam-685461,Cesar Gomez,2024,AAA,Sugar Land Space Cowboys,pitcher,26.0,11.333333333333334,8.0,2.0,0.11940298507462686,0.19402985074626866,0.07692307692307693,11.91,6.276470588235294,33.5,33.5,11.91,11.91,Sugar Land Space Cowboys,statsapi,False
mlbam-601713,Nick Pivetta,2024,AAA,Worcester Red Sox,pitcher,31.0,3.0,1.0,1.0,0.3125,0.25,0.0,12.0,3.7666666666666666,8.0,8.0,12.0,12.0,Worcester Red Sox,statsapi,False
mlbam-680933,Joander Suarez,2024,AAA,Syracuse Mets,pitcher,24.0,9.0,2.0,2.0,0.13953488372093023,0.023255813953488372,0.3125,12.0,9.322222222222223,21.5,21.5,12.0,12.0,Syracuse Mets,statsapi,False
mlbam-666208,Alex Speas,2024,AAA,Worcester Red Sox,pitcher,26.0,29.666666666666668,32.0,0.0,0.2727272727272727,0.2606060606060606,0.20833333333333334,12.13,6.706741573033708,82.5,82.5,12.13,12.13,Worcester Red Sox,statsapi,False
mlbam-681555,Andrew Politi,2024,AAA,Worcester Red Sox,pitcher,28.0,10.333333333333334,11.0,0.0,0.23076923076923078,0.11538461538461539,0.35714285714285715,12.19,9.1,26.0,26.0,12.19,12.19,Worcester Red Sox,statsapi,False
mlbam-458681,Lance Lynn,2024,AAA,Memphis Redbirds,pitcher,37.0,3.6666666666666665,1.0,1.0,0.4,0.1,0.0,12.27,0.3727272727272726,10.0,10.0,12.27,12.27,Memphis Redbirds,statsapi,False
mlbam-657510,Andrew Bechtold,2024,AAA,Buffalo Bisons,pitcher,28.0,4.333333333333333,4.0,0.0,0.21428571428571427,0.25,0.25,12.46,8.176923076923078,14.0,14.0,12.46,12.46,Buffalo Bisons,statsapi,False
mlbam-605347,Jorge López,2024,AAA,Iowa Cubs,pitcher,31.0,4.333333333333333,5.0,0.0,0.13043478260869565,0.043478260869565216,0.5,12.46,6.792307692307693,11.5,11.5,12.46,12.46,Iowa Cubs,statsapi,False
mlbam-673872,Bobby Milacki,2024,AAA,El Paso Chihuahuas,pitcher,28.0,9.0,5.0,0.0,0.16666666666666666,0.125,0.2727272727272727,13.0,7.655555555555555,24.0,24.0,13.0,13.0,El Paso Chihuahuas,statsapi,False
mlbam-682240,Stephen Jones,2024,AAA,Albuquerque Isotopes,pitcher,27.0,21.333333333333332,20.0,0.0,0.1925925925925926,0.17777777777777778,0.18518518518518517,13.08,7.365625,67.5,67.5,13.08,13.08,Albuquerque Isotopes,statsapi,False
mlbam-518397,Scott Alexander,2024,AAA,Las Vegas Aviators,pitcher,35.0,2.6666666666666665,4.0,0.0,0.3125,0.0625,0.12,13.5,2.725,8.0,8.0,13.5,13.5,Las Vegas Aviators,statsapi,False
mlbam-666906,Jake Alu,2024,AAA,Rochester Red Wings,pitcher,27.0,2.0,3.0,0.0,0.09090909090909091,0.18181818181818182,0.16666666666666666,13.5,11.6,5.5,5.5,13.5,13.5,Rochester Red Wings,statsapi,False
mlbam-695071,Zach Barnes,2024,AAA,Reno Aces,pitcher,25.0,16.666666666666668,10.0,0.0,0.11956521739130435,0.13043478260869565,0.16666666666666666,13.5,6.82,46.0,46.0,13.5,13.5,Reno Aces,statsapi,False
mlbam-666124,Luke Berryhill,2024,AAA,Sugar Land Space Cowboys,pitcher,26.0,1.3333333333333333,1.0,0.0,0.0,0.42857142857142855,0.0,13.5,9.85,3.5,3.5,13.5,13.5,Sugar Land Space Cowboys,statsapi,False
mlbam-669624,Michael Bienlien,2024,AAA,Toledo Mud Hens,pitcher,26.0,6.0,4.0,0.0,0.29411764705882354,0.14705882352941177,0.5,13.5,7.1,17.0,17.0,13.5,13.5,Toledo Mud Hens,statsapi,False
mlbam-641394,Jake Brentz,2024,AAA,Omaha Storm Chasers,pitcher,30.0,6.0,8.0,0.0,0.14634146341463414,0.4146341463414634,0.25,13.5,12.766666666666666,20.5,20.5,13.5,13.5,Omaha Storm Chasers,statsapi,False
mlbam-679922,Carlos Duran,2024,AAA,Oklahoma City Baseball Club,pitcher,23.0,1.3333333333333333,1.0,1.0,0.42857142857142855,0.42857142857142855,0.0,13.5,5.35,3.5,3.5,13.5,13.5,Oklahoma City Baseball Club,statsapi,False
mlbam-681896,Anthony Hoopii-Tuionetoa,2024,AAA,Charlotte Knights,pitcher,24.0,8.666666666666666,9.0,0.0,0.18604651162790697,0.11627906976744186,0.058823529411764705,13.5,4.484615384615385,21.5,21.5,13.5,13.5,Charlotte Knights,statsapi,False
mlbam-690148,Chris Kachmar,2024,AAA,Iowa Cubs,pitcher,28.0,2.6666666666666665,2.0,1.0,0.05555555555555555,0.3333333333333333,0.0,13.5,9.1,9.0,9.0,13.5,13.5,Iowa Cubs,statsapi,False
mlbam-691032,Luis Moreno,2024,AAA,Syracuse Mets,pitcher,25.0,6.0,3.0,2.0,0.21212121212121213,0.21212121212121213,0.0,13.5,4.766666666666667,16.5,16.5,13.5,13.5,Syracuse Mets,statsapi,False
mlbam-669251,Tanner Myatt,2024,AAA,Scranton/Wilkes-Barre RailRiders,pitcher,26.0,2.0,1.0,0.0,0.0,0.1,0.0,13.5,4.6,5.0,5.0,13.5,13.5,Scranton/Wilkes-Barre RailRiders,statsapi,False
mlbam-701549,Jaylen Nowlin,2024,AAA,St. Paul Saints,pitcher,23.0,2.0,3.0,0.0,0.16666666666666666,0.0,0.5,13.5,10.6,6.0,6.0,13.5,13.5,St. Paul Saints,statsapi,False
mlbam-670351,Jose Rojas,2024,AAA,Scranton/Wilkes-Barre RailRiders,pitcher,31.0,2.0,2.0,0.0,0.0,0.16666666666666666,0.14285714285714285,13.5,12.6,6.0,6.0,13.5,13.5,Scranton/Wilkes-Barre RailRiders,statsapi,False
mlbam-519326,Hunter Strickland,2024,AAA,Salt Lake Bees,pitcher,36.0,2.0,2.0,0.0,0.18181818181818182,0.09090909090909091,0.0,13.5,2.6,5.5,5.5,13.5,13.5,Salt Lake Bees,statsapi,False
mlbam-657047,Reagan Todd,2024,AAA,Albuquerque Isotopes,pitcher,29.0,1.3333333333333333,2.0,0.0,0.125,0.25,0.0,13.5,6.1,4.0,4.0,13.5,13.5,Albuquerque Isotopes,statsapi,False
mlbam-691171,Manuel Veloz,2024,AAA,Charlotte Knights,pitcher,23.0,2.0,1.0,0.0,0.21428571428571427,0.21428571428571427,0.0,13.5,4.6,7.0,7.0,13.5,13.5,Charlotte Knights,statsapi,False
mlbam-682106,Austin Briggs,2024,AAA,Las Vegas Aviators,pitcher,29.0,12.333333333333334,10.0,2.0,0.07142857142857142,0.2857142857142857,0.1,13.86,8.45135135135135,35.0,35.0,13.86,13.86,Las Vegas Aviators,statsapi,False
mlbam-686933,Mitchell Stumpo,2024,AAA,Reno Aces,pitcher,28.0,8.333333333333334,8.0,0.0,0.18181818181818182,0.1590909090909091,0.07692307692307693,14.04,5.26,22.0,22.0,14.04,14.04,Reno Aces,statsapi,False
mlbam-682615,John O'Reilly,2024,AAA,Salt Lake Bees,pitcher,29.0,7.666666666666667,3.0,2.0,0.15217391304347827,0.06521739130434782,0.375,14.09,12.621739130434781,23.0,23.0,14.09,14.09,Salt Lake Bees,statsapi,False
mlbam-687014,Nick Avila,2024,AAA,Norfolk Tides,pitcher,27.0,10.666666666666666,11.0,0.0,0.2777777777777778,0.12962962962962962,0.16666666666666666,14.34,3.475,27.0,27.0,14.34,14.34,Norfolk Tides,statsapi,False
mlbam-681856,Thomas Ponticelli,2024,AAA,Albuquerque Isotopes,pitcher,27.0,27.666666666666668,10.0,8.0,0.07407407407407407,0.17901234567901234,0.2558139534883721,14.96,10.54578313253012,81.0,81.0,14.96,14.96,Albuquerque Isotopes,statsapi,False
mlbam-676454,Brendan Cellucci,2024,AAA,Worcester Red Sox,pitcher,26.0,6.0,5.0,0.0,0.20588235294117646,0.29411764705882354,0.0,15.0,7.2666666666666675,17.0,17.0,15.0,15.0,Worcester Red Sox,statsapi,False
mlbam-686857,James Gonzalez,2024,AAA,Las Vegas Aviators,pitcher,24.0,3.0,1.0,1.0,0.05555555555555555,0.05555555555555555,0.2,15.0,7.7666666666666675,9.0,9.0,15.0,15.0,Las Vegas Aviators,statsapi,False
mlbam-656701,Kade McClure,2024,AAA,Indianapolis Indians,pitcher,28.0,9.0,7.0,0.0,0.16,0.16,0.2857142857142857,15.0,10.433333333333334,25.0,25.0,15.0,15.0,Indianapolis Indians,statsapi,False
mlbam-663587,Fitz Stadler,2024,AAA,Buffalo Bisons,pitcher,27.0,3.0,3.0,0.0,0.25,0.45,0.0,15.0,9.766666666666667,10.0,10.0,15.0,15.0,Buffalo Bisons,statsapi,False
mlbam-642165,Josh VanMeter,2024,AAA,Scranton/Wilkes-Barre RailRiders,pitcher,29.0,3.0,3.0,0.0,0.15789473684210525,0.05263157894736842,0.25,15.0,7.433333333333334,9.5,9.5,15.0,15.0,Scranton/Wilkes-Barre RailRiders,statsapi,False
mlbam-677946,Ben Harris,2024,AAA,Oklahoma City Baseball Club,pitcher,24.0,2.3333333333333335,2.0,0.0,0.3076923076923077,0.46153846153846156,0.0,15.43,7.385714285714286,6.5,6.5,15.43,15.43,Oklahoma City Baseball Club,statsapi,False
mlbam-681459,Jose Ramirez,2024,AAA,Charlotte Knights,pitcher,23.0,2.3333333333333335,1.0,1.0,0.15384615384615385,0.23076923076923078,0.5,15.43,13.385714285714284,6.5,6.5,15.43,15.43,Charlotte Knights,statsapi,False
mlbam-806331,Collin Lowe,2024,AAA,Jacksonville Jumbo Shrimp,pitcher,26.0,5.666666666666667,2.0,1.0,0.029411764705882353,0.11764705882352941,0.16666666666666666,15.88,7.688235294117646,17.0,17.0,15.88,15.88,Jacksonville Jumbo Shrimp,statsapi,False
mlbam-672730,Juan Then,2024,AAA,Charlotte Knights,pitcher,24.0,5.666666666666667,7.0,0.0,0.15625,0.21875,0.5,15.88,14.74705882352941,16.0,16.0,15.88,15.88,Charlotte Knights,statsapi,False
mlbam-685290,Diego Barrera,2024,AAA,Las Vegas Aviators,pitcher,24.0,1.6666666666666665,1.0,1.0,0.1111111111111111,0.1111111111111111,0.0,16.2,3.7,4.5,4.5,16.2,16.2,Las Vegas Aviators,statsapi,False
mlbam-657514,Brennan Bernardino,2024,AAA,Worcester Red Sox,pitcher,32.0,1.6666666666666665,2.0,0.0,0.2,0.1,1.0,16.2,12.1,5.0,5.0,16.2,16.2,Worcester Red Sox,statsapi,False
mlbam-691196,Josh Hejka,2024,AAA,Syracuse Mets,pitcher,27.0,1.6666666666666665,2.0,0.0,0.0,0.0,0.0,16.2,8.5,7.0,7.0,16.2,16.2,Syracuse Mets,statsapi,False
mlbam-669422,Matt Sauer,2024,AAA,Scranton/Wilkes-Barre RailRiders,pitcher,25.0,8.333333333333334,10.0,1.0,0.16981132075471697,0.1509433962264151,0.2857142857142857,16.2,10.059999999999999,26.5,26.5,16.2,16.2,Scranton/Wilkes-Barre RailRiders,statsapi,False
mlbam-677353,Patrick Wicklander,2024,AAA,Durham Bulls,pitcher,25.0,3.3333333333333335,2.0,0.0,0.047619047619047616,0.2857142857142857,0.2,16.2,11.799999999999999,10.5,10.5,16.2,16.2,Durham Bulls,statsapi,False
mlbam-572888,Shane Greene,2024,AAA,Round Rock Express,pitcher,36.0,8.0,6.0,1.0,0.22448979591836735,0.2857142857142857,0.0,16.88,7.475,24.5,24.5,16.88,16.88,Round Rock Express,statsapi,False
mlbam-650968,Yohel Pozo,2024,AAA,Las Vegas Aviators,pitcher,27.0,2.6666666666666665,3.0,0.0,0.0625,0.1875,0.16666666666666666,16.88,10.6,8.0,8.0,16.88,16.88,Las Vegas Aviators,statsapi,False
mlbam-657031,Josh Taylor,2024,AAA,Omaha Storm Chasers,pitcher,31.0,2.6666666666666665,3.0,0.0,0.11764705882352941,0.11764705882352941,0.3333333333333333,16.88,8.725,8.5,8.5,16.88,16.88,Omaha Storm Chasers,statsapi,False
mlbam-701803,David Griffin,2024,AAA,Syracuse Mets,pitcher,28.0,4.666666666666667,3.0,0.0,0.16666666666666666,0.13333333333333333,0.0,17.36,3.5285714285714285,15.0,15.0,17.36,17.36,Syracuse Mets,statsapi,False
mlbam-686831,Colby White,2024,AAA,Durham Bulls,pitcher,26.0,7.666666666666667,9.0,1.0,0.21739130434782608,0.21739130434782608,0.2727272727272727,17.61,10.273913043478261,23.0,23.0,17.61,17.61,Durham Bulls,statsapi,False
mlbam-640470,Adbert Alzolay,2024,AAA,Iowa Cubs,pitcher,29.0,1.0,1.0,0.0,0.16666666666666666,0.3333333333333333,0.12,18.0,7.1,3.0,3.0,18.0,18.0,Iowa Cubs,statsapi,False
mlbam-801682,Ryan Boyer,2024,AAA,Buffalo Bisons,pitcher,27.0,4.0,4.0,0.0,0.16666666666666666,0.16666666666666666,0.3333333333333333,18.0,10.6,12.0,12.0,18.0,18.0,Buffalo Bisons,statsapi,False
mlbam-641432,Willie Calhoun,2024,AAA,Salt Lake Bees,pitcher,30.0,2.0,1.0,0.0,0.0,0.0,0.0,18.0,3.1,6.0,6.0,18.0,18.0,Salt Lake Bees,statsapi,False
mlbam-595943,Phillip Evans,2024,AAA,Gwinnett Stripers,pitcher,32.0,1.0,1.0,0.0,0.16666666666666666,0.0,1.0,18.0,14.1,3.0,3.0,18.0,18.0,Gwinnett Stripers,statsapi,False
mlbam-682011,Tyler Miller,2024,AAA,Worcester Red Sox,pitcher,25.0,2.0,2.0,0.0,0.0,0.0,0.0,18.0,3.1,6.0,6.0,18.0,18.0,Worcester Red Sox,statsapi,False
mlbam-692983,Emailin Montilla,2024,AAA,Reno Aces,pitcher,29.0,2.0,2.0,0.0,0.09090909090909091,0.18181818181818182,0.0,18.0,6.6,5.5,5.5,18.0,18.0,Reno Aces,statsapi,False
mlbam-670950,Trevor Richards,2024,AAA,St. Paul Saints,pitcher,31.0,1.0,1.0,0.0,0.2,0.2,0.3333333333333333,18.0,17.1,2.5,2.5,18.0,18.0,St. Paul Saints,statsapi,False
mlbam-682801,Noelberth Romero,2024,AAA,Norfolk Tides,pitcher,23.0,1.0,1.0,0.0,0.0,0.0,0.5,18.0,16.1,2.5,2.5,18.0,18.0,Norfolk Tides,statsapi,False
mlbam-642060,Cody Sedlock,2024,AAA,Charlotte Knights,pitcher,29.0,5.0,6.0,0.0,0.06666666666666667,0.43333333333333335,0.125,18.0,13.299999999999999,15.0,15.0,18.0,18.0,Charlotte Knights,statsapi,False
mlbam-688125,Dylan Spain,2024,AAA,Albuquerque Isotopes,pitcher,26.0,2.0,1.0,0.0,0.1,0.1,0.2,18.0,10.1,5.0,5.0,18.0,18.0,Albuquerque Isotopes,statsapi,False
mlbam-694360,Beck Way,2024,AAA,Omaha Storm Chasers,pitcher,25.0,1.0,1.0,0.0,0.2857142857142857,0.2857142857142857,0.12,18.0,5.1,3.5,3.5,18.0,18.0,Omaha Storm Chasers,statsapi,False
mlbam-622256,Patrick Weigel,2024,AAA,Louisville Bats,pitcher,30.0,2.0,2.0,0.0,0.07142857142857142,0.2857142857142857,0.0,18.0,6.6,7.0,7.0,18.0,18.0,Louisville Bats,statsapi,False
mlbam-642851,Austin Wynns,2024,AAA,Louisville Bats,pitcher,34.0,1.0,1.0,0.0,0.0,0.42857142857142855,0.0,18.0,12.1,3.5,3.5,18.0,18.0,Louisville Bats,statsapi,False
mlbam-701261,Bryan Chi,2024,AAA,Round Rock Express,pitcher,25.0,7.333333333333333,5.0,1.0,0.125,0.20833333333333334,0.3333333333333333,18.41,12.1,24.0,24.0,18.41,18.41,Round Rock Express,statsapi,False
mlbam-681328,Jonny Cuevas,2024,AAA,Durham Bulls,pitcher,24.0,3.3333333333333335,2.0,0.0,0.15,0.35,0.0,18.9,7.6,10.0,10.0,18.9,18.9,Durham Bulls,statsapi,False
mlbam-681979,Daniel Martinez,2024,AAA,Gwinnett Stripers,pitcher,26.0,3.3333333333333335,1.0,0.0,0.15789473684210525,0.21052631578947367,0.3333333333333333,18.9,13.6,9.5,9.5,18.9,18.9,Gwinnett Stripers,statsapi,False
mlbam-701288,Jacob Webb,2024,AAA,Worcester Red Sox,pitcher,25.0,3.6666666666666665,4.0,0.0,0.16666666666666666,0.125,0.0,19.64,4.190909090909091,12.0,12.0,19.64,19.64,Worcester Red Sox,statsapi,False
mlbam-657624,Josh James,2024,AAA,Memphis Redbirds,pitcher,31.0,7.666666666666667,9.0,0.0,0.09803921568627451,0.29411764705882354,0.2,19.96,11.447826086956521,25.5,25.5,19.96,19.96,Memphis Redbirds,statsapi,False
mlbam-696287,Ryan Higgins,2024,AAA,Norfolk Tides,pitcher,24.0,1.3333333333333333,1.0,0.0,0.1111111111111111,0.1111111111111111,0.25,20.25,15.85,4.5,4.5,20.25,20.25,Norfolk Tides,statsapi,False
mlbam-546994,C.J. Hinojosa,2024,AAA,Durham Bulls,pitcher,30.0,1.3333333333333333,2.0,0.0,0.1,0.1,0.0,20.25,10.6,5.0,5.0,20.25,20.25,Durham Bulls,statsapi,False
mlbam-541650,Hernán Pérez,2024,AAA,Louisville Bats,pitcher,33.0,3.0,3.0,0.0,0.0,0.09090909090909091,0.0,21.0,6.1,11.0,11.0,21.0,21.0,Louisville Bats,statsapi,False
mlbam-693645,Cam Schlittler,2024,AAA,Scranton/Wilkes-Barre RailRiders,pitcher,23.0,1.6666666666666665,1.0,1.0,0.23076923076923078,0.3076923076923077,0.0,21.6,12.1,6.5,6.5,21.6,21.6,Scranton/Wilkes-Barre RailRiders,statsapi,False
mlbam-686758,Dylan Shockley,2024,AAA,Indianapolis Indians,pitcher,27.0,3.3333333333333335,3.0,0.0,0.0,0.1,0.2,21.6,8.8,10.0,10.0,21.6,21.6,Indianapolis Indians,statsapi,False
mlbam-675976,Mark Washington,2024,AAA,Sugar Land Space Cowboys,pitcher,28.0,3.3333333333333335,3.0,0.0,0.09090909090909091,0.2727272727272727,0.25,21.6,12.1,11.0,11.0,21.6,21.6,Sugar Land Space Cowboys,statsapi,False
mlbam-686839,Brendan White,2024,AAA,Toledo Mud Hens,pitcher,26.0,1.6666666666666665,3.0,0.0,0.07692307692307693,0.46153846153846156,0.0,21.6,14.5,6.5,6.5,21.6,21.6,Toledo Mud Hens,statsapi,False
mlbam-681738,Jeffrey Colon,2024,AAA,Syracuse Mets,pitcher,25.0,2.0,2.0,0.0,0.11764705882352941,0.35294117647058826,0.0,22.5,11.6,8.5,8.5,22.5,22.5,Syracuse Mets,statsapi,False
mlbam-681753,Adrian Hernandez,2024,AAA,Buffalo Bisons,pitcher,24.0,4.0,4.0,0.0,0.16666666666666666,0.2,0.0,22.5,7.35,15.0,15.0,22.5,22.5,Buffalo Bisons,statsapi,False
mlbam-677568,Florencio Serrano,2024,AAA,Round Rock Express,pitcher,24.0,4.666666666666667,4.0,1.0,0.08571428571428572,0.34285714285714286,0.3,23.14,18.52857142857143,17.5,17.5,23.14,23.14,Round Rock Express,statsapi,False
mlbam-664120,Max McDowell,2024,AAA,Buffalo Bisons,pitcher,30.0,3.3333333333333335,3.0,0.0,0.125,0.125,0.16666666666666666,24.3,7.9,12.0,12.0,24.3,24.3,Buffalo Bisons,statsapi,False
mlbam-592169,Austin Brice,2024,AAA,St. Paul Saints,pitcher,32.0,6.666666666666667,10.0,0.0,0.20408163265306123,0.3673469387755102,0.0,25.65,9.1,24.5,24.5,25.65,25.65,St. Paul Saints,statsapi,False
mlbam-624417,Bryson Brigman,2024,AAA,Reno Aces,pitcher,29.0,1.0,1.0,0.0,0.0,0.0,0.3333333333333333,27.0,16.1,3.0,3.0,27.0,27.0,Reno Aces,statsapi,False
mlbam-661411,Lorenzo Cedrola,2024,AAA,Columbus Clippers,pitcher,26.0,0.3333333333333333,1.0,0.0,0.0,0.6,0.0,27.0,39.1,2.5,2.5,27.0,27.0,Columbus Clippers,statsapi,False
mlbam-690345,Pedro Garcia,2024,AAA,Louisville Bats,pitcher,29.0,1.0,1.0,0.0,0.125,0.375,0.3333333333333333,27.0,23.1,4.0,4.0,27.0,27.0,Louisville Bats,statsapi,False
mlbam-690440,Bradley Hanner,2024,AAA,Columbus Clippers,pitcher,25.0,0.3333333333333333,1.0,0.0,0.0,0.0,0.5,27.0,42.1,1.0,1.0,27.0,27.0,Columbus Clippers,statsapi,False
mlbam-663632,Troy Miller,2024,AAA,Syracuse Mets,pitcher,27.0,2.3333333333333335,1.0,1.0,0.16666666666666666,0.2222222222222222,0.5,27.0,22.385714285714286,9.0,9.0,27.0,27.0,Syracuse Mets,statsapi,False
mlbam-686842,McKinley Moore,2024,AAA,Scranton/Wilkes-Barre RailRiders,pitcher,26.0,0.6666666666666666,2.0,0.0,0.1111111111111111,0.6666666666666666,0.0,27.0,31.6,4.5,4.5,27.0,27.0,Scranton/Wilkes-Barre RailRiders,statsapi,False
mlbam-669697,Andrew Schultz,2024,AAA,Lehigh Valley IronPigs,pitcher,27.0,0.6666666666666666,1.0,0.0,0.14285714285714285,0.5714285714285714,0.5,27.0,37.6,3.5,3.5,27.0,27.0,Lehigh Valley IronPigs,statsapi,False
mlbam-670276,Cal Stevenson,2024,AAA,Lehigh Valley IronPigs,pitcher,28.0,0.6666666666666666,1.0,0.0,0.0,0.0,0.3333333333333333,27.0,22.6,2.0,2.0,27.0,27.0,Lehigh Valley IronPigs,statsapi,False
mlbam-683010,Matthew Thompson,2024,AAA,Iowa Cubs,pitcher,24.0,0.6666666666666666,1.0,0.0,0.2,0.6,0.0,27.0,13.6,2.5,2.5,27.0,27.0,Iowa Cubs,statsapi,False
mlbam-624523,Riley Unroe,2024,AAA,Toledo Mud Hens,pitcher,29.0,3.6666666666666665,2.0,0.0,0.0,0.08,0.3333333333333333,29.45,16.19090909090909,12.5,12.5,29.45,29.45,Toledo Mud Hens,statsapi,False
mlbam-674810,Victor Castaneda,2024,AAA,Syracuse Mets,pitcher,26.0,1.3333333333333333,1.0,0.0,0.0,0.3076923076923077,0.0,33.75,12.1,6.5,6.5,33.75,33.75,Syracuse Mets,statsapi,False
mlbam-681256,Ian Mejia,2024,AAA,Gwinnett Stripers,pitcher,24.0,1.3333333333333333,1.0,1.0,0.08333333333333333,0.25,0.5,33.75,27.85,6.0,6.0,33.75,33.75,Gwinnett Stripers,statsapi,False
mlbam-660636,Diego Castillo,2024,AAA,St. Paul Saints,pitcher,27.0,1.0,1.0,0.0,0.0,0.2857142857142857,0.3333333333333333,36.0,22.1,3.5,3.5,36.0,36.0,St. Paul Saints,statsapi,False
mlbam-667414,Cody Scroggins,2024,AAA,Worcester Red Sox,pitcher,28.0,1.6666666666666665,2.0,0.0,0.13333333333333333,0.2,0.5,37.8,15.700000000000001,7.5,7.5,37.8,37.8,Worcester Red Sox,statsapi,False
mlbam-815456,Ben Shields,2024,AAA,Scranton/Wilkes-Barre RailRiders,pitcher,25.0,1.6666666666666665,1.0,1.0,0.058823529411764705,0.11764705882352941,0.3333333333333333,37.8,16.900000000000002,8.5,8.5,37.8,37.8,Scranton/Wilkes-Barre RailRiders,statsapi,False
mlbam-592205,Ryan Casteel,2024,AAA,Gwinnett Stripers,pitcher,33.0,1.0,1.0,0.0,0.0,0.2,0.0,45.0,9.1,5.0,5.0,45.0,45.0,Gwinnett Stripers,statsapi,False
mlbam-543022,Tyler Chatwood,2024,AAA,Reno Aces,pitcher,35.0,1.0,2.0,0.0,0.0,0.3,0.0,45.0,15.1,5.0,5.0,45.0,45.0,Reno Aces,statsapi,False
mlbam-679780,Gabriel Sequeira,2024,AAA,Toledo Mud Hens,pitcher,27.0,1.0,1.0,0.0,0.18181818181818182,0.2727272727272727,0.0,45.0,14.1,5.5,5.5,45.0,45.0,Toledo Mud Hens,statsapi,False
mlbam-669450,Cooper Hummel,2024,AAA,Sugar Land Space Cowboys,pitcher,30.0,1.6666666666666665,2.0,0.0,0.0,0.1875,0.3333333333333333,48.6,24.100000000000005,8.0,8.0,48.6,48.6,Sugar Land Space Cowboys,statsapi,False
mlbam-805418,Drew Conover,2024,AAA,Las Vegas Aviators,pitcher,23.0,1.0,1.0,0.0,0.08333333333333333,0.4166666666666667,0.12,54.0,16.1,6.0,6.0,54.0,54.0,Las Vegas Aviators,statsapi,False
mlbam-687677,Arij Fransen,2024,AAA,Louisville Bats,pitcher,23.0,0.3333333333333333,1.0,0.0,0.25,0.25,0.12,54.0,6.1,2.0,2.0,54.0,54.0,Louisville Bats,statsapi,False
mlbam-664875,Justin Lawrence,2024,AAA,Albuquerque Isotopes,pitcher,30.0,0.3333333333333333,1.0,0.0,0.0,0.2,0.0,54.0,12.1,2.5,2.5,54.0,54.0,Albuquerque Isotopes,statsapi,False
mlbam-608566,Germán Márquez,2024,AAA,Albuquerque Isotopes,pitcher,29.0,0.6666666666666666,1.0,1.0,0.14285714285714285,0.14285714285714285,0.5,54.0,24.1,3.5,3.5,54.0,54.0,Albuquerque Isotopes,statsapi,False
mlbam-675910,Chris Williams,2024,AAA,St. Paul Saints,pitcher,28.0,0.3333333333333333,1.0,0.0,0.0,0.3333333333333333,0.0,54.0,12.1,1.5,1.5,54.0,54.0,St. Paul Saints,statsapi,False
mlbam-686981,Brenden Dixon,2024,AAA,Indianapolis Indians,pitcher,24.0,0.3333333333333333,1.0,0.0,0.0,0.5,1.0,81.0,60.1,2.0,2.0,81.0,81.0,Indianapolis Indians,statsapi,False
mlbam-690464,Jordan Mikel,2024,AAA,Charlotte Knights,pitcher,25.0,0.3333333333333333,1.0,0.0,0.0,0.42857142857142855,0.0,162.0,39.1,3.5,3.5,162.0,162.0,Charlotte Knights,statsapi,False
mlbam-606019,Esteban Quiroz,2024,AAA,Lehigh Valley IronPigs,pitcher,32.0,0.3333333333333333,1.0,0.0,0.0,0.1,0.6666666666666666,243.0,90.1,5.0,5.0,243.0,243.0,Lehigh Valley IronPigs,statsapi,False
mlbam-691769,Philip Abner,2025,AAA,Reno Aces,pitcher,23.0,8.333333333333334,8.0,0.0,0.3548387096774194,0.12903225806451613,0.0,0.0,1.5400000000000003,15.5,15.5,0.0,0.0,Reno Aces,statsapi,False
mlbam-621237,José Alvarado,2025,AAA,Lehigh Valley IronPigs,pitcher,30.0,5.0,5.0,0.0,0.19047619047619047,0.19047619047619047,0.0,0.0,3.9000000000000004,10.5,10.5,0.0,0.0,Lehigh Valley IronPigs,statsapi,False
mlbam-657193,Eddy Alvarez,2025,AAA,Gwinnett Stripers,pitcher,35.0,1.0,1.0,0.0,0.0,0.0,0.0,0.0,6.1,2.5,2.5,0.0,0.0,Gwinnett Stripers,statsapi,False
mlbam-701859,Justin Armbruester,2025,AAA,Norfolk Tides,pitcher,27.0,5.666666666666667,3.0,0.0,0.25925925925925924,0.1111111111111111,0.0,0.0,2.7470588235294118,13.5,13.5,0.0,0.0,Norfolk Tides,statsapi,False
mlbam-686793,J.T. Arruda,2025,AAA,Rochester Red Wings,pitcher,28.0,4.333333333333333,5.0,0.0,0.0,0.1111111111111111,0.0,0.0,4.484615384615385,9.0,9.0,0.0,0.0,Rochester Red Wings,statsapi,False
mlbam-683145,Colin Barber,2025,AAA,Sugar Land Space Cowboys,pitcher,25.0,1.0,1.0,0.0,0.0,0.0,0.0,0.0,3.1,2.0,2.0,0.0,0.0,Sugar Land Space Cowboys,statsapi,False
mlbam-687607,Edgar Barclay,2025,AAA,Scranton/Wilkes-Barre RailRiders,pitcher,27.0,3.0,1.0,1.0,0.0,0.09090909090909091,0.0,0.0,5.1,5.5,5.5,0.0,0.0,Scranton/Wilkes-Barre RailRiders,statsapi,False
mlbam-670280,David Bednar,2025,AAA,Indianapolis Indians,pitcher,31.0,5.0,5.0,0.0,0.4375,0.0,0.0,0.0,0.30000000000000027,8.0,8.0,0.0,0.0,Indianapolis Indians,statsapi,False
mlbam-656222,Jalen Beeks,2025,AAA,Reno Aces,pitcher,32.0,1.0,1.0,0.0,0.0,0.3333333333333333,0.0,0.0,6.1,1.5,1.5,0.0,0.0,Reno Aces,statsapi,False
mlbam-811310,Nigel Belgrave,2025,AAA,Jacksonville Jumbo Shrimp,pitcher,23.0,5.0,5.0,1.0,0.4117647058823529,0.058823529411764705,0.0,0.0,1.5,8.5,8.5,0.0,0.0,Jacksonville Jumbo Shrimp,statsapi,False
mlbam-675525,Anderson Bido,2025,AAA,Sugar Land Space Cowboys,pitcher,26.0,2.0,1.0,0.0,0.0,0.1111111111111111,0.0,0.0,4.6,4.5,4.5,0.0,0.0,Sugar Land Space Cowboys,statsapi,False
mlbam-684049,Brandan Bidois,2025,AAA,Indianapolis Indians,pitcher,24.0,13.0,9.0,0.0,0.3409090909090909,0.13636363636363635,0.0,0.0,2.176923076923077,22.0,22.0,0.0,0.0,Indianapolis Indians,statsapi,False
mlbam-676130,José Buttó,2025,AAA,Syracuse Mets,pitcher,27.0,2.0,2.0,1.0,0.25,0.0,0.0,0.0,1.1,4.0,4.0,0.0,0.0,Syracuse Mets,statsapi,False
mlbam-663971,Blair Calvo,2025,AAA,Toledo Mud Hens,pitcher,29.0,1.6666666666666665,1.0,0.0,0.5714285714285714,0.14285714285714285,0.12,0.0,0.09999999999999964,3.5,3.5,0.0,0.0,Toledo Mud Hens,statsapi,False
mlbam-685091,Parker Chavers,2025,AAA,Iowa Cubs,pitcher,27.0,0.3333333333333333,1.0,0.0,0.0,0.5,0.12,0.0,12.1,1.0,1.0,0.0,0.0,Iowa Cubs,statsapi,False
mlbam-650644,Aaron Civale,2025,AAA,Nashville Sounds,pitcher,30.0,9.0,2.0,2.0,0.16666666666666666,0.06666666666666667,0.0,0.0,2.655555555555556,15.0,15.0,0.0,0.0,Nashville Sounds,statsapi,False
mlbam-669639,Nolan Clenney,2025,AAA,Iowa Cubs,pitcher,29.0,2.0,1.0,0.0,0.3333333333333333,0.1111111111111111,0.0,0.0,1.6,4.5,4.5,0.0,0.0,Iowa Cubs,statsapi,False
mlbam-681739,Joshua Cornielly,2025,AAA,Syracuse Mets,pitcher,24.0,2.0,1.0,0.0,0.2222222222222222,0.1111111111111111,0.0,0.0,2.6,4.5,4.5,0.0,0.0,Syracuse Mets,statsapi,False
mlbam-836128,Colton Cosper,2025,AAA,Syracuse Mets,pitcher,23.0,3.0,2.0,0.0,0.2,0.0,0.0,0.0,1.7666666666666668,5.0,5.0,0.0,0.0,Syracuse Mets,statsapi,False
mlbam-543056,Danny Coulombe,2025,AAA,St. Paul Saints,pitcher,36.0,1.0,1.0,0.0,0.0,0.0,0.0,0.0,3.1,1.5,1.5,0.0,0.0,St. Paul Saints,statsapi,False
mlbam-592229,Dylan Covey,2025,AAA,Gwinnett Stripers,pitcher,34.0,7.333333333333333,6.0,1.0,0.13333333333333333,0.03333333333333333,0.0,0.0,2.418181818181818,15.0,15.0,0.0,0.0,Gwinnett Stripers,statsapi,False
mlbam-668968,Hans Crouse,2025,AAA,Salt Lake Bees,pitcher,27.0,1.0,2.0,0.0,0.3333333333333333,0.0,0.0,0.0,1.1,1.5,1.5,0.0,0.0,Salt Lake Bees,statsapi,False
mlbam-676113,Zach DeLoach,2025,AAA,Charlotte Knights,pitcher,27.0,1.0,1.0,0.0,0.0,0.3333333333333333,0.0,0.0,6.1,1.5,1.5,0.0,0.0,Charlotte Knights,statsapi,False
mlbam-811667,Clay Edmondson,2025,AAA,El Paso Chihuahuas,pitcher,22.0,1.3333333333333333,1.0,0.0,0.16666666666666666,0.16666666666666666,0.0,0.0,6.1,3.0,3.0,0.0,0.0,El Paso Chihuahuas,statsapi,False
mlbam-668674,Lucas Erceg,2025,AAA,Omaha Storm Chasers,pitcher,30.0,1.0,1.0,0.0,0.0,0.0,0.0,0.0,3.1,1.5,1.5,0.0,0.0,Omaha Storm Chasers,statsapi,False
mlbam-663559,Bailey Falter,2025,AAA,Omaha Storm Chasers,pitcher,28.0,2.3333333333333335,2.0,2.0,0.36363636363636365,0.2727272727272727,0.0,0.0,3.5285714285714285,5.5,5.5,0.0,0.0,Omaha Storm Chasers,statsapi,False
mlbam-670036,Matt Festa,2025,AAA,Round Rock Express,pitcher,32.0,14.666666666666666,9.0,0.0,0.3225806451612903,0.11290322580645161,0.0,0.0,2.009090909090909,31.0,31.0,0.0,0.0,Round Rock Express,statsapi,False
mlbam-640448,Kyle Finnegan,2025,AAA,Toledo Mud Hens,pitcher,34.0,0.6666666666666666,1.0,1.0,0.3333333333333333,0.3333333333333333,0.12,0.0,4.6,1.5,1.5,0.0,0.0,Toledo Mud Hens,statsapi,False
mlbam-671345,Jason Foley,2025,AAA,Toledo Mud Hens,pitcher,30.0,6.666666666666667,5.0,0.0,0.4090909090909091,0.0,0.0,0.0,0.40000000000000036,11.0,11.0,0.0,0.0,Toledo Mud Hens,statsapi,False
mlbam-822535,Garrett Gainey,2025,AAA,Durham Bulls,pitcher,25.0,6.0,2.0,1.0,0.22727272727272727,0.0,0.0,0.0,1.9333333333333333,11.0,11.0,0.0,0.0,Durham Bulls,statsapi,False
mlbam-554340,Yimi García,2025,AAA,Buffalo Bisons,pitcher,35.0,0.6666666666666666,1.0,0.0,0.25,0.25,0.0,0.0,4.6,2.0,2.0,0.0,0.0,Buffalo Bisons,statsapi,False
mlbam-608665,Kendall Graveman,2025,AAA,Reno Aces,pitcher,35.0,2.0,2.0,0.0,0.14285714285714285,0.0,0.0,0.0,2.1,3.5,3.5,0.0,0.0,Reno Aces,statsapi,False
mlbam-680686,Josiah Gray,2025,AAA,Rochester Red Wings,pitcher,28.0,2.6666666666666665,1.0,1.0,0.18181818181818182,0.2727272727272727,0.0,0.0,4.975,5.5,5.5,0.0,0.0,Rochester Red Wings,statsapi,False
mlbam-656484,Tristan Gray,2025,AAA,Charlotte Knights,pitcher,29.0,1.0,1.0,0.0,0.0,0.25,0.0,0.0,6.1,2.0,2.0,0.0,0.0,Charlotte Knights,statsapi,False
mlbam-679057,Mason Green,2025,AAA,Albuquerque Isotopes,pitcher,26.0,5.333333333333333,3.0,0.0,0.09523809523809523,0.14285714285714285,0.14285714285714285,0.0,7.0375,10.5,10.5,0.0,0.0,Albuquerque Isotopes,statsapi,False
mlbam-669084,DL Hall,2025,AAA,Nashville Sounds,pitcher,27.0,5.666666666666667,2.0,1.0,0.28,0.16,0.0,0.0,2.7470588235294118,12.5,12.5,0.0,0.0,Nashville Sounds,statsapi,False
mlbam-521230,Liam Hendriks,2025,AAA,Worcester Red Sox,pitcher,36.0,2.0,2.0,2.0,0.5,0.125,0.0,0.0,0.6000000000000001,4.0,4.0,0.0,0.0,Worcester Red Sox,statsapi,False
mlbam-669371,Cole Henry,2025,AAA,Rochester Red Wings,pitcher,26.0,2.0,2.0,0.0,0.4,0.3,0.0,0.0,3.6,5.0,5.0,0.0,0.0,Rochester Red Wings,statsapi,False
mlbam-675628,Darius Hill,2025,AAA,Iowa Cubs,pitcher,28.0,1.0,1.0,0.0,0.0,0.3333333333333333,0.0,0.0,12.1,3.0,3.0,0.0,0.0,Iowa Cubs,statsapi,False
mlbam-680880,Grant Holman,2025,AAA,Las Vegas Aviators,pitcher,25.0,9.333333333333334,8.0,0.0,0.3103448275862069,0.034482758620689655,0.0,0.0,1.492857142857143,14.5,14.5,0.0,0.0,Las Vegas Aviators,statsapi,False
mlbam-822175,Bridger Holmes,2025,AAA,Salt Lake Bees,pitcher,23.0,2.0,1.0,0.0,0.16666666666666666,0.3333333333333333,0.0,0.0,7.1,6.0,6.0,0.0,0.0,Salt Lake Bees,statsapi,False
mlbam-669450,Cooper Hummel,2025,AAA,Scranton/Wilkes-Barre RailRiders,pitcher,31.0,0.3333333333333333,1.0,0.0,0.0,0.3333333333333333,0.0,0.0,21.1,1.5,1.5,0.0,0.0,Scranton/Wilkes-Barre RailRiders,statsapi,False
mlbam-668876,Zach Humphreys,2025,AAA,Salt Lake Bees,pitcher,28.0,1.6666666666666665,2.0,0.0,0.16666666666666666,0.0,0.0,0.0,1.9,3.0,3.0,0.0,0.0,Salt Lake Bees,statsapi,False
mlbam-684007,Shota Imanaga,2025,AAA,Iowa Cubs,pitcher,32.0,4.333333333333333,1.0,1.0,0.47058823529411764,0.11764705882352941,0.0,0.0,0.7923076923076922,8.5,8.5,0.0,0.0,Iowa Cubs,statsapi,False
mlbam-682791,Gabriel Jackson,2025,AAA,Worcester Red Sox,pitcher,24.0,3.0,1.0,0.0,0.18181818181818182,0.09090909090909091,0.0,0.0,2.7666666666666666,5.5,5.5,0.0,0.0,Worcester Red Sox,statsapi,False
mlbam-690448,Mike Jarvis,2025,AAA,Indianapolis Indians,pitcher,27.0,1.3333333333333333,1.0,0.0,0.0,0.0,0.0,0.0,3.1,2.5,2.5,0.0,0.0,Indianapolis Indians,statsapi,False
mlbam-682119,Levi Jordan,2025,AAA,Louisville Bats,pitcher,30.0,0.3333333333333333,1.0,0.0,0.0,0.0,0.0,0.0,3.1,1.5,1.5,0.0,0.0,Louisville Bats,statsapi,False
mlbam-641739,Rob Kaminsky,2025,AAA,Memphis Redbirds,pitcher,31.0,1.0,1.0,0.0,0.25,0.25,0.0,0.0,4.1,2.0,2.0,0.0,0.0,Memphis Redbirds,statsapi,False
mlbam-552640,Andrew Kittredge,2025,AAA,Norfolk Tides,pitcher,35.0,5.0,5.0,0.0,0.19047619047619047,0.09523809523809523,0.0,0.0,2.7,10.5,10.5,0.0,0.0,Norfolk Tides,statsapi,False
mlbam-683004,Jack Leiter,2025,AAA,Round Rock Express,pitcher,25.0,4.666666666666667,1.0,1.0,0.26666666666666666,0.06666666666666667,0.0,0.0,2.0285714285714285,7.5,7.5,0.0,0.0,Round Rock Express,statsapi,False
mlbam-659389,Carter Loewen,2025,AAA,El Paso Chihuahuas,pitcher,27.0,2.3333333333333335,2.0,0.0,0.375,0.125,0.0,0.0,1.8142857142857145,4.0,4.0,0.0,0.0,El Paso Chihuahuas,statsapi,False
mlbam-642528,Jonathan Loáisiga,2025,AAA,Scranton/Wilkes-Barre RailRiders,pitcher,31.0,5.0,4.0,0.0,0.17647058823529413,0.058823529411764705,0.0,0.0,2.5,8.5,8.5,0.0,0.0,Scranton/Wilkes-Barre RailRiders,statsapi,False
mlbam-663738,Daniel Lynch IV,2025,AAA,Omaha Storm Chasers,pitcher,29.0,2.0,1.0,0.0,0.42857142857142855,0.0,0.12,0.0,0.10000000000000009,3.5,3.5,0.0,0.0,Omaha Storm Chasers,statsapi,False
mlbam-814508,Colby Martin,2025,AAA,Jacksonville Jumbo Shrimp,pitcher,24.0,2.0,2.0,0.0,0.14285714285714285,0.14285714285714285,0.0,0.0,3.6,3.5,3.5,0.0,0.0,Jacksonville Jumbo Shrimp,statsapi,False
mlbam-679885,Justin Martinez,2025,AAA,Reno Aces,pitcher,24.0,1.0,1.0,0.0,0.0,0.0,0.0,0.0,3.1,1.5,1.5,0.0,0.0,Reno Aces,statsapi,False
mlbam-683232,Nick Mears,2025,AAA,Nashville Sounds,pitcher,29.0,3.6666666666666665,3.0,0.0,0.07142857142857142,0.07142857142857142,0.0,0.0,3.372727272727273,7.0,7.0,0.0,0.0,Nashville Sounds,statsapi,False
mlbam-571946,Shelby Miller,2025,AAA,Nashville Sounds,pitcher,35.0,1.0,1.0,0.0,1.0,0.0,0.12,0.0,-2.9,1.5,1.5,0.0,0.0,Nashville Sounds,statsapi,False
mlbam-690914,Brody Moore,2025,AAA,Memphis Redbirds,pitcher,25.0,3.0,2.0,0.0,0.0,0.0,0.0,0.0,3.1,5.5,5.5,0.0,0.0,Memphis Redbirds,statsapi,False
mlbam-676987,Tim Naughton,2025,AAA,Toledo Mud Hens,pitcher,30.0,2.0,1.0,0.0,0.1111111111111111,0.3333333333333333,0.0,0.0,6.6,4.5,4.5,0.0,0.0,Toledo Mud Hens,statsapi,False
mlbam-672376,Luis Pacheco,2025,AAA,Scranton/Wilkes-Barre RailRiders,pitcher,26.0,0.6666666666666666,1.0,0.0,0.0,0.4,0.0,0.0,12.1,2.5,2.5,0.0,0.0,Scranton/Wilkes-Barre RailRiders,statsapi,False
mlbam-702474,Mike Paredes,2025,AAA,St. Paul Saints,pitcher,25.0,2.0,1.0,0.0,0.16666666666666666,0.0,0.0,0.0,2.1,3.0,3.0,0.0,0.0,St. Paul Saints,statsapi,False
mlbam-680935,Connor Pavolony,2025,AAA,Norfolk Tides,pitcher,26.0,0.3333333333333333,1.0,0.0,0.0,0.0,0.0,0.0,3.1,0.5,0.5,0.0,0.0,Norfolk Tides,statsapi,False
mlbam-685396,Nate Peterson,2025,AAA,Nashville Sounds,pitcher,25.0,5.666666666666667,3.0,0.0,0.23809523809523808,0.09523809523809523,0.0,0.0,2.394117647058824,10.5,10.5,0.0,0.0,Nashville Sounds,statsapi,False
mlbam-680102,Cameron Pferrer,2025,AAA,Sacramento River Cats,pitcher,27.0,0.3333333333333333,1.0,0.0,0.0,0.5,0.12,0.0,12.1,1.0,1.0,0.0,0.0,Sacramento River Cats,statsapi,False
mlbam-689608,Walker Powell,2025,AAA,Iowa Cubs,pitcher,29.0,6.0,1.0,1.0,0.23809523809523808,0.0,0.0,0.0,1.4333333333333333,10.5,10.5,0.0,0.0,Iowa Cubs,statsapi,False
mlbam-668472,Nick Pratto,2025,AAA,Omaha Storm Chasers,pitcher,27.0,1.0,1.0,0.0,0.0,0.0,0.0,0.0,3.1,1.5,1.5,0.0,0.0,Omaha Storm Chasers,statsapi,False
mlbam-548384,Brooks Raley,2025,AAA,Syracuse Mets,pitcher,37.0,3.3333333333333335,3.0,0.0,0.2,0.06666666666666667,0.0,0.0,4.0,7.5,7.5,0.0,0.0,Syracuse Mets,statsapi,False
mlbam-688943,Shawn Rapp,2025,AAA,Columbus Clippers,pitcher,25.0,0.6666666666666666,1.0,0.0,0.4,0.4,0.12,0.0,6.1,2.5,2.5,0.0,0.0,Columbus Clippers,statsapi,False
mlbam-822636,Cole Reynolds,2025,AAA,Iowa Cubs,pitcher,23.0,3.3333333333333335,1.0,0.0,0.3076923076923077,0.15384615384615385,0.0,0.0,2.5,6.5,6.5,0.0,0.0,Iowa Cubs,statsapi,False
mlbam-685300,Grant Richardson,2025,AAA,Scranton/Wilkes-Barre RailRiders,pitcher,26.0,0.3333333333333333,1.0,0.0,0.0,0.0,0.12,0.0,3.1,0.5,0.5,0.0,0.0,Scranton/Wilkes-Barre RailRiders,statsapi,False
mlbam-676566,Shawn Ross,2025,AAA,Indianapolis Indians,pitcher,26.0,1.3333333333333333,2.0,0.0,0.0,0.0,0.0,0.0,5.35,3.0,3.0,0.0,0.0,Indianapolis Indians,statsapi,False
mlbam-671131,Jackson Rutledge,2025,AAA,Rochester Red Wings,pitcher,26.0,3.0,2.0,0.0,0.4,0.1,0.0,0.0,1.4333333333333333,5.0,5.0,0.0,0.0,Rochester Red Wings,statsapi,False
mlbam-685010,Dustin Saenz,2025,AAA,Rochester Red Wings,pitcher,26.0,3.0,1.0,0.0,0.0,0.09090909090909091,0.0,0.0,4.1,5.5,5.5,0.0,0.0,Rochester Red Wings,statsapi,False
mlbam-699560,Josh Sanders,2025,AAA,Round Rock Express,pitcher,24.0,1.0,1.0,0.0,0.0,0.2,0.0,0.0,6.1,2.5,2.5,0.0,0.0,Round Rock Express,statsapi,False
mlbam-656945,Tanner Scott,2025,AAA,Oklahoma City Comets,pitcher,31.0,1.0,1.0,0.0,0.5,0.25,0.12,0.0,2.1,2.0,2.0,0.0,0.0,Oklahoma City Comets,statsapi,False
mlbam-676882,Chandler Seagle,2025,AAA,Gwinnett Stripers,pitcher,29.0,0.3333333333333333,1.0,0.0,0.0,0.75,0.0,0.0,30.1,2.0,2.0,0.0,0.0,Gwinnett Stripers,statsapi,False
mlbam-686580,Justin Slaten,2025,AAA,Worcester Red Sox,pitcher,28.0,3.0,3.0,0.0,0.4166666666666667,0.08333333333333333,0.0,0.0,0.7666666666666666,6.0,6.0,0.0,0.0,Worcester Red Sox,statsapi,False
mlbam-656986,Bennett Sousa,2025,AAA,Sugar Land Space Cowboys,pitcher,30.0,5.0,4.0,0.0,0.29411764705882354,0.0,0.0,0.0,1.1,8.5,8.5,0.0,0.0,Sugar Land Space Cowboys,statsapi,False
mlbam-592779,Brock Stewart,2025,AAA,Oklahoma City Comets,pitcher,34.0,2.6666666666666665,3.0,0.0,0.2,0.13333333333333333,0.0,0.0,4.225,7.5,7.5,0.0,0.0,Oklahoma City Comets,statsapi,False
mlbam-823990,Zane Taylor,2025,AAA,Las Vegas Aviators,pitcher,23.0,2.0,1.0,1.0,0.5,0.25,0.0,0.0,2.1,4.0,4.0,0.0,0.0,Las Vegas Aviators,statsapi,False
mlbam-657044,Ryan Thompson,2025,AAA,Reno Aces,pitcher,33.0,2.0,2.0,0.0,0.16666666666666666,0.0,0.0,0.0,2.1,3.0,3.0,0.0,0.0,Reno Aces,statsapi,False
mlbam-804636,Jonah Tong,2025,AAA,Syracuse Mets,pitcher,22.0,11.666666666666666,2.0,2.0,0.37777777777777777,0.06666666666666667,0.0,0.0,0.9571428571428573,22.5,22.5,0.0,0.0,Syracuse Mets,statsapi,False
mlbam-678620,Blake Townsend,2025,AAA,Indianapolis Indians,pitcher,24.0,2.3333333333333335,1.0,0.0,0.125,0.0,0.0,0.0,3.5285714285714285,4.0,4.0,0.0,0.0,Indianapolis Indians,statsapi,False
mlbam-595014,Blake Treinen,2025,AAA,Oklahoma City Comets,pitcher,37.0,6.0,6.0,1.0,0.45,0.05,0.0,0.0,0.6000000000000001,10.0,10.0,0.0,0.0,Oklahoma City Comets,statsapi,False
mlbam-642152,Lou Trivino III,2025,AAA,Lehigh Valley IronPigs,pitcher,34.0,8.0,7.0,0.0,0.2903225806451613,0.12903225806451613,0.0,0.0,2.35,15.5,15.5,0.0,0.0,Lehigh Valley IronPigs,statsapi,False
mlbam-679631,Terrin Vavra,2025,AAA,Norfolk Tides,pitcher,28.0,1.0,1.0,0.0,0.0,0.0,0.0,0.0,3.1,1.5,1.5,0.0,0.0,Norfolk Tides,statsapi,False
mlbam-681911,Alex Vesia,2025,AAA,Oklahoma City Comets,pitcher,29.0,2.0,2.0,0.0,0.5,0.0,0.0,0.0,0.10000000000000009,3.0,3.0,0.0,0.0,Oklahoma City Comets,statsapi,False
mlbam-682994,Chris Villaman,2025,AAA,Durham Bulls,pitcher,24.0,2.0,1.0,0.0,0.1,0.1,0.0,0.0,3.6,5.0,5.0,0.0,0.0,Durham Bulls,statsapi,False
mlbam-686972,Cole Waites,2025,AAA,Sacramento River Cats,pitcher,27.0,3.6666666666666665,4.0,0.0,0.2,0.13333333333333333,0.0,0.0,3.1,7.5,7.5,0.0,0.0,Sacramento River Cats,statsapi,False
mlbam-681806,Andrew Wantz,2025,AAA,Durham Bulls,pitcher,30.0,7.0,7.0,0.0,0.32142857142857145,0.17857142857142858,0.0,0.0,2.6714285714285717,14.0,14.0,0.0,0.0,Durham Bulls,statsapi,False
mlbam-605525,J.B. Wendelken,2025,AAA,El Paso Chihuahuas,pitcher,32.0,1.0,2.0,0.0,0.2,0.2,0.12,0.0,4.1,2.5,2.5,0.0,0.0,El Paso Chihuahuas,statsapi,False
mlbam-489446,Kirby Yates,2025,AAA,Oklahoma City Comets,pitcher,38.0,1.0,1.0,0.0,0.25,0.25,0.0,0.0,4.1,2.0,2.0,0.0,0.0,Oklahoma City Comets,statsapi,False
mlbam-802686,Hayden Harris,2025,AAA,Gwinnett Stripers,pitcher,26.0,29.333333333333332,25.0,0.0,0.3783783783783784,0.10810810810810811,0.037037037037037035,0.31,2.418181818181818,55.5,55.5,0.31,0.31,Gwinnett Stripers,statsapi,False
mlbam-668390,Cole Winn,2025,AAA,Round Rock Express,pitcher,26.0,30.666666666666668,17.0,0.0,0.211864406779661,0.1271186440677966,0.03333333333333333,0.59,3.2630434782608697,59.0,59.0,0.59,0.59,Round Rock Express,statsapi,False
mlbam-696040,Po-Yu Chen,2025,AAA,Indianapolis Indians,pitcher,24.0,13.666666666666666,3.0,3.0,0.1724137931034483,0.10344827586206896,0.0,0.66,3.1731707317073172,29.0,29.0,0.66,0.66,Indianapolis Indians,statsapi,False
mlbam-669091,Matt Cronin,2025,AAA,Tacoma Rainiers,pitcher,28.0,13.0,10.0,0.0,0.19607843137254902,0.11764705882352941,0.0,0.69,2.9461538461538463,25.5,25.5,0.69,0.69,Tacoma Rainiers,statsapi,False
mlbam-696147,Sam Bachman,2025,AAA,Salt Lake Bees,pitcher,26.0,25.333333333333332,24.0,0.0,0.21818181818181817,0.15454545454545454,0.0,0.71,3.218421052631579,55.0,55.0,0.71,0.71,Salt Lake Bees,statsapi,False
mlbam-676962,Ben Brown,2025,AAA,Iowa Cubs,pitcher,26.0,11.0,3.0,2.0,0.2,0.05,0.07142857142857142,0.82,3.372727272727273,20.0,20.0,0.82,0.82,Iowa Cubs,statsapi,False
mlbam-544150,Albert Suárez,2025,AAA,Norfolk Tides,pitcher,36.0,10.666666666666666,4.0,2.0,0.1282051282051282,0.1282051282051282,0.0,0.84,3.56875,19.5,19.5,0.84,0.84,Norfolk Tides,statsapi,False
mlbam-624523,Riley Unroe,2025,AAA,Toledo Mud Hens,pitcher,30.0,10.666666666666666,7.0,0.0,0.0,0.046511627906976744,0.07692307692307693,0.84,4.88125,21.5,21.5,0.84,0.84,Toledo Mud Hens,statsapi,False
mlbam-687866,Justin Yeager,2025,AAA,Nashville Sounds,pitcher,27.0,21.333333333333332,18.0,0.0,0.20238095238095238,0.16666666666666666,0.0,0.84,3.475,42.0,42.0,0.84,0.84,Nashville Sounds,statsapi,False
mlbam-668984,Casey Legumina,2025,AAA,Tacoma Rainiers,pitcher,28.0,10.333333333333334,10.0,0.0,0.28888888888888886,0.1111111111111111,0.0,0.87,2.3258064516129036,22.5,22.5,0.87,0.87,Tacoma Rainiers,statsapi,False
mlbam-800723,Trevin Michael,2025,AAA,Toledo Mud Hens,pitcher,28.0,10.333333333333334,4.0,0.0,0.3181818181818182,0.11363636363636363,0.0,0.87,2.132258064516129,22.0,22.0,0.87,0.87,Toledo Mud Hens,statsapi,False
mlbam-621053,Tyler Ferguson,2025,AAA,Las Vegas Aviators,pitcher,32.0,10.0,9.0,0.0,0.275,0.075,0.0,0.9,1.8,20.0,20.0,0.9,0.9,Las Vegas Aviators,statsapi,False
mlbam-571760,Andrew Heaney,2025,AAA,Oklahoma City Comets,pitcher,34.0,10.0,4.0,4.0,0.37142857142857144,0.05714285714285714,0.0,0.9,1.1,17.5,17.5,0.9,0.9,Oklahoma City Comets,statsapi,False
mlbam-624133,Ranger Suarez,2025,AAA,Lehigh Valley IronPigs,pitcher,30.0,9.666666666666666,2.0,2.0,0.34210526315789475,0.10526315789473684,0.0,0.93,1.6517241379310346,19.0,19.0,0.93,0.93,Lehigh Valley IronPigs,statsapi,False
mlbam-684974,Craig Yoho,2025,AAA,Nashville Sounds,pitcher,26.0,47.666666666666664,43.0,0.0,0.31413612565445026,0.1099476439790576,0.0,0.94,2.093006993006993,95.5,95.5,0.94,0.94,Nashville Sounds,statsapi,False
mlbam-596295,Austin Gomber,2025,AAA,Iowa Cubs,pitcher,32.0,27.0,6.0,5.0,0.2815533980582524,0.06796116504854369,0.03225806451612903,1.0,2.2111111111111112,51.5,51.5,1.0,1.0,Iowa Cubs,statsapi,False
mlbam-641927,Bailey Ober,2025,AAA,St. Paul Saints,pitcher,30.0,9.0,2.0,2.0,0.2727272727272727,0.030303030303030304,0.1,1.0,2.8777777777777778,16.5,16.5,1.0,1.0,St. Paul Saints,statsapi,False
mlbam-681869,Shawn Dubin,2025,AAA,Sugar Land Space Cowboys,pitcher,30.0,8.666666666666666,9.0,0.0,0.4375,0.03125,0.0,1.04,0.21538461538461506,16.0,16.0,1.04,1.04,Sugar Land Space Cowboys,statsapi,False
mlbam-605483,Blake Snell,2025,AAA,Oklahoma City Comets,pitcher,33.0,8.666666666666666,2.0,2.0,0.3939393939393939,0.15151515151515152,0.0,1.04,1.8307692307692307,16.5,16.5,1.04,1.04,Oklahoma City Comets,statsapi,False
mlbam-621366,Ryan Borucki,2025,AAA,Buffalo Bisons,pitcher,31.0,8.0,7.0,0.0,0.2727272727272727,0.15151515151515152,0.0,1.13,3.475,16.5,16.5,1.13,1.13,Buffalo Bisons,statsapi,False
mlbam-669387,Carmen Mlodzinski,2025,AAA,Indianapolis Indians,pitcher,26.0,15.666666666666666,3.0,3.0,0.25,0.109375,0.0,1.15,2.3978723404255318,32.0,32.0,1.15,1.15,Indianapolis Indians,statsapi,False
mlbam-623167,Chris Flexen,2025,AAA,Iowa Cubs,pitcher,31.0,23.333333333333332,5.0,5.0,0.22340425531914893,0.0851063829787234,0.0,1.16,2.4571428571428573,47.0,47.0,1.16,1.16,Iowa Cubs,statsapi,False
mlbam-669438,Mason Englert,2025,AAA,Durham Bulls,pitcher,26.0,22.0,14.0,1.0,0.2857142857142857,0.054945054945054944,0.05263157894736842,1.23,2.1454545454545455,45.5,45.5,1.23,1.23,Durham Bulls,statsapi,False
mlbam-642575,Gerson Moreno,2025,AAA,Memphis Redbirds,pitcher,30.0,14.666666666666666,14.0,0.0,0.25,0.18333333333333332,0.0,1.23,3.9181818181818184,30.0,30.0,1.23,1.23,Memphis Redbirds,statsapi,False
mlbam-690990,Cade Horton,2025,AAA,Iowa Cubs,pitcher,24.0,29.0,6.0,6.0,0.3055555555555556,0.12037037037037036,0.0625,1.24,3.1689655172413795,54.0,54.0,1.24,1.24,Iowa Cubs,statsapi,False
mlbam-702281,Robby Snelling,2025,AAA,Jacksonville Jumbo Shrimp,pitcher,22.0,63.666666666666664,11.0,11.0,0.32926829268292684,0.06910569105691057,0.09090909090909091,1.27,2.2204188481675393,123.0,123.0,1.27,1.27,Jacksonville Jumbo Shrimp,statsapi,False
mlbam-641482,Nestor Cortes,2025,AAA,Nashville Sounds,pitcher,31.0,14.0,3.0,3.0,0.2962962962962963,0.05555555555555555,0.058823529411764705,1.29,2.6,27.0,27.0,1.29,1.29,Nashville Sounds,statsapi,False
mlbam-701552,Andre Granillo,2025,AAA,Memphis Redbirds,pitcher,25.0,42.0,29.0,0.0,0.36024844720496896,0.08695652173913043,0.043478260869565216,1.29,2.0285714285714285,80.5,80.5,1.29,1.29,Memphis Redbirds,statsapi,False
mlbam-593833,Wander Suero,2025,AAA,Syracuse Mets,pitcher,34.0,48.666666666666664,45.0,0.0,0.3248730964467005,0.06598984771573604,0.034482758620689655,1.29,2.1136986301369864,98.5,98.5,1.29,1.29,Syracuse Mets,statsapi,False
mlbam-642121,Cole Sulser,2025,AAA,Durham Bulls,pitcher,35.0,34.666666666666664,30.0,0.0,0.26153846153846155,0.038461538461538464,0.05263157894736842,1.3,2.4076923076923076,65.0,65.0,1.3,1.3,Durham Bulls,statsapi,False
mlbam-675911,Spencer Strider,2025,AAA,Gwinnett Stripers,pitcher,27.0,13.666666666666666,3.0,3.0,0.5294117647058824,0.09803921568627451,0.0,1.32,0.46585365853658534,25.5,25.5,1.32,1.32,Gwinnett Stripers,statsapi,False
mlbam-666142,Cole Ragans,2025,AAA,Omaha Storm Chasers,pitcher,28.0,6.666666666666667,2.0,2.0,0.56,0.08,0.2,1.35,1.7500000000000002,12.5,12.5,1.35,1.35,Omaha Storm Chasers,statsapi,False
mlbam-641386,Ben Bowden,2025,AAA,Las Vegas Aviators,pitcher,31.0,39.666666666666664,31.0,0.0,0.25625,0.11875,0.019230769230769232,1.36,2.7218487394957984,80.0,80.0,1.36,1.36,Las Vegas Aviators,statsapi,False
mlbam-663671,Nic Enright,2025,AAA,Columbus Clippers,pitcher,28.0,13.0,13.0,0.0,0.24,0.14,0.0,1.38,2.8692307692307693,25.0,25.0,1.38,1.38,Columbus Clippers,statsapi,False
mlbam-678368,Valente Bellozo,2025,AAA,Jacksonville Jumbo Shrimp,pitcher,25.0,19.333333333333332,5.0,4.0,0.24358974358974358,0.08974358974358974,0.0,1.4,2.3758620689655174,39.0,39.0,1.4,1.4,Jacksonville Jumbo Shrimp,statsapi,False
mlbam-814351,Lucas Braun,2025,AAA,Gwinnett Stripers,pitcher,24.0,19.0,3.0,3.0,0.171875,0.0625,0.0,1.42,2.573684210526316,32.0,32.0,1.42,1.42,Gwinnett Stripers,statsapi,False
mlbam-657424,Matt Gage,2025,AAA,Sacramento River Cats,pitcher,32.0,37.666666666666664,28.0,1.0,0.22535211267605634,0.04929577464788732,0.05,1.43,2.5690265486725665,71.0,71.0,1.43,1.43,Sacramento River Cats,statsapi,False
mlbam-676879,Aaron Ashby,2025,AAA,Nashville Sounds,pitcher,27.0,6.0,4.0,0.0,0.16,0.2,0.0,1.5,4.266666666666667,12.5,12.5,1.5,1.5,Nashville Sounds,statsapi,False
mlbam-669724,Brenan Hanifee,2025,AAA,Toledo Mud Hens,pitcher,27.0,6.0,6.0,1.0,0.3181818181818182,0.045454545454545456,0.0,1.5,1.2666666666666668,11.0,11.0,1.5,1.5,Toledo Mud Hens,statsapi,False
mlbam-809950,Dakota Hawkins,2025,AAA,Syracuse Mets,pitcher,25.0,6.0,3.0,0.0,0.30434782608695654,0.0,0.16666666666666666,1.5,2.9333333333333336,11.5,11.5,1.5,1.5,Syracuse Mets,statsapi,False
mlbam-674384,Eduarniel Núñez,2025,AAA,Las Vegas Aviators,pitcher,26.0,24.0,21.0,0.0,0.358695652173913,0.15217391304347827,0.0625,1.5,2.6416666666666666,46.0,46.0,1.5,1.5,Las Vegas Aviators,statsapi,False
mlbam-689958,Andrew Walters,2025,AAA,Columbus Clippers,pitcher,25.0,12.0,12.0,0.0,0.46,0.18,0.0,1.5,1.5166666666666668,25.0,25.0,1.5,1.5,Columbus Clippers,statsapi,False
mlbam-665645,Kervin Castro,2025,AAA,Scranton/Wilkes-Barre RailRiders,pitcher,26.0,47.0,35.0,0.0,0.2736842105263158,0.12631578947368421,0.024390243902439025,1.53,2.695744680851064,95.0,95.0,1.53,1.53,Scranton/Wilkes-Barre RailRiders,statsapi,False
mlbam-669920,Jason Alexander,2025,AAA,Sugar Land Space Cowboys,pitcher,32.0,64.0,13.0,12.0,0.2126865671641791,0.10820895522388059,0.058823529411764705,1.55,3.521875,134.0,134.0,1.55,1.55,Sugar Land Space Cowboys,statsapi,False
mlbam-694660,Harrison Cohen,2025,AAA,Scranton/Wilkes-Barre RailRiders,pitcher,26.0,28.666666666666668,29.0,1.0,0.25,0.14655172413793102,0.0,1.57,3.0651162790697675,58.0,58.0,1.57,1.57,Scranton/Wilkes-Barre RailRiders,statsapi,False
mlbam-660787,Yerry De los Santos,2025,AAA,Scranton/Wilkes-Barre RailRiders,pitcher,28.0,16.666666666666668,17.0,0.0,0.2571428571428571,0.07142857142857142,0.15384615384615385,1.62,3.4,35.0,35.0,1.62,1.62,Scranton/Wilkes-Barre RailRiders,statsapi,False
mlbam-680755,Braydon Fisher,2025,AAA,Buffalo Bisons,pitcher,25.0,16.666666666666668,14.0,0.0,0.3283582089552239,0.07462686567164178,0.0,1.62,1.3600000000000003,33.5,33.5,1.62,1.62,Buffalo Bisons,statsapi,False
mlbam-642216,Allan Winans,2025,AAA,Scranton/Wilkes-Barre RailRiders,pitcher,30.0,99.33333333333333,21.0,18.0,0.26448362720403024,0.06801007556675064,0.041237113402061855,1.63,2.4758389261744966,198.5,198.5,1.63,1.63,Scranton/Wilkes-Barre RailRiders,statsapi,False
mlbam-687330,Kevin Kelly,2025,AAA,Durham Bulls,pitcher,28.0,11.0,11.0,0.0,0.32608695652173914,0.021739130434782608,0.0,1.64,0.9181818181818184,23.0,23.0,1.64,1.64,Durham Bulls,statsapi,False
mlbam-615698,Cal Quantrill,2025,AAA,Round Rock Express,pitcher,30.0,11.0,2.0,2.0,0.3333333333333333,0.023809523809523808,0.1,1.64,2.0090909090909093,21.0,21.0,1.64,1.64,Round Rock Express,statsapi,False
mlbam-663992,Richard Lovelady,2025,AAA,Syracuse Mets,pitcher,30.0,38.0,35.0,1.0,0.2631578947368421,0.08552631578947369,0.12121212121212122,1.66,3.626315789473684,76.0,76.0,1.66,1.66,Syracuse Mets,statsapi,False
mlbam-620454,José Castillo,2025,AAA,Syracuse Mets,pitcher,29.0,16.0,15.0,0.0,0.359375,0.09375,0.0,1.69,1.5375,32.0,32.0,1.69,1.69,Syracuse Mets,statsapi,False
mlbam-697811,Dylan Ross,2025,AAA,Syracuse Mets,pitcher,25.0,32.0,28.0,0.0,0.30708661417322836,0.1732283464566929,0.047619047619047616,1.69,3.225,63.5,63.5,1.69,1.69,Syracuse Mets,statsapi,False
mlbam-621051,Steven Wilson,2025,AAA,Charlotte Knights,pitcher,31.0,5.333333333333333,5.0,0.0,0.45454545454545453,0.045454545454545456,0.14285714285714285,1.69,2.35,11.0,11.0,1.69,1.69,Charlotte Knights,statsapi,False
mlbam-805673,Zebby Matthews,2025,AAA,St. Paul Saints,pitcher,25.0,36.666666666666664,8.0,8.0,0.31756756756756754,0.060810810810810814,0.03125,1.72,1.6272727272727272,74.0,74.0,1.72,1.72,St. Paul Saints,statsapi,False
mlbam-820862,José Fermin,2025,AAA,Salt Lake Bees,pitcher,24.0,10.333333333333334,10.0,0.0,0.32608695652173914,0.10869565217391304,0.1111111111111111,1.74,2.906451612903226,23.0,23.0,1.74,1.74,Salt Lake Bees,statsapi,False
mlbam-663767,Chase Shugart,2025,AAA,Indianapolis Indians,pitcher,29.0,20.666666666666668,12.0,1.0,0.25316455696202533,0.0759493670886076,0.0,1.74,2.035483870967742,39.5,39.5,1.74,1.74,Indianapolis Indians,statsapi,False
mlbam-681892,Kody Funderburk,2025,AAA,St. Paul Saints,pitcher,29.0,25.333333333333332,19.0,0.0,0.2403846153846154,0.08653846153846154,0.10526315789473684,1.78,3.573684210526316,52.0,52.0,1.78,1.78,St. Paul Saints,statsapi,False
mlbam-502171,Alex Cobb,2025,AAA,Toledo Mud Hens,pitcher,38.0,10.0,5.0,2.0,0.23255813953488372,0.23255813953488372,0.0,1.8,4.1,21.5,21.5,1.8,1.8,Toledo Mud Hens,statsapi,False
mlbam-694205,Victor Lizarraga,2025,AAA,El Paso Chihuahuas,pitcher,22.0,10.0,2.0,2.0,0.11627906976744186,0.13953488372093023,0.0,1.8,4.5,21.5,21.5,1.8,1.8,El Paso Chihuahuas,statsapi,False
mlbam-676046,Griff McGarry,2025,AAA,Lehigh Valley IronPigs,pitcher,26.0,5.0,1.0,1.0,0.42105263157894735,0.10526315789473684,0.16666666666666666,1.8,4.3,9.5,9.5,1.8,1.8,Lehigh Valley IronPigs,statsapi,False
mlbam-656641,Jacob Latz,2025,AAA,Round Rock Express,pitcher,29.0,14.666666666666666,9.0,1.0,0.3283582089552239,0.16417910447761194,0.08333333333333333,1.84,3.2363636363636363,33.5,33.5,1.84,1.84,Round Rock Express,statsapi,False
mlbam-502043,Kyle Gibson,2025,AAA,Durham Bulls,pitcher,38.0,24.333333333333332,6.0,6.0,0.30927835051546393,0.061855670103092786,0.0,1.85,1.6205479452054794,48.5,48.5,1.85,1.85,Durham Bulls,statsapi,False
mlbam-671212,Joe Boyle,2025,AAA,Durham Bulls,pitcher,26.0,86.0,18.0,17.0,0.32947976878612717,0.11849710982658959,0.1044776119402985,1.88,3.1116279069767443,173.0,173.0,1.88,1.88,Durham Bulls,statsapi,False
mlbam-669165,Kyle Hurt,2025,AAA,Oklahoma City Comets,pitcher,27.0,9.333333333333334,7.0,0.0,0.23809523809523808,0.11904761904761904,0.0,1.93,2.5642857142857145,21.0,21.0,1.93,1.93,Oklahoma City Comets,statsapi,False
mlbam-679066,Valentin Linarez,2025,AAA,Indianapolis Indians,pitcher,25.0,4.666666666666667,3.0,0.0,0.29411764705882354,0.058823529411764705,0.3333333333333333,1.93,5.0285714285714285,8.5,8.5,1.93,1.93,Indianapolis Indians,statsapi,False
mlbam-554431,Tyler Matzek,2025,AAA,Scranton/Wilkes-Barre RailRiders,pitcher,35.0,4.666666666666667,4.0,0.0,0.25,0.1,0.0,1.93,2.8857142857142857,10.0,10.0,1.93,1.93,Scranton/Wilkes-Barre RailRiders,statsapi,False
mlbam-694037,Daniel Palencia,2025,AAA,Iowa Cubs,pitcher,25.0,4.666666666666667,6.0,0.0,0.42857142857142855,0.09523809523809523,0.0,1.93,0.5285714285714289,10.5,10.5,1.93,1.93,Iowa Cubs,statsapi,False
mlbam-650671,José Quijada,2025,AAA,Salt Lake Bees,pitcher,30.0,13.666666666666666,13.0,0.0,0.29508196721311475,0.13114754098360656,0.1111111111111111,1.98,4.12439024390244,30.5,30.5,1.98,1.98,Salt Lake Bees,statsapi,False
mlbam-686223,Joey Mancini,2025,AAA,Sugar Land Space Cowboys,pitcher,26.0,9.0,2.0,1.0,0.13157894736842105,0.10526315789473684,0.0,2.0,3.3222222222222224,19.0,19.0,2.0,2.0,Sugar Land Space Cowboys,statsapi,False
mlbam-682254,Mason Montgomery,2025,AAA,Durham Bulls,pitcher,25.0,9.0,9.0,0.0,0.4411764705882353,0.029411764705882353,0.0,2.0,0.43333333333333357,17.0,17.0,2.0,2.0,Durham Bulls,statsapi,False
mlbam-605452,Joe Ross,2025,AAA,Iowa Cubs,pitcher,32.0,9.0,7.0,1.0,0.2,0.08571428571428572,0.0,2.0,2.5444444444444443,17.5,17.5,2.0,2.0,Iowa Cubs,statsapi,False
mlbam-669456,Shane Bieber,2025,AAA,Buffalo Bisons,pitcher,30.0,17.666666666666668,3.0,3.0,0.24615384615384617,0.03076923076923077,0.16666666666666666,2.04,3.1,32.5,32.5,2.04,2.04,Buffalo Bisons,statsapi,False
mlbam-679775,Kyle Backhus,2025,AAA,Reno Aces,pitcher,27.0,26.333333333333332,26.0,0.0,0.3162393162393162,0.10256410256410256,0.041666666666666664,2.05,2.378481012658228,58.5,58.5,2.05,2.05,Reno Aces,statsapi,False
mlbam-445926,Jesse Chavez,2025,AAA,Gwinnett Stripers,pitcher,42.0,30.666666666666668,23.0,1.0,0.288,0.096,0.0625,2.05,2.773913043478261,62.5,62.5,2.05,2.05,Gwinnett Stripers,statsapi,False
mlbam-622253,Dillon Tate,2025,AAA,Buffalo Bisons,pitcher,31.0,39.333333333333336,36.0,0.0,0.2275449101796407,0.11976047904191617,0.058823529411764705,2.06,3.506779661016949,83.5,83.5,2.06,2.06,Buffalo Bisons,statsapi,False
mlbam-453286,Max Scherzer,2025,AAA,Buffalo Bisons,pitcher,41.0,8.666666666666666,2.0,2.0,0.35294117647058826,0.058823529411764705,0.1,2.08,2.8692307692307693,17.0,17.0,2.08,2.08,Buffalo Bisons,statsapi,False
mlbam-687888,Brandon Walter,2025,AAA,Sugar Land Space Cowboys,pitcher,29.0,47.666666666666664,11.0,7.0,0.2752808988764045,0.03932584269662921,0.09375,2.08,2.7433566433566434,89.0,89.0,2.08,2.08,Sugar Land Space Cowboys,statsapi,False
mlbam-669372,J.T. Ginn,2025,AAA,Las Vegas Aviators,pitcher,26.0,21.333333333333332,5.0,5.0,0.35714285714285715,0.10714285714285714,0.09090909090909091,2.11,2.1625,42.0,42.0,2.11,2.11,Las Vegas Aviators,statsapi,False
mlbam-672782,Yoendrys Gómez,2025,AAA,Charlotte Knights,pitcher,26.0,46.666666666666664,14.0,11.0,0.32,0.105,0.057692307692307696,2.12,2.7357142857142858,100.0,100.0,2.12,2.12,Charlotte Knights,statsapi,False
mlbam-663321,Nick Hernandez,2025,AAA,Sugar Land Space Cowboys,pitcher,31.0,46.666666666666664,46.0,0.0,0.33689839572192515,0.12299465240641712,0.09090909090909091,2.12,3.335714285714286,93.5,93.5,2.12,2.12,Sugar Land Space Cowboys,statsapi,False
mlbam-605177,Andrew Chafin,2025,AAA,Toledo Mud Hens,pitcher,35.0,12.666666666666666,13.0,0.0,0.3148148148148148,0.07407407407407407,0.0,2.13,1.6,27.0,27.0,2.13,2.13,Toledo Mud Hens,statsapi,False
mlbam-694819,Jacob Misiorowski,2025,AAA,Nashville Sounds,pitcher,23.0,63.333333333333336,13.0,12.0,0.31620553359683795,0.1225296442687747,0.06666666666666667,2.13,2.9105263157894736,126.5,126.5,2.13,2.13,Nashville Sounds,statsapi,False
mlbam-691587,Eury Pérez,2025,AAA,Jacksonville Jumbo Shrimp,pitcher,22.0,12.666666666666666,3.0,3.0,0.2830188679245283,0.1320754716981132,0.05263157894736842,2.13,3.4157894736842107,26.5,26.5,2.13,2.13,Jacksonville Jumbo Shrimp,statsapi,False
mlbam-676961,Caleb Boushley,2025,AAA,Durham Bulls,pitcher,32.0,33.666666666666664,11.0,5.0,0.17391304347826086,0.09420289855072464,0.047619047619047616,2.14,3.604950495049505,69.0,69.0,2.14,2.14,Durham Bulls,statsapi,False
mlbam-681799,Ethan Roberts,2025,AAA,Iowa Cubs,pitcher,28.0,41.666666666666664,36.0,1.0,0.2983425414364641,0.11602209944751381,0.05,2.16,2.7880000000000003,90.5,90.5,2.16,2.16,Iowa Cubs,statsapi,False
mlbam-605154,John Brebbia,2025,AAA,Gwinnett Stripers,pitcher,35.0,20.666666666666668,17.0,1.0,0.25882352941176473,0.047058823529411764,0.03571428571428571,2.18,2.1806451612903226,42.5,42.5,2.18,2.18,Gwinnett Stripers,statsapi,False
mlbam-695505,Chase Burns,2025,AAA,Louisville Bats,pitcher,22.0,12.333333333333334,2.0,2.0,0.30434782608695654,0.08695652173913043,0.0,2.19,1.802702702702703,23.0,23.0,2.19,2.19,Louisville Bats,statsapi,False
mlbam-605400,Aaron Nola,2025,AAA,Lehigh Valley IronPigs,pitcher,32.0,12.333333333333334,3.0,3.0,0.3333333333333333,0.058823529411764705,0.0,2.19,1.0729729729729733,25.5,25.5,2.19,2.19,Lehigh Valley IronPigs,statsapi,False
mlbam-690953,Mick Abel,2025,AAA,St. Paul Saints,pitcher,24.0,98.33333333333333,18.0,18.0,0.2864321608040201,0.10050251256281408,0.06666666666666667,2.2,2.8559322033898304,199.0,199.0,2.2,2.2,St. Paul Saints,statsapi,False
mlbam-679358,Eric Orze,2025,AAA,Durham Bulls,pitcher,28.0,28.666666666666668,24.0,0.0,0.3274336283185841,0.08849557522123894,0.19047619047619047,2.2,3.483720930232558,56.5,56.5,2.2,2.2,Durham Bulls,statsapi,False
mlbam-669682,Morgan McSweeney,2025,AAA,Jacksonville Jumbo Shrimp,pitcher,28.0,61.0,13.0,12.0,0.17073170731707318,0.0975609756097561,0.037037037037037035,2.21,3.542622950819672,123.0,123.0,2.21,2.21,Jacksonville Jumbo Shrimp,statsapi,False
mlbam-670174,Josh Winckowski,2025,AAA,Worcester Red Sox,pitcher,27.0,20.333333333333332,5.0,3.0,0.225,0.025,0.25,2.21,3.5426229508196725,40.0,40.0,2.21,2.21,Worcester Red Sox,statsapi,False
mlbam-663878,Nate Pearson,2025,AAA,Iowa Cubs,pitcher,29.0,44.666666666666664,38.0,1.0,0.3064516129032258,0.13440860215053763,0.022727272727272728,2.22,2.6522388059701494,93.0,93.0,2.22,2.22,Iowa Cubs,statsapi,False
mlbam-688642,Zach Agnos,2025,AAA,Albuquerque Isotopes,pitcher,25.0,12.0,10.0,0.0,0.30434782608695654,0.08695652173913043,0.1111111111111111,2.25,2.85,23.0,23.0,2.25,2.25,Albuquerque Isotopes,statsapi,False
mlbam-657514,Brennan Bernardino,2025,AAA,Worcester Red Sox,pitcher,33.0,4.0,4.0,0.0,0.4,0.2,0.0,2.25,2.85,10.0,10.0,2.25,2.25,Worcester Red Sox,statsapi,False
mlbam-802609,John Michael Bertrand,2025,AAA,Sacramento River Cats,pitcher,27.0,12.0,2.0,1.0,0.2222222222222222,0.022222222222222223,0.0,2.25,1.6833333333333333,22.5,22.5,2.25,2.25,Sacramento River Cats,statsapi,False
mlbam-680742,Jonathan Bowlan,2025,AAA,Omaha Storm Chasers,pitcher,29.0,36.0,24.0,0.0,0.31690140845070425,0.09154929577464789,0.03333333333333333,2.25,2.0444444444444443,71.0,71.0,2.25,2.25,Omaha Storm Chasers,statsapi,False
mlbam-688107,Robert Gasser,2025,AAA,Nashville Sounds,pitcher,26.0,32.0,10.0,6.0,0.27692307692307694,0.07692307692307693,0.030303030303030304,2.25,2.2875,65.0,65.0,2.25,2.25,Nashville Sounds,statsapi,False
mlbam-682202,Conor Grammes,2025,AAA,Reno Aces,pitcher,28.0,4.0,4.0,0.0,0.3181818181818182,0.3181818181818182,0.12,2.25,5.6,11.0,11.0,2.25,2.25,Reno Aces,statsapi,False
mlbam-678226,Daysbel Hernández,2025,AAA,Gwinnett Stripers,pitcher,29.0,8.0,8.0,0.0,0.3548387096774194,0.0967741935483871,0.25,2.25,4.725,15.5,15.5,2.25,2.25,Gwinnett Stripers,statsapi,False
mlbam-642546,Jonathan Hernández,2025,AAA,Durham Bulls,pitcher,29.0,12.0,12.0,1.0,0.25,0.11538461538461539,0.1111111111111111,2.25,4.016666666666667,26.0,26.0,2.25,2.25,Durham Bulls,statsapi,False
mlbam-684483,Daniel Juarez,2025,AAA,Syracuse Mets,pitcher,25.0,4.0,2.0,0.0,0.17647058823529413,0.11764705882352941,0.0,2.25,3.85,8.5,8.5,2.25,2.25,Syracuse Mets,statsapi,False
mlbam-675660,Shane Drohan,2025,AAA,Worcester Red Sox,pitcher,26.0,47.666666666666664,12.0,11.0,0.3526315789473684,0.08421052631578947,0.0851063829787234,2.27,2.4496503496503497,95.0,95.0,2.27,2.27,Worcester Red Sox,statsapi,False
mlbam-683020,Gustavo Rodriguez,2025,AAA,Las Vegas Aviators,pitcher,24.0,31.666666666666668,26.0,0.0,0.26277372262773724,0.15328467153284672,0.08,2.27,3.8263157894736843,68.5,68.5,2.27,2.27,Las Vegas Aviators,statsapi,False
mlbam-612434,Miguel Castro,2025,AAA,Sugar Land Space Cowboys,pitcher,31.0,19.666666666666668,17.0,0.0,0.25316455696202533,0.10126582278481013,0.1111111111111111,2.29,3.6084745762711865,39.5,39.5,2.29,2.29,Sugar Land Space Cowboys,statsapi,False
mlbam-687985,Josh White,2025,AAA,Jacksonville Jumbo Shrimp,pitcher,25.0,39.333333333333336,27.0,2.0,0.37012987012987014,0.07142857142857142,0.05128205128205128,2.29,1.7016949152542376,77.0,77.0,2.29,2.29,Jacksonville Jumbo Shrimp,statsapi,False
mlbam-676742,Cam Sanders,2025,AAA,Indianapolis Indians,pitcher,29.0,27.333333333333332,23.0,0.0,0.3333333333333333,0.12037037037037036,0.1111111111111111,2.3,3.0634146341463415,54.0,54.0,2.3,2.3,Indianapolis Indians,statsapi,False
mlbam-666277,George Soriano,2025,AAA,Jacksonville Jumbo Shrimp,pitcher,26.0,42.666666666666664,29.0,1.0,0.28823529411764703,0.09411764705882353,0.1,2.32,2.9828125,85.0,85.0,2.32,2.32,Jacksonville Jumbo Shrimp,statsapi,False
mlbam-682052,Jacob Lopez,2025,AAA,Las Vegas Aviators,pitcher,27.0,27.0,6.0,4.0,0.36538461538461536,0.07692307692307693,0.08695652173913043,2.33,2.1370370370370373,52.0,52.0,2.33,2.33,Las Vegas Aviators,statsapi,False
mlbam-694496,John Stankiewicz,2025,AAA,St. Paul Saints,pitcher,27.0,7.666666666666667,5.0,1.0,0.4,0.16666666666666666,0.0,2.35,1.9260869565217393,15.0,15.0,2.35,2.35,St. Paul Saints,statsapi,False
mlbam-695776,Josh Stephan,2025,AAA,Round Rock Express,pitcher,24.0,7.666666666666667,2.0,1.0,0.17142857142857143,0.08571428571428572,0.09090909090909091,2.35,5.1869565217391305,17.5,17.5,2.35,2.35,Round Rock Express,statsapi,False
mlbam-813882,Brady Choban,2025,AAA,Salt Lake Bees,pitcher,25.0,11.333333333333334,9.0,0.0,0.18604651162790697,0.09302325581395349,0.0,2.38,3.276470588235294,21.5,21.5,2.38,2.38,Salt Lake Bees,statsapi,False
mlbam-679857,Carlos Tavera,2025,AAA,Norfolk Tides,pitcher,27.0,15.0,11.0,0.0,0.23880597014925373,0.13432835820895522,0.047619047619047616,2.4,3.8333333333333335,33.5,33.5,2.4,2.4,Norfolk Tides,statsapi,False
mlbam-677960,Ryan Weathers,2025,AAA,Jacksonville Jumbo Shrimp,pitcher,26.0,15.0,4.0,4.0,0.25396825396825395,0.1111111111111111,0.08333333333333333,2.4,3.2333333333333334,31.5,31.5,2.4,2.4,Jacksonville Jumbo Shrimp,statsapi,False
mlbam-694677,Collin Baumgartner,2025,AAA,Albuquerque Isotopes,pitcher,27.0,22.333333333333332,17.0,0.0,0.2717391304347826,0.09782608695652174,0.07692307692307693,2.42,3.502985074626866,46.0,46.0,2.42,2.42,Albuquerque Isotopes,statsapi,False
mlbam-656186,Dan Altavilla,2025,AAA,Charlotte Knights,pitcher,33.0,26.0,24.0,0.0,0.1891891891891892,0.11711711711711711,0.08,2.42,4.330769230769231,55.5,55.5,2.42,2.42,Charlotte Knights,statsapi,False
mlbam-680684,Gunnar Hoglund,2025,AAA,Las Vegas Aviators,pitcher,26.0,29.666666666666668,6.0,6.0,0.2608695652173913,0.06086956521739131,0.0967741935483871,2.43,3.302247191011236,57.5,57.5,2.43,2.43,Las Vegas Aviators,statsapi,False
mlbam-664294,Dauri Moreta,2025,AAA,Indianapolis Indians,pitcher,29.0,37.0,35.0,0.0,0.37012987012987014,0.13636363636363635,0.05714285714285714,2.43,2.5864864864864865,77.0,77.0,2.43,2.43,Indianapolis Indians,statsapi,False
mlbam-674444,Steven Cruz,2025,AAA,Omaha Storm Chasers,pitcher,26.0,7.333333333333333,7.0,0.0,0.3333333333333333,0.06666666666666667,0.0,2.45,1.6,15.0,15.0,2.45,2.45,Omaha Storm Chasers,statsapi,False
mlbam-675916,James Karinchak,2025,AAA,Charlotte Knights,pitcher,30.0,29.333333333333332,24.0,0.0,0.2809917355371901,0.1652892561983471,0.09090909090909091,2.45,4.156818181818182,60.5,60.5,2.45,2.45,Charlotte Knights,statsapi,False
mlbam-621121,Lance McCullers Jr.,2025,AAA,Sugar Land Space Cowboys,pitcher,32.0,11.0,3.0,3.0,0.29545454545454547,0.09090909090909091,0.0,2.45,2.1,22.0,22.0,2.45,2.45,Sugar Land Space Cowboys,statsapi,False
mlbam-677312,Zane Mills,2025,AAA,Memphis Redbirds,pitcher,25.0,3.6666666666666665,2.0,1.0,0.25,0.125,0.0,2.45,3.372727272727273,8.0,8.0,2.45,2.45,Memphis Redbirds,statsapi,False
mlbam-690294,Shane Murphy,2025,AAA,Charlotte Knights,pitcher,24.0,14.666666666666666,3.0,3.0,0.1694915254237288,0.11864406779661017,0.14285714285714285,2.45,4.940909090909091,29.5,29.5,2.45,2.45,Charlotte Knights,statsapi,False
mlbam-702129,Alex Pham,2025,AAA,Norfolk Tides,pitcher,26.0,3.6666666666666665,2.0,0.0,0.35714285714285715,0.07142857142857142,0.0,2.45,1.190909090909091,7.0,7.0,2.45,2.45,Norfolk Tides,statsapi,False
mlbam-692437,Winston Santos,2025,AAA,Round Rock Express,pitcher,23.0,3.6666666666666665,1.0,1.0,0.26666666666666666,0.13333333333333333,0.0,2.45,2.5545454545454547,7.5,7.5,2.45,2.45,Round Rock Express,statsapi,False
mlbam-681882,Colin Selby,2025,AAA,Norfolk Tides,pitcher,28.0,25.666666666666668,25.0,0.0,0.3153153153153153,0.11711711711711711,0.1111111111111111,2.45,2.9051948051948053,55.5,55.5,2.45,2.45,Norfolk Tides,statsapi,False
mlbam-623149,Paul Sewald,2025,AAA,Toledo Mud Hens,pitcher,35.0,3.6666666666666665,4.0,0.0,0.14285714285714285,0.0,0.16666666666666666,2.45,6.372727272727273,7.0,7.0,2.45,2.45,Toledo Mud Hens,statsapi,False
mlbam-647336,Michael Soroka,2025,AAA,Iowa Cubs,pitcher,28.0,7.333333333333333,2.0,1.0,0.4666666666666667,0.1,0.3333333333333333,2.45,4.054545454545455,15.0,15.0,2.45,2.45,Iowa Cubs,statsapi,False
mlbam-621097,Jacob Waguespack,2025,AAA,Lehigh Valley IronPigs,pitcher,32.0,33.0,25.0,0.0,0.2440944881889764,0.08661417322834646,0.06060606060606061,2.45,3.0090909090909093,63.5,63.5,2.45,2.45,Lehigh Valley IronPigs,statsapi,False
mlbam-682825,Luis Mey,2025,AAA,Louisville Bats,pitcher,24.0,40.0,40.0,0.0,0.27218934911242604,0.1301775147928994,0.0,2.48,2.6,84.5,84.5,2.48,2.48,Louisville Bats,statsapi,False
mlbam-682126,Evan Reifert,2025,AAA,Durham Bulls,pitcher,26.0,29.0,31.0,0.0,0.3984375,0.140625,0.1875,2.48,2.996551724137931,64.0,64.0,2.48,2.48,Durham Bulls,statsapi,False
mlbam-681347,Mike Burrows,2025,AAA,Indianapolis Indians,pitcher,26.0,32.333333333333336,8.0,7.0,0.3153846153846154,0.08461538461538462,0.15384615384615385,2.51,3.9969072164948454,65.0,65.0,2.51,2.51,Indianapolis Indians,statsapi,False
mlbam-519242,Chris Sale,2025,AAA,Gwinnett Stripers,pitcher,36.0,10.666666666666666,3.0,3.0,0.25,0.06818181818181818,0.0,2.53,1.88125,22.0,22.0,2.53,2.53,Gwinnett Stripers,statsapi,False
mlbam-621112,Paul Blackburn,2025,AAA,Syracuse Mets,pitcher,32.0,42.333333333333336,8.0,8.0,0.20359281437125748,0.0718562874251497,0.05,2.55,3.1,83.5,83.5,2.55,2.55,Syracuse Mets,statsapi,False
mlbam-680701,John Rooney,2025,AAA,Sugar Land Space Cowboys,pitcher,28.0,38.666666666666664,43.0,0.0,0.3416149068322981,0.15527950310559005,0.07142857142857142,2.56,3.410344827586207,80.5,80.5,2.56,2.56,Sugar Land Space Cowboys,statsapi,False
mlbam-687856,Andrew Bash,2025,AAA,Buffalo Bisons,pitcher,29.0,84.0,40.0,5.0,0.19726027397260273,0.09863013698630137,0.041237113402061855,2.57,3.5047619047619047,182.5,182.5,2.57,2.57,Buffalo Bisons,statsapi,False
mlbam-665795,Edward Cabrera,2025,AAA,Jacksonville Jumbo Shrimp,pitcher,27.0,7.0,2.0,2.0,0.3448275862068966,0.0,0.14285714285714285,2.57,2.1,14.5,14.5,2.57,2.57,Jacksonville Jumbo Shrimp,statsapi,False
mlbam-807744,Ty Cummings,2025,AAA,Durham Bulls,pitcher,24.0,7.0,3.0,1.0,0.1935483870967742,0.0967741935483871,0.18181818181818182,2.57,6.814285714285715,15.5,15.5,2.57,2.57,Durham Bulls,statsapi,False
mlbam-684544,Jimmy Endersby,2025,AAA,Reno Aces,pitcher,27.0,7.0,2.0,0.0,0.1724137931034483,0.10344827586206896,0.0,2.57,2.9571428571428573,14.5,14.5,2.57,2.57,Reno Aces,statsapi,False
mlbam-663804,Jackson Kowar,2025,AAA,Tacoma Rainiers,pitcher,29.0,14.0,16.0,0.0,0.234375,0.15625,0.0,2.57,3.5285714285714285,32.0,32.0,2.57,2.57,Tacoma Rainiers,statsapi,False
mlbam-676755,Isaac Mattson,2025,AAA,Indianapolis Indians,pitcher,30.0,21.0,19.0,0.0,0.2976190476190476,0.07142857142857142,0.045454545454545456,2.57,2.1952380952380954,42.0,42.0,2.57,2.57,Indianapolis Indians,statsapi,False
mlbam-666661,Juan Morillo,2025,AAA,Reno Aces,pitcher,26.0,21.0,21.0,0.0,0.2222222222222222,0.1,0.09090909090909091,2.57,3.5285714285714285,45.0,45.0,2.57,2.57,Reno Aces,statsapi,False
mlbam-687377,Orlando Ribalta,2025,AAA,Rochester Red Wings,pitcher,27.0,7.0,7.0,0.0,0.2222222222222222,0.07407407407407407,0.16666666666666666,2.57,4.5285714285714285,13.5,13.5,2.57,2.57,Rochester Red Wings,statsapi,False
mlbam-623451,Jackson Stephens,2025,AAA,Gwinnett Stripers,pitcher,31.0,49.0,22.0,4.0,0.2222222222222222,0.07936507936507936,0.020833333333333332,2.57,2.6306122448979594,94.5,94.5,2.57,2.57,Gwinnett Stripers,statsapi,False
mlbam-663941,Tristan Beck,2025,AAA,Sacramento River Cats,pitcher,29.0,31.333333333333332,19.0,0.0,0.30158730158730157,0.11904761904761904,0.0,2.59,2.1106382978723404,63.0,63.0,2.59,2.59,Sacramento River Cats,statsapi,False
mlbam-701581,David Festa,2025,AAA,St. Paul Saints,pitcher,25.0,31.333333333333332,7.0,7.0,0.319672131147541,0.05737704918032787,0.06896551724137931,2.59,2.1106382978723404,61.0,61.0,2.59,2.59,St. Paul Saints,statsapi,False
mlbam-686747,Joe La Sorsa,2025,AAA,Syracuse Mets,pitcher,27.0,48.666666666666664,49.0,0.0,0.21153846153846154,0.13942307692307693,0.038461538461538464,2.59,3.6136986301369864,104.0,104.0,2.59,2.59,Syracuse Mets,statsapi,False
mlbam-663455,Konnor Pilkington,2025,AAA,Rochester Red Wings,pitcher,28.0,41.666666666666664,36.0,3.0,0.2808988764044944,0.15168539325842698,0.04878048780487805,2.59,3.484,89.0,89.0,2.59,2.59,Rochester Red Wings,statsapi,False
mlbam-677651,Luis Garcia,2025,AAA,Sugar Land Space Cowboys,pitcher,29.0,17.333333333333332,4.0,4.0,0.2857142857142857,0.05714285714285714,0.07142857142857142,2.6,2.9846153846153847,35.0,35.0,2.6,2.6,Sugar Land Space Cowboys,statsapi,False
mlbam-693855,Ian Seymour,2025,AAA,Durham Bulls,pitcher,27.0,86.0,16.0,15.0,0.29213483146067415,0.056179775280898875,0.09523809523809523,2.62,3.0651162790697675,178.0,178.0,2.62,2.62,Durham Bulls,statsapi,False
mlbam-687396,Brent Headrick,2025,AAA,Scranton/Wilkes-Barre RailRiders,pitcher,28.0,24.0,20.0,0.0,0.24489795918367346,0.07142857142857142,0.08695652173913043,2.63,3.1833333333333336,49.0,49.0,2.63,2.63,Scranton/Wilkes-Barre RailRiders,statsapi,False
mlbam-670912,Johan Oviedo,2025,AAA,Indianapolis Indians,pitcher,27.0,13.666666666666666,3.0,3.0,0.4,0.06,0.21428571428571427,2.63,3.6853658536585368,25.0,25.0,2.63,2.63,Indianapolis Indians,statsapi,False
mlbam-687064,Brandon Young,2025,AAA,Norfolk Tides,pitcher,27.0,27.333333333333332,5.0,5.0,0.25961538461538464,0.038461538461538464,0.0967741935483871,2.63,2.9902439024390244,52.0,52.0,2.63,2.63,Norfolk Tides,statsapi,False
mlbam-687531,William Kempner,2025,AAA,Jacksonville Jumbo Shrimp,pitcher,24.0,17.0,13.0,0.0,0.32894736842105265,0.19736842105263158,0.125,2.65,4.864705882352942,38.0,38.0,2.65,2.65,Jacksonville Jumbo Shrimp,statsapi,False
mlbam-642016,Daniel Robert,2025,AAA,Lehigh Valley IronPigs,pitcher,31.0,30.333333333333332,28.0,0.0,0.2727272727272727,0.06818181818181818,0.030303030303030304,2.67,2.242857142857143,66.0,66.0,2.67,2.67,Lehigh Valley IronPigs,statsapi,False
mlbam-665665,Reiver Sanmartin,2025,AAA,Louisville Bats,pitcher,29.0,67.33333333333333,46.0,2.0,0.19572953736654805,0.06405693950177936,0.09259259259259259,2.67,3.411881188118812,140.5,140.5,2.67,2.67,Louisville Bats,statsapi,False
mlbam-676083,Janson Junk,2025,AAA,Jacksonville Jumbo Shrimp,pitcher,29.0,50.333333333333336,10.0,9.0,0.24615384615384617,0.035897435897435895,0.037037037037037035,2.68,2.126490066225166,97.5,97.5,2.68,2.68,Jacksonville Jumbo Shrimp,statsapi,False
mlbam-702303,Riley Martin,2025,AAA,Iowa Cubs,pitcher,27.0,63.666666666666664,47.0,1.0,0.3065134099616858,0.13409961685823754,0.08333333333333333,2.69,3.147120418848168,130.5,130.5,2.69,2.69,Iowa Cubs,statsapi,False
mlbam-806188,Cade Gibson,2025,AAA,Jacksonville Jumbo Shrimp,pitcher,27.0,20.0,9.0,0.0,0.30120481927710846,0.08433734939759036,0.07692307692307693,2.7,2.45,41.5,41.5,2.7,2.7,Jacksonville Jumbo Shrimp,statsapi,False
mlbam-663753,Reiss Knehr,2025,AAA,El Paso Chihuahuas,pitcher,29.0,16.666666666666668,18.0,0.0,0.36923076923076925,0.12307692307692308,0.16666666666666666,2.7,3.22,32.5,32.5,2.7,2.7,El Paso Chihuahuas,statsapi,False
mlbam-657097,Jacob Webb,2025,AAA,Round Rock Express,pitcher,32.0,3.3333333333333335,3.0,0.0,0.26666666666666666,0.06666666666666667,0.0,2.7,2.5,7.5,7.5,2.7,2.7,Round Rock Express,statsapi,False
mlbam-669330,Tyler Wells,2025,AAA,Norfolk Tides,pitcher,31.0,23.333333333333332,5.0,5.0,0.24468085106382978,0.06382978723404255,0.1,2.7,3.7,47.0,47.0,2.7,2.7,Norfolk Tides,statsapi,False
mlbam-675512,Troy Melton,2025,AAA,Toledo Mud Hens,pitcher,25.0,36.333333333333336,8.0,6.0,0.3783783783783784,0.060810810810810814,0.16666666666666666,2.72,2.54954128440367,74.0,74.0,2.72,2.72,Toledo Mud Hens,statsapi,False
mlbam-614179,José Ruiz,2025,AAA,Round Rock Express,pitcher,31.0,33.0,29.0,0.0,0.23846153846153847,0.05384615384615385,0.03225806451612903,2.73,2.3424242424242427,65.0,65.0,2.73,2.73,Round Rock Express,statsapi,False
mlbam-668877,Ray Gaither,2025,AAA,Sugar Land Space Cowboys,pitcher,27.0,26.333333333333332,24.0,0.0,0.18584070796460178,0.12389380530973451,0.10344827586206896,2.73,4.808860759493671,56.5,56.5,2.73,2.73,Sugar Land Space Cowboys,statsapi,False
mlbam-696275,RJ Petit,2025,AAA,Toledo Mud Hens,pitcher,26.0,23.0,20.0,1.0,0.34375,0.10416666666666667,0.11764705882352941,2.74,2.7956521739130435,48.0,48.0,2.74,2.74,Toledo Mud Hens,statsapi,False
mlbam-642048,Tayler Saucedo,2025,AAA,Tacoma Rainiers,pitcher,32.0,19.666666666666668,22.0,0.0,0.27906976744186046,0.11627906976744186,0.16666666666666666,2.75,4.472881355932204,43.0,43.0,2.75,2.75,Tacoma Rainiers,statsapi,False
mlbam-676442,Bailey Dees,2025,AAA,Scranton/Wilkes-Barre RailRiders,pitcher,26.0,16.333333333333332,17.0,0.0,0.25333333333333335,0.18666666666666668,0.0,2.76,3.5285714285714285,37.5,37.5,2.76,2.76,Scranton/Wilkes-Barre RailRiders,statsapi,False
mlbam-673662,Robinson Ortiz,2025,AAA,Oklahoma City Comets,pitcher,25.0,16.333333333333332,15.0,1.0,0.20588235294117646,0.1323529411764706,0.05263157894736842,2.76,3.8346938775510204,34.0,34.0,2.76,2.76,Oklahoma City Comets,statsapi,False
mlbam-690997,Nolan McLean,2025,AAA,Syracuse Mets,pitcher,24.0,87.33333333333333,16.0,13.0,0.27019498607242337,0.10584958217270195,0.11267605633802817,2.78,3.5809160305343513,179.5,179.5,2.78,2.78,Syracuse Mets,statsapi,False
mlbam-656232,Brandon Bielak,2025,AAA,Reno Aces,pitcher,29.0,9.666666666666666,2.0,2.0,0.14705882352941177,0.14705882352941177,0.2857142857142857,2.79,6.306896551724138,17.0,17.0,2.79,2.79,Reno Aces,statsapi,False
mlbam-805299,Brandyn Garcia,2025,AAA,Reno Aces,pitcher,25.0,19.333333333333332,14.0,0.0,0.2558139534883721,0.16279069767441862,0.125,2.79,4.496551724137931,43.0,43.0,2.79,2.79,Reno Aces,statsapi,False
mlbam-669302,Logan Gilbert,2025,AAA,Tacoma Rainiers,pitcher,28.0,9.666666666666666,3.0,3.0,0.2558139534883721,0.09302325581395349,0.0,2.79,2.6862068965517243,21.5,21.5,2.79,2.79,Tacoma Rainiers,statsapi,False
mlbam-676617,Riley O'Brien,2025,AAA,Memphis Redbirds,pitcher,30.0,19.333333333333332,19.0,0.0,0.37209302325581395,0.09302325581395349,0.16666666666666666,2.79,2.1689655172413795,43.0,43.0,2.79,2.79,Memphis Redbirds,statsapi,False
mlbam-666215,Forrest Whitley,2025,AAA,Durham Bulls,pitcher,28.0,61.0,19.0,12.0,0.30991735537190085,0.09504132231404959,0.07692307692307693,2.8,2.9852459016393444,121.0,121.0,2.8,2.8,Durham Bulls,statsapi,False
mlbam-641154,Pablo López,2025,AAA,St. Paul Saints,pitcher,29.0,16.0,4.0,4.0,0.27692307692307694,0.03076923076923077,0.16666666666666666,2.81,3.0375,32.5,32.5,2.81,2.81,St. Paul Saints,statsapi,False
mlbam-813349,Connelly Early,2025,AAA,Worcester Red Sox,pitcher,23.0,28.666666666666668,6.0,6.0,0.3076923076923077,0.09401709401709402,0.1,2.83,2.646511627906977,58.5,58.5,2.83,2.83,Worcester Red Sox,statsapi,False
mlbam-595897,Nick Burdi,2025,AAA,Worcester Red Sox,pitcher,32.0,35.0,31.0,0.0,0.3,0.10666666666666667,0.034482758620689655,2.83,2.442857142857143,75.0,75.0,2.83,2.83,Worcester Red Sox,statsapi,False
mlbam-685005,Christian Roa,2025,AAA,Jacksonville Jumbo Shrimp,pitcher,26.0,60.333333333333336,50.0,0.0,0.2612244897959184,0.11428571428571428,0.08695652173913043,2.83,3.9121546961325966,122.5,122.5,2.83,2.83,Jacksonville Jumbo Shrimp,statsapi,False
mlbam-687849,Zak Kent,2025,AAA,Columbus Clippers,pitcher,27.0,38.0,34.0,0.0,0.31446540880503143,0.1320754716981132,0.08,2.84,2.889473684210526,79.5,79.5,2.84,2.84,Columbus Clippers,statsapi,False
mlbam-689520,Cody Laweryson,2025,AAA,St. Paul Saints,pitcher,27.0,25.333333333333332,17.0,0.0,0.2336448598130841,0.09345794392523364,0.07142857142857142,2.84,3.455263157894737,53.5,53.5,2.84,2.84,St. Paul Saints,statsapi,False
mlbam-672391,Kaleb Ort,2025,AAA,Sugar Land Space Cowboys,pitcher,33.0,6.333333333333333,7.0,0.0,0.15625,0.15625,0.16666666666666666,2.84,8.468421052631578,16.0,16.0,2.84,2.84,Sugar Land Space Cowboys,statsapi,False
mlbam-605335,Brandon Leibrandt,2025,AAA,Scranton/Wilkes-Barre RailRiders,pitcher,33.0,41.0,10.0,9.0,0.22699386503067484,0.08588957055214724,0.15,2.85,4.221951219512196,81.5,81.5,2.85,2.85,Scranton/Wilkes-Barre RailRiders,statsapi,False
mlbam-669308,Sean Reynolds,2025,AAA,El Paso Chihuahuas,pitcher,27.0,28.333333333333332,27.0,0.0,0.18333333333333332,0.18333333333333332,0.06060606060606061,2.86,5.0058823529411764,60.0,60.0,2.86,2.86,El Paso Chihuahuas,statsapi,False
mlbam-678022,Jack Perkins,2025,AAA,Las Vegas Aviators,pitcher,26.0,44.0,9.0,9.0,0.384180790960452,0.11299435028248588,0.08571428571428572,2.86,2.6,88.5,88.5,2.86,2.86,Las Vegas Aviators,statsapi,False
mlbam-681432,Luke Little,2025,AAA,Iowa Cubs,pitcher,25.0,59.666666666666664,43.0,2.0,0.2976190476190476,0.1349206349206349,0.07692307692307693,2.87,3.4016759776536314,126.0,126.0,2.87,2.87,Iowa Cubs,statsapi,False
mlbam-663432,Tanner Rainey,2025,AAA,Toledo Mud Hens,pitcher,33.0,40.666666666666664,36.0,2.0,0.31952662721893493,0.13609467455621302,0.025,2.88,2.5344262295081967,84.5,84.5,2.88,2.88,Toledo Mud Hens,statsapi,False
mlbam-683175,Connor Phillips,2025,AAA,Louisville Bats,pitcher,24.0,34.333333333333336,31.0,0.0,0.2535211267605634,0.14788732394366197,0.08108108108108109,2.88,4.410679611650485,71.0,71.0,2.88,2.88,Louisville Bats,statsapi,False
mlbam-608650,Dietrich Enns,2025,AAA,Toledo Mud Hens,pitcher,34.0,62.333333333333336,14.0,14.0,0.2669172932330827,0.05639097744360902,0.057971014492753624,2.89,2.5224598930481283,133.0,133.0,2.89,2.89,Toledo Mud Hens,statsapi,False
mlbam-665871,Javier Assad,2025,AAA,Iowa Cubs,pitcher,28.0,15.333333333333334,4.0,4.0,0.22388059701492538,0.1044776119402985,0.0,2.93,2.5130434782608697,33.5,33.5,2.93,2.93,Iowa Cubs,statsapi,False
mlbam-666201,Alek Manoah,2025,AAA,Buffalo Bisons,pitcher,27.0,33.333333333333336,7.0,7.0,0.20408163265306123,0.12244897959183673,0.15789473684210525,2.97,5.529999999999999,73.5,73.5,2.97,2.97,Buffalo Bisons,statsapi,False
mlbam-806004,Nate Ackenhausen,2025,AAA,Omaha Storm Chasers,pitcher,24.0,9.0,5.0,2.0,0.2558139534883721,0.16279069767441862,0.08333333333333333,3.0,4.766666666666667,21.5,21.5,3.0,3.0,Omaha Storm Chasers,statsapi,False
mlbam-669199,Lake Bachar,2025,AAA,Jacksonville Jumbo Shrimp,pitcher,30.0,3.0,3.0,0.0,0.5454545454545454,0.09090909090909091,0.12,3.0,0.10000000000000009,5.5,5.5,3.0,3.0,Jacksonville Jumbo Shrimp,statsapi,False
mlbam-621111,Walker Buehler,2025,AAA,Lehigh Valley IronPigs,pitcher,31.0,3.0,1.0,1.0,0.2777777777777778,0.16666666666666666,0.2,3.0,7.1,9.0,9.0,3.0,3.0,Lehigh Valley IronPigs,statsapi,False
mlbam-666818,Luis Frías,2025,AAA,Columbus Clippers,pitcher,27.0,36.0,30.0,0.0,0.21739130434782608,0.11801242236024845,0.03225806451612903,3.0,3.35,80.5,80.5,3.0,3.0,Columbus Clippers,statsapi,False
mlbam-684967,Roel Garcia III,2025,AAA,Durham Bulls,pitcher,27.0,3.0,1.0,0.0,0.16666666666666666,0.08333333333333333,0.16666666666666666,3.0,7.1,6.0,6.0,3.0,3.0,Durham Bulls,statsapi,False
mlbam-672620,Eduardo Herrera,2025,AAA,Syracuse Mets,pitcher,25.0,3.0,1.0,0.0,0.1,0.2,0.0,3.0,4.433333333333334,5.0,5.0,3.0,3.0,Syracuse Mets,statsapi,False
mlbam-691946,George Klassen,2025,AAA,Salt Lake Bees,pitcher,23.0,6.0,1.0,1.0,0.3333333333333333,0.041666666666666664,0.0,3.0,0.9333333333333336,12.0,12.0,3.0,3.0,Salt Lake Bees,statsapi,False
mlbam-702465,Ryan Long,2025,AAA,Norfolk Tides,pitcher,26.0,3.0,2.0,0.0,0.0,0.13333333333333333,0.16666666666666666,3.0,9.433333333333334,7.5,7.5,3.0,3.0,Norfolk Tides,statsapi,False
mlbam-641835,Tim Mayza,2025,AAA,Indianapolis Indians,pitcher,33.0,3.0,2.0,0.0,0.3333333333333333,0.0,0.0,3.0,0.43333333333333357,6.0,6.0,3.0,3.0,Indianapolis Indians,statsapi,False
mlbam-669298,TJ Shook,2025,AAA,Syracuse Mets,pitcher,27.0,6.0,3.0,2.0,0.18518518518518517,0.18518518518518517,0.125,3.0,6.1,13.5,13.5,3.0,3.0,Syracuse Mets,statsapi,False
mlbam-676702,Hunter Stratton,2025,AAA,Gwinnett Stripers,pitcher,29.0,36.0,31.0,0.0,0.23972602739726026,0.07534246575342465,0.05714285714285714,3.0,2.7944444444444443,73.0,73.0,3.0,3.0,Gwinnett Stripers,statsapi,False
mlbam-666659,Sauryn Lao,2025,AAA,Rochester Red Wings,pitcher,26.0,74.66666666666667,25.0,19.0,0.24671052631578946,0.06907894736842106,0.075,3.01,3.1401785714285717,152.0,152.0,3.01,3.01,Rochester Red Wings,statsapi,False
mlbam-702275,JR Ritchie,2025,AAA,Gwinnett Stripers,pitcher,22.0,59.666666666666664,11.0,11.0,0.25102880658436216,0.1111111111111111,0.09433962264150944,3.02,3.7536312849162012,121.5,121.5,3.02,3.02,Gwinnett Stripers,statsapi,False
mlbam-694900,Kyle Amendt,2025,AAA,Reno Aces,pitcher,25.0,29.666666666666668,27.0,0.0,0.3181818181818182,0.14393939393939395,0.03571428571428571,3.03,2.6280898876404497,66.0,66.0,3.03,3.03,Reno Aces,statsapi,False
mlbam-686249,Nathan Wiles,2025,AAA,Gwinnett Stripers,pitcher,27.0,112.66666666666667,25.0,19.0,0.2219873150105708,0.07188160676532769,0.09090909090909091,3.04,3.7568047337278108,236.5,236.5,3.04,3.04,Gwinnett Stripers,statsapi,False
mlbam-678868,Eddy Yean,2025,AAA,Indianapolis Indians,pitcher,24.0,70.66666666666667,50.0,4.0,0.17475728155339806,0.1488673139158576,0.09090909090909091,3.06,4.571698113207547,154.5,154.5,3.06,3.06,Indianapolis Indians,statsapi,False
mlbam-663546,Sean Hjelle,2025,AAA,Sacramento River Cats,pitcher,28.0,67.66666666666667,38.0,0.0,0.24561403508771928,0.056140350877192984,0.04,3.06,2.346305418719212,142.5,142.5,3.06,3.06,Sacramento River Cats,statsapi,False
mlbam-643361,Kevin Herget,2025,AAA,Syracuse Mets,pitcher,34.0,46.666666666666664,36.0,3.0,0.26063829787234044,0.05851063829787234,0.15789473684210525,3.09,4.2785714285714285,94.0,94.0,3.09,3.09,Syracuse Mets,statsapi,False
mlbam-814490,Ethan Pecko,2025,AAA,Sugar Land Space Cowboys,pitcher,23.0,35.0,8.0,7.0,0.31788079470198677,0.07947019867549669,0.05555555555555555,3.09,2.1285714285714286,75.5,75.5,3.09,3.09,Sugar Land Space Cowboys,statsapi,False
mlbam-676910,Matt Seelinger,2025,AAA,Toledo Mud Hens,pitcher,30.0,46.333333333333336,36.0,0.0,0.2864583333333333,0.11458333333333333,0.08928571428571429,3.11,3.5532374100719424,96.0,96.0,3.11,3.11,Toledo Mud Hens,statsapi,False
mlbam-681676,Ryan Fernandez,2025,AAA,Memphis Redbirds,pitcher,27.0,34.666666666666664,29.0,0.0,0.3333333333333333,0.1360544217687075,0.030303030303030304,3.12,2.4653846153846155,73.5,73.5,3.12,3.12,Memphis Redbirds,statsapi,False
mlbam-670090,Wyatt Mills,2025,AAA,Worcester Red Sox,pitcher,30.0,52.0,32.0,7.0,0.2168141592920354,0.13716814159292035,0.11267605633802817,3.12,5.35,113.0,113.0,3.12,3.12,Worcester Red Sox,statsapi,False
mlbam-681890,Troy Watson,2025,AAA,Toledo Mud Hens,pitcher,28.0,52.0,10.0,10.0,0.19718309859154928,0.07042253521126761,0.12280701754385964,3.12,4.157692307692308,106.5,106.5,3.12,3.12,Toledo Mud Hens,statsapi,False
mlbam-699134,Bradgley Rodriguez,2025,AAA,El Paso Chihuahuas,pitcher,22.0,14.333333333333334,15.0,0.0,0.11475409836065574,0.18032786885245902,0.0,3.14,4.425581395348837,30.5,30.5,3.14,3.14,El Paso Chihuahuas,statsapi,False
mlbam-676051,Codi Heuer,2025,AAA,Toledo Mud Hens,pitcher,29.0,48.666666666666664,44.0,0.0,0.3054187192118227,0.08866995073891626,0.10810810810810811,3.14,2.915068493150685,101.5,101.5,3.14,3.14,Toledo Mud Hens,statsapi,False
mlbam-687003,Brian Van Belle,2025,AAA,Durham Bulls,pitcher,29.0,105.0,22.0,18.0,0.20417633410672853,0.03944315545243619,0.10526315789473684,3.17,3.261904761904762,215.5,215.5,3.17,3.17,Durham Bulls,statsapi,False
mlbam-453268,Daniel Bard,2025,AAA,Tacoma Rainiers,pitcher,40.0,5.666666666666667,6.0,0.0,0.375,0.041666666666666664,0.0,3.18,0.4529411764705884,12.0,12.0,3.18,3.18,Tacoma Rainiers,statsapi,False
mlbam-664141,JT Brubaker,2025,AAA,Sacramento River Cats,pitcher,32.0,22.666666666666668,6.0,5.0,0.1978021978021978,0.12087912087912088,0.12,3.18,4.820588235294117,45.5,45.5,3.18,3.18,Sacramento River Cats,statsapi,False
mlbam-592351,Jon Gray,2025,AAA,Round Rock Express,pitcher,34.0,5.666666666666667,2.0,2.0,0.2608695652173913,0.08695652173913043,0.14285714285714285,3.18,4.3352941176470585,11.5,11.5,3.18,3.18,Round Rock Express,statsapi,False
mlbam-641907,Patrick Murphy,2025,AAA,Round Rock Express,pitcher,30.0,22.666666666666668,14.0,2.0,0.16494845360824742,0.10309278350515463,0.0,3.18,3.011764705882353,48.5,48.5,3.18,3.18,Round Rock Express,statsapi,False
mlbam-700712,Walbert Ureña,2025,AAA,Salt Lake Bees,pitcher,21.0,5.666666666666667,1.0,1.0,0.4166666666666667,0.125,0.0,3.18,1.1588235294117648,12.0,12.0,3.18,3.18,Salt Lake Bees,statsapi,False
mlbam-699911,Dugan Darnell,2025,AAA,Albuquerque Isotopes,pitcher,28.0,53.666666666666664,35.0,1.0,0.2876712328767123,0.091324200913242,0.0784313725490196,3.19,2.839130434782609,109.5,109.5,3.19,3.19,Albuquerque Isotopes,statsapi,False
mlbam-640454,Matt Krook,2025,AAA,Columbus Clippers,pitcher,31.0,48.0,42.0,0.0,0.2975609756097561,0.15609756097560976,0.14285714285714285,3.19,3.6833333333333336,102.5,102.5,3.19,3.19,Columbus Clippers,statsapi,False
mlbam-694851,Andrew Hoffmann,2025,AAA,Reno Aces,pitcher,25.0,42.333333333333336,35.0,0.0,0.31666666666666665,0.07222222222222222,0.08823529411764706,3.19,2.2496062992125987,90.0,90.0,3.19,3.19,Reno Aces,statsapi,False
mlbam-670990,Yohan Ramírez,2025,AAA,Indianapolis Indians,pitcher,30.0,31.0,27.0,0.0,0.29285714285714287,0.08571428571428572,0.1,3.19,3.325806451612903,70.0,70.0,3.19,3.19,Indianapolis Indians,statsapi,False
mlbam-516853,Wilking Rodríguez,2025,AAA,Scranton/Wilkes-Barre RailRiders,pitcher,35.0,25.333333333333332,27.0,0.0,0.3302752293577982,0.2018348623853211,0.11764705882352941,3.2,4.007894736842106,54.5,54.5,3.2,3.2,Scranton/Wilkes-Barre RailRiders,statsapi,False
mlbam-675989,Cody Bolton,2025,AAA,Sugar Land Space Cowboys,pitcher,27.0,19.666666666666668,10.0,2.0,0.22826086956521738,0.11956521739130435,0.0,3.2,2.947457627118644,46.0,46.0,3.2,3.2,Sugar Land Space Cowboys,statsapi,False
mlbam-668954,Curtis Taylor,2025,AAA,Memphis Redbirds,pitcher,30.0,137.33333333333334,31.0,24.0,0.2103386809269162,0.09269162210338681,0.0880503144654088,3.21,3.995631067961165,280.5,280.5,3.21,3.21,Memphis Redbirds,statsapi,False
mlbam-529017,Alexander Cornielle,2025,AAA,Nashville Sounds,pitcher,24.0,14.0,3.0,3.0,0.296875,0.15625,0.18181818181818182,3.21,6.671428571428572,32.0,32.0,3.21,3.21,Nashville Sounds,statsapi,False
mlbam-664062,Tony Gonsolin,2025,AAA,Oklahoma City Comets,pitcher,31.0,14.0,4.0,4.0,0.27586206896551724,0.10344827586206896,0.14285714285714285,3.21,4.171428571428572,29.0,29.0,3.21,3.21,Oklahoma City Comets,statsapi,False
mlbam-700786,Ben Sears,2025,AAA,Omaha Storm Chasers,pitcher,25.0,14.0,9.0,0.0,0.23076923076923078,0.09230769230769231,0.10526315789473684,3.21,4.314285714285714,32.5,32.5,3.21,3.21,Omaha Storm Chasers,statsapi,False
mlbam-664192,Joey Lucchesi,2025,AAA,Sacramento River Cats,pitcher,32.0,30.666666666666668,20.0,0.0,0.2605042016806723,0.07563025210084033,0.15384615384615385,3.23,3.752173913043478,59.5,59.5,3.23,3.23,Sacramento River Cats,statsapi,False
mlbam-681217,Chase Silseth,2025,AAA,Salt Lake Bees,pitcher,25.0,39.0,18.0,7.0,0.25595238095238093,0.14285714285714285,0.02631578947368421,3.23,3.3051282051282054,84.0,84.0,3.23,3.23,Salt Lake Bees,statsapi,False
mlbam-664353,José Urquidy,2025,AAA,Toledo Mud Hens,pitcher,30.0,16.666666666666668,7.0,4.0,0.2153846153846154,0.07692307692307693,0.1111111111111111,3.24,3.88,32.5,32.5,3.24,3.24,Toledo Mud Hens,statsapi,False
mlbam-689254,Mason Fluharty,2025,AAA,Buffalo Bisons,pitcher,24.0,11.0,11.0,0.0,0.28846153846153844,0.1346153846153846,0.0,3.27,2.5545454545454547,26.0,26.0,3.27,3.27,Buffalo Bisons,statsapi,False
mlbam-701464,Joe Miller,2025,AAA,Toledo Mud Hens,pitcher,25.0,11.0,2.0,2.0,0.20930232558139536,0.09302325581395349,0.13333333333333333,3.27,4.918181818181818,21.5,21.5,3.27,3.27,Toledo Mud Hens,statsapi,False
mlbam-702297,Carson Skipper,2025,AAA,Albuquerque Isotopes,pitcher,26.0,22.0,12.0,0.0,0.2268041237113402,0.09278350515463918,0.10344827586206896,3.27,4.236363636363636,48.5,48.5,3.27,3.27,Albuquerque Isotopes,statsapi,False
mlbam-676206,Freddy Tarnok,2025,AAA,Jacksonville Jumbo Shrimp,pitcher,27.0,68.66666666666667,29.0,10.0,0.26258992805755393,0.11151079136690648,0.1,3.28,3.6970873786407767,139.0,139.0,3.28,3.28,Jacksonville Jumbo Shrimp,statsapi,False
mlbam-682610,Roddery Muñoz,2025,AAA,Memphis Redbirds,pitcher,25.0,57.666666666666664,38.0,0.0,0.3076923076923077,0.12550607287449392,0.08888888888888889,3.28,3.030635838150289,123.5,123.5,3.28,3.28,Memphis Redbirds,statsapi,False
mlbam-518886,Craig Kimbrel,2025,AAA,Round Rock Express,pitcher,37.0,35.666666666666664,39.0,0.0,0.2980132450331126,0.13245033112582782,0.09523809523809523,3.28,3.969158878504673,75.5,75.5,3.28,3.28,Round Rock Express,statsapi,False
mlbam-691172,Yosver Zulueta,2025,AAA,Louisville Bats,pitcher,27.0,60.333333333333336,44.0,0.0,0.312,0.128,0.18421052631578946,3.28,3.8624309392265195,125.0,125.0,3.28,3.28,Louisville Bats,statsapi,False
mlbam-690544,Bailey Horn,2025,AAA,Toledo Mud Hens,pitcher,27.0,41.0,30.0,4.0,0.281767955801105,0.10497237569060773,0.10526315789473684,3.29,3.34390243902439,90.5,90.5,3.29,3.29,Toledo Mud Hens,statsapi,False
mlbam-701487,Pierson Ohl,2025,AAA,St. Paul Saints,pitcher,26.0,27.333333333333332,9.0,4.0,0.2608695652173913,0.05217391304347826,0.07692307692307693,3.29,3.1,57.5,57.5,3.29,3.29,St. Paul Saints,statsapi,False
mlbam-676664,JP Sears,2025,AAA,El Paso Chihuahuas,pitcher,29.0,13.666666666666666,4.0,4.0,0.2711864406779661,0.1016949152542373,0.15789473684210525,3.29,4.929268292682927,29.5,29.5,3.29,3.29,El Paso Chihuahuas,statsapi,False
mlbam-702070,Noah Cameron,2025,AAA,Omaha Storm Chasers,pitcher,26.0,32.666666666666664,7.0,7.0,0.2857142857142857,0.09774436090225563,0.15384615384615385,3.31,3.742857142857143,66.5,66.5,3.31,3.31,Omaha Storm Chasers,statsapi,False
mlbam-687606,Paxton Schultz,2025,AAA,Buffalo Bisons,pitcher,27.0,49.0,25.0,1.0,0.2358974358974359,0.08717948717948718,0.0684931506849315,3.31,3.589795918367347,97.5,97.5,3.31,3.31,Buffalo Bisons,statsapi,False
mlbam-685112,Zach McCambley,2025,AAA,Jacksonville Jumbo Shrimp,pitcher,26.0,40.666666666666664,36.0,0.0,0.3076923076923077,0.10059171597633136,0.058823529411764705,3.32,2.583606557377049,84.5,84.5,3.32,3.32,Jacksonville Jumbo Shrimp,statsapi,False
mlbam-543518,Scott McGough,2025,AAA,Las Vegas Aviators,pitcher,36.0,40.666666666666664,30.0,0.0,0.23121387283236994,0.08092485549132948,0.08108108108108109,3.32,3.198360655737705,86.5,86.5,3.32,3.32,Las Vegas Aviators,statsapi,False
mlbam-674175,Houston Roth,2025,AAA,Norfolk Tides,pitcher,27.0,40.666666666666664,28.0,0.0,0.21637426900584794,0.10526315789473684,0.09259259259259259,3.32,4.354098360655738,85.5,85.5,3.32,3.32,Norfolk Tides,statsapi,False
mlbam-694335,Matt Svanson,2025,AAA,Memphis Redbirds,pitcher,26.0,21.666666666666668,15.0,0.0,0.22448979591836735,0.09183673469387756,0.09090909090909091,3.32,3.053846153846154,49.0,49.0,3.32,3.32,Memphis Redbirds,statsapi,False
mlbam-687239,Ben Peoples,2025,AAA,Charlotte Knights,pitcher,24.0,48.666666666666664,45.0,0.0,0.23039215686274508,0.12745098039215685,0.06666666666666667,3.33,4.024657534246575,102.0,102.0,3.33,3.33,Charlotte Knights,statsapi,False
mlbam-664079,Tyler Jay,2025,AAA,Nashville Sounds,pitcher,31.0,27.0,28.0,0.0,0.18584070796460178,0.12389380530973451,0.037037037037037035,3.33,3.914814814814815,56.5,56.5,3.33,3.33,Nashville Sounds,statsapi,False
mlbam-669020,Ryan Rolison,2025,AAA,Albuquerque Isotopes,pitcher,28.0,29.666666666666668,20.0,1.0,0.25196850393700787,0.07874015748031496,0.05555555555555555,3.34,2.4932584269662925,63.5,63.5,3.34,3.34,Albuquerque Isotopes,statsapi,False
mlbam-606965,Chris Devenski,2025,AAA,Syracuse Mets,pitcher,35.0,37.666666666666664,35.0,1.0,0.2077922077922078,0.05194805194805195,0.1794871794871795,3.35,4.453982300884956,77.0,77.0,3.35,3.35,Syracuse Mets,statsapi,False
mlbam-685116,Austin Kitchen,2025,AAA,Tacoma Rainiers,pitcher,28.0,69.66666666666667,48.0,1.0,0.18088737201365188,0.07508532423208192,0.07936507936507936,3.36,3.544976076555024,146.5,146.5,3.36,3.36,Tacoma Rainiers,statsapi,False
mlbam-665660,Elvis Alvarado,2025,AAA,Las Vegas Aviators,pitcher,26.0,29.333333333333332,25.0,0.0,0.2809917355371901,0.10743801652892562,0.09090909090909091,3.38,3.5431818181818184,60.5,60.5,3.38,3.38,Las Vegas Aviators,statsapi,False
mlbam-669361,Brandon Birdsell,2025,AAA,Iowa Cubs,pitcher,25.0,18.666666666666668,4.0,4.0,0.225,0.1,0.18181818181818182,3.38,5.4035714285714285,40.0,40.0,3.38,3.38,Iowa Cubs,statsapi,False
mlbam-828511,Michael Caldon,2025,AAA,Norfolk Tides,pitcher,23.0,8.0,3.0,2.0,0.1,0.275,0.0625,3.38,7.85,20.0,20.0,3.38,3.38,Norfolk Tides,statsapi,False
mlbam-676508,Ben Casparius,2025,AAA,Oklahoma City Comets,pitcher,26.0,5.333333333333333,5.0,0.0,0.35,0.0,0.16666666666666666,3.38,2.9125,10.0,10.0,3.38,3.38,Oklahoma City Comets,statsapi,False
mlbam-676467,Colton Gordon,2025,AAA,Sugar Land Space Cowboys,pitcher,27.0,56.0,11.0,11.0,0.24034334763948498,0.06866952789699571,0.13793103448275862,3.38,3.867857142857143,116.5,116.5,3.38,3.38,Sugar Land Space Cowboys,statsapi,False
mlbam-682120,Tim Herrin,2025,AAA,Columbus Clippers,pitcher,29.0,8.0,8.0,0.0,0.2727272727272727,0.06060606060606061,0.2,3.38,3.225,16.5,16.5,3.38,3.38,Columbus Clippers,statsapi,False
mlbam-667463,John King,2025,AAA,Memphis Redbirds,pitcher,31.0,2.6666666666666665,3.0,0.0,0.15384615384615385,0.07692307692307693,0.0,3.38,2.725,6.5,6.5,3.38,3.38,Memphis Redbirds,statsapi,False
mlbam-621139,Brooks Kriske,2025,AAA,St. Paul Saints,pitcher,31.0,34.666666666666664,26.0,0.0,0.3767123287671233,0.07534246575342465,0.13333333333333333,3.38,2.551923076923077,73.0,73.0,3.38,3.38,St. Paul Saints,statsapi,False
mlbam-676661,Max Lazar,2025,AAA,Lehigh Valley IronPigs,pitcher,26.0,21.333333333333332,18.0,0.0,0.26436781609195403,0.09195402298850575,0.125,3.38,3.75625,43.5,43.5,3.38,3.38,Lehigh Valley IronPigs,statsapi,False
mlbam-669684,Chris Murphy,2025,AAA,Worcester Red Sox,pitcher,27.0,21.333333333333332,13.0,2.0,0.24175824175824176,0.14285714285714285,0.058823529411764705,3.38,3.75625,45.5,45.5,3.38,3.38,Worcester Red Sox,statsapi,False
mlbam-676571,PJ Poulin,2025,AAA,Toledo Mud Hens,pitcher,29.0,42.666666666666664,35.0,3.0,0.33695652173913043,0.09239130434782608,0.125,3.38,2.8890625,92.0,92.0,3.38,3.38,Toledo Mud Hens,statsapi,False
mlbam-663423,Trent Thornton,2025,AAA,Tacoma Rainiers,pitcher,32.0,2.6666666666666665,2.0,0.0,0.3,0.0,0.25,3.38,5.725,5.0,5.0,3.38,3.38,Tacoma Rainiers,statsapi,False
mlbam-682989,Victor Mederos,2025,AAA,Salt Lake Bees,pitcher,24.0,87.66666666666667,16.0,16.0,0.18586387434554974,0.08900523560209424,0.05714285714285714,3.39,3.875665399239544,191.0,191.0,3.39,3.39,Salt Lake Bees,statsapi,False
mlbam-605242,Michael Fulmer,2025,AAA,Tacoma Rainiers,pitcher,32.0,66.33333333333333,45.0,4.0,0.3104693140794224,0.10830324909747292,0.0875,3.39,3.3261306532663317,138.5,138.5,3.39,3.39,Tacoma Rainiers,statsapi,False
mlbam-622338,Jesús Liranzo,2025,AAA,Nashville Sounds,pitcher,30.0,58.333333333333336,48.0,0.0,0.25806451612903225,0.09274193548387097,0.08571428571428572,3.39,3.7342857142857144,124.0,124.0,3.39,3.39,Nashville Sounds,statsapi,False
mlbam-681006,Josh Simpson,2025,AAA,Jacksonville Jumbo Shrimp,pitcher,28.0,34.333333333333336,29.0,2.0,0.21323529411764705,0.13970588235294118,0.022222222222222223,3.41,3.274757281553398,68.0,68.0,3.41,3.41,Jacksonville Jumbo Shrimp,statsapi,False
mlbam-592826,Vince Velasquez,2025,AAA,Columbus Clippers,pitcher,33.0,81.66666666666667,18.0,18.0,0.2676056338028169,0.14084507042253522,0.0898876404494382,3.42,3.9938775510204083,177.5,177.5,3.42,3.42,Columbus Clippers,statsapi,False
mlbam-701643,Grant Hartwig,2025,AAA,Syracuse Mets,pitcher,28.0,23.666666666666668,21.0,0.0,0.2920353982300885,0.09734513274336283,0.23809523809523808,3.42,4.57887323943662,56.5,56.5,3.42,3.42,Syracuse Mets,statsapi,False
mlbam-677865,Justin Bruihl,2025,AAA,Buffalo Bisons,pitcher,28.0,42.0,39.0,0.0,0.2784090909090909,0.10227272727272728,0.10344827586206896,3.43,2.980952380952381,88.0,88.0,3.43,3.43,Buffalo Bisons,statsapi,False
mlbam-684384,Chase Plymell,2025,AAA,Charlotte Knights,pitcher,27.0,52.333333333333336,31.0,2.0,0.14732142857142858,0.08482142857142858,0.057971014492753624,3.44,4.093630573248408,112.0,112.0,3.44,3.44,Charlotte Knights,statsapi,False
mlbam-689296,Anthony Nunez,2025,AAA,Norfolk Tides,pitcher,24.0,15.666666666666666,16.0,0.0,0.3230769230769231,0.12307692307692308,0.13333333333333333,3.45,3.8021276595744684,32.5,32.5,3.45,3.45,Norfolk Tides,statsapi,False
mlbam-622766,Miguel Díaz,2025,AAA,Sacramento River Cats,pitcher,31.0,57.333333333333336,50.0,0.0,0.23109243697478993,0.13445378151260504,0.06779661016949153,3.45,3.9197674418604653,119.0,119.0,3.45,3.45,Sacramento River Cats,statsapi,False
mlbam-800048,Parker Messick,2025,AAA,Columbus Clippers,pitcher,25.0,98.66666666666667,20.0,20.0,0.29095354523227385,0.10268948655256724,0.1,3.47,3.2722972972972975,204.5,204.5,3.47,3.47,Columbus Clippers,statsapi,False
mlbam-674674,T.J. Sikkema,2025,AAA,Louisville Bats,pitcher,27.0,23.333333333333332,5.0,4.0,0.16161616161616163,0.08080808080808081,0.037037037037037035,3.47,3.5714285714285716,49.5,49.5,3.47,3.47,Louisville Bats,statsapi,False
mlbam-688497,Taylor Rashi,2025,AAA,Reno Aces,pitcher,29.0,67.33333333333333,40.0,2.0,0.2465753424657534,0.10273972602739725,0.09090909090909091,3.48,3.2633663366336636,146.0,146.0,3.48,3.48,Reno Aces,statsapi,False
mlbam-608337,Lucas Giolito,2025,AAA,Worcester Red Sox,pitcher,31.0,10.333333333333334,3.0,3.0,0.1956521739130435,0.21739130434782608,0.0,3.48,4.2612903225806456,23.0,23.0,3.48,3.48,Worcester Red Sox,statsapi,False
mlbam-681857,Reese Olson,2025,AAA,Toledo Mud Hens,pitcher,26.0,10.333333333333334,3.0,3.0,0.34146341463414637,0.04878048780487805,0.25,3.48,3.7774193548387096,20.5,20.5,3.48,3.48,Toledo Mud Hens,statsapi,False
mlbam-672078,Eric Pardinho,2025,AAA,Buffalo Bisons,pitcher,24.0,18.0,15.0,0.0,0.2962962962962963,0.14814814814814814,0.0,3.5,2.4333333333333336,40.5,40.5,3.5,3.5,Buffalo Bisons,statsapi,False
mlbam-702795,Ryan Loutos,2025,AAA,Rochester Red Wings,pitcher,26.0,43.666666666666664,38.0,0.0,0.22826086956521738,0.10326086956521739,0.10638297872340426,3.5,3.9702290076335878,92.0,92.0,3.5,3.5,Rochester Red Wings,statsapi,False
mlbam-683742,Jose Franco,2025,AAA,Louisville Bats,pitcher,25.0,51.333333333333336,17.0,14.0,0.23529411764705882,0.12669683257918551,0.16666666666666666,3.51,5.418181818181818,110.5,110.5,3.51,3.51,Louisville Bats,statsapi,False
mlbam-641360,Phil Bickford,2025,AAA,Lehigh Valley IronPigs,pitcher,30.0,46.0,39.0,0.0,0.2849462365591398,0.0913978494623656,0.03571428571428571,3.52,2.730434782608696,93.0,93.0,3.52,3.52,Lehigh Valley IronPigs,statsapi,False
mlbam-621114,Ryan Burr,2025,AAA,Buffalo Bisons,pitcher,31.0,7.666666666666667,7.0,0.0,0.3548387096774194,0.16129032258064516,0.2,3.52,3.882608695652174,15.5,15.5,3.52,3.52,Buffalo Bisons,statsapi,False
mlbam-660761,José Suarez,2025,AAA,Gwinnett Stripers,pitcher,27.0,43.333333333333336,9.0,8.0,0.27624309392265195,0.049723756906077346,0.09523809523809523,3.53,2.753846153846154,90.5,90.5,3.53,3.53,Gwinnett Stripers,statsapi,False
mlbam-572971,Dallas Keuchel,2025,AAA,Omaha Storm Chasers,pitcher,37.0,35.666666666666664,7.0,7.0,0.19230769230769232,0.07692307692307693,0.1,3.53,3.5205607476635516,78.0,78.0,3.53,3.53,Omaha Storm Chasers,statsapi,False
mlbam-669270,Joel Kuhnel,2025,AAA,Scranton/Wilkes-Barre RailRiders,pitcher,30.0,63.666666666666664,50.0,2.0,0.21621621621621623,0.04247104247104247,0.13513513513513514,3.53,2.97434554973822,129.5,129.5,3.53,3.53,Scranton/Wilkes-Barre RailRiders,statsapi,False
mlbam-682607,Antonio Jimenez,2025,AAA,Sacramento River Cats,pitcher,24.0,45.666666666666664,29.0,3.0,0.27860696517412936,0.17412935323383086,0.10810810810810811,3.55,4.216788321167884,100.5,100.5,3.55,3.55,Sacramento River Cats,statsapi,False
mlbam-657022,Trey Supak,2025,AAA,Round Rock Express,pitcher,29.0,58.333333333333336,12.0,12.0,0.22633744855967078,0.07407407407407407,0.08,3.55,3.58,121.5,121.5,3.55,3.55,Round Rock Express,statsapi,False
mlbam-696136,Jordan Wicks,2025,AAA,Iowa Cubs,pitcher,26.0,71.0,20.0,16.0,0.26101694915254237,0.07796610169491526,0.07547169811320754,3.55,2.6774647887323946,147.5,147.5,3.55,3.55,Iowa Cubs,statsapi,False
mlbam-605540,Brandon Woodruff,2025,AAA,Nashville Sounds,pitcher,32.0,25.333333333333332,7.0,7.0,0.2169811320754717,0.07547169811320754,0.058823529411764705,3.55,3.376315789473684,53.0,53.0,3.55,3.55,Nashville Sounds,statsapi,False
mlbam-700413,Tyler Uberstine,2025,AAA,Worcester Red Sox,pitcher,26.0,91.0,19.0,15.0,0.26153846153846155,0.09487179487179487,0.13793103448275862,3.56,4.5285714285714285,195.0,195.0,3.56,3.56,Worcester Red Sox,statsapi,False
mlbam-677955,Jaden Hill,2025,AAA,Albuquerque Isotopes,pitcher,26.0,17.666666666666668,14.0,0.0,0.417910447761194,0.04477611940298507,0.09090909090909091,3.57,1.3452830188679248,33.5,33.5,3.57,3.57,Albuquerque Isotopes,statsapi,False
mlbam-570632,José Ureña,2025,AAA,St. Paul Saints,pitcher,34.0,22.666666666666668,9.0,7.0,0.2079207920792079,0.13861386138613863,0.047619047619047616,3.57,4.070588235294117,50.5,50.5,3.57,3.57,St. Paul Saints,statsapi,False
mlbam-663558,Jovani Morán,2025,AAA,Worcester Red Sox,pitcher,28.0,27.666666666666668,20.0,1.0,0.3389830508474576,0.0423728813559322,0.09523809523809523,3.58,1.6903614457831326,59.0,59.0,3.58,3.58,Worcester Red Sox,statsapi,False
mlbam-673820,Robinson Piña,2025,AAA,Buffalo Bisons,pitcher,27.0,65.33333333333333,17.0,13.0,0.22545454545454546,0.06909090909090909,0.09375,3.58,3.589795918367347,137.5,137.5,3.58,3.58,Buffalo Bisons,statsapi,False
mlbam-668834,Easton McGee,2025,AAA,Nashville Sounds,pitcher,28.0,47.666666666666664,32.0,1.0,0.263681592039801,0.0945273631840796,0.06818181818181818,3.59,3.0160839160839163,100.5,100.5,3.59,3.59,Nashville Sounds,statsapi,False
mlbam-695239,Robby Ahlstrom,2025,AAA,Round Rock Express,pitcher,26.0,52.666666666666664,47.0,0.0,0.22077922077922077,0.1471861471861472,0.07017543859649122,3.59,4.144303797468354,115.5,115.5,3.59,3.59,Round Rock Express,statsapi,False
mlbam-701656,Logan Henderson,2025,AAA,Nashville Sounds,pitcher,23.0,77.66666666666667,16.0,15.0,0.27884615384615385,0.07692307692307693,0.10344827586206896,3.59,3.3703862660944206,156.0,156.0,3.59,3.59,Nashville Sounds,statsapi,False
mlbam-671096,Andrew Abbott,2025,AAA,Louisville Bats,pitcher,26.0,10.0,2.0,2.0,0.18604651162790697,0.11627906976744186,0.3,3.6,6.9,21.5,21.5,3.6,3.6,Louisville Bats,statsapi,False
mlbam-668766,Dylan File,2025,AAA,Tacoma Rainiers,pitcher,29.0,5.0,1.0,1.0,0.09090909090909091,0.0,0.0,3.6,2.3,11.0,11.0,3.6,3.6,Tacoma Rainiers,statsapi,False
mlbam-674944,Sean Guenther,2025,AAA,Toledo Mud Hens,pitcher,30.0,5.0,4.0,0.0,0.2,0.1,0.0,3.6,2.7,10.0,10.0,3.6,3.6,Toledo Mud Hens,statsapi,False
mlbam-805871,Joel Hurtado,2025,AAA,Salt Lake Bees,pitcher,24.0,5.0,1.0,1.0,0.15789473684210525,0.05263157894736842,0.0,3.6,2.5,9.5,9.5,3.6,3.6,Salt Lake Bees,statsapi,False
mlbam-829272,Shinnosuke Ogasawara,2025,AAA,Rochester Red Wings,pitcher,28.0,25.0,5.0,5.0,0.1743119266055046,0.07339449541284404,0.027777777777777776,3.6,3.06,54.5,54.5,3.6,3.6,Rochester Red Wings,statsapi,False
mlbam-801139,Payton Tolle,2025,AAA,Worcester Red Sox,pitcher,23.0,15.0,3.0,3.0,0.288135593220339,0.03389830508474576,0.11764705882352941,3.6,2.966666666666667,29.5,29.5,3.6,3.6,Worcester Red Sox,statsapi,False
mlbam-681003,Andrew Walling,2025,AAA,Lehigh Valley IronPigs,pitcher,26.0,5.0,5.0,0.0,0.30434782608695654,0.17391304347826086,0.16666666666666666,3.6,5.9,11.5,11.5,3.6,3.6,Lehigh Valley IronPigs,statsapi,False
mlbam-690155,Matt Pushard,2025,AAA,Jacksonville Jumbo Shrimp,pitcher,28.0,62.333333333333336,49.0,1.0,0.28515625,0.08984375,0.05,3.61,2.586631016042781,128.0,128.0,3.61,3.61,Jacksonville Jumbo Shrimp,statsapi,False
mlbam-694918,Blade Tidwell,2025,AAA,Sacramento River Cats,pitcher,24.0,97.0,21.0,17.0,0.2733990147783251,0.09359605911330049,0.07692307692307693,3.62,3.1515463917525772,203.0,203.0,3.62,3.62,Sacramento River Cats,statsapi,False
mlbam-664991,Grant Wolfram,2025,AAA,Norfolk Tides,pitcher,29.0,32.333333333333336,28.0,0.0,0.2608695652173913,0.09420289855072464,0.0,3.62,2.3577319587628867,69.0,69.0,3.62,3.62,Norfolk Tides,statsapi,False
mlbam-800311,Didier Fuentes,2025,AAA,Gwinnett Stripers,pitcher,20.0,22.333333333333332,5.0,5.0,0.3258426966292135,0.0449438202247191,0.12,3.63,2.7865671641791048,44.5,44.5,3.63,3.63,Gwinnett Stripers,statsapi,False
mlbam-678906,Kai-Wei Teng,2025,AAA,Sacramento River Cats,pitcher,27.0,57.0,26.0,4.0,0.37083333333333335,0.09166666666666666,0.06818181818181818,3.63,2.0824561403508772,120.0,120.0,3.63,3.63,Sacramento River Cats,statsapi,False
mlbam-702056,Trey Yesavage,2025,AAA,Buffalo Bisons,pitcher,22.0,17.333333333333332,6.0,4.0,0.3611111111111111,0.1527777777777778,0.0,3.63,2.003846153846154,36.0,36.0,3.63,3.63,Buffalo Bisons,statsapi,False
mlbam-801434,Paul Gervase,2025,AAA,Oklahoma City Comets,pitcher,25.0,59.333333333333336,43.0,1.0,0.3224489795918367,0.11428571428571428,0.14516129032258066,3.64,3.9764044943820225,122.5,122.5,3.64,3.64,Oklahoma City Comets,statsapi,False
mlbam-692030,Jose Corniell,2025,AAA,Round Rock Express,pitcher,22.0,12.333333333333334,3.0,3.0,0.25925925925925924,0.1111111111111111,0.0,3.65,2.5324324324324325,27.0,27.0,3.65,3.65,Round Rock Express,statsapi,False
mlbam-681916,Dylan Smith,2025,AAA,Toledo Mud Hens,pitcher,25.0,12.333333333333334,12.0,0.0,0.44,0.14,0.1111111111111111,3.65,2.289189189189189,25.0,25.0,3.65,3.65,Toledo Mud Hens,statsapi,False
mlbam-690986,Kyle Harrison,2025,AAA,Worcester Red Sox,pitcher,24.0,76.33333333333333,18.0,18.0,0.2565597667638484,0.10204081632653061,0.07865168539325842,3.66,3.4799126637554587,171.5,171.5,3.66,3.66,Worcester Red Sox,statsapi,False
mlbam-701195,Manuel Castro,2025,AAA,El Paso Chihuahuas,pitcher,23.0,32.0,24.0,0.0,0.21739130434782608,0.18840579710144928,0.046511627906976744,3.66,4.19375,69.0,69.0,3.66,3.66,El Paso Chihuahuas,statsapi,False
mlbam-670183,Garrett Acton,2025,AAA,Durham Bulls,pitcher,27.0,58.666666666666664,45.0,4.0,0.3008474576271186,0.11440677966101695,0.08641975308641975,3.68,3.6113636363636363,118.0,118.0,3.68,3.68,Durham Bulls,statsapi,False
mlbam-608566,Germán Márquez,2025,AAA,Albuquerque Isotopes,pitcher,30.0,7.333333333333333,2.0,2.0,0.3333333333333333,0.03333333333333333,0.16666666666666666,3.68,2.5545454545454547,15.0,15.0,3.68,3.68,Albuquerque Isotopes,statsapi,False
mlbam-666364,Jordan Balazovic,2025,AAA,Toledo Mud Hens,pitcher,27.0,53.666666666666664,34.0,7.0,0.20425531914893616,0.09787234042553192,0.11290322580645161,3.69,4.292546583850932,117.5,117.5,3.69,3.69,Toledo Mud Hens,statsapi,False
mlbam-690925,Clayton Beeter,2025,AAA,Rochester Red Wings,pitcher,27.0,24.333333333333332,21.0,0.0,0.36036036036036034,0.18018018018018017,0.0,3.7,2.4013698630136986,55.5,55.5,3.7,3.7,Rochester Red Wings,statsapi,False
mlbam-681867,Cooper Criswell,2025,AAA,Worcester Red Sox,pitcher,29.0,65.66666666666667,16.0,14.0,0.24548736462093862,0.10108303249097472,0.11320754716981132,3.7,3.678680203045685,138.5,138.5,3.7,3.7,Worcester Red Sox,statsapi,False
mlbam-700183,Blake Holub,2025,AAA,Nashville Sounds,pitcher,27.0,41.333333333333336,39.0,0.0,0.2864864864864865,0.16756756756756758,0.03333333333333333,3.7,3.1725806451612906,92.5,92.5,3.7,3.7,Nashville Sounds,statsapi,False
mlbam-677961,Cole Wilcox,2025,AAA,Durham Bulls,pitcher,26.0,51.0,34.0,1.0,0.2556053811659193,0.10762331838565023,0.18,3.71,4.629411764705882,111.5,111.5,3.71,3.71,Durham Bulls,statsapi,False
mlbam-661527,Seth Martinez,2025,AAA,Jacksonville Jumbo Shrimp,pitcher,31.0,43.666666666666664,41.0,1.0,0.2887700534759358,0.10695187165775401,0.06976744186046512,3.71,2.9625954198473283,93.5,93.5,3.71,3.71,Jacksonville Jumbo Shrimp,statsapi,False
mlbam-808970,Woo-Suk Go,2025,AAA,Toledo Mud Hens,pitcher,27.0,26.666666666666668,19.0,2.0,0.23275862068965517,0.10344827586206896,0.13793103448275862,3.71,4.4875,58.0,58.0,3.71,3.71,Toledo Mud Hens,statsapi,False
mlbam-700241,Michael McGreevy,2025,AAA,Memphis Redbirds,pitcher,25.0,75.0,15.0,15.0,0.2549019607843137,0.049019607843137254,0.11290322580645161,3.72,2.9133333333333336,153.0,153.0,3.72,3.72,Memphis Redbirds,statsapi,False
mlbam-694391,Austin Vernon,2025,AAA,Durham Bulls,pitcher,26.0,19.333333333333332,14.0,3.0,0.21518987341772153,0.17721518987341772,0.08,3.72,5.013793103448276,39.5,39.5,3.72,3.72,Durham Bulls,statsapi,False
mlbam-672710,Roansy Contreras,2025,AAA,Norfolk Tides,pitcher,26.0,91.66666666666667,28.0,14.0,0.178117048346056,0.08396946564885496,0.10743801652892562,3.73,4.5618181818181816,196.5,196.5,3.73,3.73,Norfolk Tides,statsapi,False
mlbam-477132,Clayton Kershaw,2025,AAA,Oklahoma City Comets,pitcher,37.0,12.0,3.0,3.0,0.18604651162790697,0.06976744186046512,0.23076923076923078,3.75,6.016666666666667,21.5,21.5,3.75,3.75,Oklahoma City Comets,statsapi,False
mlbam-701240,Ethan Routzahn,2025,AAA,El Paso Chihuahuas,pitcher,27.0,24.0,22.0,0.0,0.16101694915254236,0.11864406779661017,0.0967741935483871,3.75,5.141666666666667,59.0,59.0,3.75,3.75,El Paso Chihuahuas,statsapi,False
mlbam-681168,Luis Curvelo,2025,AAA,Round Rock Express,pitcher,25.0,40.666666666666664,36.0,0.0,0.22777777777777777,0.10555555555555556,0.10256410256410256,3.76,4.132786885245902,90.0,90.0,3.76,3.76,Round Rock Express,statsapi,False
mlbam-668964,Tobias Myers,2025,AAA,Nashville Sounds,pitcher,27.0,59.666666666666664,12.0,12.0,0.21912350597609562,0.06772908366533864,0.05813953488372093,3.77,3.3011173184357543,125.5,125.5,3.77,3.77,Nashville Sounds,statsapi,False
mlbam-700669,Gordon Graceffo,2025,AAA,Memphis Redbirds,pitcher,25.0,45.333333333333336,24.0,4.0,0.23684210526315788,0.06842105263157895,0.1111111111111111,3.77,3.475,95.0,95.0,3.77,3.77,Memphis Redbirds,statsapi,False
mlbam-686628,Blake Burkhalter,2025,AAA,Gwinnett Stripers,pitcher,25.0,31.0,18.0,2.0,0.17557251908396945,0.12213740458015267,0.07894736842105263,3.77,4.422580645161291,65.5,65.5,3.77,3.77,Gwinnett Stripers,statsapi,False
mlbam-687922,Easton Lucas,2025,AAA,Buffalo Bisons,pitcher,29.0,64.33333333333333,17.0,13.0,0.2490842490842491,0.10256410256410256,0.11267605633802817,3.78,4.04818652849741,136.5,136.5,3.78,3.78,Buffalo Bisons,statsapi,False
mlbam-663657,Garrett Davila,2025,AAA,Rochester Red Wings,pitcher,28.0,16.666666666666668,18.0,0.0,0.2972972972972973,0.16216216216216217,0.13333333333333333,3.78,4.36,37.0,37.0,3.78,3.78,Rochester Red Wings,statsapi,False
mlbam-656786,Parker Mushinski,2025,AAA,Columbus Clippers,pitcher,30.0,50.0,46.0,0.0,0.29596412556053814,0.15695067264573992,0.05128205128205128,3.78,3.02,111.5,111.5,3.78,3.78,Columbus Clippers,statsapi,False
mlbam-693312,Kyle Nicolas,2025,AAA,Indianapolis Indians,pitcher,26.0,35.666666666666664,30.0,1.0,0.3105590062111801,0.12422360248447205,0.034482758620689655,3.79,2.3429906542056074,80.5,80.5,3.79,3.79,Indianapolis Indians,statsapi,False
mlbam-682995,Hunter Barco,2025,AAA,Indianapolis Indians,pitcher,25.0,73.66666666666667,21.0,17.0,0.25386996904024767,0.13003095975232198,0.06493506493506493,3.79,3.75158371040724,161.5,161.5,3.79,3.79,Indianapolis Indians,statsapi,False
mlbam-694331,Tyler Mattison,2025,AAA,Toledo Mud Hens,pitcher,26.0,19.0,20.0,0.0,0.2988505747126437,0.1839080459770115,0.07142857142857142,3.79,3.573684210526316,43.5,43.5,3.79,3.79,Toledo Mud Hens,statsapi,False
mlbam-673380,Dedniel Núñez,2025,AAA,Syracuse Mets,pitcher,29.0,19.0,19.0,2.0,0.23595505617977527,0.1348314606741573,0.1,3.79,3.9947368421052634,44.5,44.5,3.79,3.79,Syracuse Mets,statsapi,False
mlbam-693645,Cam Schlittler,2025,AAA,Scranton/Wilkes-Barre RailRiders,pitcher,24.0,23.666666666666668,5.0,5.0,0.35714285714285715,0.09183673469387756,0.13636363636363635,3.8,3.0577464788732396,49.0,49.0,3.8,3.8,Scranton/Wilkes-Barre RailRiders,statsapi,False
mlbam-664948,Anthony Misiewicz,2025,AAA,St. Paul Saints,pitcher,31.0,33.0,28.0,0.0,0.23809523809523808,0.10317460317460317,0.14705882352941177,3.82,4.251515151515152,63.0,63.0,3.82,3.82,St. Paul Saints,statsapi,False
mlbam-692230,Carlos Rodriguez,2025,AAA,Nashville Sounds,pitcher,24.0,77.66666666666667,17.0,15.0,0.2411764705882353,0.11176470588235295,0.08791208791208792,3.82,3.949785407725322,170.0,170.0,3.82,3.82,Nashville Sounds,statsapi,False
mlbam-682608,Peyton Gray,2025,AAA,Round Rock Express,pitcher,30.0,61.0,38.0,2.0,0.25757575757575757,0.08712121212121213,0.12307692307692308,3.84,3.8049180327868855,132.0,132.0,3.84,3.84,Round Rock Express,statsapi,False
mlbam-701564,Joe Adametz,2025,AAA,Toledo Mud Hens,pitcher,26.0,2.3333333333333335,1.0,0.0,0.14285714285714285,0.14285714285714285,0.0,3.86,3.9571428571428573,7.0,7.0,3.86,3.86,Toledo Mud Hens,statsapi,False
mlbam-656420,J.P. Feyereisen,2025,AAA,Oklahoma City Comets,pitcher,32.0,14.0,11.0,0.0,0.12307692307692308,0.046153846153846156,0.05555555555555555,3.86,3.5285714285714285,32.5,32.5,3.86,3.86,Oklahoma City Comets,statsapi,False
mlbam-696519,Samy Natera Jr.,2025,AAA,Salt Lake Bees,pitcher,26.0,9.333333333333334,8.0,0.0,0.3695652173913043,0.2391304347826087,0.2,3.86,5.7785714285714285,23.0,23.0,3.86,3.86,Salt Lake Bees,statsapi,False
mlbam-661383,Oliver Ortega,2025,AAA,Syracuse Mets,pitcher,29.0,7.0,5.0,0.0,0.15384615384615385,0.11538461538461539,0.1111111111111111,3.86,5.1,13.0,13.0,3.86,3.86,Syracuse Mets,statsapi,False
mlbam-693313,Carson Seymour,2025,AAA,Sacramento River Cats,pitcher,27.0,77.0,16.0,15.0,0.26865671641791045,0.11641791044776119,0.1320754716981132,3.86,3.7753246753246756,167.5,167.5,3.86,3.86,Sacramento River Cats,statsapi,False
mlbam-806258,Thomas White,2025,AAA,Jacksonville Jumbo Shrimp,pitcher,21.0,9.333333333333334,2.0,2.0,0.425,0.25,0.0,3.86,2.992857142857143,20.0,20.0,3.86,3.86,Jacksonville Jumbo Shrimp,statsapi,False
mlbam-699044,Miguel Ullola,2025,AAA,Sugar Land Space Cowboys,pitcher,23.0,113.66666666666667,28.0,23.0,0.266260162601626,0.15853658536585366,0.05263157894736842,3.88,3.759824046920821,246.0,246.0,3.88,3.88,Sugar Land Space Cowboys,statsapi,False
mlbam-621389,Ty Blach,2025,AAA,Round Rock Express,pitcher,35.0,51.0,11.0,11.0,0.17857142857142858,0.05803571428571429,0.09615384615384616,3.88,3.6882352941176473,112.0,112.0,3.88,3.88,Round Rock Express,statsapi,False
mlbam-663562,Noah Davis,2025,AAA,St. Paul Saints,pitcher,28.0,48.666666666666664,35.0,2.0,0.25961538461538464,0.11538461538461539,0.10204081632653061,3.88,4.065753424657535,104.0,104.0,3.88,3.88,St. Paul Saints,statsapi,False
mlbam-664351,Luis Contreras,2025,AAA,Sugar Land Space Cowboys,pitcher,29.0,46.333333333333336,45.0,0.0,0.208955223880597,0.13930348258706468,0.05084745762711865,3.88,4.135971223021583,100.5,100.5,3.88,3.88,Sugar Land Space Cowboys,statsapi,False
mlbam-658792,Aaron Wilkerson,2025,AAA,Memphis Redbirds,pitcher,36.0,152.66666666666666,29.0,29.0,0.19407894736842105,0.049342105263157895,0.11790393013100436,3.89,4.50174672489083,304.0,304.0,3.89,3.89,Memphis Redbirds,statsapi,False
mlbam-676606,Nick Margevicius,2025,AAA,Toledo Mud Hens,pitcher,29.0,74.0,17.0,14.0,0.22012578616352202,0.05660377358490566,0.07608695652173914,3.89,3.2081081081081084,159.0,159.0,3.89,3.89,Toledo Mud Hens,statsapi,False
mlbam-641582,Matt Foster,2025,AAA,Reno Aces,pitcher,30.0,34.666666666666664,31.0,0.0,0.27450980392156865,0.0784313725490196,0.1111111111111111,3.89,3.676923076923077,76.5,76.5,3.89,3.89,Reno Aces,statsapi,False
mlbam-663462,Isaiah Campbell,2025,AAA,Worcester Red Sox,pitcher,28.0,57.666666666666664,43.0,0.0,0.18076923076923077,0.08461538461538462,0.10638297872340426,3.9,3.9497109826589596,130.0,130.0,3.9,3.9,Worcester Red Sox,statsapi,False
mlbam-663681,Jarod Bayless,2025,AAA,Indianapolis Indians,pitcher,29.0,23.0,9.0,4.0,0.16346153846153846,0.057692307692307696,0.08333333333333333,3.91,4.8826086956521735,52.0,52.0,3.91,3.91,Indianapolis Indians,statsapi,False
mlbam-476594,Robert Stock,2025,AAA,Worcester Red Sox,pitcher,36.0,85.0,19.0,15.0,0.2615803814713896,0.09809264305177112,0.06493506493506493,3.92,3.2294117647058824,183.5,183.5,3.92,3.92,Worcester Red Sox,statsapi,False
mlbam-805427,Drew Sommers,2025,AAA,Toledo Mud Hens,pitcher,25.0,39.0,33.0,1.0,0.2807017543859649,0.1111111111111111,0.0,3.92,2.5615384615384618,85.5,85.5,3.92,3.92,Toledo Mud Hens,statsapi,False
mlbam-687273,Quinn Mathews,2025,AAA,Memphis Redbirds,pitcher,25.0,94.0,22.0,22.0,0.25355450236966826,0.17535545023696683,0.06896551724137931,3.93,4.110638297872341,211.0,211.0,3.93,3.93,Memphis Redbirds,statsapi,False
mlbam-621199,Matt Bowman,2025,AAA,Sugar Land Space Cowboys,pitcher,34.0,36.666666666666664,31.0,1.0,0.22727272727272727,0.05844155844155844,0.13043478260869565,3.93,4.218181818181819,77.0,77.0,3.93,3.93,Sugar Land Space Cowboys,statsapi,False
mlbam-701519,Travis Adams,2025,AAA,St. Paul Saints,pitcher,25.0,68.66666666666667,23.0,5.0,0.21993127147766323,0.07903780068728522,0.0641025641025641,3.93,3.318446601941748,145.5,145.5,3.93,3.93,St. Paul Saints,statsapi,False
mlbam-677958,Kumar Rocker,2025,AAA,Round Rock Express,pitcher,26.0,16.0,4.0,4.0,0.23076923076923078,0.046153846153846156,0.11764705882352941,3.94,3.4125,32.5,32.5,3.94,3.94,Round Rock Express,statsapi,False
mlbam-605155,Colten Brewer,2025,AAA,Scranton/Wilkes-Barre RailRiders,pitcher,33.0,29.666666666666668,22.0,0.0,0.2711864406779661,0.1271186440677966,0.11538461538461539,3.94,3.9764044943820225,59.0,59.0,3.94,3.94,Scranton/Wilkes-Barre RailRiders,statsapi,False
mlbam-665625,Elvis Peguero,2025,AAA,Charlotte Knights,pitcher,28.0,27.333333333333332,29.0,0.0,0.208,0.144,0.2777777777777778,3.95,5.770731707317074,62.5,62.5,3.95,3.95,Charlotte Knights,statsapi,False
mlbam-622503,Nabil Crismatt,2025,AAA,Reno Aces,pitcher,31.0,102.33333333333333,20.0,20.0,0.1643192488262911,0.05868544600938967,0.11029411764705882,3.96,4.458306188925082,213.0,213.0,3.96,3.96,Reno Aces,statsapi,False
mlbam-666768,Anderson Pilar,2025,AAA,Gwinnett Stripers,pitcher,27.0,61.333333333333336,48.0,3.0,0.2423076923076923,0.07692307692307693,0.03508771929824561,3.96,2.6923913043478263,130.0,130.0,3.96,3.96,Gwinnett Stripers,statsapi,False
mlbam-605463,Tayler Scott,2025,AAA,Sugar Land Space Cowboys,pitcher,33.0,22.666666666666668,23.0,0.0,0.26262626262626265,0.1111111111111111,0.07142857142857142,3.97,2.835294117647059,49.5,49.5,3.97,3.97,Sugar Land Space Cowboys,statsapi,False
mlbam-608334,Carson Fulmer,2025,AAA,Salt Lake Bees,pitcher,32.0,54.333333333333336,22.0,6.0,0.21008403361344538,0.09663865546218488,0.08196721311475409,3.98,3.725766871165644,119.0,119.0,3.98,3.98,Salt Lake Bees,statsapi,False
mlbam-668831,Garrett Stallings,2025,AAA,Nashville Sounds,pitcher,28.0,99.33333333333333,30.0,15.0,0.17733990147783252,0.05665024630541872,0.07142857142857142,3.99,3.4926174496644298,203.0,203.0,3.99,3.99,Nashville Sounds,statsapi,False
mlbam-690916,Richard Fitts,2025,AAA,Worcester Red Sox,pitcher,26.0,27.0,6.0,6.0,0.21551724137931033,0.09482758620689655,0.1,4.0,3.655555555555556,58.0,58.0,4.0,4.0,Worcester Red Sox,statsapi,False
mlbam-640455,Sean Manaea,2025,AAA,Syracuse Mets,pitcher,33.0,9.0,2.0,1.0,0.35294117647058826,0.029411764705882353,0.125,4.0,2.2111111111111112,17.0,17.0,4.0,4.0,Syracuse Mets,statsapi,False
mlbam-672487,Helcris Olivárez,2025,AAA,Sacramento River Cats,pitcher,25.0,27.0,26.0,0.0,0.29770992366412213,0.24427480916030533,0.0,4.0,4.988888888888889,65.5,65.5,4.0,4.0,Sacramento River Cats,statsapi,False
mlbam-685329,Carlos Peña,2025,AAA,Toledo Mud Hens,pitcher,27.0,9.0,4.0,0.0,0.225,0.05,0.08333333333333333,4.0,3.2111111111111112,20.0,20.0,4.0,4.0,Toledo Mud Hens,statsapi,False
mlbam-694312,Logan Workman,2025,AAA,Durham Bulls,pitcher,27.0,152.33333333333334,29.0,28.0,0.24398073836276082,0.07223113964686999,0.1323529411764706,4.02,4.334135667396062,311.5,311.5,4.02,4.02,Durham Bulls,statsapi,False
mlbam-694358,Tekoah Roby,2025,AAA,Memphis Redbirds,pitcher,24.0,31.333333333333332,6.0,6.0,0.22556390977443608,0.06015037593984962,0.11428571428571428,4.02,3.610638297872341,66.5,66.5,4.02,4.02,Memphis Redbirds,statsapi,False
mlbam-686701,Ryan Bergert,2025,AAA,El Paso Chihuahuas,pitcher,25.0,44.666666666666664,11.0,11.0,0.22564102564102564,0.09230769230769231,0.14893617021276595,4.03,4.577611940298508,97.5,97.5,4.03,4.03,El Paso Chihuahuas,statsapi,False
mlbam-692024,Alex Carrillo,2025,AAA,Syracuse Mets,pitcher,28.0,22.333333333333332,20.0,0.0,0.35789473684210527,0.18947368421052632,0.125,4.03,3.771641791044776,47.5,47.5,4.03,4.03,Syracuse Mets,statsapi,False
mlbam-694477,Chad Patrick,2025,AAA,Nashville Sounds,pitcher,27.0,42.333333333333336,8.0,8.0,0.25,0.09444444444444444,0.12698412698412698,4.04,4.777165354330709,90.0,90.0,4.04,4.04,Nashville Sounds,statsapi,False
mlbam-672021,Eric Cerantola,2025,AAA,Omaha Storm Chasers,pitcher,25.0,49.0,38.0,1.0,0.29577464788732394,0.11267605633802817,0.08163265306122448,4.04,3.242857142857143,106.5,106.5,4.04,4.04,Omaha Storm Chasers,statsapi,False
mlbam-696149,Bubba Chandler,2025,AAA,Indianapolis Indians,pitcher,23.0,100.0,24.0,24.0,0.2737556561085973,0.11990950226244344,0.07339449541284404,4.05,3.49,221.0,221.0,4.05,4.05,Indianapolis Indians,statsapi,False
mlbam-676390,Tommy Mace,2025,AAA,Columbus Clippers,pitcher,27.0,13.333333333333334,9.0,0.0,0.22807017543859648,0.14035087719298245,0.15384615384615385,4.05,4.9,28.5,28.5,4.05,4.05,Columbus Clippers,statsapi,False
mlbam-682243,Bryce Miller,2025,AAA,Tacoma Rainiers,pitcher,27.0,13.333333333333334,3.0,3.0,0.3,0.06,0.36363636363636365,4.05,5.425,25.0,25.0,4.05,4.05,Tacoma Rainiers,statsapi,False
mlbam-669193,Jack Little,2025,AAA,Indianapolis Indians,pitcher,27.0,62.0,50.0,0.0,0.20152091254752852,0.09125475285171103,0.056818181818181816,4.06,3.6,131.5,131.5,4.06,4.06,Indianapolis Indians,statsapi,False
mlbam-801216,Christian Montes De Oca,2025,AAA,Reno Aces,pitcher,26.0,24.333333333333332,17.0,0.0,0.2549019607843137,0.058823529411764705,0.10526315789473684,4.07,2.8945205479452056,51.0,51.0,4.07,4.07,Reno Aces,statsapi,False
mlbam-690939,Connor Noland,2025,AAA,Iowa Cubs,pitcher,26.0,132.66666666666666,27.0,22.0,0.19861830742659758,0.09499136442141623,0.09420289855072464,4.07,3.9743718592964825,289.5,289.5,4.07,4.07,Iowa Cubs,statsapi,False
mlbam-702193,Andrew Morris,2025,AAA,St. Paul Saints,pitcher,24.0,94.66666666666667,21.0,19.0,0.2236180904522613,0.07035175879396985,0.10679611650485436,4.09,3.7443661971830986,199.0,199.0,4.09,4.09,St. Paul Saints,statsapi,False
mlbam-702021,Will Dion,2025,AAA,Columbus Clippers,pitcher,25.0,99.0,31.0,13.0,0.22119815668202766,0.08525345622119816,0.08181818181818182,4.09,3.463636363636364,217.0,217.0,4.09,4.09,Columbus Clippers,statsapi,False
mlbam-680729,Garrett McDaniels,2025,AAA,Oklahoma City Comets,pitcher,26.0,33.0,27.0,3.0,0.28169014084507044,0.14084507042253522,0.14285714285714285,4.09,3.463636363636364,71.0,71.0,4.09,4.09,Oklahoma City Comets,statsapi,False
mlbam-682171,Penn Murfee,2025,AAA,Charlotte Knights,pitcher,31.0,22.0,22.0,0.0,0.1568627450980392,0.17647058823529413,0.0,4.09,4.372727272727273,51.0,51.0,4.09,4.09,Charlotte Knights,statsapi,False
mlbam-800571,Santiago Suarez,2025,AAA,Durham Bulls,pitcher,20.0,11.0,2.0,2.0,0.20930232558139536,0.046511627906976744,0.15789473684210525,4.09,5.554545454545455,21.5,21.5,4.09,4.09,Durham Bulls,statsapi,False
mlbam-642232,Ryan Yarbrough,2025,AAA,Scranton/Wilkes-Barre RailRiders,pitcher,34.0,11.0,3.0,3.0,0.2857142857142857,0.023809523809523808,0.1111111111111111,4.09,2.372727272727273,21.0,21.0,4.09,4.09,Scranton/Wilkes-Barre RailRiders,statsapi,False
mlbam-674841,Andrew Alvarez,2025,AAA,Rochester Red Wings,pitcher,26.0,123.0,25.0,25.0,0.21509433962264152,0.09811320754716982,0.13541666666666666,4.1,4.034959349593496,265.0,265.0,4.1,4.1,Rochester Red Wings,statsapi,False
mlbam-606996,Kyle Hart,2025,AAA,El Paso Chihuahuas,pitcher,33.0,63.666666666666664,20.0,10.0,0.18505338078291814,0.12099644128113879,0.09375,4.1,4.387958115183246,140.5,140.5,4.1,4.1,El Paso Chihuahuas,statsapi,False
mlbam-669145,Bruce Zimmermann,2025,AAA,Nashville Sounds,pitcher,30.0,138.0,28.0,21.0,0.18825561312607944,0.05181347150259067,0.1111111111111111,4.11,3.7956521739130435,289.5,289.5,4.11,4.11,Nashville Sounds,statsapi,False
mlbam-680397,Sam Benschoter,2025,AAA,Louisville Bats,pitcher,27.0,78.66666666666667,38.0,5.0,0.2085889570552147,0.06748466257668712,0.14102564102564102,4.12,4.104237288135593,163.0,163.0,4.12,4.12,Louisville Bats,statsapi,False
mlbam-624647,Victor González,2025,AAA,Salt Lake Bees,pitcher,30.0,39.333333333333336,35.0,0.0,0.1881720430107527,0.1774193548387097,0.075,4.12,5.2101694915254235,93.0,93.0,4.12,4.12,Salt Lake Bees,statsapi,False
mlbam-687830,Sawyer Gipson-Long,2025,AAA,Toledo Mud Hens,pitcher,28.0,32.666666666666664,9.0,8.0,0.26515151515151514,0.06060606060606061,0.04,4.13,2.273469387755102,66.0,66.0,4.13,4.13,Toledo Mud Hens,statsapi,False
mlbam-687578,David Leal,2025,AAA,Las Vegas Aviators,pitcher,28.0,37.0,33.0,1.0,0.2147239263803681,0.12883435582822086,0.20588235294117646,4.14,5.532432432432433,81.5,81.5,4.14,4.14,Las Vegas Aviators,statsapi,False
mlbam-646242,Jhonathan Díaz,2025,AAA,Tacoma Rainiers,pitcher,29.0,138.66666666666666,27.0,26.0,0.19795221843003413,0.040955631399317405,0.11842105263157894,4.15,3.785096153846154,293.0,293.0,4.15,4.15,Tacoma Rainiers,statsapi,False
mlbam-665048,Hobie Harris,2025,AAA,Worcester Red Sox,pitcher,32.0,39.0,31.0,0.0,0.2471264367816092,0.1206896551724138,0.13725490196078433,4.15,4.843589743589744,87.0,87.0,4.15,4.15,Worcester Red Sox,statsapi,False
mlbam-692589,Victor Juarez,2025,AAA,Albuquerque Isotopes,pitcher,22.0,4.333333333333333,2.0,0.0,0.13043478260869565,0.08695652173913043,0.0,4.15,3.1,11.5,11.5,4.15,4.15,Albuquerque Isotopes,statsapi,False
mlbam-691548,Rolddy Muñoz,2025,AAA,Gwinnett Stripers,pitcher,25.0,21.666666666666668,16.0,2.0,0.2777777777777778,0.1111111111111111,0.11764705882352941,4.15,3.376923076923077,45.0,45.0,4.15,4.15,Gwinnett Stripers,statsapi,False
mlbam-669704,Kade Strowd,2025,AAA,Norfolk Tides,pitcher,28.0,34.666666666666664,29.0,0.0,0.2679738562091503,0.09803921568627451,0.05555555555555555,4.15,2.8692307692307693,76.5,76.5,4.15,4.15,Norfolk Tides,statsapi,False
mlbam-669067,Ryan Webb,2025,AAA,Columbus Clippers,pitcher,26.0,121.33333333333333,28.0,21.0,0.22840690978886757,0.11708253358925144,0.1,4.15,4.17967032967033,260.5,260.5,4.15,4.15,Columbus Clippers,statsapi,False
mlbam-642759,Julian Fernández,2025,AAA,Rochester Red Wings,pitcher,30.0,54.0,47.0,4.0,0.2851063829787234,0.07659574468085106,0.13559322033898305,4.17,3.5444444444444443,117.5,117.5,4.17,4.17,Rochester Red Wings,statsapi,False
mlbam-687209,Zach Maxwell,2025,AAA,Louisville Bats,pitcher,24.0,49.666666666666664,51.0,0.0,0.2681818181818182,0.15,0.10714285714285714,4.17,4.227516778523491,110.0,110.0,4.17,4.17,Louisville Bats,statsapi,False
mlbam-682274,Yaramil Hiraldo,2025,AAA,Norfolk Tides,pitcher,30.0,36.666666666666664,25.0,1.0,0.35947712418300654,0.0784313725490196,0.1,4.17,2.5,76.5,76.5,4.17,4.17,Norfolk Tides,statsapi,False
mlbam-680436,Trenton Wallace,2025,AAA,Buffalo Bisons,pitcher,26.0,51.666666666666664,25.0,8.0,0.2813852813852814,0.15584415584415584,0.09836065573770492,4.18,4.3,115.5,115.5,4.18,4.18,Buffalo Bisons,statsapi,False
mlbam-680736,Justin Wrobleski,2025,AAA,Oklahoma City Comets,pitcher,25.0,51.666666666666664,11.0,10.0,0.21076233183856502,0.1031390134529148,0.11864406779661017,4.18,4.435483870967742,111.5,111.5,4.18,4.18,Oklahoma City Comets,statsapi,False
mlbam-681854,Connor Van Scoyoc,2025,AAA,Albuquerque Isotopes,pitcher,26.0,86.0,41.0,0.0,0.125,0.07880434782608696,0.0821917808219178,4.19,4.053488372093024,184.0,184.0,4.19,4.19,Albuquerque Isotopes,statsapi,False
mlbam-687941,Alec Gamboa,2025,AAA,Oklahoma City Comets,pitcher,28.0,19.333333333333332,8.0,2.0,0.14457831325301204,0.14457831325301204,0.0,4.19,3.8758620689655174,41.5,41.5,4.19,4.19,Oklahoma City Comets,statsapi,False
mlbam-605182,Mike Clevinger,2025,AAA,Charlotte Knights,pitcher,35.0,100.66666666666667,22.0,22.0,0.2188235294117647,0.08470588235294117,0.1440677966101695,4.2,4.580132450331126,212.5,212.5,4.2,4.2,Charlotte Knights,statsapi,False
mlbam-680689,Lyon Richardson,2025,AAA,Louisville Bats,pitcher,25.0,32.0,22.0,0.0,0.23529411764705882,0.09558823529411764,0.10714285714285714,4.22,3.63125,68.0,68.0,4.22,4.22,Louisville Bats,statsapi,False
mlbam-641672,Thomas Hatch,2025,AAA,Omaha Storm Chasers,pitcher,31.0,91.66666666666667,18.0,18.0,0.20103092783505155,0.07216494845360824,0.10714285714285714,4.22,3.7218181818181817,194.0,194.0,4.22,4.22,Omaha Storm Chasers,statsapi,False
mlbam-672277,Sam Carlson,2025,AAA,Oklahoma City Comets,pitcher,27.0,59.666666666666664,45.0,0.0,0.2857142857142857,0.13186813186813187,0.07272727272727272,4.22,3.56927374301676,136.5,136.5,4.22,4.22,Oklahoma City Comets,statsapi,False
mlbam-683177,Jared Southard,2025,AAA,Salt Lake Bees,pitcher,25.0,38.333333333333336,27.0,0.0,0.25766871165644173,0.08588957055214724,0.19230769230769232,4.23,4.01304347826087,81.5,81.5,4.23,4.23,Salt Lake Bees,statsapi,False
mlbam-687075,Brandon Sproat,2025,AAA,Syracuse Mets,pitcher,25.0,121.0,26.0,25.0,0.220703125,0.103515625,0.08571428571428572,4.24,3.7859504132231407,256.0,256.0,4.24,4.24,Syracuse Mets,statsapi,False
mlbam-658431,Adonis Medina,2025,AAA,Lehigh Valley IronPigs,pitcher,29.0,65.66666666666667,37.0,7.0,0.1774193548387097,0.13870967741935483,0.07272727272727272,4.25,4.546700507614213,155.0,155.0,4.25,4.25,Lehigh Valley IronPigs,statsapi,False
mlbam-688214,Ryan Jennings,2025,AAA,Buffalo Bisons,pitcher,26.0,36.0,34.0,0.0,0.3016759776536313,0.16759776536312848,0.17142857142857143,4.25,5.1,89.5,89.5,4.25,4.25,Buffalo Bisons,statsapi,False
mlbam-669060,Bryse Wilson,2025,AAA,Charlotte Knights,pitcher,28.0,48.666666666666664,18.0,8.0,0.205,0.055,0.13636363636363635,4.25,3.819178082191781,100.0,100.0,4.25,4.25,Charlotte Knights,statsapi,False
mlbam-689266,Dylan Dodd,2025,AAA,Gwinnett Stripers,pitcher,27.0,25.333333333333332,24.0,0.0,0.3137254901960784,0.029411764705882353,0.17391304347826086,4.26,3.1,51.0,51.0,4.26,4.26,Gwinnett Stripers,statsapi,False
mlbam-664346,Carlos Guzman,2025,AAA,Syracuse Mets,pitcher,27.0,6.333333333333333,5.0,0.0,0.22580645161290322,0.1935483870967742,0.16666666666666666,4.26,5.310526315789474,15.5,15.5,4.26,4.26,Syracuse Mets,statsapi,False
mlbam-572383,Brian Moran,2025,AAA,Gwinnett Stripers,pitcher,37.0,12.666666666666666,6.0,1.0,0.29411764705882354,0.0392156862745098,0.18181818181818182,4.26,3.9684210526315793,25.5,25.5,4.26,4.26,Gwinnett Stripers,statsapi,False
mlbam-701053,Carter Spivey,2025,AAA,Columbus Clippers,pitcher,26.0,6.333333333333333,3.0,0.0,0.2608695652173913,0.13043478260869565,0.2,4.26,4.678947368421053,11.5,11.5,4.26,4.26,Columbus Clippers,statsapi,False
mlbam-670245,Ryan Watson,2025,AAA,Sacramento River Cats,pitcher,28.0,50.666666666666664,46.0,0.0,0.2807017543859649,0.07894736842105263,0.09615384615384616,4.26,2.863157894736842,114.0,114.0,4.26,4.26,Sacramento River Cats,statsapi,False
mlbam-804926,Austin Peterson,2025,AAA,Columbus Clippers,pitcher,26.0,90.66666666666667,17.0,15.0,0.20207253886010362,0.07772020725388601,0.08620689655172414,4.27,3.9713235294117646,193.0,193.0,4.27,4.27,Columbus Clippers,statsapi,False
mlbam-680735,Austin Cox,2025,AAA,Gwinnett Stripers,pitcher,28.0,40.0,31.0,1.0,0.20224719101123595,0.09550561797752809,0.11363636363636363,4.28,4.275,89.0,89.0,4.28,4.28,Gwinnett Stripers,statsapi,False
mlbam-675920,Seth Lonsway,2025,AAA,Sacramento River Cats,pitcher,27.0,42.0,9.0,9.0,0.20540540540540542,0.13513513513513514,0.0625,4.29,3.90952380952381,92.5,92.5,4.29,4.29,Sacramento River Cats,statsapi,False
mlbam-801432,Eric Reyzelman,2025,AAA,Scranton/Wilkes-Barre RailRiders,pitcher,24.0,42.0,34.0,0.0,0.2393617021276596,0.22340425531914893,0.11627906976744186,4.29,5.647619047619047,94.0,94.0,4.29,4.29,Scranton/Wilkes-Barre RailRiders,statsapi,False
mlbam-471911,Carlos Carrasco,2025,AAA,Gwinnett Stripers,pitcher,38.0,88.0,18.0,17.0,0.18478260869565216,0.07065217391304347,0.06818181818181818,4.3,3.4295454545454547,184.0,184.0,4.3,4.3,Gwinnett Stripers,statsapi,False
mlbam-663687,Hogan Harris,2025,AAA,Las Vegas Aviators,pitcher,29.0,14.666666666666666,10.0,0.0,0.3787878787878788,0.10606060606060606,0.0,4.3,1.3272727272727274,33.0,33.0,4.3,4.3,Las Vegas Aviators,statsapi,False
mlbam-687798,Nick Robertson,2025,AAA,Omaha Storm Chasers,pitcher,27.0,52.333333333333336,43.0,0.0,0.23318385650224216,0.13452914798206278,0.1016949152542373,4.3,4.380254777070064,111.5,111.5,4.3,4.3,Omaha Storm Chasers,statsapi,False
mlbam-668943,Ryan Miller,2025,AAA,Toledo Mud Hens,pitcher,29.0,50.0,37.0,0.0,0.22,0.085,0.13559322033898305,4.32,4.38,100.0,100.0,4.32,4.32,Toledo Mud Hens,statsapi,False
mlbam-671111,Sammy Peralta,2025,AAA,Salt Lake Bees,pitcher,27.0,70.66666666666667,24.0,7.0,0.24054982817869416,0.048109965635738834,0.12162162162162163,4.33,3.538679245283019,145.5,145.5,4.33,4.33,Salt Lake Bees,statsapi,False
mlbam-573009,Joe Mantiply,2025,AAA,Buffalo Bisons,pitcher,34.0,27.0,24.0,0.0,0.2608695652173913,0.02608695652173913,0.23809523809523808,4.33,3.6185185185185187,57.5,57.5,4.33,4.33,Buffalo Bisons,statsapi,False
mlbam-670246,Nate Webb,2025,AAA,Norfolk Tides,pitcher,28.0,27.0,16.0,0.0,0.15,0.19166666666666668,0.03333333333333333,4.33,5.025925925925926,60.0,60.0,4.33,4.33,Norfolk Tides,statsapi,False
mlbam-800049,Adam Mazur,2025,AAA,Jacksonville Jumbo Shrimp,pitcher,24.0,107.33333333333333,22.0,19.0,0.2222222222222222,0.06666666666666667,0.175,4.36,4.70248447204969,225.0,225.0,4.36,4.36,Jacksonville Jumbo Shrimp,statsapi,False
mlbam-688883,Peyton Pallette,2025,AAA,Charlotte Knights,pitcher,24.0,43.333333333333336,36.0,0.0,0.29347826086956524,0.10869565217391304,0.05357142857142857,4.36,3.1692307692307695,92.0,92.0,4.36,4.36,Charlotte Knights,statsapi,False
mlbam-681895,Evan Sisk,2025,AAA,Indianapolis Indians,pitcher,28.0,37.0,38.0,0.0,0.2441860465116279,0.0872093023255814,0.18181818181818182,4.38,3.5324324324324325,86.0,86.0,4.38,4.38,Indianapolis Indians,statsapi,False
mlbam-692285,Luis Guerrero,2025,AAA,Worcester Red Sox,pitcher,25.0,26.666666666666668,21.0,0.0,0.19827586206896552,0.14655172413793102,0.11363636363636363,4.39,5.8375,58.0,58.0,4.39,4.39,Worcester Red Sox,statsapi,False
mlbam-664129,Geoff Hartlieb,2025,AAA,Omaha Storm Chasers,pitcher,32.0,53.333333333333336,37.0,1.0,0.27555555555555555,0.07555555555555556,0.0784313725490196,4.39,2.7625,112.5,112.5,4.39,4.39,Omaha Storm Chasers,statsapi,False
mlbam-664199,Taylor Clarke,2025,AAA,Omaha Storm Chasers,pitcher,32.0,14.333333333333334,10.0,0.0,0.15254237288135594,0.0847457627118644,0.058823529411764705,4.4,3.797674418604651,29.5,29.5,4.4,4.4,Omaha Storm Chasers,statsapi,False
mlbam-658551,Junior Fernández,2025,AAA,Syracuse Mets,pitcher,28.0,43.0,35.0,0.0,0.29533678756476683,0.13989637305699482,0.06896551724137931,4.4,3.146511627906977,96.5,96.5,4.4,4.4,Syracuse Mets,statsapi,False
mlbam-702103,Zach Franklin,2025,AAA,Charlotte Knights,pitcher,27.0,14.333333333333334,13.0,0.0,0.3275862068965517,0.10344827586206896,0.125,4.4,3.5186046511627906,29.0,29.0,4.4,4.4,Charlotte Knights,statsapi,False
mlbam-673872,Bobby Milacki,2025,AAA,Buffalo Bisons,pitcher,29.0,43.0,20.0,3.0,0.12834224598930483,0.09090909090909091,0.09433962264150944,4.4,5.030232558139535,93.5,93.5,4.4,4.4,Buffalo Bisons,statsapi,False
mlbam-660600,Enoli Paredes,2025,AAA,Gwinnett Stripers,pitcher,30.0,57.333333333333336,46.0,0.0,0.27586206896551724,0.11494252873563218,0.08333333333333333,4.4,3.4313953488372095,130.5,130.5,4.4,4.4,Gwinnett Stripers,statsapi,False
mlbam-806960,Luis Morales,2025,AAA,Las Vegas Aviators,pitcher,23.0,47.0,15.0,6.0,0.271356783919598,0.10050251256281408,0.1346153846153846,4.4,4.270212765957447,99.5,99.5,4.4,4.4,Las Vegas Aviators,statsapi,False
mlbam-666148,Drake Fellows,2025,AAA,Indianapolis Indians,pitcher,27.0,112.33333333333333,33.0,19.0,0.19461697722567287,0.09523809523809523,0.08396946564885496,4.41,4.061424332344214,241.5,241.5,4.41,4.41,Indianapolis Indians,statsapi,False
mlbam-663901,Michael Flynn,2025,AAA,Durham Bulls,pitcher,29.0,16.333333333333332,19.0,0.0,0.13513513513513514,0.16216216216216217,0.12,4.41,6.651020408163266,37.0,37.0,4.41,4.41,Durham Bulls,statsapi,False
mlbam-592716,Adrian Sampson,2025,AAA,Rochester Red Wings,pitcher,34.0,83.66666666666667,16.0,16.0,0.12569832402234637,0.08379888268156424,0.088,4.41,4.988446215139442,179.0,179.0,4.41,4.41,Rochester Red Wings,statsapi,False
mlbam-694462,Hurston Waldrep,2025,AAA,Gwinnett Stripers,pitcher,23.0,91.66666666666667,19.0,19.0,0.22549019607843138,0.12254901960784313,0.1111111111111111,4.42,3.9945454545454546,204.0,204.0,4.42,4.42,Gwinnett Stripers,statsapi,False
mlbam-674681,Michael Plassmeyer,2025,AAA,Round Rock Express,pitcher,29.0,105.66666666666667,28.0,16.0,0.21902654867256638,0.07743362831858407,0.1259259259259259,4.43,4.481703470031546,226.0,226.0,4.43,4.43,Round Rock Express,statsapi,False
mlbam-687931,Carson Whisenhunt,2025,AAA,Sacramento River Cats,pitcher,25.0,107.66666666666667,21.0,21.0,0.2092511013215859,0.07709251101321586,0.1111111111111111,4.43,3.9080495356037153,227.0,227.0,4.43,4.43,Sacramento River Cats,statsapi,False
mlbam-680573,Simeon Woods Richardson,2025,AAA,St. Paul Saints,pitcher,25.0,22.333333333333332,5.0,4.0,0.28125,0.0625,0.15384615384615385,4.43,3.9507462686567165,48.0,48.0,4.43,4.43,St. Paul Saints,statsapi,False
mlbam-607179,Jordan Weems,2025,AAA,Sugar Land Space Cowboys,pitcher,33.0,46.666666666666664,39.0,0.0,0.23786407766990292,0.11165048543689321,0.11904761904761904,4.44,3.935714285714286,103.0,103.0,4.44,4.44,Sugar Land Space Cowboys,statsapi,False
mlbam-605218,Carl Edwards Jr.,2025,AAA,Round Rock Express,pitcher,34.0,50.666666666666664,15.0,8.0,0.2579185520361991,0.07239819004524888,0.1794871794871795,4.44,3.711842105263158,110.5,110.5,4.44,4.44,Round Rock Express,statsapi,False
mlbam-694341,Brendan Beck,2025,AAA,Scranton/Wilkes-Barre RailRiders,pitcher,27.0,77.0,15.0,15.0,0.22756410256410256,0.07692307692307693,0.1276595744680851,4.44,4.294805194805194,156.0,156.0,4.44,4.44,Scranton/Wilkes-Barre RailRiders,statsapi,False
mlbam-669391,Owen White,2025,AAA,Charlotte Knights,pitcher,26.0,81.0,20.0,17.0,0.18786127167630057,0.12427745664739884,0.08974358974358974,4.44,4.433333333333334,173.0,173.0,4.44,4.44,Charlotte Knights,statsapi,False
mlbam-670329,Rico Garcia,2025,AAA,Syracuse Mets,pitcher,31.0,30.333333333333332,24.0,2.0,0.2740740740740741,0.14814814814814814,0.1891891891891892,4.45,5.638461538461539,67.5,67.5,4.45,4.45,Syracuse Mets,statsapi,False
mlbam-656848,Michael Petersen,2025,AAA,Jacksonville Jumbo Shrimp,pitcher,31.0,36.333333333333336,33.0,1.0,0.2919254658385093,0.07453416149068323,0.11627906976744186,4.46,3.4577981651376146,80.5,80.5,4.46,4.46,Jacksonville Jumbo Shrimp,statsapi,False
mlbam-686608,Jacob Wallace,2025,AAA,Omaha Storm Chasers,pitcher,27.0,42.333333333333336,26.0,1.0,0.2616279069767442,0.10465116279069768,0.13157894736842105,4.46,3.714173228346457,86.0,86.0,4.46,4.46,Omaha Storm Chasers,statsapi,False
mlbam-682445,Domingo Gonzalez,2025,AAA,Tacoma Rainiers,pitcher,26.0,56.333333333333336,46.0,0.0,0.2,0.11666666666666667,0.09836065573770492,4.47,4.218343195266272,120.0,120.0,4.47,4.47,Tacoma Rainiers,statsapi,False
mlbam-669211,Keegan Akin,2025,AAA,Norfolk Tides,pitcher,30.0,2.0,2.0,0.0,0.125,0.0,0.0,4.5,2.1,4.0,4.0,4.5,4.5,Norfolk Tides,statsapi,False
mlbam-695426,Spencer Bramwell,2025,AAA,Jacksonville Jumbo Shrimp,pitcher,26.0,2.0,1.0,0.0,0.0,0.5454545454545454,0.0,4.5,9.1,5.5,5.5,4.5,4.5,Jacksonville Jumbo Shrimp,statsapi,False
mlbam-666974,Yennier Cano,2025,AAA,Norfolk Tides,pitcher,31.0,2.0,2.0,0.0,0.25,0.0,0.0,4.5,1.1,4.0,4.0,4.5,4.5,Norfolk Tides,statsapi,False
mlbam-678899,Brayan Castillo,2025,AAA,Albuquerque Isotopes,pitcher,25.0,18.0,15.0,0.0,0.3157894736842105,0.14473684210526316,0.06666666666666667,4.5,3.1555555555555554,38.0,38.0,4.5,4.5,Albuquerque Isotopes,statsapi,False
mlbam-682999,Will Childers,2025,AAA,Nashville Sounds,pitcher,25.0,26.0,24.0,0.0,0.18421052631578946,0.15789473684210525,0.15384615384615385,4.5,5.676923076923077,57.0,57.0,4.5,4.5,Nashville Sounds,statsapi,False
mlbam-506433,Yu Darvish,2025,AAA,El Paso Chihuahuas,pitcher,39.0,4.0,1.0,1.0,0.2857142857142857,0.07142857142857142,0.2,4.5,5.1,7.0,7.0,4.5,4.5,El Paso Chihuahuas,statsapi,False
mlbam-543101,Anthony DeSclafani,2025,AAA,Scranton/Wilkes-Barre RailRiders,pitcher,35.0,20.0,5.0,5.0,0.2222222222222222,0.1,0.047619047619047616,4.5,3.1,45.0,45.0,4.5,4.5,Scranton/Wilkes-Barre RailRiders,statsapi,False
mlbam-685126,Brandon Eisert,2025,AAA,Charlotte Knights,pitcher,27.0,2.0,2.0,0.0,0.375,0.125,0.12,4.5,1.6,4.0,4.0,4.5,4.5,Charlotte Knights,statsapi,False
mlbam-571656,Buck Farmer,2025,AAA,Louisville Bats,pitcher,34.0,44.0,42.0,0.0,0.21717171717171718,0.1414141414141414,0.07692307692307693,4.5,4.077272727272727,99.0,99.0,4.5,4.5,Louisville Bats,statsapi,False
mlbam-641778,Eric Lauer,2025,AAA,Buffalo Bisons,pitcher,30.0,24.0,5.0,5.0,0.20588235294117646,0.058823529411764705,0.06060606060606061,4.5,3.3083333333333336,51.0,51.0,4.5,4.5,Buffalo Bisons,statsapi,False
mlbam-676393,Jack Leftwich,2025,AAA,Columbus Clippers,pitcher,27.0,26.0,22.0,0.0,0.18181818181818182,0.1487603305785124,0.08108108108108109,4.5,5.1,60.5,60.5,4.5,4.5,Columbus Clippers,statsapi,False
mlbam-681256,Ian Mejia,2025,AAA,Gwinnett Stripers,pitcher,25.0,4.0,1.0,1.0,0.14285714285714285,0.19047619047619047,0.2,4.5,7.85,10.5,10.5,4.5,4.5,Gwinnett Stripers,statsapi,False
mlbam-593576,Héctor Neris,2025,AAA,Salt Lake Bees,pitcher,36.0,4.0,4.0,0.0,0.5,0.0625,0.2,4.5,3.1,8.0,8.0,4.5,4.5,Salt Lake Bees,statsapi,False
mlbam-682990,Quinn Priester,2025,AAA,Worcester Red Sox,pitcher,25.0,4.0,1.0,1.0,0.3157894736842105,0.0,0.0,4.5,0.10000000000000009,9.5,9.5,4.5,4.5,Worcester Red Sox,statsapi,False
mlbam-682239,Luke Ritter,2025,AAA,Syracuse Mets,pitcher,28.0,6.0,5.0,0.0,0.0,0.06666666666666667,0.14285714285714285,4.5,6.766666666666667,15.0,15.0,4.5,4.5,Syracuse Mets,statsapi,False
mlbam-624522,Keegan Thompson,2025,AAA,Iowa Cubs,pitcher,30.0,64.0,33.0,5.0,0.29537366548042704,0.08896797153024912,0.11864406779661017,4.5,3.475,140.5,140.5,4.5,4.5,Iowa Cubs,statsapi,False
mlbam-665996,Oddanier Mosqueda,2025,AAA,Memphis Redbirds,pitcher,26.0,65.66666666666667,55.0,0.0,0.24285714285714285,0.11428571428571428,0.1,4.52,4.1964467005076145,140.0,140.0,4.52,4.52,Memphis Redbirds,statsapi,False
mlbam-676680,Tom Cosgrove,2025,AAA,Iowa Cubs,pitcher,29.0,49.666666666666664,44.0,0.0,0.25333333333333335,0.1288888888888889,0.07407407407407407,4.53,3.784563758389262,112.5,112.5,4.53,4.53,Iowa Cubs,statsapi,False
mlbam-676026,Holden Powell,2025,AAA,Rochester Red Wings,pitcher,26.0,35.666666666666664,31.0,0.0,0.18604651162790697,0.19767441860465115,0.029411764705882353,4.54,4.950467289719627,86.0,86.0,4.54,4.54,Rochester Red Wings,statsapi,False
mlbam-682144,Jayvien Sandridge,2025,AAA,Scranton/Wilkes-Barre RailRiders,pitcher,26.0,31.666666666666668,34.0,0.0,0.33098591549295775,0.11971830985915492,0.0967741935483871,4.55,3.2578947368421054,71.0,71.0,4.55,4.55,Scranton/Wilkes-Barre RailRiders,statsapi,False
mlbam-660604,Alan Rangel,2025,AAA,Lehigh Valley IronPigs,pitcher,28.0,124.66666666666667,25.0,25.0,0.24716981132075472,0.07547169811320754,0.17575757575757575,4.55,5.009090909090909,265.0,265.0,4.55,4.55,Lehigh Valley IronPigs,statsapi,False
mlbam-663765,Jake Woodford,2025,AAA,Iowa Cubs,pitcher,29.0,61.333333333333336,14.0,10.0,0.2177121771217712,0.07380073800738007,0.15254237288135594,4.55,4.2576086956521735,135.5,135.5,4.55,4.55,Iowa Cubs,statsapi,False
mlbam-691947,Ronan Kopp,2025,AAA,Oklahoma City Comets,pitcher,23.0,25.666666666666668,21.0,0.0,0.3565217391304348,0.17391304347826086,0.0625,4.56,2.7493506493506494,57.5,57.5,4.56,4.56,Oklahoma City Comets,statsapi,False
mlbam-669618,Joe Barlow,2025,AAA,Round Rock Express,pitcher,30.0,65.0,50.0,0.0,0.25704225352112675,0.09507042253521127,0.1375,4.57,4.253846153846154,142.0,142.0,4.57,4.57,Round Rock Express,statsapi,False
mlbam-696155,Sean Sullivan,2025,AAA,Indianapolis Indians,pitcher,25.0,41.333333333333336,17.0,5.0,0.23163841807909605,0.1016949152542373,0.13636363636363635,4.57,4.3822580645161295,88.5,88.5,4.57,4.57,Indianapolis Indians,statsapi,False
mlbam-657697,Vinny Nittoli,2025,AAA,Norfolk Tides,pitcher,35.0,39.333333333333336,37.0,1.0,0.25842696629213485,0.08426966292134831,0.13043478260869565,4.58,4.040677966101695,89.0,89.0,4.58,4.58,Norfolk Tides,statsapi,False
mlbam-686218,Emmet Sheehan,2025,AAA,Oklahoma City Comets,pitcher,26.0,17.666666666666668,5.0,5.0,0.4246575342465753,0.0273972602739726,0.21428571428571427,4.58,2.4773584905660377,36.5,36.5,4.58,4.58,Oklahoma City Comets,statsapi,False
mlbam-687721,Cameron Weston,2025,AAA,Norfolk Tides,pitcher,25.0,135.33333333333334,29.0,26.0,0.21983471074380165,0.11735537190082644,0.1032258064516129,4.59,4.555665024630542,302.5,302.5,4.59,4.59,Norfolk Tides,statsapi,False
mlbam-675650,Michael Mercado,2025,AAA,Lehigh Valley IronPigs,pitcher,26.0,49.0,42.0,0.0,0.23555555555555555,0.13777777777777778,0.11538461538461539,4.59,4.610204081632653,112.5,112.5,4.59,4.59,Lehigh Valley IronPigs,statsapi,False
mlbam-667297,Tommy Nance,2025,AAA,Buffalo Bisons,pitcher,34.0,31.333333333333332,27.0,0.0,0.31343283582089554,0.05223880597014925,0.1,4.6,2.206382978723404,67.0,67.0,4.6,4.6,Buffalo Bisons,statsapi,False
mlbam-687166,Austin Pope,2025,AAA,Reno Aces,pitcher,27.0,29.333333333333332,25.0,1.0,0.265625,0.078125,0.09523809523809523,4.6,2.690909090909091,64.0,64.0,4.6,4.6,Reno Aces,statsapi,False
mlbam-682044,Sean Boyle,2025,AAA,Scranton/Wilkes-Barre RailRiders,pitcher,29.0,134.66666666666666,28.0,23.0,0.20512820512820512,0.08717948717948718,0.10526315789473684,4.61,4.243564356435644,292.5,292.5,4.61,4.61,Scranton/Wilkes-Barre RailRiders,statsapi,False
mlbam-543238,Anthony Gose,2025,AAA,Reno Aces,pitcher,35.0,37.0,35.0,0.0,0.24260355029585798,0.13609467455621302,0.13725490196078433,4.62,5.289189189189189,84.5,84.5,4.62,4.62,Reno Aces,statsapi,False
mlbam-656638,Alex Lange,2025,AAA,Toledo Mud Hens,pitcher,30.0,23.333333333333332,24.0,0.0,0.29591836734693877,0.14285714285714285,0.1111111111111111,4.63,3.7857142857142856,49.0,49.0,4.63,4.63,Toledo Mud Hens,statsapi,False
mlbam-687223,Carson Palmquist,2025,AAA,Albuquerque Isotopes,pitcher,25.0,77.66666666666667,26.0,10.0,0.2781065088757396,0.1242603550295858,0.07368421052631578,4.64,3.7824034334763947,169.0,169.0,4.64,4.64,Albuquerque Isotopes,statsapi,False
mlbam-681151,Jayden Murray,2025,AAA,Sugar Land Space Cowboys,pitcher,28.0,64.0,50.0,0.0,0.23826714801444043,0.10830324909747292,0.08064516129032258,4.64,3.88125,138.5,138.5,4.64,4.64,Sugar Land Space Cowboys,statsapi,False
mlbam-677020,Josh Walker,2025,AAA,Norfolk Tides,pitcher,31.0,42.666666666666664,40.0,0.0,0.24064171122994651,0.11229946524064172,0.16666666666666666,4.64,4.6703125,93.5,93.5,4.64,4.64,Norfolk Tides,statsapi,False
mlbam-664299,Cristian Javier,2025,AAA,Sugar Land Space Cowboys,pitcher,28.0,9.666666666666666,3.0,3.0,0.23255813953488372,0.23255813953488372,0.0,4.66,4.13448275862069,21.5,21.5,4.66,4.66,Sugar Land Space Cowboys,statsapi,False
mlbam-805723,Jared Lyons,2025,AAA,Louisville Bats,pitcher,25.0,9.666666666666666,2.0,2.0,0.16666666666666666,0.14285714285714285,0.15789473684210525,4.66,7.548275862068966,21.0,21.0,4.66,4.66,Louisville Bats,statsapi,False
mlbam-519141,Drew Pomeranz,2025,AAA,Tacoma Rainiers,pitcher,37.0,9.666666666666666,9.0,0.0,0.32558139534883723,0.16279069767441862,0.0,4.66,2.6862068965517243,21.5,21.5,4.66,4.66,Tacoma Rainiers,statsapi,False
mlbam-673540,Kodai Senga,2025,AAA,Syracuse Mets,pitcher,32.0,9.666666666666666,2.0,2.0,0.3076923076923077,0.05128205128205128,0.0,4.66,1.5482758620689656,19.5,19.5,4.66,4.66,Syracuse Mets,statsapi,False
mlbam-694393,Jaxon Wiggins,2025,AAA,Iowa Cubs,pitcher,24.0,9.666666666666666,3.0,3.0,0.3181818181818182,0.13636363636363635,0.2222222222222222,4.66,5.065517241379311,22.0,22.0,4.66,4.66,Iowa Cubs,statsapi,False
mlbam-687287,Patrick Monteverde,2025,AAA,Jacksonville Jumbo Shrimp,pitcher,28.0,94.66666666666667,25.0,15.0,0.2141057934508816,0.08060453400503778,0.152,4.66,4.927464788732395,198.5,198.5,4.66,4.66,Jacksonville Jumbo Shrimp,statsapi,False
mlbam-686654,Ty Adcock,2025,AAA,Syracuse Mets,pitcher,28.0,36.666666666666664,31.0,1.0,0.23809523809523808,0.10884353741496598,0.14893617021276595,4.66,4.818181818181818,73.5,73.5,4.66,4.66,Syracuse Mets,statsapi,False
mlbam-689434,Anders Tolhurst,2025,AAA,Buffalo Bisons,pitcher,26.0,71.33333333333333,16.0,14.0,0.19607843137254902,0.10130718954248366,0.13186813186813187,4.67,5.034579439252337,153.0,153.0,4.67,4.67,Buffalo Bisons,statsapi,False
mlbam-669947,Jesse Scholtens,2025,AAA,Durham Bulls,pitcher,31.0,61.666666666666664,15.0,13.0,0.26153846153846155,0.06923076923076923,0.11594202898550725,4.67,3.5054054054054054,130.0,130.0,4.67,4.67,Durham Bulls,statsapi,False
mlbam-641540,Dane Dunning,2025,AAA,Gwinnett Stripers,pitcher,31.0,69.33333333333333,18.0,14.0,0.2159468438538206,0.07641196013289037,0.09722222222222222,4.67,3.705769230769231,150.5,150.5,4.67,4.67,Gwinnett Stripers,statsapi,False
mlbam-647315,Zach Pop,2025,AAA,Iowa Cubs,pitcher,29.0,17.333333333333332,18.0,0.0,0.24691358024691357,0.1111111111111111,0.0,4.67,2.35,40.5,40.5,4.67,4.67,Iowa Cubs,statsapi,False
mlbam-700249,Cade Povich,2025,AAA,Norfolk Tides,pitcher,25.0,17.333333333333332,4.0,4.0,0.23684210526315788,0.05263157894736842,0.06666666666666667,4.67,2.4653846153846155,38.0,38.0,4.67,4.67,Norfolk Tides,statsapi,False
mlbam-541640,Erasmo Ramírez,2025,AAA,St. Paul Saints,pitcher,35.0,17.333333333333332,12.0,0.0,0.21794871794871795,0.0641025641025641,0.09090909090909091,4.67,2.753846153846154,39.0,39.0,4.67,4.67,St. Paul Saints,statsapi,False
mlbam-686762,Austin Roberts,2025,AAA,Jacksonville Jumbo Shrimp,pitcher,27.0,34.666666666666664,24.0,1.0,0.22875816993464052,0.11764705882352941,0.1282051282051282,4.67,4.513461538461539,76.5,76.5,4.67,4.67,Jacksonville Jumbo Shrimp,statsapi,False
mlbam-656353,Tucker Davidson,2025,AAA,Nashville Sounds,pitcher,29.0,25.0,6.0,6.0,0.22935779816513763,0.06422018348623854,0.03571428571428571,4.68,2.58,54.5,54.5,4.68,4.68,Nashville Sounds,statsapi,False
mlbam-669445,Adam Laskey,2025,AAA,Jacksonville Jumbo Shrimp,pitcher,27.0,32.666666666666664,16.0,9.0,0.17123287671232876,0.136986301369863,0.20588235294117646,4.68,6.375510204081634,73.0,73.0,4.68,4.68,Jacksonville Jumbo Shrimp,statsapi,False
mlbam-672578,Carlos Hernández,2025,AAA,Columbus Clippers,pitcher,28.0,7.666666666666667,7.0,0.0,0.2903225806451613,0.06451612903225806,0.125,4.7,3.230434782608696,15.5,15.5,4.7,4.7,Columbus Clippers,statsapi,False
mlbam-663773,Bryan Hoeing,2025,AAA,El Paso Chihuahuas,pitcher,29.0,15.333333333333334,14.0,0.0,0.21621621621621623,0.08108108108108109,0.1,4.7,3.230434782608696,37.0,37.0,4.7,4.7,El Paso Chihuahuas,statsapi,False
mlbam-701121,Logan VanWey,2025,AAA,Sugar Land Space Cowboys,pitcher,26.0,23.0,23.0,0.0,0.23931623931623933,0.23076923076923078,0.1111111111111111,4.7,6.273913043478261,58.5,58.5,4.7,4.7,Sugar Land Space Cowboys,statsapi,False
mlbam-670897,Daison Acosta,2025,AAA,Rochester Red Wings,pitcher,27.0,21.0,19.0,0.0,0.2376237623762376,0.1485148514851485,0.08695652173913043,4.71,4.623809523809523,50.5,50.5,4.71,4.71,Rochester Red Wings,statsapi,False
mlbam-692064,José Rodríguez,2025,AAA,Oklahoma City Comets,pitcher,24.0,42.0,37.0,1.0,0.3368421052631579,0.14736842105263157,0.16666666666666666,4.71,4.433333333333334,95.0,95.0,4.71,4.71,Oklahoma City Comets,statsapi,False
mlbam-675848,Juan Mejia,2025,AAA,Albuquerque Isotopes,pitcher,25.0,13.333333333333334,10.0,0.0,0.39285714285714285,0.125,0.0,4.73,1.6,28.0,28.0,4.73,4.73,Albuquerque Isotopes,statsapi,False
mlbam-606303,Joel Payamps,2025,AAA,Nashville Sounds,pitcher,31.0,26.666666666666668,27.0,0.0,0.2727272727272727,0.05454545454545454,0.0625,4.73,2.5,55.0,55.0,4.73,4.73,Nashville Sounds,statsapi,False
mlbam-656924,Ryder Ryan,2025,AAA,Indianapolis Indians,pitcher,30.0,72.33333333333333,42.0,3.0,0.19741100323624594,0.12297734627831715,0.047619047619047616,4.73,3.9571428571428573,154.5,154.5,4.73,4.73,Indianapolis Indians,statsapi,False
mlbam-690440,Bradley Hanner,2025,AAA,Columbus Clippers,pitcher,26.0,49.333333333333336,42.0,0.0,0.2897196261682243,0.11682242990654206,0.2549019607843137,4.74,5.958108108108108,107.0,107.0,4.74,4.74,Columbus Clippers,statsapi,False
mlbam-592644,Adam Plutko,2025,AAA,Louisville Bats,pitcher,34.0,98.66666666666667,21.0,20.0,0.14558472553699284,0.07159904534606205,0.10179640718562874,4.74,5.106756756756757,209.5,209.5,4.74,4.74,Louisville Bats,statsapi,False
mlbam-677946,Ben Harris,2025,AAA,Oklahoma City Comets,pitcher,25.0,30.333333333333332,28.0,2.0,0.24489795918367346,0.22448979591836735,0.06666666666666667,4.75,5.440659340659341,73.5,73.5,4.75,4.75,Oklahoma City Comets,statsapi,False
mlbam-686751,Seth Johnson,2025,AAA,Lehigh Valley IronPigs,pitcher,27.0,60.666666666666664,39.0,4.0,0.24723247232472326,0.13653136531365315,0.056338028169014086,4.75,3.578021978021978,135.5,135.5,4.75,4.75,Lehigh Valley IronPigs,statsapi,False
mlbam-679777,Nick Mikolajchak,2025,AAA,Columbus Clippers,pitcher,28.0,30.333333333333332,26.0,0.0,0.18382352941176472,0.13970588235294118,0.15384615384615385,4.75,5.9021978021978025,68.0,68.0,4.75,4.75,Columbus Clippers,statsapi,False
mlbam-678316,Omar Cruz,2025,AAA,El Paso Chihuahuas,pitcher,26.0,83.33333333333333,31.0,11.0,0.23218997361477572,0.14511873350923482,0.08823529411764706,4.75,4.516,189.5,189.5,4.75,4.75,El Paso Chihuahuas,statsapi,False
mlbam-695380,Alex Hoppe,2025,AAA,Worcester Red Sox,pitcher,27.0,45.333333333333336,37.0,0.0,0.27586206896551724,0.12315270935960591,0.125,4.76,3.4308823529411767,101.5,101.5,4.76,4.76,Worcester Red Sox,statsapi,False
mlbam-663436,Davis Martin,2025,AAA,Charlotte Knights,pitcher,28.0,5.666666666666667,2.0,2.0,0.20833333333333334,0.041666666666666664,0.0,4.76,2.394117647058824,12.0,12.0,4.76,4.76,Charlotte Knights,statsapi,False
mlbam-695556,Shane Panzini,2025,AAA,Omaha Storm Chasers,pitcher,24.0,22.666666666666668,5.0,5.0,0.11926605504587157,0.13761467889908258,0.14583333333333334,4.76,7.952941176470588,54.5,54.5,4.76,4.76,Omaha Storm Chasers,statsapi,False
mlbam-694370,Levi Wells,2025,AAA,Norfolk Tides,pitcher,24.0,20.666666666666668,5.0,5.0,0.17777777777777778,0.14444444444444443,0.12,4.79,5.7612903225806456,45.0,45.0,4.79,4.79,Norfolk Tides,statsapi,False
mlbam-665859,Wilkel Hernandez,2025,AAA,Toledo Mud Hens,pitcher,26.0,114.33333333333333,34.0,19.0,0.193158953722334,0.08853118712273642,0.0979020979020979,4.8,4.3244897959183675,248.5,248.5,4.8,4.8,Toledo Mud Hens,statsapi,False
mlbam-676568,Ricky Vanasco,2025,AAA,Toledo Mud Hens,pitcher,27.0,24.333333333333332,18.0,0.0,0.3018867924528302,0.16037735849056603,0.14285714285714285,4.81,4.168493150684932,53.0,53.0,4.81,4.81,Toledo Mud Hens,statsapi,False
mlbam-621363,Colin Poche,2025,AAA,Syracuse Mets,pitcher,31.0,18.666666666666668,17.0,1.0,0.19753086419753085,0.18518518518518517,0.08823529411764706,4.82,5.725,40.5,40.5,4.82,4.82,Syracuse Mets,statsapi,False
mlbam-688297,Chris Roycroft,2025,AAA,Memphis Redbirds,pitcher,28.0,46.666666666666664,35.0,0.0,0.22380952380952382,0.11428571428571428,0.0975609756097561,4.82,3.742857142857143,105.0,105.0,4.82,4.82,Memphis Redbirds,statsapi,False
mlbam-700363,AJ Smith-Shawver,2025,AAA,Gwinnett Stripers,pitcher,23.0,9.333333333333334,2.0,2.0,0.325,0.1,0.0,4.82,1.6,20.0,20.0,4.82,4.82,Gwinnett Stripers,statsapi,False
mlbam-543859,Michael Tonkin,2025,AAA,St. Paul Saints,pitcher,36.0,28.0,18.0,0.0,0.2809917355371901,0.05785123966942149,0.1891891891891892,4.82,5.207142857142857,60.5,60.5,4.82,4.82,St. Paul Saints,statsapi,False
mlbam-687482,Keagan Gillies,2025,AAA,Norfolk Tides,pitcher,27.0,22.333333333333332,16.0,0.0,0.17346938775510204,0.09183673469387756,0.13636363636363635,4.84,4.532835820895523,49.0,49.0,4.84,4.84,Norfolk Tides,statsapi,False
mlbam-691441,Cristian Mena,2025,AAA,Reno Aces,pitcher,23.0,44.666666666666664,9.0,9.0,0.2708333333333333,0.08333333333333333,0.15384615384615385,4.84,3.6597014925373137,96.0,96.0,4.84,4.84,Reno Aces,statsapi,False
mlbam-689379,Aidan Anderson,2025,AAA,Round Rock Express,pitcher,28.0,35.333333333333336,26.0,0.0,0.12121212121212122,0.14545454545454545,0.1,4.84,6.354716981132075,82.5,82.5,4.84,4.84,Round Rock Express,statsapi,False
mlbam-677944,Slade Cecconi,2025,AAA,Columbus Clippers,pitcher,26.0,13.0,3.0,3.0,0.19607843137254902,0.0392156862745098,0.0,4.85,2.023076923076923,25.5,25.5,4.85,4.85,Columbus Clippers,statsapi,False
mlbam-676510,Nolan Hoffman,2025,AAA,Lehigh Valley IronPigs,pitcher,28.0,65.0,49.0,3.0,0.2764505119453925,0.12286689419795221,0.10909090909090909,4.85,4.023076923076923,146.5,146.5,4.85,4.85,Lehigh Valley IronPigs,statsapi,False
mlbam-681989,Dalton Roach,2025,AAA,Charlotte Knights,pitcher,29.0,13.0,10.0,0.0,0.1724137931034483,0.017241379310344827,0.20833333333333334,4.85,6.792307692307693,29.0,29.0,4.85,4.85,Charlotte Knights,statsapi,False
mlbam-667725,Kyle Tyler,2025,AAA,Charlotte Knights,pitcher,29.0,92.66666666666667,26.0,12.0,0.16389548693586697,0.0831353919239905,0.12,4.86,4.556834532374101,210.5,210.5,4.86,4.86,Charlotte Knights,statsapi,False
mlbam-663465,Kolby Allard,2025,AAA,Columbus Clippers,pitcher,28.0,16.666666666666668,4.0,4.0,0.18571428571428572,0.07142857142857142,0.11764705882352941,4.86,4.0,35.0,35.0,4.86,4.86,Columbus Clippers,statsapi,False
mlbam-668665,Stephen Nogosek,2025,AAA,Omaha Storm Chasers,pitcher,30.0,57.333333333333336,41.0,5.0,0.23904382470119523,0.099601593625498,0.14285714285714285,4.87,4.338372093023256,125.5,125.5,4.87,4.87,Omaha Storm Chasers,statsapi,False
mlbam-686539,Declan Cronin,2025,AAA,Jacksonville Jumbo Shrimp,pitcher,28.0,20.333333333333332,21.0,2.0,0.2222222222222222,0.15555555555555556,0.1,4.87,4.6245901639344265,45.0,45.0,4.87,4.87,Jacksonville Jumbo Shrimp,statsapi,False
mlbam-688445,Jake Walkinshaw,2025,AAA,Las Vegas Aviators,pitcher,29.0,53.333333333333336,36.0,3.0,0.1375,0.10833333333333334,0.0851063829787234,4.89,4.46875,120.0,120.0,4.89,4.89,Las Vegas Aviators,statsapi,False
mlbam-815073,Ethan Bosacker,2025,AAA,Omaha Storm Chasers,pitcher,24.0,25.666666666666668,10.0,4.0,0.11864406779661017,0.0847457627118644,0.05263157894736842,4.91,4.541558441558442,59.0,59.0,4.91,4.91,Omaha Storm Chasers,statsapi,False
mlbam-676596,Josh Fleming,2025,AAA,Tacoma Rainiers,pitcher,29.0,84.33333333333333,47.0,3.0,0.11548556430446194,0.08398950131233596,0.11842105263157894,4.91,4.617786561264822,190.5,190.5,4.91,4.91,Tacoma Rainiers,statsapi,False
mlbam-673965,Caleb Freeman,2025,AAA,Charlotte Knights,pitcher,27.0,33.0,29.0,0.0,0.2108843537414966,0.14965986394557823,0.14634146341463414,4.91,5.584848484848485,73.5,73.5,4.91,4.91,Charlotte Knights,statsapi,False
mlbam-699071,Christian Romero,2025,AAA,Oklahoma City Comets,pitcher,23.0,40.333333333333336,9.0,9.0,0.20118343195266272,0.08875739644970414,0.10638297872340426,4.91,4.438842975206612,84.5,84.5,4.91,4.91,Oklahoma City Comets,statsapi,False
mlbam-685067,Baron Stuart,2025,AAA,Scranton/Wilkes-Barre RailRiders,pitcher,26.0,14.666666666666666,12.0,0.0,0.07462686567164178,0.1791044776119403,0.041666666666666664,4.91,5.75909090909091,33.5,33.5,4.91,4.91,Scranton/Wilkes-Barre RailRiders,statsapi,False
mlbam-686294,Amos Willingham,2025,AAA,Gwinnett Stripers,pitcher,27.0,11.0,7.0,0.0,0.20408163265306123,0.061224489795918366,0.3333333333333333,4.91,5.6454545454545455,24.5,24.5,4.91,4.91,Gwinnett Stripers,statsapi,False
mlbam-669310,CJ Van Eyk,2025,AAA,Buffalo Bisons,pitcher,27.0,89.33333333333333,20.0,17.0,0.18114143920595532,0.09925558312655088,0.14285714285714285,4.94,5.126119402985075,201.5,201.5,4.94,4.94,Buffalo Bisons,statsapi,False
mlbam-669796,Jose E. Hernandez,2025,AAA,Oklahoma City Comets,pitcher,28.0,27.333333333333332,21.0,0.0,0.2786885245901639,0.14754098360655737,0.0967741935483871,4.94,4.014634146341463,61.0,61.0,4.94,4.94,Oklahoma City Comets,statsapi,False
mlbam-650869,Rodolfo Martinez,2025,AAA,Norfolk Tides,pitcher,31.0,16.333333333333332,16.0,0.0,0.25,0.17857142857142858,0.05263157894736842,4.96,4.079591836734694,42.0,42.0,4.96,4.96,Norfolk Tides,statsapi,False
mlbam-681313,Jake Miller,2025,AAA,Columbus Clippers,pitcher,25.0,16.333333333333332,11.0,2.0,0.14473684210526316,0.14473684210526316,0.1,4.96,5.548979591836735,38.0,38.0,4.96,4.96,Columbus Clippers,statsapi,False
mlbam-694536,Trent Baker,2025,AAA,St. Paul Saints,pitcher,27.0,45.333333333333336,24.0,4.0,0.23076923076923078,0.09615384615384616,0.16393442622950818,4.96,5.239705882352942,104.0,104.0,4.96,4.96,St. Paul Saints,statsapi,False
mlbam-681328,Jonny Cuevas,2025,AAA,Durham Bulls,pitcher,25.0,12.666666666666666,5.0,0.0,0.1509433962264151,0.07547169811320754,0.21052631578947367,4.97,6.889473684210527,26.5,26.5,4.97,4.97,Durham Bulls,statsapi,False
mlbam-681810,Austin Warren,2025,AAA,Syracuse Mets,pitcher,29.0,50.666666666666664,34.0,4.0,0.25892857142857145,0.08928571428571429,0.15,4.97,4.481578947368421,112.0,112.0,4.97,4.97,Syracuse Mets,statsapi,False
mlbam-800212,Francis Peña,2025,AAA,El Paso Chihuahuas,pitcher,24.0,52.333333333333336,43.0,0.0,0.19831223628691982,0.14345991561181434,0.09302325581395349,4.99,4.361146496815286,118.5,118.5,4.99,4.99,El Paso Chihuahuas,statsapi,False
mlbam-669188,Logan Boyer,2025,AAA,Oklahoma City Comets,pitcher,27.0,54.0,50.0,0.0,0.20318725099601595,0.1553784860557769,0.08196721311475409,5.0,4.692592592592593,125.5,125.5,5.0,5.0,Oklahoma City Comets,statsapi,False
mlbam-696522,Hayden Juenger,2025,AAA,Buffalo Bisons,pitcher,25.0,36.0,31.0,2.0,0.20987654320987653,0.1419753086419753,0.09523809523809523,5.0,4.572222222222223,81.0,81.0,5.0,5.0,Buffalo Bisons,statsapi,False
mlbam-594580,Sam Moll,2025,AAA,Louisville Bats,pitcher,33.0,27.0,28.0,0.0,0.23893805309734514,0.10619469026548672,0.13333333333333333,5.0,3.6185185185185187,56.5,56.5,5.0,5.0,Louisville Bats,statsapi,False
mlbam-663399,Brandon Waddell,2025,AAA,Syracuse Mets,pitcher,31.0,75.33333333333333,19.0,15.0,0.1903323262839879,0.0755287009063444,0.13186813186813187,5.02,4.772566371681416,165.5,165.5,5.02,5.02,Syracuse Mets,statsapi,False
mlbam-622379,Luis F. Castillo,2025,AAA,Tacoma Rainiers,pitcher,30.0,14.333333333333334,4.0,4.0,0.2033898305084746,0.0847457627118644,0.06666666666666667,5.02,3.588372093023256,29.5,29.5,5.02,5.02,Tacoma Rainiers,statsapi,False
mlbam-680951,Doug Nikhazy,2025,AAA,Columbus Clippers,pitcher,26.0,86.0,21.0,19.0,0.2248062015503876,0.1111111111111111,0.13274336283185842,5.02,4.879069767441861,193.5,193.5,5.02,5.02,Columbus Clippers,statsapi,False
mlbam-679922,Carlos Duran,2025,AAA,Las Vegas Aviators,pitcher,24.0,62.666666666666664,38.0,2.0,0.22789115646258504,0.1870748299319728,0.03389830508474576,5.03,4.3446808510638295,147.0,147.0,5.03,5.03,Las Vegas Aviators,statsapi,False
mlbam-677952,Braxton Ashcraft,2025,AAA,Indianapolis Indians,pitcher,26.0,48.333333333333336,10.0,10.0,0.2557077625570776,0.0867579908675799,0.1282051282051282,5.03,3.679310344827586,109.5,109.5,5.03,5.03,Indianapolis Indians,statsapi,False
mlbam-605288,Adrian Houser,2025,AAA,Round Rock Express,pitcher,32.0,39.333333333333336,9.0,8.0,0.22839506172839505,0.09259259259259259,0.14285714285714285,5.03,4.066101694915254,81.0,81.0,5.03,5.03,Round Rock Express,statsapi,False
mlbam-674285,Eduardo Salazar,2025,AAA,Rochester Red Wings,pitcher,27.0,35.666666666666664,34.0,0.0,0.19161676646706588,0.1497005988023952,0.10810810810810811,5.05,4.698130841121495,83.5,83.5,5.05,5.05,Rochester Red Wings,statsapi,False
mlbam-676760,Ron Marinaccio,2025,AAA,El Paso Chihuahuas,pitcher,30.0,46.333333333333336,41.0,0.0,0.24056603773584906,0.10377358490566038,0.11666666666666667,5.05,4.416546762589928,106.0,106.0,5.05,5.05,El Paso Chihuahuas,statsapi,False
mlbam-671737,Taj Bradley,2025,AAA,St. Paul Saints,pitcher,24.0,21.333333333333332,4.0,4.0,0.23595505617977527,0.0449438202247191,0.13793103448275862,5.06,4.271875,44.5,44.5,5.06,5.06,St. Paul Saints,statsapi,False
mlbam-676282,Joey Cantillo,2025,AAA,Columbus Clippers,pitcher,26.0,21.333333333333332,6.0,6.0,0.30337078651685395,0.0898876404494382,0.15789473684210525,5.06,3.521875,44.5,44.5,5.06,5.06,Columbus Clippers,statsapi,False
mlbam-650895,Diego Castillo,2025,AAA,Albuquerque Isotopes,pitcher,31.0,21.333333333333332,20.0,0.0,0.24210526315789474,0.14736842105263157,0.13793103448275862,5.06,5.490625,47.5,47.5,5.06,5.06,Albuquerque Isotopes,statsapi,False
mlbam-607237,Amir Garrett,2025,AAA,Buffalo Bisons,pitcher,33.0,5.333333333333333,5.0,0.0,0.2727272727272727,0.18181818181818182,0.0,5.06,3.1,11.0,11.0,5.06,5.06,Buffalo Bisons,statsapi,False
mlbam-688763,Rhett Kouba,2025,AAA,Sugar Land Space Cowboys,pitcher,26.0,80.0,38.0,4.0,0.1440677966101695,0.12994350282485875,0.09302325581395349,5.06,5.075,177.0,177.0,5.06,5.06,Sugar Land Space Cowboys,statsapi,False
mlbam-665178,Randy Labaut,2025,AAA,Indianapolis Indians,pitcher,29.0,37.333333333333336,22.0,2.0,0.2578616352201258,0.12578616352201258,0.11764705882352941,5.06,4.6,79.5,79.5,5.06,5.06,Indianapolis Indians,statsapi,False
mlbam-671936,Adam Macko,2025,AAA,Buffalo Bisons,pitcher,25.0,64.0,18.0,10.0,0.2264808362369338,0.1254355400696864,0.07142857142857142,5.06,4.1625,143.5,143.5,5.06,5.06,Buffalo Bisons,statsapi,False
mlbam-669212,Eli Morgan,2025,AAA,Iowa Cubs,pitcher,29.0,10.666666666666666,9.0,0.0,0.21153846153846154,0.17307692307692307,0.0,5.06,3.56875,26.0,26.0,5.06,5.06,Iowa Cubs,statsapi,False
mlbam-677568,Florencio Serrano,2025,AAA,Round Rock Express,pitcher,25.0,10.666666666666666,6.0,0.0,0.15384615384615385,0.09615384615384616,0.1875,5.06,6.6625,26.0,26.0,5.06,5.06,Round Rock Express,statsapi,False
mlbam-690922,Ryan Sublette,2025,AAA,Oklahoma City Comets,pitcher,27.0,53.333333333333336,39.0,1.0,0.21621621621621623,0.15057915057915058,0.09090909090909091,5.06,4.75,129.5,129.5,5.06,5.06,Oklahoma City Comets,statsapi,False
mlbam-681402,Gus Varland,2025,AAA,Charlotte Knights,pitcher,29.0,5.333333333333333,7.0,0.0,0.34615384615384615,0.19230769230769232,0.2,5.06,5.5375,13.0,13.0,5.06,5.06,Charlotte Knights,statsapi,False
mlbam-668719,Kenyon Yovan,2025,AAA,Salt Lake Bees,pitcher,28.0,39.0,32.0,2.0,0.22527472527472528,0.10989010989010989,0.05555555555555555,5.08,3.3564102564102565,91.0,91.0,5.08,5.08,Salt Lake Bees,statsapi,False
mlbam-667356,Bryan Mata,2025,AAA,Worcester Red Sox,pitcher,26.0,67.33333333333333,42.0,0.0,0.290625,0.121875,0.13636363636363635,5.08,3.5455445544554456,160.0,160.0,5.08,5.08,Worcester Red Sox,statsapi,False
mlbam-682967,Devin Sweet,2025,AAA,Lehigh Valley IronPigs,pitcher,29.0,51.333333333333336,46.0,2.0,0.21212121212121213,0.11688311688311688,0.11267605633802817,5.08,4.911688311688311,115.5,115.5,5.08,5.08,Lehigh Valley IronPigs,statsapi,False
mlbam-687424,Anthony Maldonado,2025,AAA,Las Vegas Aviators,pitcher,27.0,47.666666666666664,41.0,0.0,0.2898550724637681,0.12077294685990338,0.16393442622950818,5.1,4.8202797202797205,103.5,103.5,5.1,5.1,Las Vegas Aviators,statsapi,False
mlbam-656820,Nicholas Padilla,2025,AAA,Lehigh Valley IronPigs,pitcher,29.0,42.333333333333336,34.0,2.0,0.21578947368421053,0.15263157894736842,0.0784313725490196,5.1,4.446456692913386,95.0,95.0,5.1,5.1,Lehigh Valley IronPigs,statsapi,False
mlbam-666711,Joel Peguero,2025,AAA,Sacramento River Cats,pitcher,28.0,42.333333333333336,35.0,0.0,0.24083769633507854,0.12041884816753927,0.08695652173913043,5.1,3.926771653543307,95.5,95.5,5.1,5.1,Sacramento River Cats,statsapi,False
mlbam-670766,Darren McCaughan,2025,AAA,St. Paul Saints,pitcher,29.0,97.0,26.0,12.0,0.22170900692840648,0.07621247113163972,0.15625,5.1,5.069072164948453,216.5,216.5,5.1,5.1,St. Paul Saints,statsapi,False
mlbam-687312,Gabriel Hughes,2025,AAA,Albuquerque Isotopes,pitcher,24.0,61.666666666666664,14.0,14.0,0.17518248175182483,0.10583941605839416,0.12857142857142856,5.11,4.948648648648649,137.0,137.0,5.11,5.11,Albuquerque Isotopes,statsapi,False
mlbam-685107,Anthony Veneziano,2025,AAA,Memphis Redbirds,pitcher,28.0,24.666666666666668,22.0,1.0,0.1565217391304348,0.17391304347826086,0.1,5.11,5.775675675675675,57.5,57.5,5.11,5.11,Memphis Redbirds,statsapi,False
mlbam-670161,Parker Dunshee,2025,AAA,Rochester Red Wings,pitcher,30.0,38.666666666666664,33.0,0.0,0.18857142857142858,0.13714285714285715,0.11363636363636363,5.12,5.013793103448276,87.5,87.5,5.12,5.12,Rochester Red Wings,statsapi,False
mlbam-687570,Connor Prielipp,2025,AAA,St. Paul Saints,pitcher,24.0,21.0,5.0,4.0,0.26881720430107525,0.13978494623655913,0.1111111111111111,5.14,3.8142857142857145,46.5,46.5,5.14,5.14,St. Paul Saints,statsapi,False
mlbam-681870,Erik Sabrowski,2025,AAA,Columbus Clippers,pitcher,28.0,7.0,6.0,0.0,0.28125,0.15625,0.1111111111111111,5.14,4.957142857142857,16.0,16.0,5.14,5.14,Columbus Clippers,statsapi,False
mlbam-805144,Riskiel Tineo,2025,AAA,Jacksonville Jumbo Shrimp,pitcher,22.0,7.0,4.0,1.0,0.1891891891891892,0.10810810810810811,0.125,5.14,4.671428571428572,18.5,18.5,5.14,5.14,Jacksonville Jumbo Shrimp,statsapi,False
mlbam-686678,Chase Solesky,2025,AAA,Rochester Red Wings,pitcher,28.0,109.66666666666667,24.0,23.0,0.1971252566735113,0.09650924024640657,0.11267605633802817,5.17,4.586322188449848,243.5,243.5,5.17,5.17,Rochester Red Wings,statsapi,False
mlbam-682790,Wikelman González,2025,AAA,Charlotte Knights,pitcher,23.0,33.0,22.0,0.0,0.20689655172413793,0.18620689655172415,0.045454545454545456,5.18,4.796969696969697,72.5,72.5,5.18,5.18,Charlotte Knights,statsapi,False
mlbam-680604,Blas Castaño,2025,AAA,Tacoma Rainiers,pitcher,27.0,126.66666666666667,29.0,24.0,0.17765567765567766,0.09340659340659341,0.10294117647058823,5.19,4.521052631578947,273.0,273.0,5.19,5.19,Tacoma Rainiers,statsapi,False
mlbam-518489,Ryan Brasier,2025,AAA,Iowa Cubs,pitcher,38.0,8.666666666666666,10.0,0.0,0.18421052631578946,0.13157894736842105,0.125,5.19,4.7153846153846155,19.0,19.0,5.19,5.19,Iowa Cubs,statsapi,False
mlbam-675919,Nick Raquet,2025,AAA,Memphis Redbirds,pitcher,30.0,17.333333333333332,14.0,0.0,0.29333333333333333,0.08,0.25,5.19,4.946153846153846,37.5,37.5,5.19,5.19,Memphis Redbirds,statsapi,False
mlbam-670950,Trevor Richards,2025,AAA,Reno Aces,pitcher,32.0,52.0,38.0,1.0,0.2412280701754386,0.08333333333333333,0.08955223880597014,5.19,3.6384615384615384,114.0,114.0,5.19,5.19,Reno Aces,statsapi,False
mlbam-697812,Joe Rock,2025,AAA,Durham Bulls,pitcher,25.0,96.66666666666667,32.0,15.0,0.21052631578947367,0.09330143540669857,0.1553398058252427,5.21,4.73448275862069,209.0,209.0,5.21,5.21,Durham Bulls,statsapi,False
mlbam-695034,Kade Morris,2025,AAA,Las Vegas Aviators,pitcher,23.0,98.33333333333333,19.0,19.0,0.1839080459770115,0.08505747126436781,0.15053763440860216,5.22,4.6661016949152545,217.5,217.5,5.22,5.22,Las Vegas Aviators,statsapi,False
mlbam-676249,Adisyn Coffey,2025,AAA,Charlotte Knights,pitcher,26.0,39.666666666666664,31.0,1.0,0.3027027027027027,0.14054054054054055,0.21739130434782608,5.22,5.595798319327731,92.5,92.5,5.22,5.22,Charlotte Knights,statsapi,False
mlbam-702752,Jonathan Pintaro,2025,AAA,Syracuse Mets,pitcher,28.0,39.666666666666664,17.0,5.0,0.25,0.15760869565217392,0.1282051282051282,5.22,4.839495798319328,92.0,92.0,5.22,5.22,Syracuse Mets,statsapi,False
mlbam-685068,Carson Ragsdale,2025,AAA,Gwinnett Stripers,pitcher,27.0,89.66666666666667,26.0,19.0,0.19543147208121828,0.12436548223350254,0.1450381679389313,5.22,5.843494423791821,197.0,197.0,5.22,5.22,Gwinnett Stripers,statsapi,False
mlbam-656257,Jeff Brigham,2025,AAA,Reno Aces,pitcher,33.0,20.666666666666668,17.0,0.0,0.37209302325581395,0.10465116279069768,0.25,5.23,4.45483870967742,43.0,43.0,5.23,5.23,Reno Aces,statsapi,False
mlbam-702126,Aaron Davenport,2025,AAA,Columbus Clippers,pitcher,25.0,93.0,20.0,16.0,0.18465227817745802,0.13189448441247004,0.09734513274336283,5.23,5.0462365591397855,208.5,208.5,5.23,5.23,Columbus Clippers,statsapi,False
mlbam-679883,Luinder Avila,2025,AAA,Omaha Storm Chasers,pitcher,24.0,53.333333333333336,14.0,9.0,0.26406926406926406,0.09956709956709957,0.13725490196078433,5.23,3.98125,115.5,115.5,5.23,5.23,Omaha Storm Chasers,statsapi,False
mlbam-676106,Emerson Hancock,2025,AAA,Tacoma Rainiers,pitcher,26.0,44.666666666666664,11.0,9.0,0.27722772277227725,0.07425742574257425,0.15625,5.24,3.3238805970149254,101.0,101.0,5.24,5.24,Tacoma Rainiers,statsapi,False
mlbam-670871,Guillo Zuñiga,2025,AAA,Tacoma Rainiers,pitcher,27.0,46.333333333333336,42.0,0.0,0.22660098522167488,0.11822660098522167,0.06818181818181818,5.24,3.8985611510791367,101.5,101.5,5.24,5.24,Tacoma Rainiers,statsapi,False
mlbam-685299,Tanner Gordon,2025,AAA,Albuquerque Isotopes,pitcher,28.0,58.333333333333336,12.0,12.0,0.1857707509881423,0.04743083003952569,0.1232876712328767,5.25,4.0600000000000005,126.5,126.5,5.25,5.25,Albuquerque Isotopes,statsapi,False
mlbam-666151,Kevin Gowdy,2025,AAA,Buffalo Bisons,pitcher,28.0,36.0,33.0,0.0,0.18604651162790697,0.11627906976744186,0.21739130434782608,5.25,5.127777777777778,86.0,86.0,5.25,5.25,Buffalo Bisons,statsapi,False
mlbam-679928,Evan McKendry,2025,AAA,Charlotte Knights,pitcher,27.0,87.33333333333333,24.0,14.0,0.15926892950391644,0.05483028720626632,0.15315315315315314,5.26,5.195419847328244,191.5,191.5,5.26,5.26,Charlotte Knights,statsapi,False
mlbam-623433,Nick Anderson,2025,AAA,Tacoma Rainiers,pitcher,35.0,39.333333333333336,38.0,0.0,0.2711864406779661,0.12994350282485875,0.10204081632653061,5.26,3.8372881355932202,88.5,88.5,5.26,5.26,Tacoma Rainiers,statsapi,False
mlbam-684725,Zach Messinger,2025,AAA,Scranton/Wilkes-Barre RailRiders,pitcher,26.0,66.66666666666667,28.0,7.0,0.21103896103896103,0.12987012987012986,0.09210526315789473,5.27,4.36,154.0,154.0,5.27,5.27,Scranton/Wilkes-Barre RailRiders,statsapi,False
mlbam-689690,Alek Jacob,2025,AAA,El Paso Chihuahuas,pitcher,27.0,27.333333333333332,26.0,0.0,0.319672131147541,0.1557377049180328,0.13333333333333333,5.27,4.234146341463415,61.0,61.0,5.27,5.27,El Paso Chihuahuas,statsapi,False
mlbam-805123,AJ Blubaugh,2025,AAA,Sugar Land Space Cowboys,pitcher,25.0,99.0,22.0,19.0,0.2234513274336283,0.12831858407079647,0.08333333333333333,5.27,4.221212121212121,226.0,226.0,5.27,5.27,Sugar Land Space Cowboys,statsapi,False
mlbam-571527,David Buchanan,2025,AAA,Round Rock Express,pitcher,36.0,29.0,6.0,6.0,0.1417910447761194,0.08955223880597014,0.22727272727272727,5.28,5.375862068965517,67.0,67.0,5.28,5.28,Round Rock Express,statsapi,False
mlbam-682077,Gabe Mosser,2025,AAA,Lehigh Valley IronPigs,pitcher,29.0,83.33333333333333,17.0,17.0,0.20923913043478262,0.09782608695652174,0.17757009345794392,5.29,5.692,184.0,184.0,5.29,5.29,Lehigh Valley IronPigs,statsapi,False
mlbam-800550,Miguel Cienfuegos,2025,AAA,El Paso Chihuahuas,pitcher,28.0,52.666666666666664,24.0,6.0,0.1724137931034483,0.11206896551724138,0.02631578947368421,5.3,3.3088607594936708,116.0,116.0,5.3,5.3,El Paso Chihuahuas,statsapi,False
mlbam-667434,Kevin Kopps,2025,AAA,El Paso Chihuahuas,pitcher,28.0,35.666666666666664,25.0,1.0,0.19161676646706588,0.1377245508982036,0.14285714285714285,5.3,5.399065420560747,83.5,83.5,5.3,5.3,El Paso Chihuahuas,statsapi,False
mlbam-702878,Douglas Orellana,2025,AAA,Syracuse Mets,pitcher,23.0,18.666666666666668,16.0,1.0,0.19101123595505617,0.19101123595505617,0.047619047619047616,5.3,4.867857142857143,44.5,44.5,5.3,5.3,Syracuse Mets,statsapi,False
mlbam-596271,Casey Lawrence,2025,AAA,Tacoma Rainiers,pitcher,38.0,100.0,20.0,19.0,0.12558139534883722,0.044186046511627906,0.1111111111111111,5.31,4.76,215.0,215.0,5.31,5.31,Tacoma Rainiers,statsapi,False
mlbam-686790,Trevor McDonald,2025,AAA,Sacramento River Cats,pitcher,24.0,142.33333333333334,29.0,24.0,0.2289348171701113,0.0985691573926868,0.18181818181818182,5.31,4.666744730679157,314.5,314.5,5.31,5.31,Sacramento River Cats,statsapi,False
mlbam-676831,Kodi Whitley,2025,AAA,Durham Bulls,pitcher,30.0,20.333333333333332,15.0,0.0,0.3125,0.0375,0.17391304347826086,5.31,3.640983606557377,40.0,40.0,5.31,5.31,Durham Bulls,statsapi,False
mlbam-688138,Logan Evans,2025,AAA,Tacoma Rainiers,pitcher,24.0,44.0,11.0,11.0,0.23076923076923078,0.06666666666666667,0.07317073170731707,5.32,3.0318181818181817,97.5,97.5,5.32,5.32,Tacoma Rainiers,statsapi,False
mlbam-687589,Dom Hamel,2025,AAA,Syracuse Mets,pitcher,26.0,67.66666666666667,31.0,11.0,0.2516778523489933,0.0738255033557047,0.15584415584415584,5.32,4.51871921182266,149.0,149.0,5.32,5.32,Syracuse Mets,statsapi,False
mlbam-607216,Joey Krehbiel,2025,AAA,Omaha Storm Chasers,pitcher,33.0,57.333333333333336,45.0,0.0,0.19318181818181818,0.07575757575757576,0.08064516129032258,5.34,3.5011627906976743,132.0,132.0,5.34,5.34,Omaha Storm Chasers,statsapi,False
mlbam-679712,Lael Lockhart,2025,AAA,Toledo Mud Hens,pitcher,28.0,86.0,20.0,20.0,0.21957671957671956,0.12698412698412698,0.12987012987012986,5.34,4.495348837209303,189.0,189.0,5.34,5.34,Toledo Mud Hens,statsapi,False
mlbam-663658,Thaddeus Ward,2025,AAA,Norfolk Tides,pitcher,28.0,119.66666666666667,32.0,23.0,0.22743055555555555,0.16319444444444445,0.09821428571428571,5.34,4.788022284122563,288.0,288.0,5.34,5.34,Norfolk Tides,statsapi,False
mlbam-802419,Thomas Harrington,2025,AAA,Indianapolis Indians,pitcher,24.0,96.0,21.0,20.0,0.21686746987951808,0.07951807228915662,0.1388888888888889,5.34,5.152083333333334,207.5,207.5,5.34,5.34,Indianapolis Indians,statsapi,False
mlbam-683000,Riley Cornelio,2025,AAA,Rochester Red Wings,pitcher,25.0,35.333333333333336,8.0,8.0,0.2550335570469799,0.087248322147651,0.1276595744680851,5.35,4.260377358490566,74.5,74.5,5.35,5.35,Rochester Red Wings,statsapi,False
mlbam-448179,Rich Hill,2025,AAA,Omaha Storm Chasers,pitcher,45.0,42.0,9.0,9.0,0.25,0.13020833333333334,0.1875,5.36,5.6,96.0,96.0,5.36,5.36,Omaha Storm Chasers,statsapi,False
mlbam-660730,Elvin Rodríguez,2025,AAA,Reno Aces,pitcher,27.0,45.333333333333336,29.0,2.0,0.18974358974358974,0.05128205128205128,0.16666666666666666,5.36,5.636764705882353,97.5,97.5,5.36,5.36,Reno Aces,statsapi,False
mlbam-686769,Dane Acker,2025,AAA,Round Rock Express,pitcher,26.0,50.0,30.0,1.0,0.2149122807017544,0.11403508771929824,0.09433962264150944,5.4,4.0600000000000005,114.0,114.0,5.4,5.4,Round Rock Express,statsapi,False
mlbam-691951,Sam Aldegheri,2025,AAA,Salt Lake Bees,pitcher,24.0,5.0,1.0,1.0,0.125,0.08333333333333333,0.1111111111111111,5.4,6.9,12.0,12.0,5.4,5.4,Salt Lake Bees,statsapi,False
mlbam-678215,Luarbert Arias,2025,AAA,Jacksonville Jumbo Shrimp,pitcher,25.0,23.333333333333332,18.0,1.0,0.09090909090909091,0.18181818181818182,0.0625,5.4,5.928571428571429,55.0,55.0,5.4,5.4,Jacksonville Jumbo Shrimp,statsapi,False
mlbam-684081,Erick Brito,2025,AAA,Lehigh Valley IronPigs,pitcher,23.0,1.6666666666666665,2.0,0.0,0.0,0.0,0.0,5.4,3.1,4.5,4.5,5.4,5.4,Lehigh Valley IronPigs,statsapi,False
mlbam-686563,Jonathan Cannon,2025,AAA,Charlotte Knights,pitcher,25.0,31.666666666666668,7.0,7.0,0.14583333333333334,0.09722222222222222,0.11363636363636363,5.4,5.342105263157895,72.0,72.0,5.4,5.4,Charlotte Knights,statsapi,False
mlbam-701474,Duncan Davitt,2025,AAA,Charlotte Knights,pitcher,26.0,68.33333333333333,13.0,13.0,0.23232323232323232,0.10101010101010101,0.11538461538461539,5.4,4.329268292682927,148.5,148.5,5.4,5.4,Charlotte Knights,statsapi,False
mlbam-664744,Jose Espada,2025,AAA,Norfolk Tides,pitcher,28.0,31.666666666666668,28.0,0.0,0.3333333333333333,0.15942028985507245,0.2,5.4,4.742105263157895,69.0,69.0,5.4,5.4,Norfolk Tides,statsapi,False
mlbam-692294,Luis Gutierrez,2025,AAA,El Paso Chihuahuas,pitcher,22.0,5.0,1.0,1.0,0.2857142857142857,0.0,0.2,5.4,3.9000000000000004,10.5,10.5,5.4,5.4,El Paso Chihuahuas,statsapi,False
mlbam-670059,Colin Holderman,2025,AAA,Indianapolis Indians,pitcher,30.0,18.333333333333332,17.0,1.0,0.25609756097560976,0.08536585365853659,0.16666666666666666,5.4,4.245454545454546,41.0,41.0,5.4,5.4,Indianapolis Indians,statsapi,False
mlbam-628317,Kenta Maeda,2025,AAA,Scranton/Wilkes-Barre RailRiders,pitcher,37.0,100.0,20.0,20.0,0.19483568075117372,0.09154929577464789,0.12380952380952381,5.4,4.45,213.0,213.0,5.4,5.4,Scranton/Wilkes-Barre RailRiders,statsapi,False
mlbam-687074,Tyler Owens,2025,AAA,Toledo Mud Hens,pitcher,24.0,30.0,28.0,0.0,0.19014084507042253,0.14788732394366197,0.18518518518518517,5.4,5.566666666666666,71.0,71.0,5.4,5.4,Toledo Mud Hens,statsapi,False
mlbam-691725,Andrew Painter,2025,AAA,Lehigh Valley IronPigs,pitcher,22.0,106.66666666666667,22.0,22.0,0.2336842105263158,0.0968421052631579,0.16216216216216217,5.4,4.50625,237.5,237.5,5.4,5.4,Lehigh Valley IronPigs,statsapi,False
mlbam-665861,Sebastián Rivero,2025,AAA,Salt Lake Bees,pitcher,27.0,1.6666666666666665,2.0,0.0,0.0,0.0,0.5,5.4,12.700000000000001,3.5,3.5,5.4,5.4,Salt Lake Bees,statsapi,False
mlbam-666619,Gregory Santos,2025,AAA,Tacoma Rainiers,pitcher,26.0,5.0,6.0,0.0,0.19230769230769232,0.34615384615384615,0.0,5.4,6.5,13.0,13.0,5.4,5.4,Tacoma Rainiers,statsapi,False
mlbam-690206,Anthony Simonelli,2025,AAA,Omaha Storm Chasers,pitcher,27.0,15.0,10.0,3.0,0.2608695652173913,0.18840579710144928,0.1111111111111111,5.4,5.033333333333333,34.5,34.5,5.4,5.4,Omaha Storm Chasers,statsapi,False
mlbam-596112,Robert Stephenson,2025,AAA,Salt Lake Bees,pitcher,32.0,5.0,5.0,0.0,0.3684210526315789,0.05263157894736842,0.3333333333333333,5.4,6.1,9.5,9.5,5.4,5.4,Salt Lake Bees,statsapi,False
mlbam-592848,Zack Weiss,2025,AAA,Memphis Redbirds,pitcher,33.0,66.33333333333333,43.0,0.0,0.2673611111111111,0.1284722222222222,0.2073170731707317,5.43,5.783417085427136,144.0,144.0,5.43,5.43,Memphis Redbirds,statsapi,False
mlbam-805345,Trent Harris,2025,AAA,Sacramento River Cats,pitcher,26.0,41.333333333333336,30.0,0.0,0.22727272727272727,0.08522727272727272,0.1388888888888889,5.44,3.825806451612903,88.0,88.0,5.44,5.44,Sacramento River Cats,statsapi,False
mlbam-676604,Tyler Zuber,2025,AAA,Jacksonville Jumbo Shrimp,pitcher,30.0,38.0,31.0,2.0,0.22807017543859648,0.11695906432748537,0.10638297872340426,5.45,4.494736842105263,85.5,85.5,5.45,5.45,Jacksonville Jumbo Shrimp,statsapi,False
mlbam-665620,Deivi García,2025,AAA,Nashville Sounds,pitcher,26.0,33.0,10.0,6.0,0.17419354838709677,0.10967741935483871,0.05,5.45,4.06969696969697,77.5,77.5,5.45,5.45,Nashville Sounds,statsapi,False
mlbam-680734,Kyle Luckham,2025,AAA,Rochester Red Wings,pitcher,26.0,31.333333333333332,7.0,6.0,0.16428571428571428,0.07142857142857142,0.02564102564102564,5.46,3.1,70.0,70.0,5.46,5.46,Rochester Red Wings,statsapi,False
mlbam-669432,Trevor Rogers,2025,AAA,Norfolk Tides,pitcher,28.0,29.666666666666668,7.0,7.0,0.19548872180451127,0.06015037593984962,0.1111111111111111,5.46,3.4707865168539325,66.5,66.5,5.46,5.46,Norfolk Tides,statsapi,False
mlbam-689359,Dale Stanavich,2025,AAA,Jacksonville Jumbo Shrimp,pitcher,26.0,28.0,25.0,1.0,0.18439716312056736,0.2198581560283688,0.21428571428571427,5.46,7.671428571428571,70.5,70.5,5.46,5.46,Jacksonville Jumbo Shrimp,statsapi,False
mlbam-680232,Jackson Wolf,2025,AAA,El Paso Chihuahuas,pitcher,26.0,103.66666666666667,22.0,22.0,0.21593291404612158,0.09224318658280922,0.09836065573770492,5.47,4.093569131832798,238.5,238.5,5.47,5.47,El Paso Chihuahuas,statsapi,False
mlbam-693308,Nick Frasso,2025,AAA,Oklahoma City Comets,pitcher,27.0,77.0,43.0,7.0,0.19653179190751446,0.12138728323699421,0.11235955056179775,5.49,4.814285714285714,173.0,173.0,5.49,5.49,Oklahoma City Comets,statsapi,False
mlbam-667652,Jack Ralston,2025,AAA,Memphis Redbirds,pitcher,28.0,18.0,14.0,0.0,0.25,0.18181818181818182,0.11764705882352941,5.5,4.766666666666667,44.0,44.0,5.5,5.5,Memphis Redbirds,statsapi,False
mlbam-690978,Dax Fulton,2025,AAA,Jacksonville Jumbo Shrimp,pitcher,24.0,16.333333333333332,4.0,4.0,0.2289156626506024,0.13253012048192772,0.0,5.51,2.793877551020408,41.5,41.5,5.51,5.51,Jacksonville Jumbo Shrimp,statsapi,False
mlbam-666154,Karl Kauffmann,2025,AAA,Albuquerque Isotopes,pitcher,28.0,81.66666666666667,42.0,2.0,0.16230366492146597,0.14397905759162305,0.11956521739130435,5.51,5.5,191.0,191.0,5.51,5.51,Albuquerque Isotopes,statsapi,False
mlbam-683155,Joey Estes,2025,AAA,Las Vegas Aviators,pitcher,24.0,80.0,17.0,15.0,0.1976401179941003,0.058997050147492625,0.1504424778761062,5.51,5.0875,169.5,169.5,5.51,5.51,Las Vegas Aviators,statsapi,False
mlbam-622780,Angel Perdomo,2025,AAA,Las Vegas Aviators,pitcher,31.0,14.666666666666666,12.0,0.0,0.19117647058823528,0.19117647058823528,0.2,5.52,7.531818181818181,34.0,34.0,5.52,5.52,Las Vegas Aviators,statsapi,False
mlbam-691094,Randy Wynne,2025,AAA,Louisville Bats,pitcher,32.0,60.0,16.0,13.0,0.1245136186770428,0.038910505836575876,0.15151515151515152,5.55,5.833333333333334,128.5,128.5,5.55,5.55,Louisville Bats,statsapi,False
mlbam-608371,Lucas Sims,2025,AAA,Lehigh Valley IronPigs,pitcher,31.0,34.0,34.0,0.0,0.23076923076923078,0.19230769230769232,0.125,5.56,5.864705882352942,78.0,78.0,5.56,5.56,Lehigh Valley IronPigs,statsapi,False
mlbam-662165,Austin Schulfer,2025,AAA,Lehigh Valley IronPigs,pitcher,30.0,21.0,21.0,2.0,0.15789473684210525,0.12631578947368421,0.08695652173913043,5.57,4.766666666666667,47.5,47.5,5.57,5.57,Lehigh Valley IronPigs,statsapi,False
mlbam-663795,Justin Hagenman,2025,AAA,Syracuse Mets,pitcher,29.0,69.33333333333333,21.0,13.0,0.24745762711864408,0.04406779661016949,0.13978494623655913,5.58,4.0375000000000005,147.5,147.5,5.58,5.58,Syracuse Mets,statsapi,False
mlbam-667478,Evan Kravetz,2025,AAA,Louisville Bats,pitcher,29.0,19.333333333333332,19.0,0.0,0.22580645161290322,0.12903225806451613,0.17857142857142858,5.59,6.151724137931035,46.5,46.5,5.59,5.59,Louisville Bats,statsapi,False
mlbam-804249,Tate Kuehner,2025,AAA,Nashville Sounds,pitcher,24.0,9.666666666666666,2.0,2.0,0.11904761904761904,0.09523809523809523,0.25,5.59,7.341379310344827,21.0,21.0,5.59,5.59,Nashville Sounds,statsapi,False
mlbam-801219,Alfred Morillo,2025,AAA,Reno Aces,pitcher,24.0,29.0,20.0,0.0,0.17164179104477612,0.14925373134328357,0.045454545454545456,5.59,4.13448275862069,67.0,67.0,5.59,5.59,Reno Aces,statsapi,False
mlbam-666168,Mason Thompson,2025,AAA,Rochester Red Wings,pitcher,27.0,9.666666666666666,10.0,0.0,0.21739130434782608,0.13043478260869565,0.09090909090909091,5.59,4.548275862068966,23.0,23.0,5.59,5.59,Rochester Red Wings,statsapi,False
mlbam-668470,Hagen Danner,2025,AAA,Tacoma Rainiers,pitcher,27.0,56.333333333333336,54.0,0.0,0.21428571428571427,0.0873015873015873,0.15517241379310345,5.59,4.59112426035503,126.0,126.0,5.59,5.59,Tacoma Rainiers,statsapi,False
mlbam-669721,Davis Daniel,2025,AAA,Gwinnett Stripers,pitcher,28.0,101.33333333333333,25.0,17.0,0.18202247191011237,0.09887640449438202,0.10067114093959731,5.6,4.84671052631579,222.5,222.5,5.6,5.6,Gwinnett Stripers,statsapi,False
mlbam-592741,Chasen Shreve,2025,AAA,Gwinnett Stripers,pitcher,35.0,17.666666666666668,5.0,4.0,0.1518987341772152,0.06329113924050633,0.13043478260869565,5.6,4.967924528301887,39.5,39.5,5.6,5.6,Gwinnett Stripers,statsapi,False
mlbam-664747,Alexis Díaz,2025,AAA,Gwinnett Stripers,pitcher,29.0,25.666666666666668,27.0,0.0,0.24390243902439024,0.16260162601626016,0.11428571428571428,5.61,5.71038961038961,61.5,61.5,5.61,5.61,Gwinnett Stripers,statsapi,False
mlbam-612797,Erick Leal,2025,AAA,Scranton/Wilkes-Barre RailRiders,pitcher,30.0,126.66666666666667,28.0,26.0,0.23877917414721722,0.10412926391382406,0.1891891891891892,5.61,5.48421052631579,278.5,278.5,5.61,5.61,Scranton/Wilkes-Barre RailRiders,statsapi,False
mlbam-686560,Gavin Collyer,2025,AAA,Round Rock Express,pitcher,24.0,16.0,14.0,0.0,0.2625,0.1875,0.06666666666666667,5.63,4.2875,40.0,40.0,5.63,5.63,Round Rock Express,statsapi,False
mlbam-681190,Randy Vásquez,2025,AAA,El Paso Chihuahuas,pitcher,27.0,8.0,2.0,2.0,0.16216216216216217,0.13513513513513514,0.1,5.63,5.1,18.5,18.5,5.63,5.63,El Paso Chihuahuas,statsapi,False
mlbam-681520,Antoine Kelly,2025,AAA,Albuquerque Isotopes,pitcher,26.0,38.333333333333336,34.0,0.0,0.21243523316062177,0.14507772020725387,0.06896551724137931,5.63,4.3,96.5,96.5,5.63,5.63,Albuquerque Isotopes,statsapi,False
mlbam-543391,Casey Kelly,2025,AAA,Reno Aces,pitcher,36.0,115.0,24.0,20.0,0.11487758945386065,0.0903954802259887,0.0915032679738562,5.63,5.160869565217391,265.5,265.5,5.63,5.63,Reno Aces,statsapi,False
mlbam-676969,Brett de Geus,2025,AAA,Lehigh Valley IronPigs,pitcher,28.0,38.333333333333336,30.0,0.0,0.1358695652173913,0.10869565217391304,0.07142857142857142,5.63,4.534782608695652,92.0,92.0,5.63,5.63,Lehigh Valley IronPigs,statsapi,False
mlbam-681324,Chazz Martinez,2025,AAA,Omaha Storm Chasers,pitcher,25.0,30.333333333333332,22.0,0.0,0.2302158273381295,0.1223021582733813,0.0625,5.64,3.8252747252747255,69.5,69.5,5.64,5.64,Omaha Storm Chasers,statsapi,False
mlbam-680723,Drew Rom,2025,AAA,Memphis Redbirds,pitcher,26.0,14.333333333333334,4.0,4.0,0.1864406779661017,0.1016949152542373,0.11764705882352941,5.65,5.2627906976744185,29.5,29.5,5.65,5.65,Memphis Redbirds,statsapi,False
mlbam-676272,Bobby Miller,2025,AAA,Oklahoma City Comets,pitcher,26.0,90.66666666666667,35.0,14.0,0.20293398533007334,0.15158924205378974,0.09734513274336283,5.66,4.930882352941176,204.5,204.5,5.66,5.66,Oklahoma City Comets,statsapi,False
mlbam-656726,Sam McWilliams,2025,AAA,Nashville Sounds,pitcher,30.0,20.666666666666668,18.0,0.0,0.29523809523809524,0.1619047619047619,0.15789473684210525,5.66,4.6,52.5,52.5,5.66,5.66,Nashville Sounds,statsapi,False
mlbam-656671,Josh Maciejewski,2025,AAA,Nashville Sounds,pitcher,30.0,47.666666666666664,25.0,6.0,0.18867924528301888,0.09433962264150944,0.0625,5.66,3.5615384615384618,106.0,106.0,5.66,5.66,Nashville Sounds,statsapi,False
mlbam-694298,Nick Dombkowski,2025,AAA,Indianapolis Indians,pitcher,27.0,71.33333333333333,26.0,12.0,0.2032258064516129,0.0967741935483871,0.14432989690721648,5.68,5.230841121495327,155.0,155.0,5.68,5.68,Indianapolis Indians,statsapi,False
mlbam-656412,Alex Faedo,2025,AAA,Durham Bulls,pitcher,30.0,6.333333333333333,5.0,0.0,0.20689655172413793,0.20689655172413793,0.125,5.68,6.5736842105263165,14.5,14.5,5.68,5.68,Durham Bulls,statsapi,False
mlbam-672851,Joan Adon,2025,AAA,Rochester Red Wings,pitcher,27.0,42.666666666666664,34.0,2.0,0.22549019607843138,0.1568627450980392,0.14285714285714285,5.7,5.44375,102.0,102.0,5.7,5.7,Rochester Red Wings,statsapi,False
mlbam-669735,Chris Rodriguez,2025,AAA,Charlotte Knights,pitcher,27.0,41.0,18.0,8.0,0.18518518518518517,0.12698412698412698,0.16216216216216217,5.71,5.490243902439024,94.5,94.5,5.71,5.71,Charlotte Knights,statsapi,False
mlbam-674370,Osvaldo Bido,2025,AAA,Las Vegas Aviators,pitcher,30.0,17.333333333333332,4.0,3.0,0.2222222222222222,0.1111111111111111,0.15,5.71,4.830769230769231,40.5,40.5,5.71,5.71,Las Vegas Aviators,statsapi,False
mlbam-671726,Marquis Grissom Jr.,2025,AAA,Rochester Red Wings,pitcher,24.0,33.0,27.0,0.0,0.21768707482993196,0.1360544217687075,0.16279069767441862,5.73,5.827272727272727,73.5,73.5,5.73,5.73,Rochester Red Wings,statsapi,False
mlbam-701488,Dylan Phillips,2025,AAA,Salt Lake Bees,pitcher,26.0,11.0,5.0,0.0,0.2765957446808511,0.02127659574468085,0.2,5.73,4.554545454545455,23.5,23.5,5.73,5.73,Salt Lake Bees,statsapi,False
mlbam-681751,Lazaro Estrada,2025,AAA,Buffalo Bisons,pitcher,26.0,97.33333333333333,26.0,20.0,0.23076923076923078,0.07459207459207459,0.13178294573643412,5.73,4.415068493150685,214.5,214.5,5.73,5.73,Buffalo Bisons,statsapi,False
mlbam-592527,Michael Mariot,2025,AAA,Tacoma Rainiers,pitcher,37.0,69.0,23.0,8.0,0.1609907120743034,0.07739938080495357,0.09821428571428571,5.74,4.969565217391304,161.5,161.5,5.74,5.74,Tacoma Rainiers,statsapi,False
mlbam-689474,Austin Krob,2025,AAA,El Paso Chihuahuas,pitcher,26.0,47.0,20.0,6.0,0.18584070796460178,0.15486725663716813,0.11428571428571428,5.74,4.908510638297873,113.0,113.0,5.74,5.74,El Paso Chihuahuas,statsapi,False
mlbam-605156,Aaron Brooks,2025,AAA,Las Vegas Aviators,pitcher,35.0,76.33333333333333,16.0,12.0,0.15988372093023256,0.08430232558139535,0.21052631578947367,5.78,5.641484716157206,172.0,172.0,5.78,5.78,Las Vegas Aviators,statsapi,False
mlbam-656061,Albert Abreu,2025,AAA,Louisville Bats,pitcher,30.0,23.333333333333332,17.0,2.0,0.1592920353982301,0.1415929203539823,0.125,5.79,4.857142857142858,56.5,56.5,5.79,5.79,Louisville Bats,statsapi,False
mlbam-660261,Shintaro Fujinami,2025,AAA,Tacoma Rainiers,pitcher,31.0,18.666666666666668,21.0,0.0,0.25263157894736843,0.2736842105263158,0.0,5.79,5.189285714285714,47.5,47.5,5.79,5.79,Tacoma Rainiers,statsapi,False
mlbam-593574,Luis González,2025,AAA,Norfolk Tides,pitcher,33.0,4.666666666666667,4.0,0.0,0.17391304347826086,0.17391304347826086,0.5,5.79,9.528571428571428,11.5,11.5,5.79,5.79,Norfolk Tides,statsapi,False
mlbam-659381,Justin King,2025,AAA,Jacksonville Jumbo Shrimp,pitcher,28.0,4.666666666666667,4.0,0.0,0.3333333333333333,0.16666666666666666,0.2,5.79,5.0285714285714285,12.0,12.0,5.79,5.79,Jacksonville Jumbo Shrimp,statsapi,False
mlbam-622250,Josh Sborz,2025,AAA,Round Rock Express,pitcher,32.0,9.333333333333334,10.0,1.0,0.19148936170212766,0.1276595744680851,0.14285714285714285,5.79,5.885714285714286,23.5,23.5,5.79,5.79,Round Rock Express,statsapi,False
mlbam-696131,Mason Black,2025,AAA,Sacramento River Cats,pitcher,26.0,119.33333333333333,30.0,24.0,0.21468926553672316,0.11864406779661017,0.1259259259259259,5.81,4.775977653631285,265.5,265.5,5.81,5.81,Sacramento River Cats,statsapi,False
mlbam-656686,Corbin Martin,2025,AAA,Norfolk Tides,pitcher,30.0,38.666666666666664,34.0,1.0,0.22485207100591717,0.13609467455621302,0.13513513513513514,5.82,4.6,84.5,84.5,5.82,5.82,Norfolk Tides,statsapi,False
mlbam-663959,Tyler Ivey,2025,AAA,Sugar Land Space Cowboys,pitcher,29.0,122.0,27.0,25.0,0.18411552346570398,0.11913357400722022,0.11042944785276074,5.83,5.067213114754098,277.0,277.0,5.83,5.83,Sugar Land Space Cowboys,statsapi,False
mlbam-677976,Randy Dobnak,2025,AAA,Toledo Mud Hens,pitcher,30.0,98.66666666666667,26.0,18.0,0.171875,0.11383928571428571,0.1326530612244898,5.84,5.045945945945946,224.0,224.0,5.84,5.84,Toledo Mud Hens,statsapi,False
mlbam-534910,Jesse Hahn,2025,AAA,Tacoma Rainiers,pitcher,36.0,32.333333333333336,35.0,0.0,0.2236842105263158,0.11842105263157894,0.17647058823529413,5.85,3.87319587628866,76.0,76.0,5.85,5.85,Tacoma Rainiers,statsapi,False
mlbam-669422,Matt Sauer,2025,AAA,Oklahoma City Comets,pitcher,26.0,83.0,18.0,17.0,0.21236559139784947,0.07526881720430108,0.14432989690721648,5.86,4.65421686746988,186.0,186.0,5.86,5.86,Oklahoma City Comets,statsapi,False
mlbam-669142,Tanner Burns,2025,AAA,Columbus Clippers,pitcher,27.0,35.333333333333336,24.0,0.0,0.17721518987341772,0.12025316455696203,0.08695652173913043,5.86,4.6,79.0,79.0,5.86,5.86,Columbus Clippers,statsapi,False
mlbam-695327,Dylan Heid,2025,AAA,Norfolk Tides,pitcher,27.0,7.666666666666667,7.0,0.0,0.2631578947368421,0.21052631578947367,0.1,5.87,5.708695652173914,19.0,19.0,5.87,5.87,Norfolk Tides,statsapi,False
mlbam-657240,Julian Merryweather,2025,AAA,Nashville Sounds,pitcher,34.0,23.0,23.0,0.0,0.3069306930693069,0.1188118811881188,0.16666666666666666,5.87,4.7956521739130435,50.5,50.5,5.87,5.87,Nashville Sounds,statsapi,False
mlbam-543766,Bryan Shaw,2025,AAA,Tacoma Rainiers,pitcher,38.0,15.333333333333334,19.0,0.0,0.1411764705882353,0.2235294117647059,0.0,5.87,5.447826086956521,42.5,42.5,5.87,5.87,Tacoma Rainiers,statsapi,False
mlbam-688162,Brandon Komar,2025,AAA,Louisville Bats,pitcher,26.0,18.333333333333332,7.0,0.0,0.13186813186813187,0.13186813186813187,0.10526315789473684,5.89,5.172727272727273,45.5,45.5,5.89,5.89,Louisville Bats,statsapi,False
mlbam-694553,Tyson Guerrero,2025,AAA,Omaha Storm Chasers,pitcher,26.0,10.666666666666666,3.0,3.0,0.32653061224489793,0.08163265306122448,0.1111111111111111,5.91,3.00625,24.5,24.5,5.91,5.91,Omaha Storm Chasers,statsapi,False
mlbam-672456,Keider Montero,2025,AAA,Toledo Mud Hens,pitcher,25.0,42.666666666666664,10.0,8.0,0.23626373626373626,0.08241758241758242,0.10869565217391304,5.91,3.8734375,91.0,91.0,5.91,5.91,Toledo Mud Hens,statsapi,False
mlbam-681544,Wyatt Olds,2025,AAA,Worcester Red Sox,pitcher,26.0,53.333333333333336,34.0,0.0,0.25,0.1652542372881356,0.16666666666666666,5.91,5.725,118.0,118.0,5.91,5.91,Worcester Red Sox,statsapi,False
mlbam-694820,Braxton Roxby,2025,AAA,Sacramento River Cats,pitcher,26.0,32.0,23.0,0.0,0.29577464788732394,0.1267605633802817,0.18181818181818182,5.91,4.88125,71.0,71.0,5.91,5.91,Sacramento River Cats,statsapi,False
mlbam-666785,Harold Chirino,2025,AAA,El Paso Chihuahuas,pitcher,27.0,45.666666666666664,40.0,0.0,0.18666666666666668,0.13777777777777778,0.05714285714285714,5.91,4.260583941605839,112.5,112.5,5.91,5.91,El Paso Chihuahuas,statsapi,False
mlbam-676498,Alex Cornwell,2025,AAA,Memphis Redbirds,pitcher,26.0,92.66666666666667,35.0,12.0,0.16745283018867924,0.10613207547169812,0.10227272727272728,5.92,4.416546762589928,212.0,212.0,5.92,5.92,Memphis Redbirds,statsapi,False
mlbam-623211,Huascar Brazobán,2025,AAA,Syracuse Mets,pitcher,36.0,13.666666666666666,10.0,0.0,0.2459016393442623,0.04918032786885246,0.1,5.93,3.904878048780488,30.5,30.5,5.93,5.93,Syracuse Mets,statsapi,False
mlbam-702674,Caden Dana,2025,AAA,Salt Lake Bees,pitcher,22.0,82.0,18.0,18.0,0.22972972972972974,0.12432432432432433,0.14,5.93,5.0390243902439025,185.0,185.0,5.93,5.93,Salt Lake Bees,statsapi,False
mlbam-621399,Brady Feigl,2025,AAA,St. Paul Saints,pitcher,35.0,13.666666666666666,12.0,0.0,0.25806451612903225,0.08064516129032258,0.1111111111111111,5.93,3.758536585365854,31.0,31.0,5.93,5.93,St. Paul Saints,statsapi,False
mlbam-489119,Wade Miley,2025,AAA,Louisville Bats,pitcher,39.0,13.666666666666666,4.0,4.0,0.1111111111111111,0.06349206349206349,0.0,5.93,3.392682926829268,31.5,31.5,5.93,5.93,Louisville Bats,statsapi,False
mlbam-686730,Carson Spiers,2025,AAA,Louisville Bats,pitcher,28.0,16.666666666666668,4.0,4.0,0.13924050632911392,0.13924050632911392,0.09523809523809523,5.94,5.859999999999999,39.5,39.5,5.94,5.94,Louisville Bats,statsapi,False
mlbam-592791,Jameson Taillon,2025,AAA,Iowa Cubs,pitcher,34.0,16.666666666666668,4.0,4.0,0.22972972972972974,0.04054054054054054,0.2,5.94,5.26,37.0,37.0,5.94,5.94,Iowa Cubs,statsapi,False
mlbam-671382,Cameron Foster,2025,AAA,Norfolk Tides,pitcher,26.0,19.666666666666668,15.0,1.0,0.3111111111111111,0.12222222222222222,0.1,5.95,3.252542372881356,45.0,45.0,5.95,5.95,Norfolk Tides,statsapi,False
mlbam-686799,Jack Kochanowicz,2025,AAA,Salt Lake Bees,pitcher,25.0,19.666666666666668,4.0,4.0,0.16666666666666666,0.16666666666666666,0.23076923076923078,5.95,6.354237288135593,48.0,48.0,5.95,5.95,Salt Lake Bees,statsapi,False
mlbam-695378,Jack Sinclair,2025,AAA,Rochester Red Wings,pitcher,26.0,42.333333333333336,35.0,2.0,0.2193877551020408,0.1326530612244898,0.09090909090909091,5.95,4.422834645669291,98.0,98.0,5.95,5.95,Rochester Red Wings,statsapi,False
mlbam-663542,Bryan Hudson,2025,AAA,Charlotte Knights,pitcher,28.0,31.666666666666668,30.0,0.0,0.2246376811594203,0.10144927536231885,0.12,5.97,3.7,69.0,69.0,5.97,5.97,Charlotte Knights,statsapi,False
mlbam-696508,Alec Baker,2025,AAA,Reno Aces,pitcher,26.0,3.0,1.0,0.0,0.2,0.06666666666666667,0.0,6.0,2.1,7.5,7.5,6.0,6.0,Reno Aces,statsapi,False
mlbam-607231,John Gant,2025,AAA,Omaha Storm Chasers,pitcher,33.0,81.0,19.0,19.0,0.184,0.12,0.13636363636363635,6.0,5.062962962962963,187.5,187.5,6.0,6.0,Omaha Storm Chasers,statsapi,False
mlbam-641656,Ian Hamilton,2025,AAA,Scranton/Wilkes-Barre RailRiders,pitcher,30.0,18.0,19.0,0.0,0.22727272727272727,0.13636363636363635,0.06666666666666667,6.0,3.6,44.0,44.0,6.0,6.0,Scranton/Wilkes-Barre RailRiders,statsapi,False
mlbam-669062,Erik Miller,2025,AAA,Sacramento River Cats,pitcher,27.0,3.0,4.0,0.0,0.29411764705882354,0.11764705882352941,0.0,6.0,1.7666666666666668,8.5,8.5,6.0,6.0,Sacramento River Cats,statsapi,False
mlbam-668716,Noah Murdock,2025,AAA,Omaha Storm Chasers,pitcher,27.0,21.0,16.0,0.0,0.20202020202020202,0.13131313131313133,0.16666666666666666,6.0,4.433333333333334,49.5,49.5,6.0,6.0,Omaha Storm Chasers,statsapi,False
mlbam-682010,Lane Ramsey,2025,AAA,Jacksonville Jumbo Shrimp,pitcher,29.0,3.0,4.0,0.0,0.25,0.08333333333333333,0.0,6.0,2.1,6.0,6.0,6.0,6.0,Jacksonville Jumbo Shrimp,statsapi,False
mlbam-694738,Landen Roupp,2025,AAA,Sacramento River Cats,pitcher,27.0,3.0,1.0,1.0,0.3333333333333333,0.0,0.0,6.0,0.43333333333333357,6.0,6.0,6.0,6.0,Sacramento River Cats,statsapi,False
mlbam-683638,Joel Valdez,2025,AAA,Louisville Bats,pitcher,25.0,12.0,9.0,0.0,0.20689655172413793,0.08620689655172414,0.14285714285714285,6.0,4.183333333333334,29.0,29.0,6.0,6.0,Louisville Bats,statsapi,False
mlbam-641312,Shaun Anderson,2025,AAA,Salt Lake Bees,pitcher,31.0,116.66666666666667,24.0,23.0,0.16698292220113853,0.07400379506641366,0.09933774834437085,6.02,4.394285714285714,263.5,263.5,6.02,6.02,Salt Lake Bees,statsapi,False
mlbam-682175,Joe Jacques,2025,AAA,Tacoma Rainiers,pitcher,30.0,52.333333333333336,47.0,1.0,0.24796747967479674,0.0975609756097561,0.16666666666666666,6.02,3.673248407643312,123.0,123.0,6.02,6.02,Tacoma Rainiers,statsapi,False
mlbam-694397,Marco Raya,2025,AAA,St. Paul Saints,pitcher,23.0,98.66666666666667,30.0,20.0,0.2261640798226164,0.12638580931263857,0.17391304347826086,6.02,5.0864864864864865,225.5,225.5,6.02,6.02,St. Paul Saints,statsapi,False
mlbam-680253,Kyle Bischoff,2025,AAA,St. Paul Saints,pitcher,26.0,34.333333333333336,28.0,0.0,0.22560975609756098,0.17073170731707318,0.03333333333333333,6.03,4.206796116504854,82.0,82.0,6.03,6.03,St. Paul Saints,statsapi,False
mlbam-692414,Yoniel Curet,2025,AAA,Durham Bulls,pitcher,23.0,31.333333333333332,8.0,7.0,0.2348993288590604,0.174496644295302,0.0625,6.03,4.568085106382979,74.5,74.5,6.03,6.03,Durham Bulls,statsapi,False
mlbam-608335,Kyle Funkhouser,2025,AAA,Oklahoma City Comets,pitcher,31.0,62.666666666666664,17.0,12.0,0.18855218855218855,0.12121212121212122,0.11764705882352941,6.03,4.935106382978724,148.5,148.5,6.03,6.03,Oklahoma City Comets,statsapi,False
mlbam-666159,Matt Manning,2025,AAA,Toledo Mud Hens,pitcher,27.0,50.666666666666664,31.0,4.0,0.22413793103448276,0.16379310344827586,0.109375,6.04,5.152631578947369,116.0,116.0,6.04,6.04,Toledo Mud Hens,statsapi,False
mlbam-680694,Kyle Bradish,2025,AAA,Norfolk Tides,pitcher,29.0,16.333333333333332,4.0,4.0,0.24675324675324675,0.09090909090909091,0.11764705882352941,6.06,3.8346938775510204,38.5,38.5,6.06,6.06,Norfolk Tides,statsapi,False
mlbam-657756,Connor Seabold,2025,AAA,Gwinnett Stripers,pitcher,29.0,69.66666666666667,22.0,10.0,0.20711974110032363,0.09385113268608414,0.15789473684210525,6.07,5.698086124401914,154.5,154.5,6.07,6.07,Gwinnett Stripers,statsapi,False
mlbam-666120,Ian Anderson,2025,AAA,Gwinnett Stripers,pitcher,27.0,37.0,9.0,9.0,0.15976331360946747,0.16568047337278108,0.058823529411764705,6.08,4.613513513513514,84.5,84.5,6.08,6.08,Gwinnett Stripers,statsapi,False
mlbam-673395,Carlos Romero,2025,AAA,Rochester Red Wings,pitcher,26.0,44.333333333333336,38.0,0.0,0.19523809523809524,0.13333333333333333,0.10344827586206896,6.09,5.242857142857143,105.0,105.0,6.09,6.09,Rochester Red Wings,statsapi,False
mlbam-676917,Cade Cavalli,2025,AAA,Rochester Red Wings,pitcher,27.0,65.0,15.0,15.0,0.2508710801393728,0.0975609756097561,0.16666666666666666,6.09,4.053846153846154,143.5,143.5,6.09,6.09,Rochester Red Wings,statsapi,False
mlbam-689821,Michael Cuevas,2025,AAA,Rochester Red Wings,pitcher,24.0,10.333333333333334,9.0,0.0,0.23636363636363636,0.21818181818181817,0.125,6.1,5.325806451612904,27.5,27.5,6.1,6.1,Rochester Red Wings,statsapi,False
mlbam-808963,Roki Sasaki,2025,AAA,Oklahoma City Comets,pitcher,24.0,20.666666666666668,7.0,5.0,0.2,0.1368421052631579,0.10526315789473684,6.1,4.6967741935483875,47.5,47.5,6.1,6.1,Oklahoma City Comets,statsapi,False
mlbam-806190,Isaac Coffey,2025,AAA,Worcester Red Sox,pitcher,25.0,38.333333333333336,13.0,9.0,0.1945945945945946,0.14594594594594595,0.16393442622950818,6.1,7.273913043478261,92.5,92.5,6.1,6.1,Worcester Red Sox,statsapi,False
mlbam-676785,Bryce Conley,2025,AAA,Rochester Red Wings,pitcher,31.0,73.66666666666667,15.0,14.0,0.21766561514195584,0.08517350157728706,0.1559633027522936,6.11,5.28552036199095,158.5,158.5,6.11,6.11,Rochester Red Wings,statsapi,False
mlbam-669993,Raul Brito,2025,AAA,El Paso Chihuahuas,pitcher,28.0,63.333333333333336,48.0,0.0,0.2760942760942761,0.11784511784511785,0.17857142857142858,6.11,4.505263157894737,148.5,148.5,6.11,6.11,El Paso Chihuahuas,statsapi,False
mlbam-686930,Mason Barnett,2025,AAA,Las Vegas Aviators,pitcher,25.0,119.0,25.0,23.0,0.22794117647058823,0.11948529411764706,0.1223021582733813,6.13,4.663025210084034,272.0,272.0,6.13,6.13,Las Vegas Aviators,statsapi,False
mlbam-686228,Juan Burgos,2025,AAA,Reno Aces,pitcher,26.0,7.333333333333333,8.0,0.0,0.13157894736842105,0.13157894736842105,0.0,6.14,4.190909090909091,19.0,19.0,6.14,6.14,Reno Aces,statsapi,False
mlbam-682240,Stephen Jones,2025,AAA,El Paso Chihuahuas,pitcher,28.0,7.333333333333333,6.0,1.0,0.16216216216216217,0.10810810810810811,0.0,6.14,3.1,18.5,18.5,6.14,6.14,El Paso Chihuahuas,statsapi,False
mlbam-694361,Will Klein,2025,AAA,Oklahoma City Comets,pitcher,26.0,44.0,42.0,0.0,0.36538461538461536,0.1778846153846154,0.14814814814814814,6.14,3.4863636363636363,104.0,104.0,6.14,6.14,Oklahoma City Comets,statsapi,False
mlbam-641816,Tyler Mahle,2025,AAA,Round Rock Express,pitcher,31.0,7.333333333333333,3.0,3.0,0.3225806451612903,0.06451612903225806,0.25,6.14,2.963636363636364,15.5,15.5,6.14,6.14,Round Rock Express,statsapi,False
mlbam-686924,Tyler Myrick,2025,AAA,Sacramento River Cats,pitcher,27.0,14.666666666666666,7.0,0.0,0.13636363636363635,0.16666666666666666,0.11764705882352941,6.14,5.690909090909091,33.0,33.0,6.14,6.14,Sacramento River Cats,statsapi,False
mlbam-677161,Zack Kelly,2025,AAA,Worcester Red Sox,pitcher,30.0,26.333333333333332,21.0,1.0,0.2459016393442623,0.16393442622950818,0.1,6.15,4.808860759493671,61.0,61.0,6.15,6.15,Worcester Red Sox,statsapi,False
mlbam-642239,Rob Zastryzny,2025,AAA,Nashville Sounds,pitcher,33.0,19.0,22.0,1.0,0.2235294117647059,0.047058823529411764,0.19047619047619047,6.16,4.626315789473685,42.5,42.5,6.16,6.16,Nashville Sounds,statsapi,False
mlbam-809109,Roman Angelo,2025,AAA,Reno Aces,pitcher,25.0,16.0,4.0,4.0,0.16883116883116883,0.18181818181818182,0.1875,6.19,6.5375,38.5,38.5,6.19,6.19,Reno Aces,statsapi,False
mlbam-663366,Beau Burrows,2025,AAA,Indianapolis Indians,pitcher,29.0,20.333333333333332,16.0,1.0,0.21839080459770116,0.10344827586206896,0.2222222222222222,6.2,6.395081967213115,43.5,43.5,6.2,6.2,Indianapolis Indians,statsapi,False
mlbam-694646,Chayce McDermott,2025,AAA,Norfolk Tides,pitcher,27.0,58.0,25.0,10.0,0.22727272727272727,0.1590909090909091,0.0847457627118644,6.21,4.582758620689655,132.0,132.0,6.21,6.21,Norfolk Tides,statsapi,False
mlbam-687765,Mitch Spence,2025,AAA,Las Vegas Aviators,pitcher,27.0,29.0,8.0,7.0,0.2198581560283688,0.0851063829787234,0.11538461538461539,6.21,3.6517241379310343,70.5,70.5,6.21,6.21,Las Vegas Aviators,statsapi,False
mlbam-687259,Luke Bell,2025,AAA,Charlotte Knights,pitcher,25.0,8.666666666666666,6.0,0.0,0.0975609756097561,0.14634146341463414,0.058823529411764705,6.23,6.1,20.5,20.5,6.23,6.23,Charlotte Knights,statsapi,False
mlbam-806185,Hayden Birdsong,2025,AAA,Sacramento River Cats,pitcher,24.0,39.0,10.0,10.0,0.24102564102564103,0.15384615384615385,0.17647058823529413,6.23,6.305128205128206,97.5,97.5,6.23,6.23,Sacramento River Cats,statsapi,False
mlbam-676433,Ryan Brady,2025,AAA,Omaha Storm Chasers,pitcher,26.0,13.0,8.0,0.0,0.18032786885245902,0.13114754098360656,0.0,6.23,3.4846153846153847,30.5,30.5,6.23,6.23,Omaha Storm Chasers,statsapi,False
mlbam-680702,Joey Gerber,2025,AAA,Durham Bulls,pitcher,28.0,43.333333333333336,34.0,9.0,0.27979274611398963,0.07772020725388601,0.16981132075471697,6.23,4.623076923076923,96.5,96.5,6.23,6.23,Durham Bulls,statsapi,False
mlbam-686842,McKinley Moore,2025,AAA,Scranton/Wilkes-Barre RailRiders,pitcher,27.0,8.666666666666666,8.0,0.0,0.15,0.225,0.14285714285714285,6.23,6.330769230769231,20.0,20.0,6.23,6.23,Scranton/Wilkes-Barre RailRiders,statsapi,False
mlbam-680891,Jack Neely,2025,AAA,Iowa Cubs,pitcher,25.0,30.333333333333332,28.0,0.0,0.2746478873239437,0.19718309859154928,0.12121212121212122,6.23,5.605494505494505,71.0,71.0,6.23,6.23,Iowa Cubs,statsapi,False
mlbam-607755,Andrew Vasquez,2025,AAA,Salt Lake Bees,pitcher,32.0,13.0,10.0,0.0,0.16129032258064516,0.08064516129032258,0.2,6.23,5.7153846153846155,31.0,31.0,6.23,6.23,Salt Lake Bees,statsapi,False
mlbam-657140,Kyle Wright,2025,AAA,Omaha Storm Chasers,pitcher,30.0,13.0,4.0,4.0,0.22950819672131148,0.14754098360655737,0.13333333333333333,6.23,5.023076923076923,30.5,30.5,6.23,6.23,Omaha Storm Chasers,statsapi,False
mlbam-680572,Adam Kloffenstein,2025,AAA,Buffalo Bisons,pitcher,25.0,82.0,19.0,16.0,0.23872679045092837,0.11671087533156499,0.22727272727272727,6.26,5.904878048780487,188.5,188.5,6.26,6.26,Buffalo Bisons,statsapi,False
mlbam-663568,Stephen Kolek,2025,AAA,Omaha Storm Chasers,pitcher,28.0,46.0,11.0,11.0,0.18552036199095023,0.06787330316742081,0.15789473684210525,6.26,4.252173913043478,110.5,110.5,6.26,6.26,Omaha Storm Chasers,statsapi,False
mlbam-668338,Tyson Miller,2025,AAA,Iowa Cubs,pitcher,30.0,37.333333333333336,31.0,0.0,0.19672131147540983,0.18579234972677597,0.07692307692307693,6.27,5.189285714285714,91.5,91.5,6.27,6.27,Iowa Cubs,statsapi,False
mlbam-687288,Devereaux Harrison,2025,AAA,Buffalo Bisons,pitcher,25.0,10.0,6.0,0.0,0.1346153846153846,0.17307692307692307,0.0,6.3,4.4,26.0,26.0,6.3,6.3,Buffalo Bisons,statsapi,False
mlbam-691009,Dylan Ray,2025,AAA,Reno Aces,pitcher,24.0,90.0,18.0,18.0,0.1728395061728395,0.09382716049382717,0.14754098360655737,6.3,5.544444444444444,202.5,202.5,6.3,6.3,Reno Aces,statsapi,False
mlbam-694389,William Fleming,2025,AAA,Tacoma Rainiers,pitcher,26.0,41.333333333333336,18.0,5.0,0.19270833333333334,0.052083333333333336,0.09615384615384616,6.31,3.825806451612903,96.0,96.0,6.31,6.31,Tacoma Rainiers,statsapi,False
mlbam-656234,Jake Bird,2025,AAA,Scranton/Wilkes-Barre RailRiders,pitcher,30.0,15.666666666666666,15.0,0.0,0.3194444444444444,0.18055555555555555,0.125,6.32,4.440425531914894,36.0,36.0,6.32,6.32,Scranton/Wilkes-Barre RailRiders,statsapi,False
mlbam-676714,Brandon Hughes,2025,AAA,Iowa Cubs,pitcher,30.0,27.0,21.0,0.0,0.2283464566929134,0.11023622047244094,0.20588235294117646,6.33,6.211111111111111,63.5,63.5,6.33,6.33,Iowa Cubs,statsapi,False
mlbam-595928,John Curtiss,2025,AAA,Reno Aces,pitcher,32.0,32.666666666666664,25.0,1.0,0.19718309859154928,0.06338028169014084,0.14583333333333334,6.34,4.997959183673469,71.0,71.0,6.34,6.34,Reno Aces,statsapi,False
mlbam-678013,Lenny Torres Jr.,2025,AAA,Louisville Bats,pitcher,25.0,44.0,43.0,0.0,0.2107843137254902,0.16176470588235295,0.15384615384615385,6.34,5.963636363636364,102.0,102.0,6.34,6.34,Louisville Bats,statsapi,False
mlbam-664139,Ian Gibaut,2025,AAA,Louisville Bats,pitcher,32.0,5.666666666666667,6.0,0.0,0.21739130434782608,0.13043478260869565,0.0,6.35,2.923529411764706,11.5,11.5,6.35,6.35,Louisville Bats,statsapi,False
mlbam-623465,Evan Phillips,2025,AAA,Oklahoma City Comets,pitcher,31.0,5.666666666666667,6.0,1.0,0.34615384615384615,0.038461538461538464,0.0,6.35,0.4529411764705884,13.0,13.0,6.35,6.35,Oklahoma City Comets,statsapi,False
mlbam-701288,Jacob Webb,2025,AAA,Worcester Red Sox,pitcher,26.0,11.333333333333334,9.0,0.0,0.18867924528301888,0.1320754716981132,0.058823529411764705,6.35,4.3352941176470585,26.5,26.5,6.35,6.35,Worcester Red Sox,statsapi,False
mlbam-664123,Scott Effross,2025,AAA,Scranton/Wilkes-Barre RailRiders,pitcher,32.0,29.666666666666668,28.0,0.0,0.16546762589928057,0.08633093525179857,0.047619047619047616,6.37,3.1,69.5,69.5,6.37,6.37,Scranton/Wilkes-Barre RailRiders,statsapi,False
mlbam-641585,J.P. France,2025,AAA,Sugar Land Space Cowboys,pitcher,30.0,24.0,7.0,4.0,0.21100917431192662,0.1834862385321101,0.12,6.38,5.433333333333334,54.5,54.5,6.38,6.38,Sugar Land Space Cowboys,statsapi,False
mlbam-691739,Will Sanders,2025,AAA,Iowa Cubs,pitcher,23.0,79.0,17.0,14.0,0.22191011235955055,0.09269662921348315,0.14893617021276595,6.38,4.960759493670886,178.0,178.0,6.38,6.38,Iowa Cubs,statsapi,False
mlbam-680691,Justin Jarvis,2025,AAA,Oklahoma City Comets,pitcher,25.0,55.0,13.0,10.0,0.152,0.136,0.06349206349206349,6.38,4.681818181818182,125.0,125.0,6.38,6.38,Oklahoma City Comets,statsapi,False
mlbam-695534,Chase Petty,2025,AAA,Louisville Bats,pitcher,22.0,112.66666666666667,26.0,26.0,0.19615384615384615,0.11153846153846154,0.14166666666666666,6.39,4.901775147928994,260.0,260.0,6.39,6.39,Louisville Bats,statsapi,False
mlbam-690928,Hunter Dobbins,2025,AAA,Worcester Red Sox,pitcher,26.0,12.666666666666666,3.0,1.0,0.1320754716981132,0.11320754716981132,0.21052631578947367,6.39,7.521052631578948,26.5,26.5,6.39,6.39,Worcester Red Sox,statsapi,False
mlbam-814305,Yunior Tur,2025,AAA,Las Vegas Aviators,pitcher,26.0,12.666666666666666,5.0,3.0,0.24074074074074073,0.1111111111111111,0.06666666666666667,6.39,3.7315789473684213,27.0,27.0,6.39,6.39,Las Vegas Aviators,statsapi,False
mlbam-691008,Max Rajcic,2025,AAA,Memphis Redbirds,pitcher,24.0,45.0,11.0,11.0,0.12669683257918551,0.12217194570135746,0.15151515151515152,6.4,6.877777777777778,110.5,110.5,6.4,6.4,Memphis Redbirds,statsapi,False
mlbam-605138,Wes Benjamin,2025,AAA,El Paso Chihuahuas,pitcher,32.0,108.0,28.0,22.0,0.176,0.098,0.12030075187969924,6.42,4.951851851851852,250.0,250.0,6.42,6.42,El Paso Chihuahuas,statsapi,False
mlbam-694887,Tyler Schoff,2025,AAA,Rochester Red Wings,pitcher,27.0,7.0,5.0,0.0,0.2903225806451613,0.0967741935483871,0.2,6.43,5.5285714285714285,15.5,15.5,6.43,6.43,Rochester Red Wings,statsapi,False
mlbam-676666,Matt Turner,2025,AAA,Albuquerque Isotopes,pitcher,26.0,44.666666666666664,31.0,4.0,0.19718309859154928,0.12206572769953052,0.10344827586206896,6.45,4.174626865671642,106.5,106.5,6.45,6.45,Albuquerque Isotopes,statsapi,False
mlbam-695038,Sean Hunley,2025,AAA,Durham Bulls,pitcher,26.0,30.666666666666668,15.0,0.0,0.14788732394366197,0.1267605633802817,0.1111111111111111,6.46,5.806521739130435,71.0,71.0,6.46,6.46,Durham Bulls,statsapi,False
mlbam-814005,Jake Bloss,2025,AAA,Buffalo Bisons,pitcher,24.0,23.666666666666668,6.0,6.0,0.20869565217391303,0.11304347826086956,0.11538461538461539,6.46,4.367605633802817,57.5,57.5,6.46,6.46,Buffalo Bisons,statsapi,False
mlbam-684946,Nick Fraze,2025,AAA,Tacoma Rainiers,pitcher,28.0,23.666666666666668,6.0,6.0,0.21100917431192662,0.11926605504587157,0.15384615384615385,6.46,5.381690140845071,54.5,54.5,6.46,6.46,Tacoma Rainiers,statsapi,False
mlbam-801517,Spencer Giesting,2025,AAA,Reno Aces,pitcher,24.0,79.33333333333333,17.0,17.0,0.19302949061662197,0.12064343163538874,0.1276595744680851,6.47,5.3310924369747905,186.5,186.5,6.47,6.47,Reno Aces,statsapi,False
mlbam-695445,Chase Lee,2025,AAA,Toledo Mud Hens,pitcher,27.0,32.0,23.0,0.0,0.2814814814814815,0.07407407407407407,0.12903225806451613,6.47,3.38125,67.5,67.5,6.47,6.47,Toledo Mud Hens,statsapi,False
mlbam-686642,Fraser Ellard,2025,AAA,Charlotte Knights,pitcher,28.0,25.0,23.0,0.0,0.2809917355371901,0.14049586776859505,0.21052631578947367,6.48,4.86,60.5,60.5,6.48,6.48,Charlotte Knights,statsapi,False
mlbam-676265,Cory Abbott,2025,AAA,Round Rock Express,pitcher,30.0,76.33333333333333,20.0,17.0,0.2622478386167147,0.10951008645533142,0.12087912087912088,6.48,4.200436681222707,173.5,173.5,6.48,6.48,Round Rock Express,statsapi,False
mlbam-679758,Leonardo Pestana,2025,AAA,Scranton/Wilkes-Barre RailRiders,pitcher,27.0,43.0,33.0,1.0,0.24623115577889448,0.1708542713567839,0.23255813953488372,6.49,6.565116279069768,99.5,99.5,6.49,6.49,Scranton/Wilkes-Barre RailRiders,statsapi,False
mlbam-681077,Michael Knorr,2025,AAA,Sugar Land Space Cowboys,pitcher,25.0,27.666666666666668,27.0,1.0,0.23846153846153847,0.1076923076923077,0.13157894736842105,6.51,4.943373493975903,65.0,65.0,6.51,6.51,Sugar Land Space Cowboys,statsapi,False
mlbam-676881,Garrett Schoenle,2025,AAA,Charlotte Knights,pitcher,27.0,27.666666666666668,22.0,0.0,0.15789473684210525,0.11278195488721804,0.125,6.51,5.774698795180723,66.5,66.5,6.51,6.51,Charlotte Knights,statsapi,False
mlbam-678394,Brayan Bello,2025,AAA,Worcester Red Sox,pitcher,26.0,9.666666666666666,3.0,3.0,0.3181818181818182,0.06818181818181818,0.0,6.52,1.1344827586206896,22.0,22.0,6.52,6.52,Worcester Red Sox,statsapi,False
mlbam-662914,Ryan Shreve,2025,AAA,Durham Bulls,pitcher,27.0,29.0,15.0,1.0,0.15328467153284672,0.10218978102189781,0.1891891891891892,6.52,6.444827586206896,68.5,68.5,6.52,6.52,Durham Bulls,statsapi,False
mlbam-702910,Jhancarlos Lara,2025,AAA,Gwinnett Stripers,pitcher,22.0,51.0,28.0,9.0,0.33766233766233766,0.19913419913419914,0.11764705882352941,6.53,4.17843137254902,115.5,115.5,6.53,6.53,Gwinnett Stripers,statsapi,False
mlbam-641771,Chad Kuhl,2025,AAA,Gwinnett Stripers,pitcher,33.0,22.0,7.0,3.0,0.17142857142857143,0.11428571428571428,0.06666666666666667,6.55,4.554545454545455,52.5,52.5,6.55,6.55,Gwinnett Stripers,statsapi,False
mlbam-691032,Luis Moreno,2025,AAA,Syracuse Mets,pitcher,26.0,26.0,10.0,1.0,0.21487603305785125,0.1487603305785124,0.10344827586206896,6.58,4.792307692307692,60.5,60.5,6.58,6.58,Syracuse Mets,statsapi,False
mlbam-669283,Drew Parrish,2025,AAA,Louisville Bats,pitcher,28.0,26.0,9.0,8.0,0.12195121951219512,0.11382113821138211,0.13333333333333333,6.58,6.561538461538461,61.5,61.5,6.58,6.58,Louisville Bats,statsapi,False
mlbam-671109,Jake Eder,2025,AAA,Rochester Red Wings,pitcher,27.0,68.33333333333333,15.0,15.0,0.19741100323624594,0.06472491909385113,0.16853932584269662,6.59,5.178048780487805,154.5,154.5,6.59,6.59,Rochester Red Wings,statsapi,False
mlbam-672712,Luis Palacios,2025,AAA,Jacksonville Jumbo Shrimp,pitcher,25.0,13.666666666666666,6.0,2.0,0.08450704225352113,0.16901408450704225,0.047619047619047616,6.59,5.587804878048781,35.5,35.5,6.59,6.59,Jacksonville Jumbo Shrimp,statsapi,False
mlbam-683627,Anthony Molina,2025,AAA,Albuquerque Isotopes,pitcher,23.0,69.66666666666667,15.0,15.0,0.1504424778761062,0.08849557522123894,0.1111111111111111,6.59,4.650239234449761,169.5,169.5,6.59,6.59,Albuquerque Isotopes,statsapi,False
mlbam-676275,Blake Beers,2025,AAA,Las Vegas Aviators,pitcher,27.0,28.666666666666668,12.0,5.0,0.23529411764705882,0.07352941176470588,0.16666666666666666,6.59,4.844186046511628,68.0,68.0,6.59,6.59,Las Vegas Aviators,statsapi,False
mlbam-686754,Ryan Jensen,2025,AAA,St. Paul Saints,pitcher,28.0,28.666666666666668,21.0,1.0,0.2826086956521739,0.18840579710144928,0.2222222222222222,6.59,5.018604651162791,69.0,69.0,6.59,6.59,St. Paul Saints,statsapi,False
mlbam-656731,Tylor Megill,2025,AAA,Syracuse Mets,pitcher,30.0,15.0,4.0,4.0,0.22857142857142856,0.12857142857142856,0.13333333333333333,6.6,4.9,35.0,35.0,6.6,6.6,Syracuse Mets,statsapi,False
mlbam-678576,Wilkin Ramos,2025,AAA,Indianapolis Indians,pitcher,25.0,15.0,12.0,1.0,0.22727272727272727,0.07575757575757576,0.06666666666666667,6.6,3.3666666666666667,33.0,33.0,6.6,6.6,Indianapolis Indians,statsapi,False
mlbam-670234,Seth Shuman,2025,AAA,Rochester Red Wings,pitcher,28.0,91.33333333333333,31.0,14.0,0.2025,0.0525,0.16535433070866143,6.6,5.169343065693431,200.0,200.0,6.6,6.6,Rochester Red Wings,statsapi,False
mlbam-687863,Porter Hodge,2025,AAA,Iowa Cubs,pitcher,24.0,16.333333333333332,15.0,0.0,0.33766233766233766,0.19480519480519481,0.1,6.61,3.4673469387755103,38.5,38.5,6.61,6.61,Iowa Cubs,statsapi,False
mlbam-801179,Yu-Min Lin,2025,AAA,Reno Aces,pitcher,22.0,101.66666666666667,23.0,23.0,0.17671517671517672,0.12474012474012475,0.18181818181818182,6.64,5.70655737704918,240.5,240.5,6.64,6.64,Reno Aces,statsapi,False
mlbam-672405,Leonardo Taveras,2025,AAA,Memphis Redbirds,pitcher,27.0,21.666666666666668,13.0,3.0,0.19607843137254902,0.20588235294117646,0.08333333333333333,6.65,5.638461538461538,51.0,51.0,6.65,6.65,Memphis Redbirds,statsapi,False
mlbam-804619,John Klein,2025,AAA,St. Paul Saints,pitcher,23.0,25.666666666666668,7.0,4.0,0.28205128205128205,0.1111111111111111,0.03571428571428571,6.66,2.9051948051948053,58.5,58.5,6.66,6.66,St. Paul Saints,statsapi,False
mlbam-689017,Landon Knack,2025,AAA,Oklahoma City Comets,pitcher,28.0,102.66666666666667,21.0,18.0,0.2052401746724891,0.12008733624454149,0.11194029850746269,6.66,4.804545454545455,229.0,229.0,6.66,6.66,Oklahoma City Comets,statsapi,False
mlbam-681007,Jack Cushing,2025,AAA,Las Vegas Aviators,pitcher,29.0,79.66666666666667,38.0,6.0,0.22802197802197802,0.07967032967032966,0.19387755102040816,6.67,5.321757322175732,182.0,182.0,6.67,6.67,Las Vegas Aviators,statsapi,False
mlbam-605507,Zach Thompson,2025,AAA,Gwinnett Stripers,pitcher,32.0,27.0,12.0,5.0,0.1349206349206349,0.14285714285714285,0.10344827586206896,6.67,5.396296296296296,63.0,63.0,6.67,6.67,Gwinnett Stripers,statsapi,False
mlbam-663362,Matt Waldron,2025,AAA,El Paso Chihuahuas,pitcher,29.0,82.33333333333333,18.0,18.0,0.20652173913043478,0.07065217391304347,0.102803738317757,6.67,4.120242914979757,184.0,184.0,6.67,6.67,El Paso Chihuahuas,statsapi,False
mlbam-641712,Dakota Hudson,2025,AAA,Salt Lake Bees,pitcher,31.0,136.0,28.0,24.0,0.13841368584758942,0.07931570762052877,0.1476510067114094,6.68,5.2176470588235295,321.5,321.5,6.68,6.68,Salt Lake Bees,statsapi,False
mlbam-600853,Jose Adames,2025,AAA,Worcester Red Sox,pitcher,32.0,35.0,30.0,0.0,0.2392638036809816,0.13496932515337423,0.16666666666666666,6.69,5.785714285714286,81.5,81.5,6.69,6.69,Worcester Red Sox,statsapi,False
mlbam-687836,Jason Blanchard,2025,AAA,El Paso Chihuahuas,pitcher,28.0,43.0,32.0,1.0,0.22564102564102564,0.1282051282051282,0.12195121951219512,6.7,4.518604651162791,97.5,97.5,6.7,6.7,El Paso Chihuahuas,statsapi,False
mlbam-674265,Kevin Abel,2025,AAA,Louisville Bats,pitcher,26.0,4.0,1.0,1.0,0.3,0.15,0.25,6.75,5.6,10.0,10.0,6.75,6.75,Louisville Bats,statsapi,False
mlbam-641427,Alan Busenitz,2025,AAA,Louisville Bats,pitcher,35.0,25.333333333333332,18.0,0.0,0.1875,0.07142857142857142,0.28125,6.75,7.126315789473685,56.0,56.0,6.75,6.75,Louisville Bats,statsapi,False
mlbam-663536,Tristin English,2025,AAA,Reno Aces,pitcher,28.0,1.3333333333333333,2.0,0.0,0.16666666666666666,0.16666666666666666,0.0,6.75,3.85,3.0,3.0,6.75,6.75,Reno Aces,statsapi,False
mlbam-656464,Kevin Ginkel,2025,AAA,Reno Aces,pitcher,31.0,4.0,6.0,0.0,0.2,0.28,0.14285714285714285,6.75,9.1,12.5,12.5,6.75,6.75,Reno Aces,statsapi,False
mlbam-682132,Brendan Hardy,2025,AAA,Albuquerque Isotopes,pitcher,26.0,1.3333333333333333,2.0,0.0,0.1111111111111111,0.4444444444444444,0.25,6.75,20.35,4.5,4.5,6.75,6.75,Albuquerque Isotopes,statsapi,False
mlbam-699489,Brandon Johnson,2025,AAA,Omaha Storm Chasers,pitcher,26.0,49.333333333333336,37.0,2.0,0.20175438596491227,0.10526315789473684,0.19480519480519481,6.75,6.951351351351351,114.0,114.0,6.75,6.75,Omaha Storm Chasers,statsapi,False
mlbam-694680,Trevor Martin,2025,AAA,Durham Bulls,pitcher,25.0,4.0,3.0,0.0,0.3888888888888889,0.05555555555555555,0.5,6.75,3.6,9.0,9.0,6.75,6.75,Durham Bulls,statsapi,False
mlbam-695294,Tommy McCollum,2025,AAA,Lehigh Valley IronPigs,pitcher,26.0,2.6666666666666665,3.0,0.0,0.06666666666666667,0.13333333333333333,0.0,6.75,4.6,7.5,7.5,6.75,6.75,Lehigh Valley IronPigs,statsapi,False
mlbam-527048,Martín Pérez,2025,AAA,Charlotte Knights,pitcher,34.0,2.6666666666666665,1.0,1.0,0.25,0.0,0.3333333333333333,6.75,5.725,6.0,6.0,6.75,6.75,Charlotte Knights,statsapi,False
mlbam-683770,Will Robertson,2025,AAA,Buffalo Bisons,pitcher,28.0,1.3333333333333333,2.0,0.0,0.0,0.16666666666666666,0.2,6.75,15.1,3.0,3.0,6.75,6.75,Buffalo Bisons,statsapi,False
mlbam-660781,Domingo Robles,2025,AAA,Las Vegas Aviators,pitcher,27.0,1.3333333333333333,1.0,0.0,0.14285714285714285,0.2857142857142857,0.3333333333333333,6.75,15.85,3.5,3.5,6.75,6.75,Las Vegas Aviators,statsapi,False
mlbam-655889,Manuel Rodríguez,2025,AAA,Durham Bulls,pitcher,29.0,1.3333333333333333,2.0,0.0,0.2,0.0,0.0,6.75,1.6,2.5,2.5,6.75,6.75,Durham Bulls,statsapi,False
mlbam-663378,Thomas Szapucki,2025,AAA,Toledo Mud Hens,pitcher,29.0,1.3333333333333333,2.0,0.0,0.25,0.125,0.12,6.75,2.35,4.0,4.0,6.75,6.75,Toledo Mud Hens,statsapi,False
mlbam-678758,Alfred Vega,2025,AAA,Syracuse Mets,pitcher,24.0,1.3333333333333333,1.0,0.0,0.125,0.125,0.0,6.75,6.1,4.0,4.0,6.75,6.75,Syracuse Mets,statsapi,False
mlbam-677352,Chase Watkins,2025,AAA,Iowa Cubs,pitcher,26.0,1.3333333333333333,1.0,0.0,0.375,0.375,0.0,6.75,7.6,4.0,4.0,6.75,6.75,Iowa Cubs,statsapi,False
mlbam-606930,Jacob Barnes,2025,AAA,Buffalo Bisons,pitcher,35.0,25.0,22.0,0.0,0.16806722689075632,0.10084033613445378,0.1724137931034483,6.84,5.54,59.5,59.5,6.84,6.84,Buffalo Bisons,statsapi,False
mlbam-683618,Edgardo Henriquez,2025,AAA,Oklahoma City Comets,pitcher,23.0,23.666666666666668,22.0,2.0,0.3076923076923077,0.11965811965811966,0.13636363636363635,6.85,3.86056338028169,58.5,58.5,6.85,6.85,Oklahoma City Comets,statsapi,False
mlbam-672335,Cionel Pérez,2025,AAA,Norfolk Tides,pitcher,29.0,22.333333333333332,21.0,0.0,0.20353982300884957,0.168141592920354,0.058823529411764705,6.85,4.308955223880597,56.5,56.5,6.85,6.85,Norfolk Tides,statsapi,False
mlbam-700187,Troy Taylor,2025,AAA,Tacoma Rainiers,pitcher,24.0,44.666666666666664,50.0,0.0,0.25961538461538464,0.13942307692307693,0.20588235294117646,6.85,4.86865671641791,104.0,104.0,6.85,6.85,Tacoma Rainiers,statsapi,False
mlbam-694360,Beck Way,2025,AAA,Omaha Storm Chasers,pitcher,26.0,38.0,23.0,0.0,0.1340782122905028,0.1452513966480447,0.15555555555555556,6.87,6.836842105263158,89.5,89.5,6.87,6.87,Omaha Storm Chasers,statsapi,False
mlbam-702153,Brian Fitzpatrick,2025,AAA,Nashville Sounds,pitcher,25.0,18.333333333333332,13.0,0.0,0.21176470588235294,0.16470588235294117,0.0,6.87,3.754545454545455,42.5,42.5,6.87,6.87,Nashville Sounds,statsapi,False
mlbam-676546,Michael Gomez,2025,AAA,Memphis Redbirds,pitcher,29.0,34.0,23.0,2.0,0.18518518518518517,0.1419753086419753,0.1282051282051282,6.88,5.982352941176471,81.0,81.0,6.88,6.88,Memphis Redbirds,statsapi,False
mlbam-676768,Andrew Quezada,2025,AAA,Albuquerque Isotopes,pitcher,28.0,91.33333333333333,27.0,18.0,0.1282051282051282,0.09090909090909091,0.17073170731707318,6.9,5.3007299270073,214.5,214.5,6.9,6.9,Albuquerque Isotopes,statsapi,False
mlbam-702065,Aaron Rozek,2025,AAA,St. Paul Saints,pitcher,30.0,30.0,13.0,2.0,0.16083916083916083,0.11888111888111888,0.17142857142857143,6.9,6.066666666666666,71.5,71.5,6.9,6.9,St. Paul Saints,statsapi,False
mlbam-672552,Jack O'Loughlin,2025,AAA,Albuquerque Isotopes,pitcher,25.0,41.666666666666664,17.0,10.0,0.1339712918660287,0.1722488038277512,0.11864406779661017,6.91,6.748,104.5,104.5,6.91,6.91,Albuquerque Isotopes,statsapi,False
mlbam-695001,Alimber Santa,2025,AAA,Sugar Land Space Cowboys,pitcher,22.0,13.0,15.0,0.0,0.27941176470588236,0.23529411764705882,0.0,6.92,4.330769230769231,34.0,34.0,6.92,6.92,Sugar Land Space Cowboys,statsapi,False
mlbam-592254,José De León,2025,AAA,Worcester Red Sox,pitcher,33.0,75.33333333333333,22.0,13.0,0.24585635359116023,0.143646408839779,0.16666666666666666,6.93,5.967256637168141,181.0,181.0,6.93,6.93,Worcester Red Sox,statsapi,False
mlbam-686651,Levi Stoudt,2025,AAA,Norfolk Tides,pitcher,28.0,24.666666666666668,18.0,0.0,0.15315315315315314,0.12612612612612611,0.09375,6.93,5.005405405405405,55.5,55.5,6.93,6.93,Norfolk Tides,statsapi,False
mlbam-694363,Jared Shuster,2025,AAA,Las Vegas Aviators,pitcher,27.0,35.0,26.0,0.0,0.16666666666666666,0.08333333333333333,0.16216216216216217,6.94,5.1,84.0,84.0,6.94,6.94,Las Vegas Aviators,statsapi,False
mlbam-800067,Jose Fleury,2025,AAA,Sugar Land Space Cowboys,pitcher,23.0,45.333333333333336,13.0,9.0,0.20398009950248755,0.12935323383084577,0.1774193548387097,6.95,6.166176470588235,100.5,100.5,6.95,6.95,Sugar Land Space Cowboys,statsapi,False
mlbam-668970,Gavin Hollowell,2025,AAA,Iowa Cubs,pitcher,28.0,32.333333333333336,30.0,0.0,0.2974683544303797,0.1518987341772152,0.1935483870967742,6.96,5.017525773195876,79.0,79.0,6.96,6.96,Iowa Cubs,statsapi,False
mlbam-683409,Angel Chivilli,2025,AAA,Albuquerque Isotopes,pitcher,23.0,9.0,10.0,0.0,0.2631578947368421,0.05263157894736842,0.0,7.0,1.5444444444444445,19.0,19.0,7.0,7.0,Albuquerque Isotopes,statsapi,False
mlbam-687066,Eric Yang,2025,AAA,Louisville Bats,pitcher,27.0,9.0,8.0,0.0,0.0,0.13333333333333333,0.11538461538461539,7.0,9.433333333333334,22.5,22.5,7.0,7.0,Louisville Bats,statsapi,False
mlbam-801403,Chase Dollander,2025,AAA,Albuquerque Isotopes,pitcher,24.0,15.333333333333334,4.0,4.0,0.2328767123287671,0.136986301369863,0.07142857142857142,7.04,3.882608695652174,36.5,36.5,7.04,7.04,Albuquerque Isotopes,statsapi,False
mlbam-571670,Dylan Floro,2025,AAA,Las Vegas Aviators,pitcher,35.0,15.333333333333334,16.0,0.0,0.17142857142857143,0.07142857142857142,0.2,7.04,5.056521739130435,35.0,35.0,7.04,7.04,Las Vegas Aviators,statsapi,False
mlbam-815148,Nestor German,2025,AAA,Norfolk Tides,pitcher,23.0,7.666666666666667,2.0,2.0,0.2777777777777778,0.1111111111111111,0.3,7.04,7.143478260869566,18.0,18.0,7.04,7.04,Norfolk Tides,statsapi,False
mlbam-661563,Luis Gil,2025,AAA,Scranton/Wilkes-Barre RailRiders,pitcher,27.0,7.666666666666667,2.0,2.0,0.3142857142857143,0.11428571428571428,0.25,7.04,5.578260869565217,17.5,17.5,7.04,7.04,Scranton/Wilkes-Barre RailRiders,statsapi,False
mlbam-690148,Chris Kachmar,2025,AAA,Iowa Cubs,pitcher,29.0,38.333333333333336,9.0,9.0,0.2640449438202247,0.16292134831460675,0.13725490196078433,7.04,5.447826086956521,89.0,89.0,7.04,7.04,Iowa Cubs,statsapi,False
mlbam-656887,Sean Reid-Foley,2025,AAA,Reno Aces,pitcher,30.0,28.0,31.0,0.0,0.2549019607843137,0.21568627450980393,0.18518518518518517,7.07,6.385714285714286,76.5,76.5,7.07,7.07,Reno Aces,statsapi,False
mlbam-670810,Logan Gillaspie,2025,AAA,El Paso Chihuahuas,pitcher,28.0,54.666666666666664,18.0,13.0,0.17716535433070865,0.08267716535433071,0.13043478260869565,7.08,4.85609756097561,127.0,127.0,7.08,7.08,El Paso Chihuahuas,statsapi,False
mlbam-572143,Burch Smith,2025,AAA,Indianapolis Indians,pitcher,35.0,20.333333333333332,19.0,0.0,0.2653061224489796,0.12244897959183673,0.19047619047619047,7.08,5.018032786885247,49.0,49.0,7.08,7.08,Indianapolis Indians,statsapi,False
mlbam-801682,Ryan Boyer,2025,AAA,Toledo Mud Hens,pitcher,28.0,6.333333333333333,4.0,0.0,0.21428571428571427,0.14285714285714285,0.25,7.11,8.784210526315789,14.0,14.0,7.11,7.11,Toledo Mud Hens,statsapi,False
mlbam-688427,Kolton Ingram,2025,AAA,Gwinnett Stripers,pitcher,29.0,6.333333333333333,5.0,0.0,0.26666666666666666,0.16666666666666666,0.0,7.11,2.942105263157895,15.0,15.0,7.11,7.11,Gwinnett Stripers,statsapi,False
mlbam-686753,Drey Jameson,2025,AAA,Reno Aces,pitcher,28.0,12.666666666666666,14.0,0.0,0.2878787878787879,0.12121212121212122,0.4,7.11,6.1,33.0,33.0,7.11,7.11,Reno Aces,statsapi,False
mlbam-668873,Caleb Kilian,2025,AAA,Iowa Cubs,pitcher,28.0,12.666666666666666,9.0,1.0,0.20634920634920634,0.14285714285714285,0.23076923076923078,7.11,6.257894736842106,31.5,31.5,7.11,7.11,Iowa Cubs,statsapi,False
mlbam-663629,Ethan Small,2025,AAA,Sacramento River Cats,pitcher,28.0,6.333333333333333,7.0,0.0,0.20689655172413793,0.1724137931034483,0.2222222222222222,7.11,7.678947368421053,14.5,14.5,7.11,7.11,Sacramento River Cats,statsapi,False
mlbam-656212,Charlie Barnes,2025,AAA,Louisville Bats,pitcher,30.0,24.0,6.0,6.0,0.23076923076923078,0.042735042735042736,0.17857142857142858,7.13,4.183333333333334,58.5,58.5,7.13,7.13,Louisville Bats,statsapi,False
mlbam-684442,Kohl Drake,2025,AAA,Reno Aces,pitcher,25.0,34.0,8.0,7.0,0.23076923076923078,0.08974358974358974,0.14705882352941177,7.15,4.2176470588235295,78.0,78.0,7.15,7.15,Reno Aces,statsapi,False
mlbam-685314,Andrew Saalfrank,2025,AAA,Reno Aces,pitcher,28.0,11.333333333333334,10.0,0.0,0.2857142857142857,0.22448979591836735,0.125,7.15,4.423529411764706,24.5,24.5,7.15,7.15,Reno Aces,statsapi,False
mlbam-621057,Justin Garza,2025,AAA,Syracuse Mets,pitcher,31.0,44.0,41.0,1.0,0.20408163265306123,0.08673469387755102,0.16,7.16,4.872727272727273,98.0,98.0,7.16,7.16,Syracuse Mets,statsapi,False
mlbam-701318,Ryan Cardona,2025,AAA,Louisville Bats,pitcher,25.0,5.0,2.0,1.0,0.13043478260869565,0.08695652173913043,0.25,7.2,8.9,11.5,11.5,7.2,7.2,Louisville Bats,statsapi,False
mlbam-669923,George Kirby,2025,AAA,Tacoma Rainiers,pitcher,27.0,10.0,3.0,3.0,0.28888888888888886,0.044444444444444446,0.3333333333333333,7.2,5.0,22.5,22.5,7.2,7.2,Tacoma Rainiers,statsapi,False
mlbam-681306,Christian MacLeod,2025,AAA,St. Paul Saints,pitcher,25.0,35.0,12.0,2.0,0.23563218390804597,0.14942528735632185,0.15555555555555556,7.2,5.757142857142857,87.0,87.0,7.2,7.2,St. Paul Saints,statsapi,False
mlbam-683264,Adam Maier,2025,AAA,Gwinnett Stripers,pitcher,24.0,5.0,1.0,1.0,0.25,0.1,0.3333333333333333,7.2,7.5,10.0,10.0,7.2,7.2,Gwinnett Stripers,statsapi,False
mlbam-695684,Elmer Rodríguez,2025,AAA,Scranton/Wilkes-Barre RailRiders,pitcher,22.0,5.0,1.0,1.0,0.13636363636363635,0.0,0.0,7.2,2.5,11.0,11.0,7.2,7.2,Scranton/Wilkes-Barre RailRiders,statsapi,False
mlbam-673394,Gabriel Yanez,2025,AAA,St. Paul Saints,pitcher,26.0,5.0,2.0,0.0,0.4,0.2,0.0,7.2,2.3,10.0,10.0,7.2,7.2,St. Paul Saints,statsapi,False
mlbam-687362,Connor Gillispie,2025,AAA,St. Paul Saints,pitcher,28.0,47.333333333333336,12.0,10.0,0.13333333333333333,0.11904761904761904,0.17333333333333334,7.23,7.325352112676056,105.0,105.0,7.23,7.23,St. Paul Saints,statsapi,False
mlbam-696070,Kendry Rojas,2025,AAA,St. Paul Saints,pitcher,23.0,32.333333333333336,9.0,9.0,0.2,0.14705882352941177,0.11904761904761904,7.24,5.605154639175257,85.0,85.0,7.24,7.24,St. Paul Saints,statsapi,False
mlbam-686839,Brendan White,2025,AAA,Toledo Mud Hens,pitcher,27.0,32.333333333333336,27.0,0.0,0.16981132075471697,0.1069182389937107,0.09375,7.24,4.5845360824742265,79.5,79.5,7.24,7.24,Toledo Mud Hens,statsapi,False
mlbam-683568,Jairo Iriarte,2025,AAA,Charlotte Knights,pitcher,24.0,46.0,35.0,5.0,0.21621621621621623,0.16666666666666666,0.2,7.24,6.1,111.0,111.0,7.24,7.24,Charlotte Knights,statsapi,False
mlbam-671305,Michel Otañez,2025,AAA,Las Vegas Aviators,pitcher,28.0,17.333333333333332,18.0,0.0,0.2988505747126437,0.19540229885057472,0.2,7.27,4.888461538461539,43.5,43.5,7.27,7.27,Las Vegas Aviators,statsapi,False
mlbam-675375,Cory Lewis,2025,AAA,St. Paul Saints,pitcher,25.0,73.0,24.0,11.0,0.23770491803278687,0.18579234972677597,0.1368421052631579,7.27,5.9082191780821915,183.0,183.0,7.27,7.27,St. Paul Saints,statsapi,False
mlbam-642376,Jefry Yan,2025,AAA,Albuquerque Isotopes,pitcher,29.0,29.666666666666668,27.0,1.0,0.3082191780821918,0.1506849315068493,0.19047619047619047,7.28,4.246067415730337,73.0,73.0,7.28,7.28,Albuquerque Isotopes,statsapi,False
mlbam-605121,Justin Anderson,2025,AAA,Charlotte Knights,pitcher,33.0,33.333333333333336,31.0,0.0,0.21341463414634146,0.16463414634146342,0.07142857142857142,7.29,4.84,82.0,82.0,7.29,7.29,Charlotte Knights,statsapi,False
mlbam-700370,Felipe De La Cruz,2025,AAA,Syracuse Mets,pitcher,24.0,24.666666666666668,15.0,2.0,0.27586206896551724,0.14655172413793102,0.16666666666666666,7.3,5.572972972972973,58.0,58.0,7.3,7.3,Syracuse Mets,statsapi,False
mlbam-667280,Andrew Misiaszek,2025,AAA,Columbus Clippers,pitcher,28.0,28.333333333333332,23.0,0.0,0.19424460431654678,0.12949640287769784,0.10810810810810811,7.31,5.147058823529412,69.5,69.5,7.31,7.31,Columbus Clippers,statsapi,False
mlbam-680743,Ryan Cusick,2025,AAA,Lehigh Valley IronPigs,pitcher,26.0,43.0,33.0,4.0,0.23115577889447236,0.1407035175879397,0.25,7.33,6.076744186046511,99.5,99.5,7.33,7.33,Lehigh Valley IronPigs,statsapi,False
mlbam-669081,Jack Dashwood,2025,AAA,Salt Lake Bees,pitcher,28.0,54.0,48.0,2.0,0.21374045801526717,0.09541984732824428,0.1388888888888889,7.33,4.822222222222223,131.0,131.0,7.33,7.33,Salt Lake Bees,statsapi,False
mlbam-657053,Touki Toussaint,2025,AAA,Salt Lake Bees,pitcher,29.0,68.66666666666667,24.0,4.0,0.2188449848024316,0.1580547112462006,0.16923076923076924,7.34,5.575728155339806,164.5,164.5,7.34,7.34,Salt Lake Bees,statsapi,False
mlbam-664691,Garvin Alston,2025,AAA,Rochester Red Wings,pitcher,28.0,11.0,7.0,0.0,0.11864406779661017,0.15254237288135594,0.0,7.36,4.281818181818182,29.5,29.5,7.36,7.36,Rochester Red Wings,statsapi,False
mlbam-592155,Cam Booser,2025,AAA,Charlotte Knights,pitcher,33.0,14.666666666666666,16.0,0.0,0.3116883116883117,0.12987012987012986,0.35714285714285715,7.36,6.713636363636364,38.5,38.5,7.36,7.36,Charlotte Knights,statsapi,False
mlbam-668881,Hunter Greene,2025,AAA,Louisville Bats,pitcher,26.0,11.0,3.0,3.0,0.4166666666666667,0.08333333333333333,0.36363636363636365,7.36,5.281818181818181,24.0,24.0,7.36,7.36,Louisville Bats,statsapi,False
mlbam-691828,Sem Robberse,2025,AAA,Memphis Redbirds,pitcher,24.0,14.666666666666666,4.0,4.0,0.24675324675324675,0.1038961038961039,0.16666666666666666,7.36,4.122727272727273,38.5,38.5,7.36,7.36,Memphis Redbirds,statsapi,False
mlbam-519326,Hunter Strickland,2025,AAA,Salt Lake Bees,pitcher,37.0,18.333333333333332,15.0,0.0,0.20238095238095238,0.13095238095238096,0.19047619047619047,7.36,5.718181818181819,42.0,42.0,7.36,7.36,Salt Lake Bees,statsapi,False
mlbam-685461,Cesar Gomez,2025,AAA,Reno Aces,pitcher,27.0,26.666666666666668,11.0,4.0,0.168,0.104,0.16666666666666666,7.43,6.025,62.5,62.5,7.43,7.43,Reno Aces,statsapi,False
mlbam-829460,Koyo Aoyagi,2025,AAA,Lehigh Valley IronPigs,pitcher,32.0,19.333333333333332,19.0,2.0,0.1509433962264151,0.2169811320754717,0.09090909090909091,7.45,6.979310344827587,53.0,53.0,7.45,7.45,Lehigh Valley IronPigs,statsapi,False
mlbam-680451,Mason Erla,2025,AAA,Salt Lake Bees,pitcher,28.0,21.666666666666668,10.0,1.0,0.14953271028037382,0.12149532710280374,0.23809523809523808,7.48,6.561538461538461,53.5,53.5,7.48,7.48,Salt Lake Bees,statsapi,False
mlbam-687145,Evan Justice,2025,AAA,Albuquerque Isotopes,pitcher,27.0,30.0,25.0,1.0,0.18620689655172415,0.1793103448275862,0.16666666666666666,7.5,6.6,72.5,72.5,7.5,7.5,Albuquerque Isotopes,statsapi,False
mlbam-805437,Ryan Middendorf,2025,AAA,Nashville Sounds,pitcher,28.0,12.0,14.0,0.0,0.13333333333333333,0.13333333333333333,0.0,7.5,4.016666666666667,30.0,30.0,7.5,7.5,Nashville Sounds,statsapi,False
mlbam-656981,Peter Solomon,2025,AAA,Iowa Cubs,pitcher,29.0,18.0,6.0,6.0,0.25,0.125,0.16666666666666666,7.5,4.655555555555556,44.0,44.0,7.5,7.5,Iowa Cubs,statsapi,False
mlbam-806337,Jarret Whorff,2025,AAA,St. Paul Saints,pitcher,27.0,45.333333333333336,27.0,0.0,0.22897196261682243,0.09813084112149532,0.13725490196078433,7.54,4.533823529411765,107.0,107.0,7.54,7.54,St. Paul Saints,statsapi,False
mlbam-686599,Kyle Brnovich,2025,AAA,Albuquerque Isotopes,pitcher,28.0,79.66666666666667,22.0,18.0,0.2222222222222222,0.12962962962962962,0.14285714285714285,7.57,5.547698744769875,189.0,189.0,7.57,7.57,Albuquerque Isotopes,statsapi,False
mlbam-656458,Lucas Gilbreath,2025,AAA,Albuquerque Isotopes,pitcher,29.0,42.666666666666664,43.0,0.0,0.19306930693069307,0.14356435643564355,0.140625,7.59,6.1234375,101.0,101.0,7.59,7.59,Albuquerque Isotopes,statsapi,False
mlbam-689818,David Sandlin,2025,AAA,Worcester Red Sox,pitcher,24.0,23.666666666666668,15.0,1.0,0.17647058823529413,0.1092436974789916,0.09090909090909091,7.61,4.874647887323944,59.5,59.5,7.61,7.61,Worcester Red Sox,statsapi,False
mlbam-674114,Ryan Garcia,2025,AAA,Round Rock Express,pitcher,27.0,55.333333333333336,27.0,6.0,0.21839080459770116,0.16475095785440613,0.1875,7.64,6.895180722891566,130.5,130.5,7.64,7.64,Round Rock Express,statsapi,False
mlbam-670109,Jacob Bosiokovic,2025,AAA,St. Paul Saints,pitcher,32.0,22.333333333333332,19.0,0.0,0.23853211009174313,0.1743119266055046,0.20833333333333334,7.66,6.771641791044777,54.5,54.5,7.66,7.66,St. Paul Saints,statsapi,False
mlbam-668676,Zach Plesac,2025,AAA,Memphis Redbirds,pitcher,30.0,58.666666666666664,15.0,14.0,0.17537313432835822,0.11567164179104478,0.17567567567567569,7.67,5.963636363636364,134.0,134.0,7.67,7.67,Memphis Redbirds,statsapi,False
mlbam-672629,Gerardo Carrillo,2025,AAA,Round Rock Express,pitcher,27.0,2.3333333333333335,2.0,0.0,0.25,0.0,0.0,7.71,1.8142857142857145,6.0,6.0,7.71,7.71,Round Rock Express,statsapi,False
mlbam-689441,Coleman Crow,2025,AAA,Nashville Sounds,pitcher,25.0,7.0,2.0,2.0,0.36363636363636365,0.12121212121212122,0.2,7.71,3.242857142857143,16.5,16.5,7.71,7.71,Nashville Sounds,statsapi,False
mlbam-641682,Ryan Hendrix,2025,AAA,Omaha Storm Chasers,pitcher,31.0,37.333333333333336,30.0,0.0,0.2751322751322751,0.15343915343915343,0.15384615384615385,7.71,4.760714285714286,94.5,94.5,7.71,7.71,Omaha Storm Chasers,statsapi,False
mlbam-592426,Luke Jackson,2025,AAA,Tacoma Rainiers,pitcher,34.0,2.3333333333333335,3.0,0.0,0.3333333333333333,0.0,0.0,7.71,-0.3285714285714283,6.0,6.0,7.71,7.71,Tacoma Rainiers,statsapi,False
mlbam-668820,Max Kranick,2025,AAA,Syracuse Mets,pitcher,28.0,2.3333333333333335,2.0,0.0,0.45454545454545453,0.0,0.3333333333333333,7.71,4.385714285714286,5.5,5.5,7.71,7.71,Syracuse Mets,statsapi,False
mlbam-689242,Nick Krauth,2025,AAA,Round Rock Express,pitcher,26.0,7.0,5.0,0.0,0.17647058823529413,0.08823529411764706,0.14285714285714285,7.71,4.5285714285714285,17.0,17.0,7.71,7.71,Round Rock Express,statsapi,False
mlbam-663474,Triston McKenzie,2025,AAA,Columbus Clippers,pitcher,28.0,7.0,8.0,0.0,0.2558139534883721,0.3953488372093023,0.0,7.71,7.671428571428571,21.5,21.5,7.71,7.71,Columbus Clippers,statsapi,False
mlbam-663944,Cody Roberts,2025,AAA,El Paso Chihuahuas,pitcher,29.0,2.3333333333333335,2.0,0.0,0.08333333333333333,0.16666666666666666,0.16666666666666666,7.71,10.385714285714286,6.0,6.0,7.71,7.71,El Paso Chihuahuas,statsapi,False
mlbam-695049,Brett Kerry,2025,AAA,Salt Lake Bees,pitcher,26.0,108.0,21.0,19.0,0.1656441717791411,0.081799591002045,0.15789473684210525,7.75,6.1,244.5,244.5,7.75,7.75,Salt Lake Bees,statsapi,False
mlbam-695476,Mason Albright,2025,AAA,Albuquerque Isotopes,pitcher,23.0,85.33333333333333,21.0,19.0,0.16049382716049382,0.08641975308641975,0.22580645161290322,7.8,7.14296875,202.5,202.5,7.8,7.8,Albuquerque Isotopes,statsapi,False
mlbam-680732,Sean Burke,2025,AAA,Charlotte Knights,pitcher,26.0,12.666666666666666,3.0,3.0,0.2542372881355932,0.0847457627118644,0.21428571428571427,7.82,4.994736842105263,29.5,29.5,7.82,7.82,Charlotte Knights,statsapi,False
mlbam-687095,Jake Rice,2025,AAA,Reno Aces,pitcher,28.0,54.0,46.0,0.0,0.1918819188191882,0.2029520295202952,0.13043478260869565,7.83,6.507407407407408,135.5,135.5,7.83,7.83,Reno Aces,statsapi,False
mlbam-669441,Chandler Champlain,2025,AAA,Omaha Storm Chasers,pitcher,26.0,119.33333333333333,29.0,25.0,0.17699115044247787,0.09026548672566372,0.13333333333333333,7.84,5.0608938547486035,282.5,282.5,7.84,7.84,Omaha Storm Chasers,statsapi,False
mlbam-680916,Franco Aleman,2025,AAA,Columbus Clippers,pitcher,25.0,36.666666666666664,37.0,0.0,0.32571428571428573,0.14285714285714285,0.11764705882352941,7.85,3.5363636363636366,87.5,87.5,7.85,7.85,Columbus Clippers,statsapi,False
mlbam-663989,Nick Vespi,2025,AAA,Lehigh Valley IronPigs,pitcher,30.0,18.333333333333332,20.0,0.0,0.14772727272727273,0.17045454545454544,0.2,7.85,6.427272727272728,44.0,44.0,7.85,7.85,Lehigh Valley IronPigs,statsapi,False
mlbam-687547,Ryan Ramsey,2025,AAA,Omaha Storm Chasers,pitcher,24.0,8.0,2.0,2.0,0.14285714285714285,0.16666666666666666,0.09090909090909091,7.88,6.6,21.0,21.0,7.88,7.88,Omaha Storm Chasers,statsapi,False
mlbam-676454,Brendan Cellucci,2025,AAA,Worcester Red Sox,pitcher,27.0,27.333333333333332,17.0,0.0,0.2391304347826087,0.16666666666666666,0.17647058823529413,7.9,4.965853658536585,69.0,69.0,7.9,7.9,Worcester Red Sox,statsapi,False
mlbam-663541,Tanner Dodson,2025,AAA,Las Vegas Aviators,pitcher,28.0,41.0,34.0,1.0,0.16494845360824742,0.12371134020618557,0.15151515151515152,7.9,5.1,97.0,97.0,7.9,7.9,Las Vegas Aviators,statsapi,False
mlbam-622694,Elieser Hernández,2025,AAA,Buffalo Bisons,pitcher,30.0,19.333333333333332,4.0,4.0,0.18518518518518517,0.08641975308641975,0.034482758620689655,7.91,3.306896551724138,40.5,40.5,7.91,7.91,Buffalo Bisons,statsapi,False
mlbam-805326,Tyler Schweitzer,2025,AAA,Charlotte Knights,pitcher,25.0,50.0,15.0,10.0,0.16595744680851063,0.11063829787234042,0.21666666666666667,7.92,6.48,117.5,117.5,7.92,7.92,Charlotte Knights,statsapi,False
mlbam-676620,Blake Weiman,2025,AAA,Sugar Land Space Cowboys,pitcher,30.0,28.333333333333332,26.0,0.0,0.2153846153846154,0.1,0.16216216216216217,7.94,5.464705882352941,65.0,65.0,7.94,7.94,Sugar Land Space Cowboys,statsapi,False
mlbam-678016,Ian Bedell,2025,AAA,Memphis Redbirds,pitcher,26.0,52.0,14.0,14.0,0.2073170731707317,0.0975609756097561,0.1891891891891892,7.96,6.196153846153846,123.0,123.0,7.96,7.96,Memphis Redbirds,statsapi,False
mlbam-607644,John Means,2025,AAA,Columbus Clippers,pitcher,32.0,20.333333333333332,5.0,5.0,0.16666666666666666,0.1111111111111111,0.18421052631578946,7.97,7.722950819672132,45.0,45.0,7.97,7.97,Columbus Clippers,statsapi,False
mlbam-694346,Trey Gibson,2025,AAA,Norfolk Tides,pitcher,23.0,29.333333333333332,7.0,7.0,0.22302158273381295,0.08633093525179857,0.18518518518518517,7.98,4.63409090909091,69.5,69.5,7.98,7.98,Norfolk Tides,statsapi,False
mlbam-675540,Xzavion Curry,2025,AAA,Albuquerque Isotopes,pitcher,27.0,50.666666666666664,18.0,11.0,0.1125,0.13333333333333333,0.1590909090909091,7.99,7.580263157894738,120.0,120.0,7.99,7.99,Albuquerque Isotopes,statsapi,False
mlbam-595881,Tyler Beede,2025,AAA,St. Paul Saints,pitcher,32.0,9.0,7.0,1.0,0.15217391304347827,0.1956521739130435,0.25,8.0,8.877777777777778,23.0,23.0,8.0,8.0,St. Paul Saints,statsapi,False
mlbam-650893,Génesis Cabrera,2025,AAA,St. Paul Saints,pitcher,29.0,9.0,8.0,0.0,0.3333333333333333,0.1282051282051282,0.2857142857142857,8.0,5.1,19.5,19.5,8.0,8.0,St. Paul Saints,statsapi,False
mlbam-802363,Jordan Geber,2025,AAA,Syracuse Mets,pitcher,26.0,12.333333333333334,7.0,1.0,0.18032786885245902,0.16393442622950818,0.17391304347826086,8.03,7.964864864864865,30.5,30.5,8.03,8.03,Syracuse Mets,statsapi,False
mlbam-676092,Collin Snider,2025,AAA,Tacoma Rainiers,pitcher,30.0,25.666666666666668,25.0,0.0,0.1794871794871795,0.03418803418803419,0.30303030303030304,8.06,7.346753246753247,58.5,58.5,8.06,8.06,Tacoma Rainiers,statsapi,False
mlbam-683068,Zach Penrod,2025,AAA,Oklahoma City Comets,pitcher,28.0,32.333333333333336,25.0,5.0,0.17142857142857143,0.2057142857142857,0.08333333333333333,8.07,6.161855670103092,87.5,87.5,8.07,8.07,Oklahoma City Comets,statsapi,False
mlbam-669395,Dylan Coleman,2025,AAA,Norfolk Tides,pitcher,29.0,6.666666666666667,5.0,0.0,0.17647058823529413,0.17647058823529413,0.0,8.1,4.45,17.0,17.0,8.1,8.1,Norfolk Tides,statsapi,False
mlbam-671143,Trenton Denholm,2025,AAA,Columbus Clippers,pitcher,26.0,3.3333333333333335,1.0,1.0,0.2,0.06666666666666667,0.0,8.1,2.2,7.5,7.5,8.1,8.1,Columbus Clippers,statsapi,False
mlbam-674072,Tommy Henry,2025,AAA,Reno Aces,pitcher,28.0,54.333333333333336,11.0,11.0,0.20238095238095238,0.08333333333333333,0.11666666666666667,8.12,4.112269938650307,126.0,126.0,8.12,8.12,Reno Aces,statsapi,False
mlbam-670391,Ben Anderson,2025,AAA,Round Rock Express,pitcher,27.0,32.0,9.0,7.0,0.10457516339869281,0.1111111111111111,0.10256410256410256,8.16,5.50625,76.5,76.5,8.16,8.16,Round Rock Express,statsapi,False
mlbam-641627,Trevor Gott,2025,AAA,Tacoma Rainiers,pitcher,33.0,18.666666666666668,22.0,0.0,0.17391304347826086,0.08695652173913043,0.21739130434782608,8.2,6.475,46.0,46.0,8.2,8.2,Tacoma Rainiers,statsapi,False
mlbam-670103,Raymond Burgos,2025,AAA,Sacramento River Cats,pitcher,27.0,23.0,17.0,0.0,0.20353982300884957,0.07079646017699115,0.23529411764705882,8.22,4.926086956521739,56.5,56.5,8.22,8.22,Sacramento River Cats,statsapi,False
mlbam-813766,Skylar Hales,2025,AAA,Memphis Redbirds,pitcher,24.0,27.333333333333332,23.0,0.0,0.203125,0.125,0.175,8.23,6.61219512195122,64.0,64.0,8.23,8.23,Memphis Redbirds,statsapi,False
mlbam-622256,Patrick Weigel,2025,AAA,Rochester Red Wings,pitcher,31.0,33.666666666666664,31.0,0.0,0.2948717948717949,0.10897435897435898,0.2564102564102564,8.29,5.921782178217822,78.0,78.0,8.29,8.29,Rochester Red Wings,statsapi,False
mlbam-607192,Tyler Glasnow,2025,AAA,Oklahoma City Comets,pitcher,32.0,8.666666666666666,3.0,3.0,0.27906976744186046,0.11627906976744186,0.125,8.31,3.907692307692308,21.5,21.5,8.31,8.31,Oklahoma City Comets,statsapi,False
mlbam-694674,Antonio Menendez,2025,AAA,Durham Bulls,pitcher,26.0,21.666666666666668,20.0,0.0,0.24242424242424243,0.1111111111111111,0.15789473684210525,8.31,4.623076923076923,49.5,49.5,8.31,8.31,Durham Bulls,statsapi,False
mlbam-693388,Shohei Tomioka,2025,AAA,Las Vegas Aviators,pitcher,29.0,8.666666666666666,8.0,0.0,0.26666666666666666,0.06666666666666667,0.2,8.31,2.8692307692307693,22.5,22.5,8.31,8.31,Las Vegas Aviators,statsapi,False
mlbam-678921,Raúl Alcantara,2025,AAA,Norfolk Tides,pitcher,24.0,23.666666666666668,12.0,5.0,0.20634920634920634,0.18253968253968253,0.05,8.37,4.747887323943662,63.0,63.0,8.37,8.37,Norfolk Tides,statsapi,False
mlbam-605513,Spencer Turnbull,2025,AAA,Omaha Storm Chasers,pitcher,33.0,49.333333333333336,12.0,11.0,0.18518518518518517,0.12345679012345678,0.09615384615384616,8.39,4.721621621621622,121.5,121.5,8.39,8.39,Omaha Storm Chasers,statsapi,False
mlbam-666374,Matt Brash,2025,AAA,Tacoma Rainiers,pitcher,27.0,5.333333333333333,6.0,0.0,0.17857142857142858,0.07142857142857142,0.25,8.44,4.7875,14.0,14.0,8.44,8.44,Tacoma Rainiers,statsapi,False
mlbam-656557,Tanner Houck,2025,AAA,Worcester Red Sox,pitcher,29.0,10.666666666666666,4.0,3.0,0.2,0.10909090909090909,0.25,8.44,5.725,27.5,27.5,8.44,8.44,Worcester Red Sox,statsapi,False
mlbam-605309,Keone Kela,2025,AAA,Charlotte Knights,pitcher,32.0,16.0,14.0,0.0,0.3150684931506849,0.1232876712328767,0.2727272727272727,8.44,4.35,36.5,36.5,8.44,8.44,Charlotte Knights,statsapi,False
mlbam-656970,Devin Smeltzer,2025,AAA,Toledo Mud Hens,pitcher,30.0,10.666666666666666,3.0,3.0,0.1346153846153846,0.09615384615384616,0.0,8.44,3.19375,26.0,26.0,8.44,8.44,Toledo Mud Hens,statsapi,False
mlbam-690382,Michael Darrell-Hicks,2025,AAA,Indianapolis Indians,pitcher,28.0,38.333333333333336,32.0,0.0,0.22105263157894736,0.09473684210526316,0.21052631578947367,8.45,5.343478260869565,95.0,95.0,8.45,8.45,Indianapolis Indians,statsapi,False
mlbam-686826,Bryce Jarvis,2025,AAA,Reno Aces,pitcher,28.0,78.66666666666667,19.0,19.0,0.1909814323607427,0.11671087533156499,0.1320754716981132,8.47,5.566101694915254,188.5,188.5,8.47,8.47,Reno Aces,statsapi,False
mlbam-676775,Keaton Winn,2025,AAA,Sacramento River Cats,pitcher,27.0,23.333333333333332,14.0,3.0,0.19469026548672566,0.07079646017699115,0.17391304347826086,8.49,4.728571428571429,56.5,56.5,8.49,8.49,Sacramento River Cats,statsapi,False
mlbam-643290,Justin Dunn,2025,AAA,Omaha Storm Chasers,pitcher,30.0,48.666666666666664,16.0,11.0,0.21912350597609562,0.16334661354581673,0.1568627450980392,8.51,5.935616438356165,125.5,125.5,8.51,8.51,Omaha Storm Chasers,statsapi,False
mlbam-642520,Gerson Garabito,2025,AAA,Round Rock Express,pitcher,30.0,31.666666666666668,10.0,10.0,0.1891891891891892,0.12162162162162163,0.2,8.53,6.510526315789473,74.0,74.0,8.53,8.53,Round Rock Express,statsapi,False
mlbam-676720,Tommy Romero,2025,AAA,Iowa Cubs,pitcher,28.0,39.0,11.0,6.0,0.16111111111111112,0.13333333333333333,0.16666666666666666,8.54,6.356410256410257,90.0,90.0,8.54,8.54,Iowa Cubs,statsapi,False
mlbam-680897,Nick Nastrini,2025,AAA,Oklahoma City Comets,pitcher,25.0,47.333333333333336,24.0,7.0,0.2094017094017094,0.21367521367521367,0.14285714285714285,8.56,7.240845070422536,117.0,117.0,8.56,8.56,Oklahoma City Comets,statsapi,False
mlbam-663372,Ryan Feltner,2025,AAA,Albuquerque Isotopes,pitcher,29.0,21.0,6.0,6.0,0.11926605504587157,0.22018348623853212,0.21739130434782608,8.57,8.385714285714286,54.5,54.5,8.57,8.57,Albuquerque Isotopes,statsapi,False
mlbam-687134,Bradley Blalock,2025,AAA,Albuquerque Isotopes,pitcher,25.0,60.666666666666664,15.0,15.0,0.1750841750841751,0.11784511784511785,0.15492957746478872,8.6,5.473626373626374,148.5,148.5,8.6,8.6,Albuquerque Isotopes,statsapi,False
mlbam-690667,Trey Dombroski,2025,AAA,Sugar Land Space Cowboys,pitcher,24.0,8.333333333333334,2.0,2.0,0.15,0.15,0.0,8.64,4.54,20.0,20.0,8.64,8.64,Sugar Land Space Cowboys,statsapi,False
mlbam-686610,Ken Waldichuk,2025,AAA,Las Vegas Aviators,pitcher,27.0,51.0,16.0,15.0,0.25296442687747034,0.16600790513833993,0.22413793103448276,8.65,6.433333333333334,126.5,126.5,8.65,8.65,Las Vegas Aviators,statsapi,False
mlbam-688328,Eric Adler,2025,AAA,Charlotte Knights,pitcher,25.0,10.333333333333334,9.0,1.0,0.1320754716981132,0.16981132075471697,0.07692307692307693,8.71,5.906451612903226,26.5,26.5,8.71,8.71,Charlotte Knights,statsapi,False
mlbam-693821,Bryce Elder,2025,AAA,Gwinnett Stripers,pitcher,26.0,12.333333333333334,3.0,3.0,0.2711864406779661,0.1016949152542373,0.2,8.76,5.37027027027027,29.5,29.5,8.76,8.76,Gwinnett Stripers,statsapi,False
mlbam-666748,Mitch Neunborn,2025,AAA,Lehigh Valley IronPigs,pitcher,28.0,30.666666666666668,8.0,8.0,0.12418300653594772,0.1503267973856209,0.1702127659574468,8.8,7.6,76.5,76.5,8.8,8.8,Lehigh Valley IronPigs,statsapi,False
mlbam-806577,Jared Kollar,2025,AAA,El Paso Chihuahuas,pitcher,27.0,47.0,13.0,9.0,0.09051724137931035,0.1206896551724138,0.17567567567567569,8.81,7.589361702127659,116.0,116.0,8.81,8.81,El Paso Chihuahuas,statsapi,False
mlbam-663977,Jake Higginbotham,2025,AAA,El Paso Chihuahuas,pitcher,29.0,24.333333333333332,16.0,0.0,0.183206106870229,0.12213740458015267,0.10714285714285714,8.88,4.949315068493151,65.5,65.5,8.88,8.88,El Paso Chihuahuas,statsapi,False
mlbam-665734,Angel Felipe,2025,AAA,Salt Lake Bees,pitcher,28.0,26.333333333333332,27.0,2.0,0.2585034013605442,0.23809523809523808,0.10526315789473684,8.89,5.416455696202531,73.5,73.5,8.89,8.89,Salt Lake Bees,statsapi,False
mlbam-691251,Andry Lara,2025,AAA,Rochester Red Wings,pitcher,22.0,36.333333333333336,17.0,6.0,0.143646408839779,0.12154696132596685,0.0784313725490196,8.92,4.91651376146789,90.5,90.5,8.92,8.92,Rochester Red Wings,statsapi,False
mlbam-546991,Albert Almora Jr.,2025,AAA,Reno Aces,pitcher,31.0,1.0,1.0,0.0,0.0,0.0,0.0,9.0,3.1,2.0,2.0,9.0,9.0,Reno Aces,statsapi,False
mlbam-669620,Brady Basso,2025,AAA,Las Vegas Aviators,pitcher,28.0,8.0,7.0,0.0,0.23684210526315788,0.07894736842105263,0.1,9.0,3.6,19.0,19.0,9.0,9.0,Las Vegas Aviators,statsapi,False
mlbam-666123,Austin Bergner,2025,AAA,Toledo Mud Hens,pitcher,28.0,6.0,2.0,1.0,0.17857142857142858,0.14285714285714285,0.36363636363636365,9.0,12.1,14.0,14.0,9.0,9.0,Toledo Mud Hens,statsapi,False
mlbam-687714,Jackson Cluff,2025,AAA,Rochester Red Wings,pitcher,29.0,5.0,5.0,0.0,0.034482758620689655,0.10344827586206896,0.09090909090909091,9.0,7.1,14.5,14.5,9.0,9.0,Rochester Red Wings,statsapi,False
mlbam-664058,David Fletcher,2025,AAA,Gwinnett Stripers,pitcher,31.0,1.0,1.0,0.0,0.0,0.16666666666666666,0.0,9.0,6.1,3.0,3.0,9.0,9.0,Gwinnett Stripers,statsapi,False
mlbam-666150,Dominic Fletcher,2025,AAA,Charlotte Knights,pitcher,28.0,1.0,1.0,0.0,0.2,0.0,0.0,9.0,1.1,2.5,2.5,9.0,9.0,Charlotte Knights,statsapi,False
mlbam-702911,Tristan Garnett,2025,AAA,Lehigh Valley IronPigs,pitcher,27.0,1.0,1.0,0.0,0.16666666666666666,0.3333333333333333,0.0,9.0,7.1,3.0,3.0,9.0,9.0,Lehigh Valley IronPigs,statsapi,False
mlbam-681184,Kevin Graham,2025,AAA,Reno Aces,pitcher,26.0,1.0,1.0,0.0,0.0,0.0,0.25,9.0,16.1,2.0,2.0,9.0,9.0,Reno Aces,statsapi,False
mlbam-669742,Darick Hall,2025,AAA,Indianapolis Indians,pitcher,30.0,1.0,1.0,0.0,0.0,0.0,0.5,9.0,16.1,2.0,2.0,9.0,9.0,Indianapolis Indians,statsapi,False
mlbam-660634,Yonny Hernández,2025,AAA,Syracuse Mets,pitcher,27.0,1.0,1.0,0.0,0.14285714285714285,0.42857142857142855,0.0,9.0,10.1,3.5,3.5,9.0,9.0,Syracuse Mets,statsapi,False
mlbam-682087,Antonio Knowles,2025,AAA,Oklahoma City Comets,pitcher,25.0,4.0,4.0,0.0,0.23809523809523808,0.14285714285714285,0.3333333333333333,9.0,6.1,10.5,10.5,9.0,9.0,Oklahoma City Comets,statsapi,False
mlbam-605346,Jack López,2025,AAA,Tacoma Rainiers,pitcher,33.0,1.0,1.0,0.0,0.4,0.0,0.5,9.0,12.1,2.5,2.5,9.0,9.0,Tacoma Rainiers,statsapi,False
mlbam-690736,Trey McGough,2025,AAA,Charlotte Knights,pitcher,27.0,15.0,7.0,1.0,0.17333333333333334,0.2,0.14285714285714285,9.0,6.966666666666667,37.5,37.5,9.0,9.0,Charlotte Knights,statsapi,False
mlbam-682515,Logan Porter,2025,AAA,Sacramento River Cats,pitcher,30.0,2.0,1.0,0.0,0.0,0.0,0.0,9.0,3.1,4.5,4.5,9.0,9.0,Sacramento River Cats,statsapi,False
mlbam-547001,Cody Poteet,2025,AAA,Norfolk Tides,pitcher,31.0,10.0,6.0,0.0,0.30434782608695654,0.08695652173913043,0.16666666666666666,9.0,4.1,23.0,23.0,9.0,9.0,Norfolk Tides,statsapi,False
mlbam-686993,Justin Sterner,2025,AAA,Las Vegas Aviators,pitcher,29.0,3.0,3.0,0.0,0.06666666666666667,0.13333333333333333,0.125,9.0,8.766666666666667,7.5,7.5,9.0,9.0,Las Vegas Aviators,statsapi,False
mlbam-657024,Erik Swanson,2025,AAA,Buffalo Bisons,pitcher,32.0,4.0,4.0,0.0,0.17647058823529413,0.058823529411764705,0.0,9.0,2.35,8.5,8.5,9.0,9.0,Buffalo Bisons,statsapi,False
mlbam-685377,Misael Tamarez,2025,AAA,El Paso Chihuahuas,pitcher,25.0,55.0,37.0,0.0,0.16058394160583941,0.12408759124087591,0.125,9.0,6.154545454545454,137.0,137.0,9.0,9.0,El Paso Chihuahuas,statsapi,False
mlbam-693713,Emiliano Teodo,2025,AAA,Round Rock Express,pitcher,24.0,18.0,14.0,0.0,0.25274725274725274,0.18681318681318682,0.26666666666666666,9.0,6.433333333333334,45.5,45.5,9.0,9.0,Round Rock Express,statsapi,False
mlbam-809819,Bryson Van Sickle,2025,AAA,Albuquerque Isotopes,pitcher,24.0,3.0,2.0,0.0,0.09090909090909091,0.13636363636363635,0.5,9.0,9.1,11.0,11.0,9.0,9.0,Albuquerque Isotopes,statsapi,False
mlbam-686873,Nick Zwack,2025,AAA,Sacramento River Cats,pitcher,27.0,14.0,4.0,4.0,0.1095890410958904,0.1506849315068493,0.25925925925925924,9.0,11.028571428571428,36.5,36.5,9.0,9.0,Sacramento River Cats,statsapi,False
mlbam-678821,Luis Peralta,2025,AAA,Albuquerque Isotopes,pitcher,24.0,34.666666666666664,34.0,0.0,0.2802197802197802,0.15384615384615385,0.16666666666666666,9.09,5.0903846153846155,91.0,91.0,9.09,9.09,Albuquerque Isotopes,statsapi,False
mlbam-669459,Kyle Nelson,2025,AAA,Reno Aces,pitcher,29.0,33.666666666666664,42.0,0.0,0.1949685534591195,0.1069182389937107,0.24528301886792453,9.09,7.882178217821783,79.5,79.5,9.09,9.09,Reno Aces,statsapi,False
mlbam-613534,Austin Adams,2025,AAA,Worcester Red Sox,pitcher,34.0,23.666666666666668,24.0,1.0,0.265625,0.1640625,0.11538461538461539,9.13,4.916901408450704,64.0,64.0,9.13,9.13,Worcester Red Sox,statsapi,False
mlbam-676047,Osvaldo Berrios,2025,AAA,Memphis Redbirds,pitcher,26.0,14.666666666666666,12.0,0.0,0.18666666666666668,0.12,0.22727272727272727,9.2,7.463636363636365,37.5,37.5,9.2,9.2,Memphis Redbirds,statsapi,False
mlbam-668971,Mason Hickman,2025,AAA,Columbus Clippers,pitcher,27.0,21.333333333333332,12.0,1.0,0.21153846153846154,0.19230769230769232,0.13636363636363635,9.28,5.959375,52.0,52.0,9.28,9.28,Columbus Clippers,statsapi,False
mlbam-680933,Joander Suarez,2025,AAA,Syracuse Mets,pitcher,25.0,10.666666666666666,3.0,3.0,0.17307692307692307,0.07692307692307693,0.13333333333333333,9.28,5.25625,26.0,26.0,9.28,9.28,Syracuse Mets,statsapi,False
mlbam-656240,Scott Blewett,2025,AAA,Norfolk Tides,pitcher,29.0,8.666666666666666,9.0,2.0,0.13953488372093023,0.06976744186046512,0.1,9.35,4.253846153846154,21.5,21.5,9.35,9.35,Norfolk Tides,statsapi,False
mlbam-675195,Juan Mercedes,2025,AAA,Sacramento River Cats,pitcher,25.0,52.0,17.0,6.0,0.196,0.132,0.17894736842105263,9.35,7.36923076923077,125.0,125.0,9.35,9.35,Sacramento River Cats,statsapi,False
mlbam-665733,Antonio Santos,2025,AAA,Iowa Cubs,pitcher,29.0,17.333333333333332,5.0,4.0,0.23655913978494625,0.16129032258064516,0.22727272727272727,9.35,7.253846153846155,46.5,46.5,9.35,9.35,Iowa Cubs,statsapi,False
mlbam-702273,Noah Schultz,2025,AAA,Charlotte Knights,pitcher,22.0,16.333333333333332,5.0,5.0,0.23376623376623376,0.11688311688311688,0.17647058823529413,9.37,5.1204081632653065,38.5,38.5,9.37,9.37,Charlotte Knights,statsapi,False
mlbam-694350,Zach Brzykcy,2025,AAA,Rochester Red Wings,pitcher,26.0,23.0,23.0,0.0,0.22033898305084745,0.17796610169491525,0.12121212121212122,9.39,5.839130434782609,59.0,59.0,9.39,9.39,Rochester Red Wings,statsapi,False
mlbam-657265,Peter Strzelecki,2025,AAA,Durham Bulls,pitcher,31.0,22.0,18.0,1.0,0.16363636363636364,0.11818181818181818,0.12121212121212122,9.41,6.1454545454545455,55.0,55.0,9.41,9.41,Durham Bulls,statsapi,False
mlbam-676345,Aaron Brown,2025,AAA,Sugar Land Space Cowboys,pitcher,26.0,72.33333333333333,20.0,15.0,0.12813370473537605,0.10863509749303621,0.208,9.46,8.242857142857144,179.5,179.5,9.46,9.46,Sugar Land Space Cowboys,statsapi,False
mlbam-622088,Tejay Antone,2025,AAA,Louisville Bats,pitcher,32.0,5.666666666666667,6.0,0.0,0.12903225806451613,0.0967741935483871,0.0,9.53,4.3352941176470585,15.5,15.5,9.53,9.53,Louisville Bats,statsapi,False
mlbam-694492,Hayden Durke,2025,AAA,Reno Aces,pitcher,23.0,17.0,19.0,0.0,0.2222222222222222,0.2,0.05555555555555555,9.53,5.2176470588235295,45.0,45.0,9.53,9.53,Reno Aces,statsapi,False
mlbam-663627,Clay Helvey,2025,AAA,Rochester Red Wings,pitcher,28.0,22.666666666666668,21.0,0.0,0.17557251908396945,0.20610687022900764,0.1875,9.53,8.35,65.5,65.5,9.53,9.53,Rochester Red Wings,statsapi,False
mlbam-681293,Spencer Arrighetti,2025,AAA,Sugar Land Space Cowboys,pitcher,25.0,4.666666666666667,1.0,1.0,0.2,0.16,0.5,9.64,9.742857142857142,12.5,12.5,9.64,9.64,Sugar Land Space Cowboys,statsapi,False
mlbam-681581,Andy Weber,2025,AAA,Reno Aces,pitcher,28.0,4.666666666666667,5.0,0.0,0.037037037037037035,0.0,0.3125,9.64,16.6,13.5,13.5,9.64,9.64,Reno Aces,statsapi,False
mlbam-688609,Hunter Parks,2025,AAA,Louisville Bats,pitcher,24.0,25.0,17.0,3.0,0.125,0.16176470588235295,0.13043478260869565,9.72,7.859999999999999,68.0,68.0,9.72,9.72,Louisville Bats,statsapi,False
mlbam-688548,Nico Tellache,2025,AAA,Tacoma Rainiers,pitcher,27.0,19.333333333333332,5.0,4.0,0.22772277227722773,0.0891089108910891,0.19230769230769232,9.78,5.63448275862069,50.5,50.5,9.78,9.78,Tacoma Rainiers,statsapi,False
mlbam-809232,Matthew Bollenbacher,2025,AAA,Rochester Red Wings,pitcher,26.0,3.6666666666666665,2.0,0.0,0.0,0.3,0.2,9.82,13.190909090909091,10.0,10.0,9.82,9.82,Rochester Red Wings,statsapi,False
mlbam-641401,Connor Brogdon,2025,AAA,Salt Lake Bees,pitcher,30.0,22.0,17.0,1.0,0.2542372881355932,0.1016949152542373,0.3333333333333333,9.82,6.418181818181818,59.0,59.0,9.82,9.82,Salt Lake Bees,statsapi,False
mlbam-676428,Brant Hurter,2025,AAA,Toledo Mud Hens,pitcher,27.0,3.6666666666666665,3.0,0.0,0.11764705882352941,0.0,0.0,9.82,2.009090909090909,8.5,8.5,9.82,9.82,Toledo Mud Hens,statsapi,False
mlbam-800344,Sean Paul Liñan,2025,AAA,Oklahoma City Comets,pitcher,21.0,7.333333333333333,2.0,2.0,0.3157894736842105,0.18421052631578946,0.2,9.82,5.281818181818182,19.0,19.0,9.82,9.82,Oklahoma City Comets,statsapi,False
mlbam-689225,Beau Brieske,2025,AAA,Toledo Mud Hens,pitcher,27.0,10.0,9.0,0.0,0.16326530612244897,0.20408163265306123,0.23529411764705882,9.9,9.4,24.5,24.5,9.9,9.9,Toledo Mud Hens,statsapi,False
mlbam-669674,Sam Long,2025,AAA,Omaha Storm Chasers,pitcher,30.0,9.0,11.0,0.0,0.22,0.2,0.25,10.0,6.877777777777778,25.0,25.0,10.0,10.0,Omaha Storm Chasers,statsapi,False
mlbam-502085,David Robertson,2025,AAA,Lehigh Valley IronPigs,pitcher,40.0,5.333333333333333,6.0,0.0,0.2222222222222222,0.037037037037037035,0.14285714285714285,10.13,3.85,13.5,13.5,10.13,10.13,Lehigh Valley IronPigs,statsapi,False
mlbam-689651,Phillip Sikes,2025,AAA,Worcester Red Sox,pitcher,26.0,2.6666666666666665,4.0,0.0,0.0,0.08333333333333333,0.125,10.13,9.1,6.0,6.0,10.13,10.13,Worcester Red Sox,statsapi,False
mlbam-592789,Noah Syndergaard,2025,AAA,Charlotte Knights,pitcher,33.0,8.0,2.0,2.0,0.05714285714285714,0.02857142857142857,0.21739130434782608,10.13,11.1,17.5,17.5,10.13,10.13,Charlotte Knights,statsapi,False
mlbam-689275,Henry Williams,2025,AAA,Omaha Storm Chasers,pitcher,24.0,8.0,2.0,2.0,0.13953488372093023,0.18604651162790697,0.06666666666666667,10.13,6.975,21.5,21.5,10.13,10.13,Omaha Storm Chasers,statsapi,False
mlbam-822412,Brett Sears,2025,AAA,Gwinnett Stripers,pitcher,25.0,9.666666666666666,2.0,2.0,0.13953488372093023,0.046511627906976744,0.3684210526315789,10.24,12.513793103448275,21.5,21.5,10.24,10.24,Gwinnett Stripers,statsapi,False
mlbam-687473,Ryan Gusto,2025,AAA,Jacksonville Jumbo Shrimp,pitcher,26.0,4.333333333333333,2.0,2.0,0.08,0.08,0.0,10.38,3.5615384615384618,12.5,12.5,10.38,10.38,Jacksonville Jumbo Shrimp,statsapi,False
mlbam-660623,Huascar Ynoa,2025,AAA,St. Paul Saints,pitcher,27.0,4.333333333333333,5.0,0.0,0.038461538461538464,0.2692307692307692,0.0,10.38,8.176923076923078,13.0,13.0,10.38,10.38,St. Paul Saints,statsapi,False
mlbam-687967,Peter Van Loon,2025,AAA,Norfolk Tides,pitcher,26.0,10.333333333333334,6.0,0.0,0.2037037037037037,0.14814814814814814,0.29411764705882354,10.45,9.874193548387096,27.0,27.0,10.45,10.45,Norfolk Tides,statsapi,False
mlbam-689968,Nick Richmond,2025,AAA,Norfolk Tides,pitcher,27.0,13.666666666666666,12.0,0.0,0.16666666666666666,0.16666666666666666,0.05555555555555555,10.54,5.441463414634146,39.0,39.0,10.54,10.54,Norfolk Tides,statsapi,False
mlbam-682225,Billy Corcoran,2025,AAA,Reno Aces,pitcher,26.0,21.333333333333332,5.0,5.0,0.17142857142857143,0.06666666666666667,0.16,10.55,4.834375,52.5,52.5,10.55,10.55,Reno Aces,statsapi,False
mlbam-679702,Daniel Harper,2025,AAA,Lehigh Valley IronPigs,pitcher,26.0,15.333333333333334,15.0,0.0,0.17333333333333334,0.12,0.16129032258064516,10.57,7.404347826086957,37.5,37.5,10.57,10.57,Lehigh Valley IronPigs,statsapi,False
mlbam-808510,Manuel Genao,2025,AAA,Jacksonville Jumbo Shrimp,pitcher,20.0,1.6666666666666665,1.0,0.0,0.16666666666666666,0.25,0.0,10.8,9.700000000000001,6.0,6.0,10.8,10.8,Jacksonville Jumbo Shrimp,statsapi,False
mlbam-663855,Jordan Hicks,2025,AAA,Worcester Red Sox,pitcher,29.0,1.6666666666666665,2.0,1.0,0.18181818181818182,0.18181818181818182,0.3333333333333333,10.8,12.1,5.5,5.5,10.8,10.8,Worcester Red Sox,statsapi,False
mlbam-686531,Andre Lipcius,2025,AAA,Charlotte Knights,pitcher,27.0,1.6666666666666665,1.0,0.0,0.0,0.18181818181818182,0.0,10.8,6.700000000000001,5.5,5.5,10.8,10.8,Charlotte Knights,statsapi,False
mlbam-625510,Erick Mejia,2025,AAA,Rochester Red Wings,pitcher,31.0,10.0,11.0,0.0,0.26,0.18,0.125,10.8,4.8,25.0,25.0,10.8,10.8,Rochester Red Wings,statsapi,False
mlbam-701549,Jaylen Nowlin,2025,AAA,St. Paul Saints,pitcher,24.0,1.6666666666666665,2.0,0.0,0.25,0.16666666666666666,0.6666666666666666,10.8,18.700000000000003,6.0,6.0,10.8,10.8,St. Paul Saints,statsapi,False
mlbam-694946,Alonzo Richardson,2025,AAA,Columbus Clippers,pitcher,23.0,1.6666666666666665,1.0,0.0,0.1111111111111111,0.2222222222222222,0.3333333333333333,10.8,13.3,4.5,4.5,10.8,10.8,Columbus Clippers,statsapi,False
mlbam-666121,Tyler Baum,2025,AAA,Las Vegas Aviators,pitcher,27.0,10.666666666666666,12.0,0.0,0.2,0.16666666666666666,0.26666666666666666,10.97,9.1,30.0,30.0,10.97,10.97,Las Vegas Aviators,statsapi,False
mlbam-681252,Jack Anderson,2025,AAA,Worcester Red Sox,pitcher,26.0,11.333333333333334,3.0,3.0,0.19642857142857142,0.07142857142857142,0.29411764705882354,11.12,7.952941176470588,28.0,28.0,11.12,11.12,Worcester Red Sox,statsapi,False
mlbam-666208,Alex Speas,2025,AAA,St. Paul Saints,pitcher,27.0,17.0,15.0,0.0,0.20408163265306123,0.20408163265306123,0.07142857142857142,11.12,5.2176470588235295,49.0,49.0,11.12,11.12,St. Paul Saints,statsapi,False
mlbam-694787,Jimmy Burnette,2025,AAA,Buffalo Bisons,pitcher,27.0,11.0,12.0,0.0,0.22857142857142856,0.2714285714285714,0.1,11.45,8.190909090909091,35.0,35.0,11.45,11.45,Buffalo Bisons,statsapi,False
mlbam-689877,Ryan Harbin,2025,AAA,Indianapolis Indians,pitcher,24.0,13.333333333333334,14.0,1.0,0.20270270270270271,0.21621621621621623,0.0,11.48,4.45,37.0,37.0,11.48,11.48,Indianapolis Indians,statsapi,False
mlbam-571479,Andrew Bellatti,2025,AAA,El Paso Chihuahuas,pitcher,34.0,4.666666666666667,5.0,0.0,0.17857142857142858,0.17857142857142858,0.0,11.57,4.814285714285714,14.0,14.0,11.57,11.57,El Paso Chihuahuas,statsapi,False
mlbam-687847,Marc Church,2025,AAA,Round Rock Express,pitcher,24.0,4.666666666666667,6.0,0.0,0.125,0.28125,0.25,11.57,9.957142857142857,16.0,16.0,11.57,11.57,Round Rock Express,statsapi,False
mlbam-640444,Wil Crowe,2025,AAA,Lehigh Valley IronPigs,pitcher,31.0,7.0,2.0,2.0,0.11904761904761904,0.23809523809523808,0.14285714285714285,11.57,7.814285714285715,21.0,21.0,11.57,11.57,Lehigh Valley IronPigs,statsapi,False
mlbam-669001,J.C. Flowers,2025,AAA,Indianapolis Indians,pitcher,27.0,9.333333333333334,5.0,0.0,0.12244897959183673,0.16326530612244897,0.2727272727272727,11.57,8.885714285714286,24.5,24.5,11.57,11.57,Indianapolis Indians,statsapi,False
mlbam-701856,Patrick Halligan,2025,AAA,Sugar Land Space Cowboys,pitcher,26.0,4.666666666666667,4.0,0.0,0.07692307692307693,0.19230769230769232,0.2,11.57,8.885714285714286,13.0,13.0,11.57,11.57,Sugar Land Space Cowboys,statsapi,False
mlbam-683008,Avery Short,2025,AAA,Reno Aces,pitcher,24.0,4.666666666666667,1.0,1.0,0.1111111111111111,0.07407407407407407,0.21428571428571427,11.57,13.385714285714284,13.5,13.5,11.57,11.57,Reno Aces,statsapi,False
mlbam-677354,Alex Williams,2025,AAA,Jacksonville Jumbo Shrimp,pitcher,26.0,4.666666666666667,1.0,1.0,0.08333333333333333,0.08333333333333333,0.2222222222222222,11.57,9.742857142857142,12.0,12.0,11.57,11.57,Jacksonville Jumbo Shrimp,statsapi,False
mlbam-700270,Yilber Díaz,2025,AAA,Reno Aces,pitcher,25.0,41.0,21.0,8.0,0.21777777777777776,0.28444444444444444,0.1956521739130435,11.63,8.465853658536586,112.5,112.5,11.63,11.63,Reno Aces,statsapi,False
mlbam-663986,Trevor Stephan,2025,AAA,Columbus Clippers,pitcher,30.0,17.0,19.0,0.0,0.17777777777777778,0.12222222222222222,0.25806451612903225,11.65,9.805882352941177,45.0,45.0,11.65,11.65,Columbus Clippers,statsapi,False
mlbam-664875,Justin Lawrence,2025,AAA,Indianapolis Indians,pitcher,31.0,5.333333333333333,6.0,0.0,0.3333333333333333,0.2222222222222222,0.0,11.81,4.225,13.5,13.5,11.81,11.81,Indianapolis Indians,statsapi,False
mlbam-656354,Austin Davis,2025,AAA,El Paso Chihuahuas,pitcher,32.0,11.333333333333334,11.0,1.0,0.19672131147540983,0.16393442622950818,0.09090909090909091,11.91,5.570588235294117,30.5,30.5,11.91,11.91,El Paso Chihuahuas,statsapi,False
mlbam-656457,Tyler Gilbert,2025,AAA,Charlotte Knights,pitcher,32.0,6.0,6.0,0.0,0.22580645161290322,0.16129032258064516,0.125,12.0,5.433333333333334,15.5,15.5,12.0,12.0,Charlotte Knights,statsapi,False
mlbam-670223,Matt Mervis,2025,AAA,Reno Aces,pitcher,27.0,3.0,2.0,0.0,0.0,0.06666666666666667,0.1111111111111111,12.0,8.433333333333334,7.5,7.5,12.0,12.0,Reno Aces,statsapi,False
mlbam-679200,Cruz Noriega,2025,AAA,Omaha Storm Chasers,pitcher,28.0,18.0,12.0,1.0,0.2,0.16,0.19047619047619047,12.0,6.6,50.0,50.0,12.0,12.0,Omaha Storm Chasers,statsapi,False
mlbam-695297,Carson Rudd,2025,AAA,Louisville Bats,pitcher,27.0,6.0,3.0,0.0,0.09090909090909091,0.12121212121212122,0.0,12.0,4.6,16.5,16.5,12.0,12.0,Louisville Bats,statsapi,False
mlbam-690658,Will Johnston,2025,AAA,Las Vegas Aviators,pitcher,25.0,10.333333333333334,9.0,0.0,0.10909090909090909,0.18181818181818182,0.36363636363636365,12.19,9.874193548387096,27.5,27.5,12.19,12.19,Las Vegas Aviators,statsapi,False
mlbam-684665,Luke Murphy,2025,AAA,Salt Lake Bees,pitcher,26.0,28.666666666666668,23.0,1.0,0.189873417721519,0.12025316455696203,0.2,12.24,6.379069767441861,79.0,79.0,12.24,12.24,Salt Lake Bees,statsapi,False
mlbam-553968,Endrys Briceno,2025,AAA,Salt Lake Bees,pitcher,33.0,39.0,28.0,0.0,0.17142857142857143,0.17142857142857143,0.1875,12.46,8.407692307692308,105.0,105.0,12.46,12.46,Salt Lake Bees,statsapi,False
mlbam-813865,Hudson Leach,2025,AAA,Sugar Land Space Cowboys,pitcher,23.0,5.666666666666667,5.0,0.0,0.27586206896551724,0.13793103448275862,0.2,12.71,4.688235294117647,14.5,14.5,12.71,12.71,Sugar Land Space Cowboys,statsapi,False
mlbam-688158,David Morgan,2025,AAA,El Paso Chihuahuas,pitcher,26.0,5.666666666666667,7.0,0.0,0.39285714285714285,0.03571428571428571,0.2857142857142857,12.71,4.864705882352942,14.0,14.0,12.71,12.71,El Paso Chihuahuas,statsapi,False
mlbam-593423,Frankie Montas,2025,AAA,Syracuse Mets,pitcher,32.0,14.333333333333334,4.0,4.0,0.10526315789473684,0.07894736842105263,0.3333333333333333,13.19,10.913953488372092,38.0,38.0,13.19,13.19,Syracuse Mets,statsapi,False
mlbam-681475,Luke Albright,2025,AAA,Reno Aces,pitcher,26.0,4.0,2.0,0.0,0.16,0.24,0.2,13.5,8.85,12.5,12.5,13.5,13.5,Reno Aces,statsapi,False
mlbam-518397,Scott Alexander,2025,AAA,Sacramento River Cats,pitcher,36.0,5.333333333333333,7.0,0.0,0.0967741935483871,0.06451612903225806,0.14285714285714285,13.5,5.5375,15.5,15.5,13.5,13.5,Sacramento River Cats,statsapi,False
mlbam-681982,Grant Anderson,2025,AAA,Nashville Sounds,pitcher,28.0,2.0,2.0,0.0,0.1111111111111111,0.1111111111111111,0.25,13.5,10.1,4.5,4.5,13.5,13.5,Nashville Sounds,statsapi,False
mlbam-669243,Ryan Anderson,2025,AAA,Scranton/Wilkes-Barre RailRiders,pitcher,27.0,2.0,2.0,0.0,0.2857142857142857,0.14285714285714285,0.0,13.5,3.6,7.0,7.0,13.5,13.5,Scranton/Wilkes-Barre RailRiders,statsapi,False
mlbam-660636,Diego Castillo,2025,AAA,Omaha Storm Chasers,pitcher,28.0,0.6666666666666666,1.0,0.0,0.0,0.6666666666666666,0.12,13.5,21.1,3.0,3.0,13.5,13.5,Omaha Storm Chasers,statsapi,False
mlbam-621016,Jose Cuas,2025,AAA,Lehigh Valley IronPigs,pitcher,31.0,5.333333333333333,7.0,0.0,0.12903225806451613,0.16129032258064516,0.2,13.5,10.4125,15.5,15.5,13.5,13.5,Lehigh Valley IronPigs,statsapi,False
mlbam-702750,Edinson Duran,2025,AAA,Scranton/Wilkes-Barre RailRiders,pitcher,23.0,1.3333333333333333,2.0,0.0,0.1,0.3,0.0,13.5,8.35,5.0,5.0,13.5,13.5,Scranton/Wilkes-Barre RailRiders,statsapi,False
mlbam-656403,Drew Ellis,2025,AAA,Sacramento River Cats,pitcher,30.0,4.0,4.0,0.0,0.0,0.0,0.16666666666666666,13.5,10.35,10.5,10.5,13.5,13.5,Sacramento River Cats,statsapi,False
mlbam-682624,Sandy Gaston,2025,AAA,Salt Lake Bees,pitcher,24.0,4.0,2.0,0.0,0.13043478260869565,0.21739130434782608,0.5,13.5,12.6,11.5,11.5,13.5,13.5,Salt Lake Bees,statsapi,False
mlbam-669169,Jonathan Heasley,2025,AAA,Omaha Storm Chasers,pitcher,28.0,4.0,4.0,0.0,0.09090909090909091,0.0,0.16666666666666666,13.5,5.35,11.0,11.0,13.5,13.5,Omaha Storm Chasers,statsapi,False
mlbam-571882,Derek Law,2025,AAA,Rochester Red Wings,pitcher,35.0,2.0,2.0,1.0,0.09090909090909091,0.09090909090909091,0.5,13.5,10.1,5.5,5.5,13.5,13.5,Rochester Red Wings,statsapi,False
mlbam-701604,Andrew Lindsey,2025,AAA,Durham Bulls,pitcher,26.0,0.6666666666666666,1.0,0.0,0.0,0.25,0.12,13.5,7.6,2.0,2.0,13.5,13.5,Durham Bulls,statsapi,False
mlbam-695076,Rhett Lowder,2025,AAA,Louisville Bats,pitcher,23.0,3.3333333333333335,3.0,3.0,0.15789473684210525,0.10526315789473684,0.16666666666666666,13.5,7.9,9.5,9.5,13.5,13.5,Louisville Bats,statsapi,False
mlbam-681097,Andrew Moore,2025,AAA,El Paso Chihuahuas,pitcher,26.0,2.0,2.0,0.0,0.2,0.2,0.0,13.5,4.1,5.0,5.0,13.5,13.5,El Paso Chihuahuas,statsapi,False
mlbam-691384,Luis Perales,2025,AAA,Worcester Red Sox,pitcher,22.0,1.3333333333333333,2.0,0.0,0.6666666666666666,0.3333333333333333,0.12,13.5,1.6,3.0,3.0,13.5,13.5,Worcester Red Sox,statsapi,False
mlbam-675910,Chris Williams,2025,AAA,Syracuse Mets,pitcher,29.0,2.0,1.0,0.0,0.0,0.09090909090909091,0.3333333333333333,13.5,11.1,5.5,5.5,13.5,13.5,Syracuse Mets,statsapi,False
mlbam-656629,Michael Kopech,2025,AAA,Oklahoma City Comets,pitcher,29.0,11.666666666666666,16.0,1.0,0.21739130434782608,0.2898550724637681,0.14285714285714285,13.89,8.157142857142858,34.5,34.5,13.89,13.89,Oklahoma City Comets,statsapi,False
mlbam-700794,Frankie Scalzo Jr.,2025,AAA,Iowa Cubs,pitcher,26.0,15.333333333333334,10.0,3.0,0.19540229885057472,0.14942528735632185,0.2857142857142857,14.09,9.1,43.5,43.5,14.09,14.09,Iowa Cubs,statsapi,False
mlbam-695347,Hunter Gregory,2025,AAA,Buffalo Bisons,pitcher,27.0,11.333333333333334,11.0,1.0,0.1875,0.25,0.2,14.29,8.658823529411764,32.0,32.0,14.29,14.29,Buffalo Bisons,statsapi,False
mlbam-695667,Ben Kudrna,2025,AAA,Omaha Storm Chasers,pitcher,22.0,11.333333333333334,4.0,3.0,0.15873015873015872,0.2698412698412698,0.23076923076923078,14.29,9.541176470588235,31.5,31.5,14.29,14.29,Omaha Storm Chasers,statsapi,False
mlbam-669111,John McMillon,2025,AAA,Lehigh Valley IronPigs,pitcher,27.0,5.666666666666667,7.0,0.0,0.2857142857142857,0.2857142857142857,0.0,14.29,4.864705882352942,17.5,17.5,14.29,14.29,Lehigh Valley IronPigs,statsapi,False
mlbam-667498,Robert Dugger,2025,AAA,Round Rock Express,pitcher,30.0,25.0,10.0,4.0,0.15441176470588236,0.17647058823529413,0.28125,14.4,9.1,68.0,68.0,14.4,14.4,Round Rock Express,statsapi,False
mlbam-699980,Preston Johnson,2025,AAA,Norfolk Tides,pitcher,25.0,11.0,7.0,1.0,0.19642857142857142,0.26785714285714285,0.17647058823529413,14.73,8.736363636363636,28.0,28.0,14.73,14.73,Norfolk Tides,statsapi,False
mlbam-687102,Ross Carver,2025,AAA,Columbus Clippers,pitcher,26.0,6.0,4.0,0.0,0.2857142857142857,0.11428571428571428,0.5555555555555556,15.0,13.1,17.5,17.5,15.0,15.0,Columbus Clippers,statsapi,False
mlbam-685277,Nick Kahle,2025,AAA,Nashville Sounds,pitcher,27.0,3.0,3.0,0.0,0.0,0.06666666666666667,0.25,15.0,13.766666666666666,7.5,7.5,15.0,15.0,Nashville Sounds,statsapi,False
mlbam-683425,Hyun-il Choi,2025,AAA,Rochester Red Wings,pitcher,25.0,8.333333333333334,4.0,3.0,0.1276595744680851,0.10638297872340426,0.23076923076923078,15.12,9.58,23.5,23.5,15.12,15.12,Rochester Red Wings,statsapi,False
mlbam-656818,Connor Overton,2025,AAA,Buffalo Bisons,pitcher,32.0,7.666666666666667,3.0,0.0,0.0975609756097561,0.07317073170731707,0.08333333333333333,15.26,4.926086956521739,20.5,20.5,15.26,15.26,Buffalo Bisons,statsapi,False
mlbam-663556,Shane McClanahan,2025,AAA,Durham Bulls,pitcher,28.0,2.3333333333333335,2.0,2.0,0.26666666666666666,0.06666666666666667,0.4,15.43,12.1,7.5,7.5,15.43,15.43,Durham Bulls,statsapi,False
mlbam-679977,Noah Song,2025,AAA,Worcester Red Sox,pitcher,28.0,4.666666666666667,3.0,0.0,0.2222222222222222,0.14814814814814814,0.4,15.43,8.67142857142857,13.5,13.5,15.43,15.43,Worcester Red Sox,statsapi,False
mlbam-687486,Fineas Del Bonta-Smith,2025,AAA,Indianapolis Indians,pitcher,28.0,3.3333333333333335,3.0,0.0,0.19047619047619047,0.09523809523809523,0.0,16.2,2.5,10.5,10.5,16.2,16.2,Indianapolis Indians,statsapi,False
mlbam-806303,Zach Jacobs,2025,AAA,Columbus Clippers,pitcher,24.0,1.6666666666666665,1.0,0.0,0.2,0.2,0.0,16.2,6.1000000000000005,5.0,5.0,16.2,16.2,Columbus Clippers,statsapi,False
mlbam-650633,Michael King,2025,AAA,El Paso Chihuahuas,pitcher,30.0,3.3333333333333335,1.0,1.0,0.3125,0.0625,0.2857142857142857,16.2,9.7,8.0,8.0,16.2,16.2,El Paso Chihuahuas,statsapi,False
mlbam-804912,Mason Vinyard,2025,AAA,Scranton/Wilkes-Barre RailRiders,pitcher,26.0,1.6666666666666665,1.0,0.0,0.1111111111111111,0.2222222222222222,0.5,16.2,21.1,4.5,4.5,16.2,16.2,Scranton/Wilkes-Barre RailRiders,statsapi,False
mlbam-668791,Anthony Prato,2025,AAA,Indianapolis Indians,pitcher,27.0,3.6666666666666665,5.0,0.0,0.0,0.045454545454545456,0.3333333333333333,17.18,14.554545454545455,11.0,11.0,17.18,17.18,Indianapolis Indians,statsapi,False
mlbam-657510,Andrew Bechtold,2025,AAA,Lehigh Valley IronPigs,pitcher,29.0,4.0,5.0,0.0,0.22727272727272727,0.13636363636363635,0.3333333333333333,18.0,9.35,11.0,11.0,18.0,18.0,Lehigh Valley IronPigs,statsapi,False
mlbam-666801,Rodolfo Castro,2025,AAA,Lehigh Valley IronPigs,pitcher,26.0,1.0,1.0,0.0,0.0,0.5,0.0,18.0,12.1,3.0,3.0,18.0,18.0,Lehigh Valley IronPigs,statsapi,False
mlbam-680709,Nick Dunn,2025,AAA,Lehigh Valley IronPigs,pitcher,28.0,1.0,1.0,0.0,0.0,0.0,0.5,18.0,16.1,2.5,2.5,18.0,18.0,Lehigh Valley IronPigs,statsapi,False
mlbam-694725,Michael Fowler,2025,AAA,Nashville Sounds,pitcher,23.0,1.0,1.0,0.0,0.0,0.375,0.0,18.0,12.1,4.0,4.0,18.0,18.0,Nashville Sounds,statsapi,False
mlbam-699613,Houston Harding,2025,AAA,Salt Lake Bees,pitcher,27.0,2.0,1.0,0.0,0.07692307692307693,0.3076923076923077,0.0,18.0,8.1,6.5,6.5,18.0,18.0,Salt Lake Bees,statsapi,False
mlbam-699235,David Leon,2025,AAA,Columbus Clippers,pitcher,21.0,1.0,1.0,0.0,0.0,0.0,0.25,18.0,16.1,3.0,3.0,18.0,18.0,Columbus Clippers,statsapi,False
mlbam-700245,Bryce McGowan,2025,AAA,Albuquerque Isotopes,pitcher,25.0,1.0,2.0,0.0,0.0,0.2727272727272727,0.0,18.0,12.1,5.5,5.5,18.0,18.0,Albuquerque Isotopes,statsapi,False
mlbam-665998,Ismael Munguia,2025,AAA,Scranton/Wilkes-Barre RailRiders,pitcher,27.0,2.0,2.0,0.0,0.0,0.0,0.0,18.0,3.1,6.5,6.5,18.0,18.0,Scranton/Wilkes-Barre RailRiders,statsapi,False
mlbam-678742,Rainer Nunez,2025,AAA,Buffalo Bisons,pitcher,25.0,1.0,1.0,0.0,0.0,0.16666666666666666,0.12,18.0,6.1,3.0,3.0,18.0,18.0,Buffalo Bisons,statsapi,False
mlbam-702920,Konner Piotto,2025,AAA,Round Rock Express,pitcher,27.0,1.0,2.0,0.0,0.0,0.25,0.25,18.0,22.1,4.0,4.0,18.0,18.0,Round Rock Express,statsapi,False
mlbam-656883,Jakson Reetz,2025,AAA,Norfolk Tides,pitcher,29.0,1.0,1.0,0.0,0.0,0.16666666666666666,0.0,18.0,6.1,3.0,3.0,18.0,18.0,Norfolk Tides,statsapi,False
mlbam-605441,Yacksel Ríos,2025,AAA,Syracuse Mets,pitcher,32.0,2.0,2.0,0.0,0.2,0.1,0.3333333333333333,18.0,9.1,5.0,5.0,18.0,18.0,Syracuse Mets,statsapi,False
mlbam-676701,Alan Trejo,2025,AAA,Round Rock Express,pitcher,29.0,1.0,1.0,0.0,0.0,0.14285714285714285,0.0,18.0,6.1,3.5,3.5,18.0,18.0,Round Rock Express,statsapi,False
mlbam-804922,Tyler Vogel,2025,AAA,Sacramento River Cats,pitcher,25.0,2.0,2.0,0.0,0.14285714285714285,0.21428571428571427,0.0,18.0,5.6,7.0,7.0,18.0,18.0,Sacramento River Cats,statsapi,False
mlbam-696524,Evan Yates,2025,AAA,Norfolk Tides,pitcher,23.0,1.0,1.0,0.0,0.125,0.25,0.0,18.0,7.1,4.0,4.0,18.0,18.0,Norfolk Tides,statsapi,False
mlbam-608638,JT Chargois,2025,AAA,Round Rock Express,pitcher,35.0,4.666666666666667,5.0,0.0,0.2413793103448276,0.10344827586206896,0.625,19.29,16.6,14.5,14.5,19.29,19.29,Round Rock Express,statsapi,False
mlbam-668720,Todd Peterson,2025,AAA,Rochester Red Wings,pitcher,27.0,6.0,7.0,0.0,0.17073170731707318,0.21951219512195122,0.3333333333333333,21.0,6.933333333333334,20.5,20.5,21.0,21.0,Rochester Red Wings,statsapi,False
mlbam-694761,Tommy Vail,2025,AAA,Charlotte Knights,pitcher,26.0,3.3333333333333335,5.0,0.0,0.15,0.3,0.4,21.6,15.399999999999999,10.0,10.0,21.6,21.6,Charlotte Knights,statsapi,False
mlbam-678232,Jesus Valdez,2025,AAA,Reno Aces,pitcher,28.0,2.0,2.0,0.0,0.0,0.2,0.0,22.5,7.6,7.5,7.5,22.5,22.5,Reno Aces,statsapi,False
mlbam-676931,Cole Percival,2025,AAA,St. Paul Saints,pitcher,26.0,3.0,3.0,0.0,0.09090909090909091,0.22727272727272727,0.0,24.0,7.7666666666666675,11.0,11.0,24.0,24.0,St. Paul Saints,statsapi,False
mlbam-687218,Will Bednar,2025,AAA,Sacramento River Cats,pitcher,25.0,1.6666666666666665,2.0,0.0,0.0,0.08333333333333333,0.0,27.0,6.700000000000001,6.0,6.0,27.0,27.0,Sacramento River Cats,statsapi,False
mlbam-670712,Mike Brosseau,2025,AAA,El Paso Chihuahuas,pitcher,31.0,0.3333333333333333,1.0,0.0,0.0,0.0,0.5,27.0,42.1,1.5,1.5,27.0,27.0,El Paso Chihuahuas,statsapi,False
mlbam-518585,Fernando Cruz,2025,AAA,Scranton/Wilkes-Barre RailRiders,pitcher,35.0,1.3333333333333333,2.0,0.0,0.1111111111111111,0.1111111111111111,0.25,27.0,13.6,4.5,4.5,27.0,27.0,Scranton/Wilkes-Barre RailRiders,statsapi,False
mlbam-641645,Luis Guillorme,2025,AAA,Sugar Land Space Cowboys,pitcher,31.0,1.0,1.0,0.0,0.16666666666666666,0.0,0.3333333333333333,27.0,14.1,3.0,3.0,27.0,27.0,Sugar Land Space Cowboys,statsapi,False
mlbam-672463,Rafael Lantigua,2025,AAA,Lehigh Valley IronPigs,pitcher,27.0,0.6666666666666666,1.0,0.0,0.0,0.25,0.5,27.0,27.1,2.0,2.0,27.0,27.0,Lehigh Valley IronPigs,statsapi,False
mlbam-828602,Jack Mathey,2025,AAA,El Paso Chihuahuas,pitcher,22.0,1.0,1.0,0.0,0.0,0.3333333333333333,0.3333333333333333,27.0,25.1,4.5,4.5,27.0,27.0,El Paso Chihuahuas,statsapi,False
mlbam-641924,Jacob Nottingham,2025,AAA,Tacoma Rainiers,pitcher,30.0,0.6666666666666666,1.0,0.0,0.0,0.3333333333333333,0.0,27.0,16.6,3.0,3.0,27.0,27.0,Tacoma Rainiers,statsapi,False
mlbam-663537,Jon Olsen,2025,AAA,Scranton/Wilkes-Barre RailRiders,pitcher,28.0,1.0,1.0,0.0,0.14285714285714285,0.14285714285714285,0.0,27.0,4.1,3.5,3.5,27.0,27.0,Scranton/Wilkes-Barre RailRiders,statsapi,False
mlbam-700685,Paul Witt,2025,AAA,Rochester Red Wings,pitcher,28.0,2.0,1.0,0.0,0.0,0.0,0.2857142857142857,27.0,16.1,7.5,7.5,27.0,27.0,Rochester Red Wings,statsapi,False
mlbam-676697,Brody Rodning,2025,AAA,Sugar Land Space Cowboys,pitcher,29.0,2.3333333333333335,4.0,0.0,0.16666666666666666,0.2777777777777778,0.25,30.86,12.528571428571428,9.0,9.0,30.86,30.86,Sugar Land Space Cowboys,statsapi,False
mlbam-805965,Tyler Guilfoil,2025,AAA,Sugar Land Space Cowboys,pitcher,25.0,2.0,2.0,0.0,0.16666666666666666,0.2777777777777778,0.25,31.5,14.1,9.0,9.0,31.5,31.5,Sugar Land Space Cowboys,statsapi,False
mlbam-802953,Colin Fields,2025,AAA,Toledo Mud Hens,pitcher,25.0,1.6666666666666665,1.0,0.0,0.07692307692307693,0.23076923076923078,0.0,32.4,7.300000000000001,6.5,6.5,32.4,32.4,Toledo Mud Hens,statsapi,False
mlbam-686463,Thomas Schultz,2025,AAA,Rochester Red Wings,pitcher,26.0,1.6666666666666665,1.0,0.0,0.08333333333333333,0.16666666666666666,0.25,32.4,13.3,6.0,6.0,32.4,32.4,Rochester Red Wings,statsapi,False
mlbam-680704,Nick Sandlin,2025,AAA,Buffalo Bisons,pitcher,28.0,1.3333333333333333,3.0,0.0,0.08333333333333333,0.16666666666666666,0.5,33.75,25.6,6.0,6.0,33.75,33.75,Buffalo Bisons,statsapi,False
mlbam-570560,Yolmer Sánchez,2025,AAA,Salt Lake Bees,pitcher,33.0,1.3333333333333333,2.0,0.0,0.0,0.08333333333333333,0.0,33.75,5.35,6.0,6.0,33.75,33.75,Salt Lake Bees,statsapi,False
mlbam-622268,Donovan Walton,2025,AAA,Syracuse Mets,pitcher,31.0,1.0,1.0,0.0,0.0,0.0,0.25,36.0,16.1,4.5,4.5,36.0,36.0,Syracuse Mets,statsapi,False
mlbam-675961,Alika Williams,2025,AAA,Indianapolis Indians,pitcher,26.0,1.0,1.0,0.0,0.0,0.0,0.25,36.0,19.1,3.5,3.5,36.0,36.0,Indianapolis Indians,statsapi,False
mlbam-682982,Daniel Espino,2025,AAA,Columbus Clippers,pitcher,24.0,0.6666666666666666,1.0,1.0,0.2,0.0,0.0,40.5,0.10000000000000009,2.5,2.5,40.5,40.5,Columbus Clippers,statsapi,False
mlbam-814783,Casey Anderson,2025,AAA,Reno Aces,pitcher,25.0,1.6666666666666665,1.0,0.0,0.058823529411764705,0.11764705882352941,0.5,43.2,15.100000000000001,8.5,8.5,43.2,43.2,Reno Aces,statsapi,False
mlbam-808063,Maikel Miralles,2025,AAA,El Paso Chihuahuas,pitcher,21.0,0.6666666666666666,1.0,0.0,0.125,0.25,0.5,54.0,28.6,4.0,4.0,54.0,54.0,El Paso Chihuahuas,statsapi,False
mlbam-679156,Walter Pennington,2025,AAA,Norfolk Tides,pitcher,27.0,0.3333333333333333,1.0,0.0,0.0,0.8,0.12,54.0,39.1,2.5,2.5,54.0,54.0,Norfolk Tides,statsapi,False
mlbam-670351,Jose Rojas,2025,AAA,Scranton/Wilkes-Barre RailRiders,pitcher,32.0,0.6666666666666666,1.0,0.0,0.0,0.0,0.0,54.0,3.1,4.0,4.0,54.0,54.0,Scranton/Wilkes-Barre RailRiders,statsapi,False
mlbam-670097,Zack Short,2025,AAA,Sugar Land Space Cowboys,pitcher,30.0,1.0,1.0,0.0,0.0,0.09090909090909091,0.0,54.0,6.1,5.5,5.5,54.0,54.0,Sugar Land Space Cowboys,statsapi,False
mlbam-694795,Josh Ekness,2025,AAA,Jacksonville Jumbo Shrimp,pitcher,23.0,1.3333333333333333,3.0,0.0,0.125,0.3125,0.5,60.75,33.1,8.0,8.0,60.75,60.75,Jacksonville Jumbo Shrimp,statsapi,False
mlbam-694781,Logan Mercado,2025,AAA,Reno Aces,pitcher,24.0,0.3333333333333333,1.0,0.0,0.14285714285714285,0.42857142857142855,0.12,108.0,24.1,3.5,3.5,108.0,108.0,Reno Aces,statsapi,False
