player_id,player_name,season,league,team,role,age,pa,g,bb_pct,k_pct,iso,babip,hr_pct,avg,obp,slg,woba,home_pa,road_pa,home_woba,road_woba,park_id,source,is_synthetic
H-0081,Hitter 81,2015,AAA,AAA-T4,batter,26.7,493.0,125.58856078210214,0.09151947159905491,0.26805007238806583,0.23102966812059697,0.31144129632504974,0.06108196143596089,0.20861878564208797,0.27103031388307935,0.562173797753102,0.475108166591799,254.43144465757285,238.56855534242715,0.46680967932618744,0.48340665385741055,AAA-P4,synthetic,True
H-0082,Hitter 82,2015,AAA,AAA-T2,batter,32.6,321.0,88.32607250848191,0.02,0.394624882291438,0.10982388561650216,0.34079852752077616,0.005,0.20024497816237896,0.25,0.44390373836857977,0.31818262172134787,166.68254033224676,154.31745966775324,0.32510560898521607,0.3112596344574797,AAA-P2,synthetic,True
H-0083,Hitter 83,2015,AAA,AAA-T3,batter,27.5,210.0,55.40717617437236,0.0880748584103646,0.2211137565631607,0.14427229357589386,0.31643636293586225,0.012007414269159007,0.2203989542928371,0.28481291634758155,0.47591592986948006,0.38256156222379173,113.94446241394805,96.05553758605195,0.34804557273834086,0.4170775517092426,AAA-P3,synthetic,True
H-0084,Hitter 84,2015,AAA,AAA-T5,batter,25.6,524.0,140.74889710075215,0.0992553514488655,0.2651745198127134,0.26618111367687725,0.33628293368264955,0.02495325069107289,0.21747437505687645,0.29161360015675947,0.5998094070451423,0.4760353109473813,270.04236182934596,253.95763817065404,0.5,0.44149522896321836,AAA-P2,synthetic,True
H-0085,Hitter 85,2015,AAA,AAA-T6,batter,31.8,442.0,118.01607872700816,0.02,0.34032436939471467,0.02,0.2804946160534054,0.005,0.1801755704053495,0.25,0.34804946160534056,0.24767311561869193,229.93405798284982,212.06594201715018,0.2522061064516985,0.2431401247856854,AAA-P3,synthetic,True
H-0086,Hitter 86,2015,AAA,AAA-T2,batter,33.1,470.0,112.65554303604134,0.02,0.34225457040587104,0.02013068807451647,0.27346191203933057,0.005,0.17514908457115477,0.25,0.3474768792784495,0.24528354765474977,234.58888661871472,235.41111338128528,0.2530747513422339,0.23749234396726565,AAA-P2,synthetic,True
H-0087,Hitter 87,2015,AAA,AAA-T1,batter,26.2,606.0,149.30186573323562,0.15674305989430368,0.26075218949608,0.19499843708077522,0.3169706384471963,0.011160381654465543,0.18631095994742475,0.3229162723236331,0.5266955009254948,0.4579533492659766,292.7072565083018,313.2927434916982,0.4511064418620903,0.46480025666986285,AAA-P1,synthetic,True
H-0088,Hitter 88,2015,AAA,AAA-T7,batter,23.5,397.0,103.58082337787638,0.053779095011023986,0.23604690102567422,0.16890178574510892,0.31055002099665296,0.023147751274939697,0.22401671453332142,0.2522691916688964,0.49995678784477415,0.38006683216380094,212.68143644568084,184.31856355431916,0.4076241044586316,0.35250955986897026,AAA-P1,synthetic,True
H-0089,Hitter 89,2015,AAA,AAA-T7,batter,23.2,629.0,164.67537579632614,0.07364717763268763,0.3273611181146985,0.1053264203981214,0.2932250217510523,0.0500688279576388,0.1831496797018184,0.25,0.4346489225732266,0.3771732583365913,295.0066701798255,333.9933298201745,0.3836968412803216,0.37064967539286103,AAA-P5,synthetic,True
H-0090,Hitter 90,2015,AAA,AAA-T6,batter,27.2,491.0,133.13452365580568,0.12237529091294826,0.19767826779068215,0.2526193013420745,0.31731320301358895,0.047547021634739735,0.22288803641065325,0.3165556757618463,0.5843506216434334,0.49845525990322664,237.10754620176604,253.89245379823396,0.5,0.4871304644388822,AAA-P2,synthetic,True
H-0091,Hitter 91,2015,AAA,AAA-T2,batter,25.1,310.0,87.26384570976091,0.06595140386762793,0.18442809428307153,0.13751946889461852,0.3271347729328564,0.005,0.2459769326582848,0.28665564326008425,0.4702329461879042,0.3607988611258795,150.46671085297928,159.53328914702072,0.35481895919428186,0.36677876305747714,AAA-P3,synthetic,True
H-0093,Hitter 93,2015,AAA,AAA-T4,batter,25.9,185.0,46.69375697808859,0.08322158019373159,0.2226665824607648,0.18067408767358975,0.3104861716551948,0.04965601962033091,0.22296053002100835,0.27718249456389443,0.5117227048391092,0.43098643209370247,101.67393194954614,83.32606805045386,0.44092527851826957,0.42104758566913536,AAA-P3,synthetic,True
H-0094,Hitter 94,2015,AAA,AAA-T1,batter,31.8,444.0,114.34079632019801,0.04347384923124448,0.3015429872347359,0.1154243208286725,0.3230051966035112,0.01662315928638406,0.2140564394022533,0.25,0.4477248404890236,0.3419277330866156,215.26206224752082,228.73793775247918,0.33761694064240433,0.3462385255308269,AAA-P3,synthetic,True
H-0095,Hitter 95,2015,AAA,AAA-T5,batter,27.5,443.0,109.13310969875533,0.09124213127038033,0.19663310137917747,0.14348422117237464,0.29935332650185775,0.016148197507336235,0.2155991476168169,0.28310135746202514,0.4734195538225604,0.3820928555663251,214.58730463079615,228.41269536920385,0.3902712563441435,0.3739144547885067,AAA-P2,synthetic,True
H-0097,Hitter 97,2015,AAA,AAA-T1,batter,25.2,293.0,75.53847748342176,0.10487151597744374,0.28399051795446384,0.16792954487494244,0.3095673544362222,0.04350065282125513,0.19571346127442135,0.2751410429935535,0.49888628031856463,0.4332704724572364,153.35873818277477,139.64126181722523,0.4291759749516429,0.43736496996282986,AAA-P4,synthetic,True
H-0098,Hitter 98,2015,AAA,AAA-T7,batter,33.3,552.0,146.77343689293468,0.02,0.27196526781826325,0.07159971261846723,0.2782256389575366,0.005,0.197743415765392,0.25,0.3994222765142209,0.2752588155752948,283.2607625354683,268.7392374645317,0.2854283439058424,0.26508928724474723,AAA-P1,synthetic,True
H-0099,Hitter 99,2015,AAA,AAA-T3,batter,33.1,282.0,80.54863091933467,0.02,0.3803821318727305,0.06741054459110932,0.3335746411967426,0.005,0.20076731521570965,0.25,0.4007680087107836,0.2923269239439701,149.01526957061486,132.98473042938514,0.2821250510128838,0.30252879687505635,AAA-P5,synthetic,True
H-0100,Hitter 100,2015,AAA,AAA-T6,batter,28.2,538.0,153.66840153347692,0.07987948022425295,0.1734687047790244,0.22878720181080758,0.3650104496566318,0.02072252054829594,0.2756440928111384,0.32516162348025757,0.5652882467764707,0.4481525230262087,265.6311311410823,272.3688688589177,0.4564768609237969,0.43982818512862054,AAA-P3,synthetic,True
H-0102,Hitter 102,2015,AAA,AAA-T2,batter,33.4,582.0,144.28032631582028,0.02,0.18619505338803136,0.02,0.2893944303026612,0.005,0.23047273029620508,0.25,0.34893944303026614,0.25078805060593146,295.8777250725865,286.1222749274135,0.2458908405023026,0.2556852607095603,AAA-P5,synthetic,True
H-0103,Hitter 103,2015,AAA,AAA-T7,batter,28.2,269.0,74.87213421018667,0.0854343246840785,0.1496055335909237,0.22344154224699322,0.3013022585146689,0.07410309898658692,0.2415996832234311,0.29287012122197725,0.5535717680984601,0.47484545508276355,130.6776027847504,138.3223972152496,0.44520389983011643,0.5,AAA-P5,synthetic,True
H-0104,Hitter 104,2015,AAA,AAA-T6,batter,22.1,384.0,100.31309976282144,0.02,0.2699524260957819,0.17759780777067535,0.33566641676699976,0.005,0.2390891248665303,0.25,0.5111644494473753,0.3536620401423214,192.77243974510077,191.22756025489923,0.3745446957593692,0.33277938452527356,AAA-P3,synthetic,True
H-0105,Hitter 105,2015,AAA,AAA-T1,batter,30.4,469.0,113.77759433705504,0.02657969205906212,0.2695943887567155,0.06925041371080344,0.3097693997658504,0.005,0.21877373252534452,0.25,0.40022735368738843,0.289612801900333,220.3359091635265,248.6640908364735,0.2667440878243966,0.3124815159762694,AAA-P5,synthetic,True
H-0106,Hitter 106,2015,AAA,AAA-T4,batter,21.6,614.0,163.29075270335025,0.022262313778116022,0.29781576900958734,0.05956295811203863,0.331495174092058,0.005,0.2261408343152961,0.25,0.39271247552124444,0.28886655753852275,335.72262435188,278.27737564812,0.3220620699879766,0.2556710450890689,AAA-P2,synthetic,True
H-0107,Hitter 107,2015,AAA,AAA-T6,batter,29.6,470.0,125.1930763570753,0.07925735605772978,0.19053997435869585,0.19094806721951946,0.324999298166851,0.03229716658683563,0.24215993012224804,0.2928411756785302,0.5234479970362046,0.42331879049769644,235.2400346836052,234.7599653163948,0.43069390695229914,0.41594367404309374,AAA-P2,synthetic,True
H-0108,Hitter 108,2015,AAA,AAA-T1,batter,28.6,452.0,119.58376540680953,0.05612349663005567,0.08029927226529969,0.2676204322013272,0.3921620793281572,0.02730194905225649,0.3427575349682885,0.3609195149794607,0.606836640134143,0.4683061672636548,232.24565274821242,219.75434725178758,0.47687734301391854,0.4597349915133911,AAA-P3,synthetic,True
H-0109,Hitter 109,2015,AAA,AAA-T1,batter,25.7,545.0,152.47861508808276,0.07238054131290557,0.20484705546082474,0.1935376568842964,0.29075461465769636,0.03833641520581822,0.2158998738661439,0.26151501173964964,0.5226131183500661,0.41337897902082704,258.348532462532,286.651467537468,0.4036853881500018,0.42307256989165226,AAA-P2,synthetic,True
H-0110,Hitter 110,2015,AAA,AAA-T7,batter,23.2,276.0,74.22234105429781,0.02,0.3070672436944645,0.23801397770942864,0.3517305286571488,0.014391130598578845,0.23884966371584512,0.25,0.5731870305751435,0.4009653903089088,150.82761587239852,125.17238412760148,0.3955352574236821,0.4063955231941355,AAA-P3,synthetic,True
H-0111,Hitter 111,2015,AAA,AAA-T6,batter,23.2,245.0,63.822269074167174,0.052520321708434015,0.15855626338525575,0.16689196336401207,0.27244159998120215,0.04668347989963633,0.2219380794046544,0.25,0.4941361233621323,0.38592449694920394,124.77348524265669,120.22651475734331,0.4047330068980402,0.3671159870003677,AAA-P2,synthetic,True
H-0112,Hitter 112,2015,AAA,AAA-T7,batter,29.2,446.0,108.27971493958792,0.13882959455850585,0.16973183672984501,0.16331810012000195,0.2972221327690866,0.02553015155064262,0.20934036880387738,0.32378935602265874,0.4930403133969106,0.4340105541217138,238.75920818208286,207.24079181791714,0.4518300227539313,0.4161910854894963,AAA-P1,synthetic,True
H-0114,Hitter 114,2015,AAA,AAA-T3,batter,30.5,631.0,160.5230376328722,0.05334958108205166,0.14087954287730683,0.08298153820815127,0.307043964802416,0.01661542220678749,0.24989939783285275,0.27601595713370286,0.4136859346883929,0.3254038204388737,335.2781111089618,295.7218888910382,0.31979633992647655,0.3310113009512709,AAA-P4,synthetic,True
H-0115,Hitter 115,2015,AAA,AAA-T3,batter,23.4,533.0,131.89753290614917,0.0677794784576655,0.24094254603126478,0.09925540605869668,0.3037481861804618,0.03774132723994097,0.21563563029398025,0.25675646654485573,0.4296302246767429,0.3623151679317575,256.269369227687,276.730630772313,0.34866601333468095,0.37596432252883405,AAA-P3,synthetic,True
H-0116,Hitter 116,2015,AAA,AAA-T2,batter,27.3,495.0,132.62340127215583,0.15685813684980257,0.2613012374875447,0.21179359061465777,0.30342144597878695,0.0626237551789218,0.18593648724460246,0.31574676842079036,0.5421357352125364,0.5,262.4612018784059,232.53879812159408,0.5,0.4783769148934931,AAA-P5,synthetic,True
H-0117,Hitter 117,2015,AAA,AAA-T5,batter,22.8,636.0,173.21261001372247,0.07339687874718566,0.24880761337260082,0.08943069350700757,0.32484573088913016,0.026969460866135456,0.22422439628063745,0.27155795818283107,0.42191526659592055,0.3585332171426016,302.89058658427285,333.10941341572715,0.34578414503030824,0.371282289254895,AAA-P3,synthetic,True
H-0118,Hitter 118,2015,AAA,AAA-T4,batter,33.1,247.0,61.31783636945012,0.02,0.2689190597830973,0.10267191474871808,0.3288745645622776,0.006018530826887823,0.234759214206402,0.25,0.4355593712049458,0.3109923284527911,123.64805127684531,123.35194872315469,0.32199831276431945,0.2999863441412628,AAA-P2,synthetic,True
H-0119,Hitter 119,2015,AAA,AAA-T3,batter,27.7,416.0,104.55023127868942,0.062492093625887334,0.19749482490348214,0.061815644076747285,0.29738975585222477,0.028600268550587945,0.22436234990859152,0.2605571722892903,0.39155461966196975,0.3275697260241399,202.17734374236952,213.82265625763048,0.34335917211868844,0.3117802799295914,AAA-P1,synthetic,True
H-0120,Hitter 120,2015,AAA,AAA-T2,batter,29.9,336.0,93.75896268178259,0.08423671652403014,0.2602658450237142,0.08255659497724216,0.32203280525055045,0.04517643032027889,0.21786814348737174,0.27421922756942707,0.4147598755022972,0.37774209793024793,184.62089475066307,151.37910524933693,0.3913545993540577,0.36412959650643817,AAA-P1,synthetic,True
H-0121,Hitter 121,2015,AAA,AAA-T3,batter,22.9,641.0,175.45577250240876,0.03323569692803492,0.27446664403324744,0.1374214901221233,0.3386745831442933,0.013755452326797854,0.2365269389357274,0.25,0.4712889484365526,0.34976281861141295,334.9338092289605,306.0661907710395,0.3473084859072645,0.3522171513155614,AAA-P4,synthetic,True
H-0122,Hitter 122,2015,AAA,AAA-T3,batter,26.7,494.0,139.16956438244554,0.0740659705359844,0.2377490568006443,0.16543332731584612,0.30720716247511043,0.028263369986451823,0.2156548582078935,0.26433978797491753,0.49615404356335713,0.3957940492529997,232.8509484185755,261.1490515814245,0.3941200644329947,0.39746803407300474,AAA-P3,synthetic,True
H-0123,Hitter 123,2015,AAA,AAA-T4,batter,27.3,482.0,128.8260145774801,0.06846256559468161,0.14276605256586133,0.17781376327667298,0.30465904039650393,0.005,0.24105633228343337,0.28473826464977164,0.5082796673163233,0.3768520298572236,243.23720782049543,238.76279217950457,0.3660205945491627,0.3876834651652845,AAA-P4,synthetic,True
H-0124,Hitter 124,2015,AAA,AAA-T5,batter,27.1,529.0,127.68483345969811,0.06740839755792986,0.29089677375439216,0.19330512222765264,0.324626051217649,0.020352793979133314,0.21136377742053666,0.25488817004922987,0.5257677273494176,0.405440328023157,265.56057366534077,263.43942633465923,0.4130069898570424,0.3978736661892716,AAA-P4,synthetic,True
H-0125,Hitter 125,2015,AAA,AAA-T2,batter,21.7,597.0,154.03068157916886,0.02,0.28553584318649294,0.11441552866569994,0.29918115119422245,0.005,0.20852058589859007,0.25,0.4443336437851222,0.30614194368411285,293.0294853558436,303.9705146441564,0.30874047214271705,0.30354341522550865,AAA-P2,synthetic,True
H-0126,Hitter 126,2015,AAA,AAA-T1,batter,28.4,310.0,87.01376278921713,0.09919082722685728,0.2794534218122741,0.10668578706097724,0.24795932639000157,0.046358794020720344,0.1610247725599186,0.25,0.4314817196999774,0.37661944079748644,141.89334634639263,168.10665365360737,0.3813997975920823,0.37183908400289056,AAA-P5,synthetic,True
H-0127,Hitter 127,2015,AAA,AAA-T1,batter,23.5,501.0,137.475719184003,0.02,0.1437256884115535,0.17280969632155632,0.3442779390028713,0.05097823958741285,0.2955575323728273,0.2791197167912438,0.5072374902218435,0.3954230272565325,266.9889607555323,234.01103924446772,0.39306470796067033,0.39778134655239467,AAA-P1,synthetic,True
H-0129,Hitter 129,2015,AAA,AAA-T3,batter,28.8,300.0,77.26875488379217,0.12804801134992594,0.32009889651507667,0.1337391793735341,0.36370523288596746,0.04281299796998883,0.20713380708929885,0.3086886830043464,0.47010970266213087,0.44901868628347047,155.8989090450416,144.1010909549584,0.4432674981740226,0.4547698743929183,AAA-P2,synthetic,True
H-0130,Hitter 130,2015,AAA,AAA-T1,batter,25.7,446.0,113.66480730411399,0.09575225692742081,0.2550982317083848,0.17518816189816197,0.31218354480437127,0.03646792297798408,0.20812398401239732,0.27814067293655054,0.506406516378599,0.4254654402548993,233.49108732763304,212.50891267236696,0.44340472364611627,0.4075261568636823,AAA-P2,synthetic,True
H-0131,Hitter 131,2015,AAA,AAA-T7,batter,25.4,546.0,149.88755875580532,0.09235719718857284,0.21025438130648963,0.1258181461264839,0.3480251299522676,0.06186704353294137,0.25198875255140385,0.31079502360788924,0.46062065912171063,0.431339153064508,297.738320568625,248.261679431375,0.44677718125742505,0.4159011248715909,AAA-P3,synthetic,True
H-0132,Hitter 132,2015,AAA,AAA-T2,batter,23.6,625.0,157.99688143195164,0.062227509265881824,0.32383243544539553,0.1871908863384014,0.31160032892983947,0.005,0.19205392317116982,0.25,0.5183509192313853,0.38007435909768184,322.20109050284606,302.79890949715394,0.34824818006122754,0.41190053813413613,AAA-P5,synthetic,True
H-0133,Hitter 133,2015,AAA,AAA-T3,batter,28.6,642.0,178.67974550955043,0.08611156718372297,0.19722381819554013,0.1764854976031799,0.27435192028105937,0.05585929427240613,0.2049972073595455,0.2630680490805391,0.5039206896312859,0.42364165765389133,330.6418897985112,311.3581102014888,0.4115842690307065,0.4356990462770762,AAA-P4,synthetic,True
H-0134,Hitter 134,2015,AAA,AAA-T7,batter,24.8,319.0,76.99669171297738,0.0652401106072818,0.2469670716746525,0.17260721157941764,0.3098750720453112,0.015543776043095862,0.21546141534909755,0.2570569746556517,0.5035947187839488,0.3830477174484221,143.8341413969638,175.1658586030362,0.3807864018552932,0.38530903304155095,AAA-P1,synthetic,True
H-0135,Hitter 135,2015,AAA,AAA-T2,batter,21.8,444.0,114.07492601270425,0.02,0.2104019479958428,0.1528087097511625,0.33736211198804394,0.005,0.2603832242060069,0.25366990178540627,0.4865449209499669,0.3406215295589548,209.5680618647167,234.4319381352833,0.33119858469059993,0.3500444744273097,AAA-P5,synthetic,True
H-0136,Hitter 136,2015,AAA,AAA-T1,batter,28.2,572.0,142.85816884523763,0.08743729051639838,0.2777158503644497,0.23856034218035566,0.31013484165862415,0.017168768479637588,0.19946344540233868,0.26463660763375213,0.569573826346218,0.43641337777286676,293.89380118189297,278.10619881810703,0.44713949353078686,0.42568726201494667,AAA-P3,synthetic,True
H-0137,Hitter 137,2015,AAA,AAA-T5,batter,33.4,556.0,146.7248444716315,0.02,0.33581379490712887,0.1087347151075451,0.32853463127770843,0.005,0.21238747736437266,0.25,0.44158817823531593,0.31329121425634776,289.5148465912881,266.4851534087119,0.3153666616267793,0.31121576688591623,AAA-P3,synthetic,True
H-0138,Hitter 138,2015,AAA,AAA-T2,batter,26.4,187.0,50.66913959207307,0.06820303469773048,0.23090945372794425,0.13713427444136694,0.30611946324792866,0.05032261029159036,0.2221037003840474,0.26130281265400845,0.4677462207661598,0.3955981366303695,99.99382970520773,87.00617029479227,0.40874162523057794,0.3824546480301611,AAA-P2,synthetic,True
H-0139,Hitter 139,2015,AAA,AAA-T1,batter,33.1,230.0,59.70819791159214,0.02,0.2948708502844241,0.059804906394989296,0.2947939101087163,0.005,0.2027219009741147,0.25,0.3892842974058609,0.27457056705529487,115.83770280687384,114.16229719312616,0.30082498414456443,0.2483161499660253,AAA-P3,synthetic,True
H-0140,Hitter 140,2015,AAA,AAA-T6,batter,32.1,342.0,89.33558772382067,0.02,0.3333082965424426,0.02,0.22792577918984716,0.005,0.15,0.25,0.3427925779189847,0.22927402271644653,182.7071309681637,159.2928690318363,0.2251885275680502,0.23335951786484288,AAA-P3,synthetic,True
H-0141,Hitter 141,2015,AAA,AAA-T2,batter,28.4,638.0,168.0501450445596,0.08927324695719371,0.24021700456476872,0.25784283754791143,0.22174695360030566,0.049480782739976505,0.1561056114953085,0.25,0.580017532907942,0.4464489717474727,302.252416565616,335.747583434384,0.44387593431282346,0.449022009182122,AAA-P3,synthetic,True
H-0142,Hitter 142,2015,AAA,AAA-T3,batter,24.0,272.0,74.78006478924364,0.046189422470142405,0.19726756821416783,0.0684290251909439,0.3043274472987973,0.030551100165172672,0.23481946782156995,0.25340254498725706,0.3988617699208236,0.3239791562873533,143.80977069492334,128.19022930507666,0.33737487175859465,0.31058344081611194,AAA-P3,synthetic,True
H-0143,Hitter 143,2015,AAA,AAA-T7,batter,32.2,373.0,95.50946595516226,0.05402535692190688,0.2566661158782724,0.20676620670983342,0.29802747250941347,0.02354606759724165,0.20896478828013512,0.25,0.5365689539607748,0.3970402397515554,176.11170419534227,196.88829580465773,0.3836619534599417,0.4104185260431691,AAA-P3,synthetic,True
H-0144,Hitter 144,2015,AAA,AAA-T3,batter,28.8,513.0,138.69922663217298,0.0907715971669561,0.2587453363921708,0.32657450797728954,0.3400438034289025,0.018811573851399387,0.2240144720563599,0.2898450595477411,0.6605788883201797,0.4991018450707538,232.2709765976299,280.7290234023701,0.488599542179475,0.5,AAA-P2,synthetic,True
H-0145,Hitter 145,2015,AAA,AAA-T5,batter,23.1,294.0,72.45106104579534,0.03307879373232933,0.214539508867392,0.1676849380134796,0.3473270582232011,0.022963571223673103,0.2647670573025684,0.268269063189445,0.5024176438357997,0.37761355599947055,151.44380820792765,142.55619179207235,0.36853977700334284,0.38668733499559826,AAA-P1,synthetic,True
H-0146,Hitter 146,2015,AAA,AAA-T3,batter,22.7,629.0,153.60960844533463,0.044068308254589135,0.278873140683464,0.02,0.3138504097474848,0.005,0.21324510367383034,0.25,0.3513850409747485,0.27619545918983207,328.0940111673286,300.9059888326714,0.28034296021341254,0.2720479581662516,AAA-P3,synthetic,True
H-0147,Hitter 147,2015,AAA,AAA-T5,batter,27.8,394.0,100.91650909537252,0.08078839790130468,0.2605044941563445,0.14472939832685314,0.3462637753655525,0.019658660014668088,0.23103520905844308,0.2860661669519233,0.47935577586340833,0.3950381630018271,208.54881841805357,185.45118158194643,0.4058306272809178,0.3842456987227364,AAA-P5,synthetic,True
H-0148,Hitter 148,2015,AAA,AAA-T4,batter,29.4,481.0,133.17944984044988,0.06624558907025613,0.2402243257211999,0.18760370818229122,0.2726914080608842,0.045967714121794984,0.1960148525863721,0.25,0.5148728489883796,0.4063668873803644,246.30879278001015,234.69120721998985,0.4033150888613178,0.40941868589941105,AAA-P5,synthetic,True
H-0149,Hitter 149,2015,AAA,AAA-T5,batter,32.1,336.0,81.29871639829618,0.02,0.19694625887220193,0.11167321168304067,0.32229912793850346,0.005,0.2531275378944719,0.25,0.443903124476891,0.3127249612041486,183.0676028861439,152.9323971138561,0.29683790137948324,0.328612021028814,AAA-P1,synthetic,True
H-0150,Hitter 150,2015,AAA,AAA-T2,batter,23.2,609.0,154.41692464184533,0.05588495977132589,0.29789257880435827,0.07430722512054619,0.26095652441250977,0.010722271357567092,0.17024430823422168,0.25,0.40040287756179715,0.3009732734224173,317.06292153783386,291.93707846216614,0.30914318940091967,0.29280335744391495,AAA-P1,synthetic,True
H-0151,Hitter 151,2015,AAA,AAA-T6,batter,28.1,228.0,60.20241298061468,0.11918888333295875,0.20904836035520205,0.06709950514795208,0.27302338053986347,0.023763874658907135,0.18697151984787092,0.28425512811709014,0.39440184320193844,0.3572826165464134,119.14561052509559,108.85438947490441,0.357695594913337,0.3568696381794898,AAA-P3,synthetic,True
H-0153,Hitter 153,2015,AAA,AAA-T1,batter,24.0,355.0,99.31599363771215,0.06485138396668177,0.1765461754433587,0.20492317296170978,0.29627107432319977,0.02569109555480709,0.2286056243910097,0.26712814801869156,0.5345502803940297,0.4049205759180639,163.86072046917562,191.13927953082438,0.40862026194048967,0.40122088989563814,AAA-P1,synthetic,True
H-0154,Hitter 154,2015,AAA,AAA-T1,batter,31.7,198.0,56.333676992615736,0.023387592930986245,0.3789456244746523,0.10195688907938233,0.2784329739672862,0.008036001984730819,0.1676155400169172,0.25,0.42980018647611096,0.29713154672015857,103.43030904811997,94.56969095188003,0.2840420022639929,0.31022109117632424,AAA-P1,synthetic,True
H-0155,Hitter 155,2015,AAA,AAA-T7,batter,31.8,293.0,72.5579338646834,0.02,0.3007701639370074,0.12947538927908944,0.3093793212599195,0.01018532376914763,0.2116674642260272,0.25,0.4604133214050814,0.3226610179367039,150.51087471422127,142.48912528577873,0.3239772485626978,0.32134478731071,AAA-P3,synthetic,True
H-0156,Hitter 156,2015,AAA,AAA-T4,batter,32.8,476.0,126.04237571486128,0.02495801256234728,0.32910954129807524,0.14081977971016849,0.2952428074751339,0.005,0.19145690883752955,0.25,0.4703440604576819,0.3227564702505326,256.7483461788318,219.2516538211682,0.33132456779808106,0.31418837270298416,AAA-P4,synthetic,True
H-0157,Hitter 157,2015,AAA,AAA-T4,batter,28.0,477.0,132.6077332847311,0.08817368287387653,0.222164398516481,0.14769373716200995,0.35014059827891064,0.0401244451249798,0.24749730356090857,0.30550445598682197,0.482707796989901,0.4216143434609196,221.6545220525279,255.3454779474721,0.4197064586285678,0.42352222829327135,AAA-P4,synthetic,True
H-0158,Hitter 158,2015,AAA,AAA-T2,batter,33.0,212.0,54.73108333780067,0.02,0.27380179752327627,0.10301222298329156,0.31080028085780853,0.008365956227145033,0.22074149310511704,0.25,0.4340922510690724,0.3069661815454739,100.28215950762578,111.71784049237422,0.3150977909071663,0.2988345721837815,AAA-P4,synthetic,True
H-0159,Hitter 159,2015,AAA,AAA-T6,batter,23.0,189.0,47.14500855298528,0.039241206373917925,0.276789671781865,0.0761326715942813,0.30444667408478254,0.03643820290643902,0.21369785475812714,0.25,0.40657733900275955,0.3286925323840662,90.58075615139997,98.41924384860003,0.3388578635942045,0.3185272011739279,AAA-P1,synthetic,True
H-0160,Hitter 160,2015,AAA,AAA-T2,batter,27.9,577.0,161.8668137869478,0.09512915170146835,0.2579519967583871,0.22984509166100406,0.3433690431353136,0.03808124334285822,0.22784409354096413,0.2950478680370502,0.5641819959745353,0.46745749071051224,286.2193802622513,290.7806197377487,0.45796164072362666,0.4769533406973978,AAA-P3,synthetic,True
H-0162,Hitter 162,2015,AAA,AAA-T4,batter,29.0,428.0,109.90616673356658,0.0957443609364299,0.18986242522764663,0.1339234436876087,0.36228415777331774,0.036655434731901346,0.26431165900330644,0.32867637035059905,0.4701518594649405,0.4204682931630581,220.35512289818791,207.64487710181209,0.41210618617883016,0.4288304001472861,AAA-P5,synthetic,True
H-0163,Hitter 163,2015,AAA,AAA-T7,batter,29.2,529.0,129.32008775863588,0.08205671910621434,0.24984889559672474,0.28591082726788714,0.3099556583007595,0.009021858721779127,0.20843291381005863,0.26842839060782697,0.616906393097963,0.45129481162655494,257.01545182581617,271.98454817418383,0.47486268587734354,0.42772693737576634,AAA-P3,synthetic,True
H-0164,Hitter 164,2015,AAA,AAA-T5,batter,23.1,341.0,93.79468730125114,0.05279937222347314,0.1704995781380242,0.09874820820250177,0.26573624633817877,0.033788862147462365,0.2114659507799785,0.25,0.42532183283631964,0.3346887372188858,178.8696681328888,162.1303318671112,0.30627898350143423,0.3630984909363374,AAA-P1,synthetic,True
H-0165,Hitter 165,2015,AAA,AAA-T2,batter,30.3,377.0,104.59477964113749,0.05940900350406823,0.24602370335036552,0.13570756841300258,0.2941345873388383,0.00719074771991263,0.205374876306412,0.25,0.4651210271468864,0.34564424359651397,204.03227624883817,172.96772375116183,0.3416271307882449,0.349661356404783,AAA-P5,synthetic,True
H-0166,Hitter 166,2015,AAA,AAA-T3,batter,25.7,410.0,101.44537009945785,0.127770379160414,0.19783120641946,0.09182853539992751,0.3208789900733211,0.05091062133694424,0.22403687532672073,0.3225306330739752,0.4239164344072596,0.4180721656111621,224.39863856444188,185.60136143555812,0.40937717018786296,0.4267671610344613,AAA-P3,synthetic,True
H-0168,Hitter 168,2015,AAA,AAA-T3,batter,30.4,583.0,141.50686165734427,0.05710772186476457,0.22687564062214727,0.19020637120816572,0.38010015205198344,0.053185934466567386,0.28013592296045986,0.30204995137619184,0.528216386413364,0.44549130370793116,292.959102662733,290.040897337267,0.44044340209976823,0.4505392053160941,AAA-P3,synthetic,True
H-0169,Hitter 169,2015,AAA,AAA-T4,batter,26.6,181.0,49.08074124519434,0.06548482113079923,0.25640377058736724,0.19973486735585216,0.3242585769862904,0.041968500979308744,0.22617871543453305,0.26337991738967226,0.5321607250544812,0.4269557046638577,87.06831737942908,93.93168262057092,0.41892738660634277,0.4349840227213726,AAA-P1,synthetic,True
H-0170,Hitter 170,2015,AAA,AAA-T5,batter,22.7,411.0,116.3890545517637,0.02,0.23671270970249816,0.10913070267771066,0.3233930081063122,0.014437420191057312,0.24253952572515744,0.25,0.4414700034883419,0.3202031174819017,216.71359113313508,194.28640886686492,0.3141966988082314,0.326209536155572,AAA-P1,synthetic,True
H-0171,Hitter 171,2015,AAA,AAA-T7,batter,23.9,297.0,81.02876538366165,0.08280881148264735,0.18520640286878445,0.15426737209025135,0.32825466702935496,0.005,0.24102742208362452,0.2990584913579094,0.4870928387931869,0.38220235614776565,141.21823715056337,155.78176284943663,0.37626308132465225,0.38814163097087906,AAA-P3,synthetic,True
H-0172,Hitter 172,2015,AAA,AAA-T5,batter,24.9,462.0,131.74843487366033,0.07028901684269301,0.14406810877162432,0.12854470303251717,0.2771332475467641,0.036812209824977696,0.22324959266422537,0.26624400191412384,0.45625802778719354,0.3700295239416169,243.10984701422473,218.89015298577527,0.3706962248745034,0.36936282300873047,AAA-P5,synthetic,True
H-0173,Hitter 173,2015,AAA,AAA-T6,batter,28.1,246.0,61.56692520881465,0.08540642863300066,0.28796608796633866,0.22838421576169873,0.30986552132562445,0.03949089038187877,0.20009388537819164,0.2601596552718195,0.5593707678942611,0.44939055251969423,126.58966042533375,119.41033957466625,0.4486036380577997,0.4501774669815888,AAA-P3,synthetic,True
H-0175,Hitter 175,2015,AAA,AAA-T4,batter,32.1,597.0,161.8856253688356,0.02843210302648644,0.29977616374041866,0.06954834375369005,0.3300359338274089,0.005,0.22246541201511807,0.25,0.40255193713643095,0.29816663802266313,296.85932962550123,300.14067037449877,0.3134844804296804,0.28284879561564585,AAA-P3,synthetic,True
H-0176,Hitter 176,2015,AAA,AAA-T4,batter,28.1,549.0,143.22517379704294,0.1172594122346678,0.19754661599172182,0.2163462491109736,0.32612354907574587,0.025112720169878294,0.22722479790559796,0.3183715131267724,0.5489586040185482,0.45781671590470446,262.6979353017125,286.3020646982875,0.49998826916481465,0.4156451626445943,AAA-P4,synthetic,True
H-0177,Hitter 177,2015,AAA,AAA-T5,batter,32.6,493.0,126.36776333168328,0.02,0.30218499814110555,0.03679356758660675,0.29476817768183106,0.005,0.20054829290335324,0.25,0.36627038535478984,0.26190532436127456,227.19784663687255,265.80215336312745,0.26265899033439827,0.26115165838815085,AAA-P1,synthetic,True
H-0178,Hitter 178,2015,AAA,AAA-T6,batter,27.3,391.0,103.87110005225772,0.061568282443808055,0.23123170027375825,0.09619143406345947,0.2984831778934504,0.05069425939555664,0.21869144747409736,0.25154686015209554,0.4260397518528045,0.36609703216427697,191.57680972172975,199.42319027827025,0.37567489270340837,0.35651917162514557,AAA-P3,synthetic,True
H-0179,Hitter 179,2015,AAA,AAA-T3,batter,28.6,540.0,134.77234260226362,0.03871081196331549,0.3168119685472558,0.1750865017810169,0.32041425348996994,0.03696385264927048,0.21204426507138738,0.25,0.5071279271300139,0.388807600459713,294.37861804296824,245.62138195703176,0.37941511405125683,0.3982000868681692,AAA-P1,synthetic,True
H-0180,Hitter 180,2015,AAA,AAA-T2,batter,21.6,438.0,107.89356337522501,0.02,0.36290767368939764,0.04829400436742837,0.32793182173630786,0.005,0.20311421074653196,0.25,0.38108718654105916,0.27983784000979334,225.0655681497976,212.9344318502024,0.27916409359853217,0.2805115864210545,AAA-P2,synthetic,True
H-0181,Hitter 181,2015,AAA,AAA-T1,batter,22.9,492.0,127.72191774056797,0.02,0.26913472279723166,0.22831443327132098,0.299922990244355,0.005,0.2139548395995366,0.25,0.5583067322957564,0.3690459848847508,241.53776967307644,250.46223032692356,0.384985539789154,0.35310642998034764,AAA-P1,synthetic,True
H-0183,Hitter 183,2015,AAA,AAA-T6,batter,24.8,226.0,56.48010233841102,0.05510955347626511,0.3296872047417719,0.19928716444663028,0.3115367152100716,0.03905453033171086,0.19751657668109687,0.25,0.5304408359676374,0.41237155550109705,107.08227035526009,118.91772964473991,0.41387858241004527,0.41086452859214884,AAA-P2,synthetic,True
H-0184,Hitter 184,2015,AAA,AAA-T3,batter,26.6,530.0,132.2506971234266,0.06616870673173267,0.21179378626341924,0.09863351878028237,0.2725350327893244,0.041875552767655075,0.20306184856183657,0.25,0.4258870220592148,0.3536417890085213,289.4355260351509,240.56447396484913,0.35673203552114735,0.3505515424958952,AAA-P2,synthetic,True
H-0185,Hitter 185,2015,AAA,AAA-T4,batter,33.5,378.0,92.6239088604427,0.02,0.30996355045653934,0.09945039036751085,0.31870548212193656,0.005,0.21429428969101924,0.25,0.4313209385797045,0.3047446334448088,189.82487279387553,188.17512720612447,0.2929828027070222,0.31650646418259537,AAA-P4,synthetic,True
H-0186,Hitter 186,2015,AAA,AAA-T4,batter,27.1,618.0,154.55682545188688,0.07289823378004007,0.3202786725240769,0.18530754631536328,0.34172684433951706,0.05483559843858991,0.21559308064682564,0.2595292005729735,0.5194802307493149,0.4419043482330397,311.9488528776221,306.0511471223779,0.43373222136619777,0.45007647509988163,AAA-P1,synthetic,True
H-0188,Hitter 188,2015,AAA,AAA-T5,batter,27.4,232.0,64.8608238930933,0.07448667219277132,0.29292230962675647,0.19728890690884993,0.347359804799274,0.03409379599891821,0.22485076199278053,0.27224969552641987,0.5320248873887773,0.43290991741357965,111.1681902893861,120.8318097106139,0.44084853722778916,0.42497129759937013,AAA-P5,synthetic,True
H-0189,Hitter 189,2015,AAA,AAA-T1,batter,28.0,645.0,160.74081918717124,0.09017110507983117,0.22855681507476827,0.1736643664505968,0.31672270949737213,0.03220621504694188,0.22060527129058657,0.2843680102100219,0.505336637400334,0.41847371697003793,306.35600302324707,338.64399697675293,0.4345728121470948,0.40237462179298106,AAA-P3,synthetic,True
H-0192,Hitter 192,2015,AAA,AAA-T4,batter,24.6,511.0,136.17101144814814,0.07349794918633484,0.20532441688008235,0.2298497313922312,0.3109361332705661,0.06202492007223717,0.23354392290735965,0.2753141155932065,0.5609433447192879,0.4625159914058732,231.12576026256116,279.87423973743887,0.42893193291186366,0.4961000498998827,AAA-P1,synthetic,True
H-0193,Hitter 193,2015,AAA,AAA-T1,batter,24.2,257.0,71.24810566856549,0.04732910254059869,0.23281004931135568,0.1388449019632792,0.33615801530098766,0.005,0.24273699400633272,0.2651173971462981,0.47246070349337793,0.3516503732135683,116.81744583939269,140.1825541606073,0.3627447687125098,0.34055597771462676,AAA-P2,synthetic,True
H-0198,Hitter 198,2015,AAA,AAA-T3,batter,24.7,272.0,73.98136893395355,0.13242735943173775,0.23518804153622092,0.18935199691839957,0.2797601472828916,0.005,0.17766600856463624,0.29165176713991037,0.5173280116466887,0.41925880145634825,138.43179399243823,133.56820600756177,0.381654027215684,0.4568635756970125,AAA-P1,synthetic,True
H-0199,Hitter 199,2015,AAA,AAA-T4,batter,24.8,404.0,96.3163891019643,0.030230696789602572,0.22174545845711358,0.08352798763365608,0.2959010923381819,0.03489755856413491,0.22657570654212356,0.25,0.41311809686747425,0.3220750659773177,196.71626713339901,207.28373286660099,0.3118101535813289,0.33233997837330653,AAA-P1,synthetic,True
H-0200,Hitter 200,2015,AAA,AAA-T7,batter,21.6,518.0,124.77746624652703,0.02,0.20455817565817663,0.12503011489949642,0.2811428493106101,0.01705901391045518,0.2205687760566461,0.25,0.4531443998305574,0.3165196729728463,247.23210107899897,270.767898921001,0.30820682976691827,0.3248325161787743,AAA-P2,synthetic,True
H-0082,Hitter 82,2016,AAA,AAA-T5,batter,32.8,546.0,146.79671490108015,0.02,0.4101790474842074,0.08992464193810007,0.38297881073533285,0.005,0.21897935072657282,0.25,0.4282225230116333,0.32200113682332154,263.8891802143929,282.1108197856071,0.3450983131095027,0.2989039605371404,AAA-P5,synthetic,True
H-0083,Hitter 83,2016,AAA,AAA-T5,batter,27.6,591.0,166.16340176847322,0.0896050383295736,0.23301145412192595,0.16485760228035048,0.32250391804707407,0.021412357082512483,0.22167068876723808,0.2862179900139487,0.49710799408505785,0.4055427007756315,298.8155218753937,292.1844781246063,0.412300806889583,0.39878459466168,AAA-P5,synthetic,True
H-0084,Hitter 84,2016,AAA,AAA-T6,batter,25.7,294.0,75.84837867310573,0.10630055110454455,0.25600747018474895,0.20846711230442574,0.30280709667651223,0.028026320757069595,0.19730160476084974,0.2800884420871049,0.5387478219720769,0.44027347005875733,140.0544503447772,153.9455496552228,0.43784912072836024,0.4426978193891544,AAA-P2,synthetic,True
H-0085,Hitter 85,2016,AAA,AAA-T2,batter,32.0,330.0,87.11390832630266,0.02,0.2991745818768762,0.02,0.30450132811971675,0.005,0.20806224403615267,0.25,0.3504501328119717,0.25607546484190086,150.89773873022534,179.10226126977466,0.2489481462469841,0.2632027834368176,AAA-P4,synthetic,True
H-0087,Hitter 87,2016,AAA,AAA-T4,batter,26.4,365.0,101.28404808441142,0.15167171043123964,0.27394341053411514,0.18205050176508092,0.30524612077776775,0.012975824078398052,0.17727512977049253,0.3094675909740992,0.5125751138428577,0.4448123572154392,190.80690958463524,174.19309041536476,0.43869470285040396,0.45093001158047447,AAA-P4,synthetic,True
H-0088,Hitter 88,2016,AAA,AAA-T3,batter,23.7,215.0,58.34373799971457,0.04517941259823635,0.24954435736165442,0.1679649428193012,0.3213488326326181,0.03758519338483711,0.23227747221464848,0.25,0.500099826082563,0.3903050728371509,96.95003027514284,118.04996972485716,0.38082577989317434,0.3997843657811274,AAA-P2,synthetic,True
H-0089,Hitter 89,2016,AAA,AAA-T6,batter,23.4,440.0,106.93999477564523,0.07508165520969964,0.32624631866428244,0.10859294761722613,0.2882353238547777,0.03733819405994761,0.17815915444222083,0.25,0.43741648000270383,0.3667700178393891,226.9156704527674,213.0843295472326,0.3876587495028373,0.34588128617594094,AAA-P4,synthetic,True
H-0090,Hitter 90,2016,AAA,AAA-T2,batter,27.3,506.0,140.32656349994988,0.14469033330636674,0.2249866742933001,0.23697693011375637,0.30936579476926435,0.04401605488318213,0.20160278173774737,0.3201906694611098,0.5679135095906828,0.49951302244112916,272.02634869099154,233.97365130900846,0.5,0.4937985945834466,AAA-P5,synthetic,True
H-0091,Hitter 91,2016,AAA,AAA-T5,batter,25.2,481.0,136.5535207965968,0.05951888443414368,0.17360782193328572,0.12326806359960407,0.33086848025673044,0.009175597681273073,0.255110540865873,0.2878796655264575,0.4563549116252771,0.35352266008668426,256.89176763612375,224.10823236387625,0.33472746333115955,0.37231785684220897,AAA-P5,synthetic,True
H-0092,Hitter 92,2016,AAA,AAA-T1,batter,31.8,542.0,141.6533120473679,0.02,0.33207313169902625,0.02,0.27996914939137985,0.005,0.18214953418604424,0.25,0.347996914939138,0.24748920228698296,269.5822830885592,272.4177169114408,0.25232673269448724,0.24265167187947867,AAA-P5,synthetic,True
H-0093,Hitter 93,2016,AAA,AAA-T2,batter,26.1,467.0,127.7469081051718,0.10633255198592349,0.25129207770930273,0.18504014454403017,0.3341757991724222,0.03673911109426073,0.2201771694044175,0.29953222445217403,0.5184577244612724,0.44623159558454545,210.29532806125593,256.70467193874407,0.45830447512613054,0.43415871604296036,AAA-P2,synthetic,True
H-0094,Hitter 94,2016,AAA,AAA-T4,batter,31.9,288.0,76.32210455828567,0.03953353213951312,0.304425065635552,0.11275602458374813,0.3270742819031029,0.005,0.21532427053142522,0.25,0.4454634527740584,0.32866528468480666,134.16133415851516,153.83866584148484,0.3096934458944459,0.3476371234751674,AAA-P5,synthetic,True
H-0095,Hitter 95,2016,AAA,AAA-T4,batter,27.7,462.0,119.13426408932808,0.08602171602151101,0.21125227106703845,0.17285000366514136,0.28908253699868547,0.015015475591972749,0.20539813996620904,0.2688529527861828,0.5017582573650099,0.38997551921320084,235.91543895393383,226.08456104606617,0.388987260931379,0.3909637774950227,AAA-P1,synthetic,True
H-0096,Hitter 96,2016,AAA,AAA-T7,batter,23.8,393.0,106.74468443112782,0.0410939528230513,0.18214002852799635,0.14686465853255587,0.32136823812979426,0.024825663238635144,0.253351776338104,0.2657590869901292,0.4790014823455353,0.3643633094292413,208.14945134886466,184.85054865113534,0.35558962526572246,0.3731369935927601,AAA-P4,synthetic,True
H-0097,Hitter 97,2016,AAA,AAA-T6,batter,25.4,468.0,111.61006152794091,0.10681526154842873,0.2545592096026955,0.16041848806378378,0.2925656714971562,0.04776359925751301,0.19400444657152477,0.2749711775630368,0.4896750552134994,0.42838607587474753,241.55382967332824,226.44617032667176,0.4398407457437382,0.41693140600575684,AAA-P2,synthetic,True
H-0098,Hitter 98,2016,AAA,AAA-T4,batter,33.5,403.0,109.54805761870078,0.02,0.267389863037479,0.07241680145238447,0.304511283528537,0.005,0.21774782746190383,0.25,0.4028679298052381,0.2849081900337994,183.64054498632703,219.35945501367297,0.2967102539395033,0.27310612612809554,AAA-P3,synthetic,True
H-0099,Hitter 99,2016,AAA,AAA-T5,batter,33.3,342.0,90.74145590876499,0.02,0.3721499022184571,0.03129946792061551,0.32783520226872676,0.005,0.20002465975527745,0.25,0.3640829881474882,0.2704570281503929,168.6094632828803,173.3905367171197,0.2934315000512285,0.24748255624955737,AAA-P2,synthetic,True
H-0100,Hitter 100,2016,AAA,AAA-T4,batter,28.3,622.0,170.15586802972325,0.07237618304394153,0.1573876846366288,0.1905660366733042,0.38337183268218444,0.01836102243982638,0.2980409910113112,0.33813433692474504,0.5289032199415227,0.42617970993568466,334.30115790096676,287.69884209903324,0.4292787989850494,0.4230806208863199,AAA-P5,synthetic,True
H-0101,Hitter 101,2016,AAA,AAA-T2,batter,30.7,340.0,96.60450374909864,0.05597978591091204,0.372556528545256,0.08857944444186672,0.30919758714034623,0.050915973070507145,0.1843325886690585,0.25,0.41949920315590133,0.36194807584324273,157.5017789830927,182.4982210169073,0.38327602520573767,0.3406201264807478,AAA-P2,synthetic,True
H-0102,Hitter 102,2016,AAA,AAA-T3,batter,33.5,194.0,52.004531305250545,0.02,0.22294007602741678,0.02,0.2931047391250957,0.005,0.2226478515180488,0.25,0.3493104739125096,0.2520866586937835,99.82324800729518,94.17675199270482,0.23351746532699552,0.27065585206057147,AAA-P3,synthetic,True
H-0104,Hitter 104,2016,AAA,AAA-T1,batter,22.3,247.0,61.07799797656366,0.02,0.30620429392302023,0.14653114634643125,0.3156311811800105,0.005,0.21342093458309627,0.25,0.47809426446443226,0.32956304390354085,117.571277077458,129.428722922542,0.3251965692249307,0.33392951858215103,AAA-P1,synthetic,True
H-0105,Hitter 105,2016,AAA,AAA-T5,batter,30.6,579.0,144.017874944858,0.02162399025984934,0.29059489925921617,0.0906349959651255,0.3393023639089994,0.005,0.23411575663813777,0.25,0.42456523235602545,0.30824186833086337,292.04970875207727,286.95029124792273,0.2807295515303613,0.33575418513136546,AAA-P1,synthetic,True
H-0109,Hitter 109,2016,AAA,AAA-T4,batter,25.8,273.0,69.45585506036967,0.07411025519613619,0.21397591008021216,0.13508359004843917,0.28862045219278193,0.05180072319025911,0.21324300137877664,0.25903585880635016,0.46394563526771737,0.39381096230264373,124.17945046259051,148.82054953740948,0.4332079768802,0.35441394772508744,AAA-P2,synthetic,True
H-0110,Hitter 110,2016,AAA,AAA-T3,batter,23.3,378.0,100.1181242172774,0.02,0.27029884988780295,0.2744489411670015,0.32352018446207076,0.018017353182496757,0.23230524997461627,0.25,0.6068009596132086,0.4143946000678227,194.20247920848215,183.79752079151785,0.40401229912201975,0.42477690101362564,AAA-P2,synthetic,True
H-0111,Hitter 111,2016,AAA,AAA-T5,batter,23.3,600.0,168.86999694368134,0.06974966639963599,0.14601298108035987,0.1639624943784886,0.27473542388984995,0.04871606753381274,0.22276519160490893,0.2636616697269893,0.49143603676747355,0.3990059975297929,318.01162540829097,281.98837459170903,0.42790479170038637,0.3701072033591994,AAA-P2,synthetic,True
H-0112,Hitter 112,2016,AAA,AAA-T1,batter,29.3,439.0,104.56324112690497,0.11337944141416258,0.18267307806828909,0.2245528136794727,0.3280705913462248,0.013317339797264379,0.2329420671796668,0.321229461003232,0.5573598728140952,0.4496799693023404,197.88350170590823,241.11649829409177,0.4576390594491274,0.44172087915555336,AAA-P4,synthetic,True
H-0113,Hitter 113,2016,AAA,AAA-T6,batter,25.1,589.0,142.3881192817412,0.11503673864929138,0.22383098025864406,0.07520115893841145,0.30046772955338646,0.025137935483435396,0.20241960575669926,0.29382076254005696,0.4052479318937501,0.36967420174940735,293.6124274016803,295.3875725983197,0.35728666895410427,0.38206173454471043,AAA-P3,synthetic,True
H-0114,Hitter 114,2016,AAA,AAA-T7,batter,30.6,538.0,131.43711748565778,0.08081458705086099,0.123483090087852,0.058912312954012516,0.3234971850550768,0.010070691891159642,0.2589180653710862,0.312481302479532,0.39126203145952015,0.33125962053163016,270.96092047248754,267.03907952751246,0.3335064516403224,0.32901278942293793,AAA-P3,synthetic,True
H-0115,Hitter 115,2016,AAA,AAA-T4,batter,23.6,627.0,155.28156104300382,0.07999847832844924,0.2647627533684234,0.09400090304064053,0.3182690294627048,0.039508483035556256,0.2144684793095079,0.26768646449720623,0.425827805986911,0.374651226546214,294.0886002647161,332.9113997352839,0.3774948319586571,0.37180762113377097,AAA-P5,synthetic,True
H-0116,Hitter 116,2016,AAA,AAA-T3,batter,27.4,231.0,57.6297102061806,0.14520055702060064,0.24321599923131337,0.17923376796196858,0.3063455356833763,0.06492229421852028,0.19709420182286946,0.31382082894168295,0.5098683215303063,0.4858699645793531,107.07042091640024,123.92957908359976,0.46815090774427437,0.5,AAA-P5,synthetic,True
H-0117,Hitter 117,2016,AAA,AAA-T5,batter,22.9,516.0,136.08854606649209,0.07630607342101672,0.24798170965162328,0.09486002251699197,0.2987651766864583,0.02518871808105675,0.20565758759165967,0.25799742531256775,0.4247365401856378,0.3528249218922688,259.2287163116456,256.7712836883544,0.3428753394355956,0.36277450434894193,AAA-P1,synthetic,True
H-0118,Hitter 118,2016,AAA,AAA-T3,batter,33.2,344.0,82.32495623968052,0.02,0.2763876726240251,0.11100710751044889,0.2935334294287231,0.005145272845661235,0.20730553036984453,0.25,0.4403604504533212,0.3024213549918951,165.28781061605716,178.71218938394284,0.3130602346778135,0.2917824753059767,AAA-P5,synthetic,True
H-0120,Hitter 120,2016,AAA,AAA-T1,batter,30.1,627.0,174.44666908851676,0.08969118872246462,0.21766843721765872,0.09604223158476012,0.31257378165855515,0.04398043278124861,0.22309828596647913,0.2845422876668273,0.4272996097506156,0.38459027256096134,299.79349438861817,327.20650561138183,0.3897678314407119,0.37941271368121077,AAA-P5,synthetic,True
H-0121,Hitter 121,2016,AAA,AAA-T2,batter,23.0,514.0,123.3138483239086,0.02,0.26192772947935844,0.1042750458716446,0.320377109078419,0.015132378501172439,0.2323237749139554,0.25,0.4363127567794865,0.31710240405790635,252.49953182543032,261.5004681745697,0.34997042068032885,0.28423438743548385,AAA-P1,synthetic,True
H-0122,Hitter 122,2016,AAA,AAA-T5,batter,26.9,487.0,127.84536619299114,0.05597942515710902,0.23820503469170304,0.159404081991656,0.26648501416405174,0.02749290792099327,0.1922132004025461,0.25,0.4860525834080612,0.36487121479169915,257.5292299080624,229.4707700919376,0.36772228909911103,0.36202014048428727,AAA-P2,synthetic,True
H-0123,Hitter 123,2016,AAA,AAA-T2,batter,27.5,200.0,53.82513673712727,0.08767099072647865,0.14136837142340333,0.1450499377013508,0.3426944971600669,0.005,0.2649539681182506,0.32545456203290424,0.4793193874173575,0.3855902332503014,106.4112905419897,93.5887094580103,0.37878428650132934,0.39239617999927345,AAA-P5,synthetic,True
H-0124,Hitter 124,2016,AAA,AAA-T4,batter,27.2,475.0,118.27253954594772,0.045183471152340796,0.3221377499828458,0.21674692647088334,0.32485125998833003,0.009140019892207515,0.20689750146594382,0.25,0.5492320524697163,0.39276319826452666,239.97053482844666,235.02946517155334,0.3700364330534706,0.4154899634755827,AAA-P3,synthetic,True
H-0125,Hitter 125,2016,AAA,AAA-T7,batter,21.8,403.0,101.72609771616413,0.023930892224849995,0.27241520090108884,0.158881467211838,0.2994440286081128,0.005,0.21145496062020672,0.25,0.48882587007264927,0.3334418415367454,212.50955227747602,190.49044772252398,0.3364346103550661,0.33044907271842466,AAA-P4,synthetic,True
H-0126,Hitter 126,2016,AAA,AAA-T3,batter,28.5,620.0,163.67045250175366,0.09939543027786091,0.2881885379630629,0.07741769733943014,0.26401081678439814,0.06476102476906899,0.17139861047193397,0.25,0.40381877901786994,0.3828452428978906,325.0599752715928,294.9400247284072,0.37215604932025687,0.3935344364755244,AAA-P1,synthetic,True
H-0127,Hitter 127,2016,AAA,AAA-T1,batter,23.7,200.0,48.31384658329164,0.030092863799286988,0.16185949572254282,0.1568457034149184,0.36503278414322426,0.05358570437448301,0.30300173558028204,0.29556035573098566,0.4933489818292408,0.4033187499248692,98.78161460640885,101.21838539359115,0.3950431104719436,0.4115943893777948,AAA-P2,synthetic,True
H-0128,Hitter 128,2016,AAA,AAA-T3,batter,28.9,411.0,111.45316453322744,0.06036187329559753,0.20559511408222889,0.20806089767488378,0.3027073749780602,0.03143190976284965,0.22691501993627275,0.26034208342025833,0.5383316351726898,0.41092310505699015,189.8253311101965,221.1746688898035,0.4180127664155183,0.40383344369846197,AAA-P2,synthetic,True
H-0129,Hitter 129,2016,AAA,AAA-T7,batter,28.9,329.0,78.49890175038368,0.13039499878895675,0.31481042609910675,0.1352313728059664,0.3316236343399377,0.047103032519832534,0.19104844818867683,0.2959796927685885,0.4683937362399601,0.44411475548237866,158.4989364844396,170.5010635155604,0.4549814546292268,0.43324805633553054,AAA-P4,synthetic,True
H-0130,Hitter 130,2016,AAA,AAA-T2,batter,25.9,377.0,91.61090437175581,0.11251359884318837,0.27208720755665905,0.23307935404489313,0.33698245568067137,0.03848328107477691,0.21315122364450084,0.29915445717814426,0.5667775996129603,0.4795319763704573,196.57521812440865,180.42478187559135,0.4586605461763849,0.5,AAA-P2,synthetic,True
H-0131,Hitter 131,2016,AAA,AAA-T7,batter,25.5,395.0,94.9386293078309,0.10459729363009306,0.20181354973948795,0.10411727761600278,0.33858182596665076,0.06351318837948731,0.24436366137951968,0.31595030844043,0.43797546021266787,0.426148116859733,181.98378187892453,213.01621812107547,0.40296805759547144,0.4493281761239945,AAA-P3,synthetic,True
H-0132,Hitter 132,2016,AAA,AAA-T2,batter,23.8,460.0,111.2340690336885,0.060561377816690645,0.32234668878082356,0.11848593548481333,0.3164544705344792,0.012441608354497249,0.19714774230915635,0.25,0.45013138253826124,0.349516741194446,249.5582558430005,210.4417441569995,0.3487340071415572,0.35029947524733474,AAA-P2,synthetic,True
H-0133,Hitter 133,2016,AAA,AAA-T5,batter,28.7,364.0,102.70272751731687,0.08549858350240475,0.16471885789540383,0.17965075605090136,0.3086861833332254,0.06820641310597185,0.2416784783106266,0.2938013482126625,0.5105193743842239,0.44808286024168265,164.2655970471049,199.7344029528951,0.4418587939305621,0.4543069265528032,AAA-P3,synthetic,True
H-0134,Hitter 134,2016,AAA,AAA-T2,batter,25.0,388.0,100.49446147224073,0.07327297354582507,0.22055783628394876,0.15065693171665615,0.3042173640533137,0.016124706973730217,0.21724763565530894,0.2666190101941496,0.48107866812198746,0.3751407076212554,210.89111177191097,177.10888822808903,0.3519399831728471,0.3983414320696637,AAA-P5,synthetic,True
H-0135,Hitter 135,2016,AAA,AAA-T4,batter,21.9,551.0,143.9092772737467,0.02,0.17439599090979807,0.11059811410397791,0.34059837541734034,0.005,0.27513741672581904,0.26694867505323716,0.4446579516457119,0.31853839415325697,268.03472567265425,282.96527432734575,0.29936205797953197,0.33771473032698196,AAA-P1,synthetic,True
H-0136,Hitter 136,2016,AAA,AAA-T4,batter,28.3,298.0,84.72849719911093,0.10799613838319348,0.2898071052693835,0.24245876417965742,0.30180495892335635,0.029218940395705828,0.18612880837256832,0.2715675089650847,0.5726392600719931,0.4608783991463569,138.1904790556755,159.8095209443245,0.4212008282212252,0.5,AAA-P3,synthetic,True
H-0139,Hitter 139,2016,AAA,AAA-T6,batter,33.2,388.0,101.56843100707974,0.02,0.30329762801132054,0.034294636413697774,0.31183600976189924,0.005,0.21177016747736221,0.25,0.3654782373898877,0.2665046534441985,209.65144224797788,178.34855775202212,0.23667113750393484,0.29633816938446217,AAA-P2,synthetic,True
H-0140,Hitter 140,2016,AAA,AAA-T2,batter,32.2,550.0,138.66359288269,0.02,0.36833611856014636,0.02,0.2646238114520501,0.005,0.16261082763416895,0.25,0.346462381145205,0.24211833400821756,292.6697463138884,257.3302536861116,0.2676467651902349,0.21658990282620022,AAA-P3,synthetic,True
H-0142,Hitter 142,2016,AAA,AAA-T4,batter,24.2,446.0,108.40414955179773,0.04961118388834623,0.22853766862127198,0.11641675763067512,0.30612984440655183,0.013366355325982534,0.22298513276481882,0.25,0.4470297420713303,0.3379322107543911,203.65790232638264,242.34209767361736,0.3218131279080188,0.35405129360076343,AAA-P3,synthetic,True
H-0143,Hitter 143,2016,AAA,AAA-T5,batter,32.4,329.0,86.31121155224979,0.06423599571330524,0.27827215577626246,0.20761077624945273,0.3317699998751309,0.019686428293367517,0.22108903474221087,0.2605584591616904,0.5407877762369658,0.41298840935683917,148.3609725438904,180.6390274561096,0.4490662770557446,0.37691054165793375,AAA-P2,synthetic,True
H-0144,Hitter 144,2016,AAA,AAA-T5,batter,28.9,337.0,93.95300436908781,0.08375577671518723,0.26088930665402726,0.3677987248104493,0.35957893026089033,0.022637720956429165,0.23904747800677723,0.2958424145921688,0.7,0.5,183.97569537327024,153.02430462672976,0.499683038329831,0.5,AAA-P5,synthetic,True
H-0146,Hitter 146,2016,AAA,AAA-T6,batter,22.9,477.0,129.57120920973654,0.05483763099387614,0.2796869976632539,0.02,0.34164013317658903,0.005,0.22810309449131813,0.2594554160360625,0.3541640133176589,0.29346038830751947,249.9253484873746,227.0746515126254,0.273494900904955,0.31342587571008396,AAA-P1,synthetic,True
H-0147,Hitter 147,2016,AAA,AAA-T2,batter,28.0,332.0,87.77756813731962,0.09150889647788618,0.229027474349954,0.12329950114482785,0.3312153205398053,0.015537839992570147,0.22737943973028185,0.29405278383614286,0.4564210331988084,0.3817803713464207,164.70294735752483,167.29705264247517,0.3745846554016038,0.38897608729123756,AAA-P1,synthetic,True
H-0150,Hitter 150,2016,AAA,AAA-T3,batter,23.4,254.0,61.994982419877815,0.04219700490899927,0.3067265807264406,0.08142498952075916,0.26901542346545104,0.005,0.17589959731864963,0.25,0.4083265318673043,0.2929770458856249,138.19635149488627,115.80364850511373,0.28930326876925244,0.29665082300199735,AAA-P4,synthetic,True
H-0151,Hitter 151,2016,AAA,AAA-T6,batter,28.2,271.0,68.1862389918933,0.12345573873135965,0.22396722904639146,0.03484161463213165,0.2799015356542924,0.036762464640237136,0.1881716831477637,0.287847320837915,0.36283176819756086,0.35663366081483994,132.5099148052585,138.4900851947415,0.3859848684715358,0.3272824531581441,AAA-P1,synthetic,True
H-0152,Hitter 152,2016,AAA,AAA-T3,batter,30.5,422.0,102.360959440821,0.05250463086154337,0.2684874344010096,0.12903819249806653,0.3375910793926908,0.005,0.2299770216042165,0.25880895030533824,0.4627973004373356,0.3503811252644587,194.85452228444515,227.14547771555485,0.3450836305341053,0.3556786199948121,AAA-P3,synthetic,True
H-0153,Hitter 153,2016,AAA,AAA-T2,batter,24.2,471.0,115.17321282998698,0.08888714600927089,0.17069264827519465,0.1815042617250137,0.3173059315066487,0.01657653714044747,0.23742620365197925,0.3003328967820918,0.5132348548756785,0.40802430560897696,250.67314360389926,220.32685639610074,0.3945447048230971,0.4215039063948568,AAA-P3,synthetic,True
H-0154,Hitter 154,2016,AAA,AAA-T2,batter,31.9,266.0,66.80531101466988,0.02,0.3813012965993392,0.053371502905090226,0.2867397835070491,0.005,0.17242073659905646,0.25,0.3820454812557951,0.2682132508252668,132.42050913591194,133.57949086408806,0.26597074819524164,0.270455753455292,AAA-P1,synthetic,True
H-0155,Hitter 155,2016,AAA,AAA-T7,batter,31.9,408.0,114.76027310791531,0.02,0.27371475461819683,0.1153074466473501,0.3049085621222505,0.029546844441605463,0.21978444528376728,0.25,0.4457983028595751,0.33072925239627515,221.89879036994088,186.10120963005912,0.31962820337102804,0.34183030142152226,AAA-P2,synthetic,True
H-0156,Hitter 156,2016,AAA,AAA-T6,batter,33.0,388.0,110.32729056111529,0.029570772026497855,0.3208721227317767,0.17183399302230018,0.2773600034621581,0.005,0.18091116095871437,0.25,0.499569993368516,0.33678423779256894,207.3296198272328,180.6703801727672,0.34593616343042255,0.32763231215471533,AAA-P3,synthetic,True
H-0157,Hitter 157,2016,AAA,AAA-T5,batter,28.1,319.0,80.37264187753846,0.08775191522298614,0.19413241043987894,0.18952726158428124,0.3525464607177709,0.030509218631260045,0.2577455221682013,0.3156041406591472,0.5247819076560584,0.43651589254679884,158.79886776567008,160.20113223432992,0.4255000524380589,0.4475317326555388,AAA-P2,synthetic,True
H-0158,Hitter 158,2016,AAA,AAA-T7,batter,33.1,500.0,136.55482146487253,0.02,0.2809696234232264,0.06696053870491213,0.34081794467413346,0.005,0.23899209620968148,0.25,0.40104233317232546,0.2946145769236484,243.61825414874693,256.3817458512531,0.2935923738581683,0.2956367799891285,AAA-P3,synthetic,True
H-0159,Hitter 159,2016,AAA,AAA-T4,batter,23.1,356.0,94.04018727222278,0.043875976511078926,0.2710993215596098,0.06774207447347992,0.28780184000247555,0.03489904316318782,0.20238622613688131,0.25,0.39652225847372746,0.32011110736590465,183.3597883485311,172.6402116514689,0.300413242598022,0.3398089721337873,AAA-P1,synthetic,True
H-0160,Hitter 160,2016,AAA,AAA-T2,batter,28.1,354.0,85.44722772331404,0.111124216136091,0.27872883625476363,0.1962062528884564,0.3483216647697497,0.04129654290606442,0.21872188198130843,0.30239887662694986,0.5310384193654314,0.4647798616687851,175.2360615942235,178.7639384057765,0.47706935437462483,0.45249036896294537,AAA-P5,synthetic,True
H-0161,Hitter 161,2016,AAA,AAA-T1,batter,23.5,441.0,123.80955092697437,0.0607447728522234,0.0950015978413533,0.16533303522817344,0.23628463152503593,0.005,0.2002341577143425,0.25,0.48896149838067704,0.34065413140581435,234.53316615147858,206.46683384852142,0.35949665517446466,0.32181160763716404,AAA-P3,synthetic,True
H-0162,Hitter 162,2016,AAA,AAA-T6,batter,29.2,249.0,60.70223020162238,0.10172889754037223,0.19840569704054742,0.09413647538867026,0.3526493537461858,0.026783609588420486,0.250824624368614,0.3238552721776881,0.4294014107632888,0.39051781218277265,115.21683587047205,133.78316412952796,0.391516333849258,0.3895192905162873,AAA-P4,synthetic,True
H-0163,Hitter 163,2016,AAA,AAA-T1,batter,29.4,276.0,70.91751753891472,0.07519372311649568,0.2938003250804795,0.2433560929038298,0.2891454459144637,0.012282708599473245,0.1842949035986872,0.25,0.5722706374952762,0.4187368010882416,140.88994467235386,135.11005532764614,0.41107213013549954,0.4264014720409836,AAA-P5,synthetic,True
H-0165,Hitter 165,2016,AAA,AAA-T1,batter,30.4,405.0,113.72639621318436,0.06086623581334766,0.23240655199578833,0.18367115352058785,0.3150943395419955,0.009287963911753037,0.224078938748399,0.2612834055588201,0.5151805874747875,0.38226768586594284,214.21787728159697,190.78212271840303,0.3916006354075622,0.3729347363243235,AAA-P5,synthetic,True
H-0166,Hitter 166,2016,AAA,AAA-T1,batter,25.8,402.0,99.50527349678319,0.10417999157582161,0.21993804105699674,0.12432651196599259,0.31660962016032984,0.0372567212464483,0.21957924114830707,0.29677165124102745,0.45598747398202555,0.40564999186228995,213.51778946431514,188.48221053568486,0.3901996982973051,0.4211002854272748,AAA-P3,synthetic,True
H-0167,Hitter 167,2016,AAA,AAA-T5,batter,32.4,357.0,98.26285658460819,0.02,0.3247153711780799,0.10442269383411534,0.31525311724738636,0.005,0.20733052192040682,0.25,0.435948005558854,0.3062710726453487,192.3336520945035,164.6663479054965,0.29559537852995527,0.3169467667607421,AAA-P4,synthetic,True
H-0170,Hitter 170,2016,AAA,AAA-T6,batter,22.8,275.0,67.47313661043441,0.046030423087407166,0.19719307270306996,0.0727850998844169,0.30396808419106364,0.014534382473024715,0.23221606151633278,0.25306273681824837,0.40318190830352324,0.3117228747902089,132.03678469846483,142.96321530153517,0.331111786348545,0.2923339632318728,AAA-P2,synthetic,True
H-0171,Hitter 171,2016,AAA,AAA-T4,batter,24.1,257.0,66.25483739154232,0.0736429802692532,0.23506758731048608,0.22398669253734127,0.3043196540573535,0.016339082319809017,0.21282382327560936,0.2629786451041274,0.5544186579430767,0.4159598200919168,116.27974741389859,140.72025258610142,0.41440271107527854,0.41751692910855503,AAA-P2,synthetic,True
H-0172,Hitter 172,2016,AAA,AAA-T4,batter,25.0,181.0,47.07306208918206,0.06922772672914991,0.15038270290892464,0.12972579912405308,0.3074788559657419,0.035920711868366484,0.24534139908273667,0.2851856898013834,0.4604736847206273,0.37975483849817365,93.76590858921396,87.23409141078604,0.3626863515883628,0.3968233254079845,AAA-P2,synthetic,True
H-0173,Hitter 173,2016,AAA,AAA-T4,batter,28.2,262.0,64.05607789539079,0.08560187370462731,0.2654691714040904,0.21048626519071983,0.3377315507075389,0.03990412383995447,0.22514940081044849,0.2828492777156371,0.5442594202614737,0.44980851165173263,142.78751779588967,119.21248220411033,0.447872587267322,0.4517444360361433,AAA-P1,synthetic,True
H-0175,Hitter 175,2016,AAA,AAA-T5,batter,32.2,298.0,72.31003934846278,0.0587404621732151,0.2740328741714333,0.026463097911519656,0.3492823166420547,0.005,0.23380047480689028,0.2684858894994164,0.36139132957572506,0.30242183819730556,143.3689066870773,154.6310933129227,0.3109610102311981,0.293882666163413,AAA-P2,synthetic,True
H-0177,Hitter 177,2016,AAA,AAA-T5,batter,32.8,618.0,150.28155704797715,0.02,0.28707276477045085,0.05169213592124963,0.2851144244754591,0.005,0.19831354987584396,0.25,0.3802035783687955,0.266720723323098,335.0398291238319,282.9601708761681,0.2620361858139446,0.27140526083225136,AAA-P1,synthetic,True
H-0178,Hitter 178,2016,AAA,AAA-T3,batter,27.5,646.0,181.42764225519818,0.06807845128131752,0.2614740037292214,0.1182187196618096,0.31912643422906073,0.051986211278366265,0.22175546606186944,0.26064023221442056,0.45013136308471563,0.3911570538416184,334.3793177726839,311.6206822273161,0.4034490874297304,0.37886502025350643,AAA-P2,synthetic,True
H-0179,Hitter 179,2016,AAA,AAA-T7,batter,28.7,608.0,159.99507656093834,0.04121340417055996,0.3152306364949665,0.15467425082339623,0.3015517855114411,0.03182794231994528,0.19883963996183063,0.25,0.4848294293745403,0.368108493889215,288.11954973218457,319.88045026781543,0.36307163714069435,0.3731453506377357,AAA-P1,synthetic,True
H-0180,Hitter 180,2016,AAA,AAA-T3,batter,21.8,276.0,69.67387439523081,0.02,0.3569837434957563,0.06876717203236754,0.3341861544339897,0.005,0.2089534069110133,0.25,0.4021857874757665,0.29328709866969854,129.18979796877497,146.81020203122503,0.2799041059462886,0.30667009139310847,AAA-P5,synthetic,True
H-0181,Hitter 181,2016,AAA,AAA-T2,batter,23.1,562.0,145.904669092706,0.02,0.27547315079067874,0.22248861540289347,0.2838455740477022,0.0272831560301539,0.20406930135036183,0.25,0.5508731728076637,0.3802695298154257,273.5441123812914,288.4558876187086,0.37060179174297053,0.3899372678878809,AAA-P5,synthetic,True
H-0182,Hitter 182,2016,AAA,AAA-T6,batter,29.1,487.0,138.8894254074249,0.07085622326987212,0.15701369037351004,0.09595245031199764,0.3086354869344021,0.06493623114790016,0.24804717985156174,0.2853322939313112,0.4268159990054379,0.38883823242066007,232.89952562976057,254.10047437023943,0.3491858143979229,0.42849065044339724,AAA-P4,synthetic,True
H-0184,Hitter 184,2016,AAA,AAA-T7,batter,26.8,645.0,161.84859551506847,0.10021770390384632,0.216832618235448,0.11832051447696874,0.28057958868261296,0.05266116200168197,0.19952091400533215,0.2726772696384182,0.44637847334523,0.40082657753545353,331.72223534868584,313.27776465131416,0.39751625187550016,0.4041369031954069,AAA-P3,synthetic,True
H-0185,Hitter 185,2016,AAA,AAA-T7,batter,33.7,573.0,157.56048627973775,0.02,0.2951889295237805,0.04415132807519914,0.284541804516225,0.005,0.19560737774599124,0.25,0.3726055085268216,0.2623728620220383,267.58261571391,305.41738428609,0.22667425205174202,0.2980714719923346,AAA-P3,synthetic,True
H-0186,Hitter 186,2016,AAA,AAA-T1,batter,27.2,641.0,160.69128801757532,0.07544173458526925,0.33211628609545285,0.2152392399252612,0.3280543272258277,0.05685900559573783,0.20288200578528412,0.25035957403660036,0.548044672647844,0.45718291573378594,305.9707326891193,335.0292673108807,0.4384846012154229,0.475881230252149,AAA-P4,synthetic,True
H-0187,Hitter 187,2016,AAA,AAA-T1,batter,31.7,328.0,83.87419261532892,0.04525272219054084,0.2853030924194481,0.10143082242145289,0.27794973149755847,0.0074865778909690706,0.18719481826540066,0.25,0.42922579557120877,0.3114841839911953,177.33206024113466,150.66793975886534,0.3026642607929971,0.32030410718939356,AAA-P3,synthetic,True
H-0188,Hitter 188,2016,AAA,AAA-T1,batter,27.6,291.0,77.8174319579928,0.09143759962185403,0.299196042427314,0.23179958389874686,0.34901263873259025,0.0375441016761964,0.21830817579471745,0.28284650411081325,0.5667008477720058,0.46744020594459196,139.85213758456453,151.14786241543547,0.4840036009057736,0.4508768109834103,AAA-P5,synthetic,True
H-0189,Hitter 189,2016,AAA,AAA-T4,batter,28.1,274.0,68.5199763346619,0.08032416799613269,0.26285683800422915,0.21569357184759796,0.3528556897495518,0.027623400834243597,0.23590582929348558,0.28891025524764685,0.5509791408225531,0.4432189342766341,144.7427824388843,129.2572175611157,0.4636119376548956,0.4228259308983726,AAA-P2,synthetic,True
H-0190,Hitter 190,2016,AAA,AAA-T1,batter,22.1,636.0,173.9760176975976,0.02,0.29633025885687164,0.12685728181824818,0.2853595922323051,0.005,0.19584171855416868,0.25,0.45539324104147866,0.30814736228134326,348.3831308764321,287.6168691235679,0.29811780748663474,0.3181769170760518,AAA-P2,synthetic,True
H-0191,Hitter 191,2016,AAA,AAA-T6,batter,31.6,444.0,107.16985083130743,0.023863516190832157,0.36712427286033505,0.1416294957231975,0.29149490481255447,0.005,0.17827395646021338,0.25,0.4707789862044529,0.3211239006657352,232.46563985641674,211.53436014358326,0.31244888194232323,0.3297989193891472,AAA-P1,synthetic,True
H-0194,Hitter 194,2016,AAA,AAA-T7,batter,23.8,414.0,100.29741987554233,0.05441178761125851,0.25756026015317607,0.1836127090297887,0.3233629948517048,0.01721137201852899,0.22506448497935747,0.2546462888701788,0.5159490085149592,0.38774252430903755,207.8292568924649,206.1707431075351,0.3826213679066463,0.3928636807114288,AAA-P4,synthetic,True
H-0195,Hitter 195,2016,AAA,AAA-T7,batter,27.1,273.0,67.41540555346249,0.1258741313837335,0.24737584570789034,0.2700189199607991,0.3225861062760362,0.027028120611328404,0.20623506759012883,0.3078368959323201,0.6022775305884026,0.4938527436938612,123.14433889423503,149.85566110576497,0.5,0.48555961624322724,AAA-P2,synthetic,True
H-0196,Hitter 196,2016,AAA,AAA-T1,batter,24.3,278.0,77.57792222132633,0.07203398740424777,0.25171142092881177,0.20955218971012615,0.2506620551053728,0.006928670451790334,0.17055066628944857,0.25,0.5346183952206635,0.3796450182170346,129.51244411304438,148.48755588695562,0.370841184928268,0.3884488515058012,AAA-P4,synthetic,True
H-0197,Hitter 197,2016,AAA,AAA-T6,batter,31.6,446.0,123.04946084035241,0.027701945512472972,0.23216131955141323,0.029382497422262746,0.2516474371305344,0.005,0.18700351247283473,0.25,0.35454724113531616,0.24812833843666263,210.95829791356286,235.04170208643714,0.22133147762679525,0.27492519924652997,AAA-P2,synthetic,True
H-0199,Hitter 199,2016,AAA,AAA-T6,batter,24.9,301.0,72.02361706250053,0.05718863042155167,0.21265914847065434,0.08274008593766917,0.27213249580175924,0.047237466983376296,0.2057837662927684,0.25,0.4099533355178451,0.3432991823764586,144.3049411990179,156.6950588009821,0.33369822194195314,0.3529001428109641,AAA-P4,synthetic,True
H-0200,Hitter 200,2016,AAA,AAA-T5,batter,21.7,236.0,59.48766830654761,0.02,0.1963113432751198,0.12771326002623418,0.3126602530702344,0.005,0.2457782937398731,0.25,0.4589792853332576,0.3181733815890108,109.82907369269606,126.17092630730394,0.3170991547910172,0.31924760838700444,AAA-P2,synthetic,True
H-0081,Hitter 81,2017,AAA,AAA-T3,batter,27.0,275.0,65.78413529736203,0.0739401519646595,0.25315010023105194,0.14448351229380163,0.28920064456836375,0.04295323462404622,0.20104891799494226,0.25,0.473403576750638,0.39110217489742144,147.71265289585565,127.28734710414435,0.4042838407718586,0.3779205090229843,AAA-P3,synthetic,True
H-0083,Hitter 83,2017,AAA,AAA-T7,batter,27.8,374.0,91.18454116911724,0.08261521369396028,0.1888713858590358,0.11768818389231936,0.33260828736360043,0.041281475435398354,0.2485018157594205,0.30069384869366,0.45094901262867937,0.3961253791956665,195.07428542105112,178.92571457894888,0.4321158015096516,0.36013495688168135,AAA-P2,synthetic,True
H-0084,Hitter 84,2017,AAA,AAA-T4,batter,25.9,492.0,132.4922723694089,0.11231033194976607,0.26568724619728873,0.2511828778280639,0.2953936175153521,0.021668582285571183,0.18698583283728723,0.2776723228947725,0.580722239579599,0.45965730535765864,230.60075121850625,261.3992487814937,0.4554244045204798,0.4638902061948375,AAA-P1,synthetic,True
H-0085,Hitter 85,2017,AAA,AAA-T7,batter,32.1,530.0,133.03779563404035,0.02,0.3136472067878431,0.02,0.3175209681518634,0.005,0.2123309840314225,0.25,0.3517520968151864,0.2606323388531522,263.97758086997294,266.02241913002706,0.24999885390445342,0.27126582380185094,AAA-P2,synthetic,True
H-0086,Hitter 86,2017,AAA,AAA-T1,batter,33.4,513.0,123.35766599440028,0.02,0.2964237325407181,0.036228545275079196,0.2546612400750341,0.005,0.17483037995704392,0.25,0.3616946692825826,0.24755713392755552,246.25268881568846,266.74731118431157,0.26435921112089983,0.2307550567342112,AAA-P2,synthetic,True
H-0087,Hitter 87,2017,AAA,AAA-T2,batter,26.5,469.0,126.4944287781036,0.1525881664351781,0.23636143890442152,0.1445063669042845,0.3176541373544117,0.006566091291717407,0.19508759968967992,0.3272805838315082,0.47627178063972564,0.42337864853857093,233.10959762191484,235.89040237808516,0.376126975281087,0.47063032179605485,AAA-P4,synthetic,True
H-0089,Hitter 89,2017,AAA,AAA-T1,batter,23.5,379.0,94.62036687030326,0.07681587693261717,0.3153601821036743,0.08273356587829442,0.30282992470563386,0.03724310584354413,0.18965374415285313,0.25,0.4130165583488578,0.3587838439920555,204.47885879675056,174.52114120324944,0.3639827825675849,0.3535849054165261,AAA-P2,synthetic,True
H-0090,Hitter 90,2017,AAA,AAA-T7,batter,27.5,574.0,149.32125350468584,0.12394411869990295,0.24266443347349695,0.2789209411439081,0.2881043036488234,0.04096514562174231,0.188627573856464,0.2881786405117853,0.6077313715087903,0.4978725380557377,263.60911474892674,310.39088525107326,0.4988675449482114,0.49687753116326405,AAA-P5,synthetic,True
H-0092,Hitter 92,2017,AAA,AAA-T3,batter,32.0,284.0,69.45714342193824,0.02,0.31521158013643424,0.02,0.2836387347367587,0.005,0.1893097462777509,0.25,0.34836387347367587,0.24877355715786556,152.5429453782011,131.4570546217989,0.2430586172842129,0.2544884970315182,AAA-P4,synthetic,True
H-0093,Hitter 93,2017,AAA,AAA-T4,batter,26.2,220.0,57.48394914639651,0.07668959616804885,0.2532744957474498,0.16436936554398004,0.27182602723845367,0.05054313627009586,0.1897146694422341,0.25,0.4915519682678254,0.40471380054336825,100.18801550375014,119.81198449624986,0.418681551765956,0.3907460493207805,AAA-P5,synthetic,True
H-0094,Hitter 94,2017,AAA,AAA-T7,batter,32.1,489.0,136.66781985400362,0.03999050840443408,0.3368641791414391,0.11886459620987196,0.3312762768597668,0.028447509373190343,0.21070038545839775,0.25,0.4519922238958486,0.35491833913532306,226.17692464591738,262.8230753540826,0.3619413249756724,0.34789535329497373,AAA-P2,synthetic,True
H-0095,Hitter 95,2017,AAA,AAA-T6,batter,27.8,291.0,70.11689530470962,0.08828457652841416,0.21859931072664282,0.13850955957341188,0.2768185091748546,0.019548956645011044,0.19479971251187722,0.2609652086420272,0.46619141049089735,0.3724600005269754,148.91904501635537,142.08095498364463,0.3698328574181113,0.37508714363583956,AAA-P4,synthetic,True
H-0096,Hitter 96,2017,AAA,AAA-T5,batter,24.0,559.0,145.54802433763754,0.05032875860836891,0.21394566335511708,0.16271815054730113,0.35176198296643163,0.025215234412280033,0.26258257341109026,0.28324901803269237,0.4978943488439443,0.390535518836177,289.42532676224664,269.57467323775336,0.4184272951114828,0.3626437425608712,AAA-P1,synthetic,True
H-0097,Hitter 97,2017,AAA,AAA-T4,batter,25.5,638.0,161.05264658059133,0.11257060606690364,0.2953951841800411,0.16983263469591453,0.3066622319666899,0.0504171952442357,0.18911711145014276,0.2759696850140603,0.5004988578925835,0.4449146302377392,298.16607140660034,339.83392859339966,0.4390216970080864,0.450807563467392,AAA-P2,synthetic,True
H-0098,Hitter 98,2017,AAA,AAA-T5,batter,33.6,607.0,159.16745675279196,0.02,0.29549239637226377,0.06680604037218596,0.2782655083457201,0.005,0.1912248562899827,0.25,0.394632591206758,0.2726362501257043,323.48897043367685,283.51102956632315,0.2708382099311733,0.2744342903202353,AAA-P1,synthetic,True
H-0099,Hitter 99,2017,AAA,AAA-T7,batter,33.4,235.0,58.8401391790387,0.02,0.3906243690810303,0.03838978941894981,0.34109510498609824,0.005,0.20178314270455386,0.25,0.37249929991755965,0.2789976709255568,122.19221516132879,112.80778483867121,0.2816381445633901,0.27635719728772346,AAA-P3,synthetic,True
H-0102,Hitter 102,2017,AAA,AAA-T3,batter,33.7,471.0,126.63625017225829,0.02,0.19518931043467697,0.02,0.286353224610355,0.005,0.22548307166570655,0.25,0.3486353224610355,0.24972362861362427,237.2111548200971,233.7888451799029,0.23876945991074644,0.2606777973165021,AAA-P4,synthetic,True
H-0103,Hitter 103,2017,AAA,AAA-T5,batter,28.5,369.0,97.49444626027955,0.09797389612258282,0.1354202105672163,0.22733247155801223,0.29918403670467186,0.06478620091802079,0.23907417585984003,0.30439451727250605,0.5572508752284794,0.47663658031556855,188.65652825046683,180.34347174953317,0.4647800745782837,0.4884930860528534,AAA-P4,synthetic,True
H-0105,Hitter 105,2017,AAA,AAA-T5,batter,30.7,362.0,90.96633275090991,0.02,0.23991443204451374,0.08825043042378401,0.3493892623931065,0.011411040599030843,0.2602896067856053,0.2527201556261756,0.42318935666309465,0.3150939151097963,167.71706200360742,194.28293799639258,0.2941992095200457,0.3359886206995469,AAA-P1,synthetic,True
H-0106,Hitter 106,2017,AAA,AAA-T7,batter,21.9,227.0,59.59149361872071,0.03787574675689055,0.2997287402729997,0.10746179941373794,0.3414134516569425,0.015934653793127376,0.22854093651416527,0.25,0.44160314457943217,0.3394529089011238,123.68477542606536,103.31522457393464,0.34245291270234507,0.3364529050999025,AAA-P5,synthetic,True
H-0107,Hitter 107,2017,AAA,AAA-T6,batter,29.9,600.0,163.86239417705352,0.09375113431991687,0.2021520414659562,0.15991784712718476,0.32158153249147764,0.02704005609471579,0.23048054416736882,0.2975332164977622,0.49207600037633253,0.4104701968011548,313.06755320921883,286.93244679078117,0.4134082653647878,0.40753212823752183,AAA-P2,synthetic,True
H-0110,Hitter 110,2017,AAA,AAA-T6,batter,23.5,643.0,168.78544800072171,0.02427516411391069,0.2836237170404414,0.2700051913234132,0.30088462548291034,0.02348971612412444,0.21176604335879465,0.25,0.6000936538717042,0.41194583353834535,292.819269218105,350.180730781895,0.4199012731919957,0.403990393884695,AAA-P5,synthetic,True
H-0111,Hitter 111,2017,AAA,AAA-T3,batter,23.5,359.0,96.95996772351756,0.07051998813064853,0.166591725598635,0.13482259814721476,0.2847983555564571,0.057078089728244574,0.22583104286242042,0.2660623845935139,0.46330243370286045,0.3945661258726022,190.21445327308754,168.78554672691246,0.42681248608875066,0.36231976565645374,AAA-P2,synthetic,True
H-0112,Hitter 112,2017,AAA,AAA-T1,batter,29.5,545.0,141.94909075135433,0.1264788056315318,0.15133591271248245,0.1732054859189166,0.3108777971676994,0.02269631670427477,0.22791581701378863,0.32853903818886443,0.5042932656356865,0.4330320952400185,274.2502011179876,270.7497988820124,0.4447478280718506,0.42131636240818643,AAA-P1,synthetic,True
H-0113,Hitter 113,2017,AAA,AAA-T5,batter,25.3,555.0,148.55473733031755,0.10459358183202679,0.20029320535361722,0.06142927745081587,0.2694648253856017,0.01740238082069261,0.1899189176373489,0.27317128629484727,0.38837575998937607,0.33697644150395145,302.8501192325805,252.14988076741952,0.3186863895445548,0.3552664934633481,AAA-P5,synthetic,True
H-0114,Hitter 114,2017,AAA,AAA-T6,batter,30.8,415.0,111.493999766548,0.041456827530828265,0.1731683309024127,0.07532086562475937,0.3163406136140109,0.01594559744084342,0.25083779891436164,0.2650581908992399,0.4069549269861604,0.31551650782686036,214.37207105867964,200.62792894132036,0.34067232073845805,0.2903606949152627,AAA-P1,synthetic,True
H-0115,Hitter 115,2017,AAA,AAA-T6,batter,23.7,647.0,157.75721759463687,0.07063790302757733,0.2712967278712942,0.10324386140860538,0.265545649130126,0.05144942311395611,0.18246380907510856,0.25,0.42979842632161797,0.3654761138921417,307.0969199264164,339.9030800735836,0.36054572029821796,0.3704065074860654,AAA-P3,synthetic,True
H-0116,Hitter 116,2017,AAA,AAA-T2,batter,27.6,207.0,50.67359744209469,0.15631813537314768,0.2540184053363834,0.1841831171584355,0.29948841329978165,0.058944646180467124,0.185439070730833,0.3152557717965343,0.5141319584884136,0.4885945354156869,93.6348113616309,113.3651886383691,0.48879501907303935,0.4883940517583345,AAA-P4,synthetic,True
H-0118,Hitter 118,2017,AAA,AAA-T7,batter,33.4,436.0,115.56651940971987,0.02,0.27482479320865777,0.08078290919929078,0.28391970025639907,0.005079504269931069,0.20097505898093174,0.25,0.4091748792249307,0.2823740489922875,208.42801893798335,227.57198106201665,0.2597379780138921,0.30501011997068295,AAA-P2,synthetic,True
H-0119,Hitter 119,2017,AAA,AAA-T2,batter,28.0,330.0,80.39556684337454,0.07832519486000655,0.1889938257174554,0.0922620911464213,0.29685276507180897,0.024888309216423658,0.22123162103956515,0.27407373205139796,0.4219473676536022,0.35186973260245075,160.4749945416081,169.5250054583919,0.3748330116994272,0.3289064535054743,AAA-P2,synthetic,True
H-0120,Hitter 120,2017,AAA,AAA-T5,batter,30.2,229.0,56.38816884763374,0.07697447696836347,0.19621188051576108,0.09599315318501414,0.30271362978020033,0.03968014944227463,0.22596841831609077,0.2749892332781381,0.4262645161630342,0.36834027305072947,103.70814244091437,125.29185755908563,0.39676682777441796,0.339913718327041,AAA-P5,synthetic,True
H-0121,Hitter 121,2017,AAA,AAA-T7,batter,23.2,409.0,98.86543706199296,0.029686431533508584,0.29818798137094926,0.11259068771027232,0.3107669473114247,0.0302894516573904,0.2134178346601893,0.25,0.4436673824414148,0.33873431836475576,198.8589014148102,210.1410985851898,0.35388762103275617,0.32358101569675535,AAA-P4,synthetic,True
H-0122,Hitter 122,2017,AAA,AAA-T6,batter,27.0,471.0,128.10874821882715,0.06736141914980753,0.22494046950278934,0.19642774642372357,0.282926005234588,0.04265658884207127,0.2066246878818941,0.25,0.5247203469471824,0.4126032857278832,228.7007495488436,242.2992504511564,0.42751719424688905,0.3976893772088773,AAA-P2,synthetic,True
H-0123,Hitter 123,2017,AAA,AAA-T7,batter,27.6,261.0,62.59133315759528,0.08014110287918444,0.1839775381644386,0.16276935068044993,0.3426179327358393,0.005,0.25287614994447394,0.30705463782921105,0.4970311439540338,0.3900381913472203,122.75041513146313,138.24958486853689,0.4117199117127784,0.3683564709816622,AAA-P3,synthetic,True
H-0124,Hitter 124,2017,AAA,AAA-T5,batter,27.4,629.0,177.9081635132977,0.05198281676087026,0.3192045481507824,0.19608934699706718,0.323555032902835,0.03197085379068669,0.20825112090433162,0.25,0.5284448502873507,0.4062551425086064,299.9663300155275,329.0336699844725,0.3739651447304497,0.4385451402867631,AAA-P3,synthetic,True
H-0125,Hitter 125,2017,AAA,AAA-T7,batter,22.0,275.0,75.10065752146853,0.025756219067401415,0.2995908250855524,0.12869535302431806,0.28381025519355335,0.018439820775193135,0.19423940068231424,0.25,0.4570763785436734,0.3247412255259734,149.804025271939,125.195974728061,0.3361858626000483,0.3132965884518985,AAA-P5,synthetic,True
H-0126,Hitter 126,2017,AAA,AAA-T2,batter,28.7,505.0,120.31877361177017,0.0882053722620106,0.2890579077366807,0.07792130891442857,0.24936889227491316,0.043963077847324276,0.16188562772273773,0.25,0.40285819814191987,0.35144636284515457,247.56256689418677,257.4374331058132,0.34911389154543654,0.3537788341448726,AAA-P2,synthetic,True
H-0127,Hitter 127,2017,AAA,AAA-T6,batter,23.8,405.0,110.16915308755077,0.043498019195815765,0.11656810638465828,0.1558744359741846,0.32329317205072583,0.05577312118869792,0.27991085475224925,0.28788841711236585,0.4882037531792572,0.39952797251045474,206.07919953344805,198.92080046655195,0.4050771830034042,0.3939787620175053,AAA-P4,synthetic,True
H-0128,Hitter 128,2017,AAA,AAA-T6,batter,29.1,487.0,132.18691940735687,0.05797674437136024,0.20669194750459333,0.15739586379718135,0.3193752808211798,0.02265079564814083,0.23824426237594393,0.26933872309721074,0.4893333918792993,0.37931851051914156,242.81506223855806,244.18493776144194,0.372778387020324,0.3858586340179591,AAA-P5,synthetic,True
H-0129,Hitter 129,2017,AAA,AAA-T1,batter,29.1,434.0,103.55028955042951,0.13697616251292188,0.28824060091365933,0.11533005418383145,0.33092306111784,0.04428833396442157,0.19685227822075857,0.3081642878264077,0.44842236029561544,0.43499741551937604,211.38642277539304,222.61357722460696,0.4372732910245605,0.4327215400141916,AAA-P5,synthetic,True
H-0130,Hitter 130,2017,AAA,AAA-T6,batter,26.0,243.0,58.92775280897228,0.12908431156580955,0.27533639798572507,0.22338552088212982,0.3162211908913637,0.05009018094846724,0.1958483196381172,0.29858562481207196,0.5550076399712662,0.4889796342468359,131.1065028690863,111.89349713091369,0.46938224019335695,0.5,AAA-P1,synthetic,True
H-0131,Hitter 131,2017,AAA,AAA-T4,batter,25.7,515.0,132.72831805506294,0.09112500340100353,0.19507785272742165,0.12657616353431603,0.33910219898090327,0.06664748737433746,0.25204730421928984,0.3089701664028288,0.4604863834324064,0.43207290060479614,272.89694284628786,242.10305715371214,0.4432084771254634,0.42093732408412887,AAA-P5,synthetic,True
H-0132,Hitter 132,2017,AAA,AAA-T3,batter,23.9,565.0,159.9941010734646,0.081414376871498,0.3160260442204003,0.09310467325642868,0.3087759026071784,0.019596435252620798,0.18899534313984356,0.25,0.4239822635171465,0.3539059917409555,303.2487621726773,261.7512378273227,0.36064596955664924,0.34716601392526175,AAA-P3,synthetic,True
H-0133,Hitter 133,2017,AAA,AAA-T5,batter,28.9,496.0,127.8580467379998,0.08975373300785061,0.16342664907820934,0.14981938254383748,0.31577886508710756,0.06604706539595301,0.24573691117904423,0.3020005992405368,0.4813972690525482,0.4351932351414515,234.81774681006942,261.1822531899306,0.43505007773311827,0.4353363925497847,AAA-P2,synthetic,True
H-0134,Hitter 134,2017,AAA,AAA-T5,batter,25.1,439.0,115.24229516985326,0.07856978830335734,0.24947594639443382,0.19217672305625458,0.3021538995519082,0.02225605250197027,0.2063720094568954,0.2613000297267972,0.5223921130114454,0.40648036158823125,215.88157779356666,223.11842220643334,0.4311725381020208,0.38178818507444173,AAA-P2,synthetic,True
H-0137,Hitter 137,2017,AAA,AAA-T1,batter,33.7,442.0,123.81529045514338,0.02,0.3242017633365277,0.09714389932670073,0.3473388067352804,0.005,0.22853417698179146,0.25,0.43187778000022875,0.31349772698703354,237.03552090076641,204.96447909923359,0.3004599182336485,0.3265355357404186,AAA-P5,synthetic,True
H-0138,Hitter 138,2017,AAA,AAA-T6,batter,26.7,476.0,116.28321525155725,0.0797647952048182,0.24852159039628105,0.15532600156350992,0.29959896066100555,0.05580285684283339,0.20961512926218312,0.2608850258670005,0.48528589762961044,0.41634686489320516,238.63217139187773,237.36782860812227,0.4198590040234228,0.4128347257629875,AAA-P4,synthetic,True
H-0139,Hitter 139,2017,AAA,AAA-T2,batter,33.4,207.0,57.680256255444824,0.02,0.3177391952781328,0.03421380280265164,0.30314616712159387,0.005,0.2015118245862964,0.25,0.364528419514811,0.26341875003401627,103.46352501572116,103.53647498427884,0.2768884748475583,0.24994902522047424,AAA-P2,synthetic,True
H-0140,Hitter 140,2017,AAA,AAA-T6,batter,32.4,642.0,168.86013859873253,0.02,0.34505268755211793,0.04331159631397469,0.24162511456120103,0.005,0.1541692171105462,0.25,0.36747410777009476,0.24689016806910646,308.2940398288946,333.7059601711054,0.23825860040312155,0.25552173573509135,AAA-P3,synthetic,True
H-0142,Hitter 142,2017,AAA,AAA-T1,batter,24.3,313.0,85.36117418641271,0.03881579473649689,0.23467190771765098,0.15837158733745726,0.29718248327780045,0.02208995217010664,0.21922022154205256,0.25,0.4880898356652373,0.3581702554514755,147.19042795843697,165.80957204156303,0.32698760897222195,0.3893529019307291,AAA-P3,synthetic,True
H-0143,Hitter 143,2017,AAA,AAA-T1,batter,32.5,286.0,78.78286415933869,0.036575315836071265,0.2469221990905462,0.16830455207837947,0.2922964328403108,0.03708266032925292,0.2149935195575557,0.25,0.49753419536241056,0.37384837051879505,132.54801956176453,153.45198043823547,0.40039210184357876,0.34730463919401133,AAA-P1,synthetic,True
H-0144,Hitter 144,2017,AAA,AAA-T5,batter,29.1,471.0,130.44354537475004,0.08939517881657189,0.2593579823366622,0.360222872078344,0.34030450820447067,0.012709882750662576,0.22352871762606422,0.28885519050869024,0.6942533228987912,0.5,235.9097461764109,235.0902538235891,0.4883492063126076,0.5,AAA-P5,synthetic,True
H-0145,Hitter 145,2017,AAA,AAA-T1,batter,23.4,402.0,103.98778016644307,0.03853817467659457,0.20278174575820707,0.15508727557811744,0.30716841989513943,0.031922894942556804,0.23783099548734418,0.25,0.4858041175676314,0.36851427625318073,213.79193032722603,188.20806967277397,0.3899311812113831,0.34709737129497836,AAA-P4,synthetic,True
H-0147,Hitter 147,2017,AAA,AAA-T2,batter,28.1,340.0,85.48854192623016,0.07514073957909168,0.23431750093915116,0.12750097723422493,0.32304480241463085,0.01541053025135117,0.22538750578853844,0.27590907320484387,0.459805457475688,0.36965921325552475,175.85147949032563,164.14852050967437,0.3694976002525268,0.3698208262585227,AAA-P2,synthetic,True
H-0148,Hitter 148,2017,AAA,AAA-T3,batter,29.7,362.0,96.6747980006612,0.04994328278068544,0.23384663798790767,0.18856064578160753,0.2792227228401717,0.04562795538037714,0.20682632175562513,0.25,0.5164829180656247,0.3974617659627635,185.30181630619893,176.69818369380107,0.3827774760222648,0.4121460559032622,AAA-P5,synthetic,True
H-0149,Hitter 149,2017,AAA,AAA-T4,batter,32.4,242.0,66.34005705589658,0.02,0.17988788043501888,0.08978101212855312,0.300534128584005,0.005,0.24121099862296283,0.25,0.4198344249869536,0.29306650167510595,109.46840786170002,132.53159213829997,0.2959317754717873,0.2902012278784246,AAA-P1,synthetic,True
H-0150,Hitter 150,2017,AAA,AAA-T3,batter,23.5,475.0,132.6394267384654,0.0687351208121707,0.2982192893361848,0.1339665740075129,0.2710637676095863,0.005,0.17234572265381964,0.25,0.46107295076847155,0.3411685189360068,241.20537498669955,233.79462501330045,0.33511398926186764,0.34722304861014597,AAA-P1,synthetic,True
H-0151,Hitter 151,2017,AAA,AAA-T5,batter,28.4,593.0,149.94446900630845,0.1261389480512035,0.21605862992431724,0.054621035968023465,0.26152441820892225,0.014894614441284397,0.17426558788256455,0.2809672041959382,0.3807734777889157,0.34327753278853407,296.12251627051717,296.87748372948283,0.34219262868738337,0.34436243688968476,AAA-P5,synthetic,True
H-0153,Hitter 153,2017,AAA,AAA-T5,batter,24.3,602.0,164.7757054438833,0.07425890124610572,0.16250629161064095,0.1721635914922524,0.32190675759777315,0.03377843135434123,0.25075720675639757,0.29538029909402747,0.5043542672520297,0.4097391595711406,313.0472547107863,288.9527452892137,0.38521434839802887,0.4342639707442523,AAA-P3,synthetic,True
H-0154,Hitter 154,2017,AAA,AAA-T7,batter,32.0,285.0,69.38385265617343,0.02,0.3891923578894478,0.10644437508352812,0.2706526385588864,0.008316744258284783,0.16115115885671788,0.25,0.43350963893941674,0.294757899624007,153.32947426424818,131.67052573575182,0.31198127016308247,0.27753452908493154,AAA-P2,synthetic,True
H-0155,Hitter 155,2017,AAA,AAA-T4,batter,32.1,477.0,133.8893394213476,0.02,0.2688393120563386,0.11359378650060846,0.2951738428274306,0.01601029788996667,0.2123175778116247,0.25,0.4431111707833515,0.31419669566590536,233.64884684183497,243.35115315816503,0.30970924889302737,0.31868414243878335,AAA-P5,synthetic,True
H-0156,Hitter 156,2017,AAA,AAA-T4,batter,33.1,399.0,103.86550500698591,0.02,0.3129650055086004,0.1519251743266451,0.27069152148561887,0.005,0.18131071754302835,0.25,0.47899432647520696,0.3168008783996214,190.34484093283507,208.65515906716493,0.34130278882390597,0.29229896797533683,AAA-P4,synthetic,True
H-0158,Hitter 158,2017,AAA,AAA-T4,batter,33.3,236.0,61.84894670573663,0.02,0.3016235593270165,0.08478326234664522,0.3186682484474012,0.009275283080890463,0.2175683245993756,0.25,0.41665008719138535,0.30051243602004674,114.01508014067906,121.98491985932094,0.31601753511187397,0.2850073369282195,AAA-P5,synthetic,True
H-0159,Hitter 159,2017,AAA,AAA-T1,batter,23.3,269.0,67.90943656465826,0.05964521208351938,0.28824919265239873,0.07797072629729335,0.3291676450522026,0.024967897425919056,0.2183972477323305,0.2528320688901177,0.4108874908025136,0.34231533137357295,140.26867560753604,128.73132439246396,0.3169987498729895,0.3676319128741564,AAA-P5,synthetic,True
H-0160,Hitter 160,2017,AAA,AAA-T3,batter,28.2,571.0,146.52120428531475,0.09078019171697312,0.3288423567150292,0.22273813333636747,0.34597838878899945,0.044720526771487114,0.20750613459868447,0.2714984417416384,0.5573359722152673,0.4673930177073715,272.3153391746028,298.6846608253972,0.4715367521312797,0.4632492832834633,AAA-P3,synthetic,True
H-0162,Hitter 162,2017,AAA,AAA-T2,batter,29.3,515.0,135.89681407240727,0.09377992710197185,0.16721000610658915,0.12055133319597479,0.35352371670998745,0.02145607853513111,0.26447599727847526,0.3289117540503569,0.4559037048669735,0.39499295375928,259.1368527828047,255.86314721719532,0.37636449827514246,0.41362140924341756,AAA-P1,synthetic,True
H-0164,Hitter 164,2017,AAA,AAA-T4,batter,23.4,633.0,152.75808871135425,0.03907685106208468,0.17315085409193998,0.14998504430615922,0.2830301219201157,0.04176031686260103,0.22922733618493588,0.25,0.4782880564981708,0.36649039796022825,290.74320389619913,342.25679610380087,0.3609311721483684,0.3720496237720881,AAA-P5,synthetic,True
H-0165,Hitter 165,2017,AAA,AAA-T3,batter,30.6,446.0,118.11570437611603,0.06510105650918482,0.2189136787193129,0.1767761723280162,0.339108523109383,0.006286094100882374,0.24373961981987705,0.28361809164345503,0.5106870246389544,0.38714310211591646,217.28473804071692,228.71526195928308,0.42420756045708474,0.3500786437747482,AAA-P2,synthetic,True
H-0167,Hitter 167,2017,AAA,AAA-T4,batter,32.6,186.0,49.13586272128359,0.02,0.3185632064222671,0.07548078145517968,0.3331662181083476,0.005,0.22111839503400507,0.25,0.40879740326601444,0.29662260613827046,89.04960021098293,96.95039978901707,0.28662476622508803,0.3066204460514529,AAA-P2,synthetic,True
H-0168,Hitter 168,2017,AAA,AAA-T5,batter,30.7,349.0,96.9198591577154,0.04845462430266549,0.21295014338096013,0.17785970846631446,0.35733484311904173,0.03922402284771412,0.26980941489540095,0.28598785462408494,0.5135931927782186,0.41210989232294615,168.2669762476259,180.7330237523741,0.41153188082352254,0.41268790382236975,AAA-P2,synthetic,True
H-0169,Hitter 169,2017,AAA,AAA-T7,batter,26.9,299.0,78.83205411905183,0.07527215674174051,0.24710396827526657,0.24787477490665977,0.3284961413208097,0.03945798979947984,0.2285155266686899,0.2756093021206316,0.5807243890387407,0.45950747619969645,135.47787048047962,163.52212951952038,0.4529117903581418,0.46610316204125113,AAA-P5,synthetic,True
H-0170,Hitter 170,2017,AAA,AAA-T3,batter,23.0,190.0,46.07703551366113,0.06186796924662927,0.20402590835887272,0.12122510857484516,0.3345110341365458,0.012817903912325464,0.24748928375500204,0.28287790759796716,0.4546762119884997,0.35859636365768927,97.94861100742284,92.05138899257716,0.39039456046081517,0.32679816685456337,AAA-P2,synthetic,True
H-0171,Hitter 171,2017,AAA,AAA-T5,batter,24.2,355.0,85.68478015811112,0.08304150617195453,0.20486501525626574,0.19849688310531924,0.3300378876710103,0.005,0.23576782749213201,0.29455755091487335,0.5315006718724202,0.4073156007131474,163.44410985748473,191.55589014251527,0.41146881680458103,0.4031623846217137,AAA-P2,synthetic,True
H-0172,Hitter 172,2017,AAA,AAA-T6,batter,25.2,579.0,138.13059654563648,0.07050031769406592,0.14248866065038587,0.13135933484923,0.2979097750224294,0.0336057468894576,0.2394991384349953,0.28151276645548495,0.46115031235147286,0.37611145001128476,275.57016518348587,303.42983481651413,0.37393055228425187,0.37829234773831766,AAA-P4,synthetic,True
H-0173,Hitter 173,2017,AAA,AAA-T4,batter,28.4,628.0,173.17950540497728,0.07094135360704888,0.23640159148283615,0.18942236316590574,0.3093449176911137,0.04378721724356158,0.22083802222587298,0.2637842992824537,0.520356854935017,0.4215204639772776,326.4985146720722,301.5014853279278,0.4144367643489718,0.4286041636055834,AAA-P5,synthetic,True
H-0175,Hitter 175,2017,AAA,AAA-T6,batter,32.4,435.0,118.70270562524824,0.05074019711392254,0.27582887081363583,0.04857546082457183,0.2966233709209101,0.005,0.20050535315373808,0.25,0.3782377979166628,0.29055282125557885,203.31034719603932,231.68965280396068,0.2891112337960572,0.2919944087151005,AAA-P1,synthetic,True
H-0176,Hitter 176,2017,AAA,AAA-T2,batter,28.4,268.0,64.61065944829714,0.10687881860998315,0.22369466866295334,0.2219792670039008,0.33532218441285294,0.029020364760172,0.22882661526554327,0.3089050231063489,0.555511485445186,0.46038486270778695,122.25499467326128,145.74500532673872,0.46654025600715254,0.45422946940842135,AAA-P4,synthetic,True
H-0177,Hitter 177,2017,AAA,AAA-T7,batter,32.9,424.0,110.36440135964325,0.02,0.30349916055965104,0.02,0.26256099944893746,0.005,0.17837273653150318,0.25,0.34625609994489376,0.24139634980712812,231.52014138289184,192.47985861710816,0.2603702988243342,0.22242240078992206,AAA-P3,synthetic,True
H-0178,Hitter 178,2017,AAA,AAA-T2,batter,27.6,195.0,55.17279830734879,0.0688932944268223,0.2633791048650483,0.12146096028824696,0.311791030598788,0.03985698908951825,0.2141700251474714,0.25626562353246163,0.4526400633481258,0.3800269851474537,100.42001938037096,94.57998061962904,0.3634345571032589,0.3966194131916485,AAA-P1,synthetic,True
H-0179,Hitter 179,2017,AAA,AAA-T7,batter,28.9,265.0,74.6689303266056,0.050819351223527244,0.29116001648508816,0.14436817100715083,0.3149263645291906,0.028558970868787132,0.21151189114304314,0.25,0.47586080746006987,0.3709033412775271,131.0651183982379,133.9348816017621,0.3886068234163781,0.35319985913867613,AAA-P5,synthetic,True
H-0181,Hitter 181,2017,AAA,AAA-T5,batter,23.2,344.0,93.35598562797642,0.04012419579478939,0.27899100307232005,0.21969966528594836,0.30702345123569835,0.01913335565243309,0.21191760488561714,0.25,0.5504020104095182,0.39359998098330834,166.14017607665417,177.85982392334583,0.38062537170533184,0.40657459026128484,AAA-P4,synthetic,True
H-0182,Hitter 182,2017,AAA,AAA-T5,batter,29.3,411.0,101.7722147741041,0.07424968732515372,0.15704727398658294,0.10352250212950735,0.30683476086719247,0.0452409005803981,0.24265094814085722,0.2865280190735715,0.4342059782162266,0.3770211341247124,196.97631534010384,214.02368465989616,0.3741448166617035,0.37989745158772126,AAA-P2,synthetic,True
H-0183,Hitter 183,2017,AAA,AAA-T1,batter,25.1,473.0,114.70615278193593,0.054565589500964025,0.3144887615456544,0.17618147763749528,0.304796762413866,0.051250883288243766,0.1999978235533429,0.25,0.5066611538788819,0.4079003871555697,221.0721200943431,251.9278799056569,0.39933830307391427,0.41646247123722513,AAA-P4,synthetic,True
H-0184,Hitter 184,2017,AAA,AAA-T6,batter,26.9,424.0,118.86442345881605,0.09330715767057352,0.21862444275141865,0.10802940830313867,0.26453074382180775,0.04524417193692211,0.18880187133118956,0.2571208786571596,0.4344824826853194,0.37803670001699036,209.9258403863892,214.0741596136108,0.3978502031166172,0.35822319691736354,AAA-P4,synthetic,True
H-0186,Hitter 186,2017,AAA,AAA-T2,batter,27.4,289.0,77.15936896458803,0.08040550569413035,0.2886075097608514,0.18027335811571465,0.3301886227974797,0.06526172000026242,0.21813398143009352,0.26791575678117907,0.5132922203954626,0.44973576692888834,151.80004360417485,137.19995639582515,0.4459822474690088,0.4534892863887679,AAA-P1,synthetic,True
H-0188,Hitter 188,2017,AAA,AAA-T7,batter,27.7,496.0,120.4665934632783,0.0672206254963484,0.28853596180298624,0.23378391159269407,0.35943579006516346,0.0369178552931288,0.23710181833231012,0.27562835153085513,0.5697274905992105,0.4546641855100488,251.57715264648664,244.42284735351336,0.4750228936941832,0.43430547732591435,AAA-P1,synthetic,True
H-0189,Hitter 189,2017,AAA,AAA-T3,batter,28.3,456.0,124.14187341051053,0.0724099402804175,0.2509774852454182,0.1880563888615986,0.37933721127833187,0.043226561828826615,0.26314831139120615,0.30340783468561144,0.5259901099894317,0.4457899016635315,220.38477344397907,235.61522655602093,0.43800807143939074,0.45357173188767225,AAA-P2,synthetic,True
H-0190,Hitter 190,2017,AAA,AAA-T5,batter,22.3,545.0,136.83444779610124,0.02,0.31174397959437167,0.1361541036927903,0.2865574055908321,0.005,0.192243711477891,0.25,0.4648098442518735,0.3136798489878259,250.90992143413948,294.0900785658605,0.29969088036841784,0.327668817607234,AAA-P4,synthetic,True
H-0191,Hitter 191,2017,AAA,AAA-T5,batter,31.7,264.0,66.63229968808119,0.02,0.3628998681188619,0.14658855484662198,0.2826088825296219,0.005,0.17514797867981075,0.25,0.47484944309958416,0.31803681405100975,122.03591274941057,141.96408725058944,0.3054880418720815,0.330585586229938,AAA-P3,synthetic,True
H-0192,Hitter 192,2017,AAA,AAA-T6,batter,24.9,323.0,79.87739949802278,0.07180792814672102,0.20500285951346736,0.2364939867469595,0.3025199876607951,0.05291312812675514,0.22671616081247317,0.2687092005808349,0.566745985513039,0.4538410534088903,174.6361440722356,148.3638559277644,0.4249886931255118,0.4826934136922688,AAA-P1,synthetic,True
H-0193,Hitter 193,2017,AAA,AAA-T7,batter,24.5,510.0,133.1299573275539,0.05632300496198511,0.2295018463250316,0.16671764015084248,0.36125846959997865,0.005,0.2587518212503895,0.2885246440873357,0.5028434871108404,0.3820612699163454,237.0960643429104,272.9039356570896,0.399157911550799,0.36496462828189186,AAA-P5,synthetic,True
H-0194,Hitter 194,2017,AAA,AAA-T7,batter,24.0,205.0,55.90577253195652,0.03882015007824613,0.2487329442458649,0.20891994966166128,0.31323225242073705,0.04085228680429591,0.22928919201568748,0.25,0.5402431749037349,0.40847842383981026,107.4252036935417,97.5747963064583,0.4277861645084708,0.3891706831711497,AAA-P1,synthetic,True
H-0195,Hitter 195,2017,AAA,AAA-T2,batter,27.2,442.0,110.44001002711536,0.10353020538190615,0.25413615188125693,0.22714772715073178,0.3429284167904005,0.0221484437579896,0.22359672571865263,0.3017772186213649,0.5614405688297718,0.4573609389590676,241.88753432897119,200.11246567102881,0.45016595669538123,0.46455592122275396,AAA-P3,synthetic,True
H-0196,Hitter 196,2017,AAA,AAA-T4,batter,24.5,500.0,135.5268175479346,0.08004101179863155,0.2321755731811224,0.2961735528692748,0.25355708470484545,0.009233185703882995,0.17577733547645885,0.25,0.6215292613397594,0.4359790091173338,255.16025216914144,244.83974783085856,0.4227888053299608,0.44916921290470674,AAA-P2,synthetic,True
H-0197,Hitter 197,2017,AAA,AAA-T7,batter,31.8,260.0,71.8768354519496,0.02,0.2480111853483283,0.02,0.27691610958020035,0.005,0.20344949480956329,0.25,0.34769161095802004,0.24642063835307015,123.37595703437721,136.62404296562278,0.26759065725870457,0.22525061944743574,AAA-P1,synthetic,True
H-0198,Hitter 198,2017,AAA,AAA-T1,batter,25.0,547.0,130.37962438749557,0.11443422396910613,0.20489914498164566,0.15506955291999644,0.27053740200546456,0.005,0.18489578199587567,0.2801654277653942,0.48212329312054286,0.3845803015862849,261.39782187911834,285.60217812088166,0.3924715105562235,0.37668909261634637,AAA-P5,synthetic,True
H-0199,Hitter 199,2017,AAA,AAA-T6,batter,25.1,247.0,63.294193170594056,0.03412717017613286,0.2220805930843382,0.13780570475613896,0.3019464791223587,0.04826037986905232,0.23182450406240254,0.25,0.4680003526683748,0.3687977663141421,118.71901562723978,128.2809843727602,0.37187941707868444,0.3657161155495997,AAA-P1,synthetic,True
H-0200,Hitter 200,2017,AAA,AAA-T4,batter,21.9,216.0,53.253457196378704,0.033649530218284346,0.2110518534074679,0.1723026447188857,0.2920668668988821,0.02479954992368104,0.2243176329460394,0.25,0.501509331408774,0.36286412409410784,104.77148378812753,111.22851621187247,0.37146823543002017,0.3542600127581955,AAA-P2,synthetic,True
H-0081,Hitter 81,2018,AAA,AAA-T6,batter,27.2,602.0,150.59486726851046,0.0827227426619654,0.23364511158985252,0.20086112966991407,0.3058137625021373,0.04918664676040794,0.21644211567272226,0.27088044945476036,0.5314425059201278,0.43968234014194374,292.6230471062447,309.3769528937553,0.41940075856712733,0.45996392171676015,AAA-P4,synthetic,True
H-0082,Hitter 82,2018,AAA,AAA-T6,batter,33.1,613.0,172.06642298383008,0.02,0.4286301122312393,0.11170983501336117,0.3346156874059476,0.005,0.18524701401068405,0.25,0.4451714037539559,0.31705589984943033,300.0334515970667,312.9665484029333,0.33368611624312117,0.3004256834557395,AAA-P3,synthetic,True
H-0085,Hitter 85,2018,AAA,AAA-T7,batter,32.3,589.0,160.44114749901297,0.02,0.3103025103900166,0.02,0.30278212891730916,0.005,0.2035224316346883,0.25,0.35027821289173094,0.2554737451210582,285.15033289352004,303.84966710647996,0.23944793471305792,0.27149955552905847,AAA-P4,synthetic,True
H-0086,Hitter 86,2018,AAA,AAA-T7,batter,33.5,358.0,88.65013615240474,0.02,0.31286850569920627,0.02,0.29793063894634386,0.005,0.19950891235826465,0.25,0.3497930638946344,0.25377572363122036,184.30619579655868,173.69380420344132,0.2757433445706606,0.23180810269178012,AAA-P5,synthetic,True
H-0087,Hitter 87,2018,AAA,AAA-T5,batter,26.7,320.0,85.30100845296842,0.13996063502743902,0.25145135333562485,0.1322830495208044,0.31149055586975677,0.005,0.19031941804045924,0.31057311126385234,0.4634321051077801,0.4042498163100646,173.0760884348258,146.9239115651742,0.41901031509207715,0.3894893175280521,AAA-P2,synthetic,True
H-0088,Hitter 88,2018,AAA,AAA-T5,batter,24.0,573.0,141.52479624892456,0.07055945372720493,0.2409740242377904,0.20150329727162042,0.34025452146525015,0.02390855661256328,0.23784013049175007,0.2813879160270839,0.5355287494181454,0.42082521457257915,291.12891259310845,281.87108740689155,0.4332114274049198,0.4084390017402385,AAA-P2,synthetic,True
H-0089,Hitter 89,2018,AAA,AAA-T5,batter,23.7,493.0,122.91888127664174,0.08085266503171801,0.30826510630179277,0.06054446600419421,0.28537191962132025,0.05803999074117698,0.1830346328682829,0.25,0.3890816579663262,0.36201248535903074,269.9886196261575,223.01138037384248,0.3699492022998545,0.354075768418207,AAA-P2,synthetic,True
H-0092,Hitter 92,2018,AAA,AAA-T6,batter,32.1,369.0,98.22787372053148,0.02,0.3097602461748226,0.02,0.27446040562332435,0.005,0.18470427469973524,0.25,0.3474460405623324,0.24556114196816353,177.52045938616564,191.47954061383436,0.23433627838736468,0.2567860055489624,AAA-P4,synthetic,True
H-0093,Hitter 93,2018,AAA,AAA-T6,batter,26.4,458.0,122.72058896023513,0.08100541924304115,0.23157748962578206,0.18041418862174025,0.3246160425177892,0.03285760940143086,0.22807525709230766,0.2818373733569249,0.5128757928735191,0.4191190605545999,206.8356742392314,251.1643257607686,0.4555285516691922,0.3827095694400076,AAA-P5,synthetic,True
H-0094,Hitter 94,2018,AAA,AAA-T3,batter,32.2,400.0,110.56512064434477,0.03213386908649882,0.31327603807666554,0.10683708044176418,0.31560158459747817,0.005,0.20733967056111569,0.25,0.43839723890151194,0.3162146572126368,187.42184339797325,212.57815660202675,0.34333392999213896,0.28909538443313465,AAA-P5,synthetic,True
H-0095,Hitter 95,2018,AAA,AAA-T4,batter,28.0,482.0,119.90881358796959,0.08397404042104734,0.22192703203882508,0.12667923390780123,0.30042351728412847,0.021991012142806694,0.21182229297616753,0.2716453174603192,0.45672158563621407,0.3733955489219948,259.7562786940777,222.2437213059223,0.3634020295695483,0.38338906827444125,AAA-P2,synthetic,True
H-0096,Hitter 96,2018,AAA,AAA-T1,batter,24.1,533.0,137.11826385182493,0.061901483768027246,0.18499988363052067,0.16880538214806412,0.28092194243299723,0.02557275100185375,0.21539784336431209,0.25230722141065787,0.49689757639136384,0.3775121545722717,273.2819497703385,259.7180502296615,0.38648418388687344,0.36854012525767,AAA-P3,synthetic,True
H-0097,Hitter 97,2018,AAA,AAA-T6,batter,25.7,485.0,121.1749113809277,0.11111676307996327,0.301812811773868,0.19223871073870943,0.30501289977311574,0.05326607837684756,0.18705396450139594,0.2722744105503452,0.522740000716021,0.4582070105220178,246.9489198446167,238.0510801553833,0.4511385742261498,0.4652754468178858,AAA-P2,synthetic,True
H-0098,Hitter 98,2018,AAA,AAA-T5,batter,33.8,192.0,48.85919352946556,0.02,0.2770579560257061,0.05553625901224188,0.28444744206050326,0.005,0.2007000663252697,0.25,0.38398100321829215,0.2686015471779092,105.4368322929776,86.5631677070224,0.28536141938439247,0.2518416749714259,AAA-P2,synthetic,True
H-0100,Hitter 100,2018,AAA,AAA-T6,batter,28.6,506.0,129.093863109097,0.08216611084865778,0.17457509655958484,0.18996015625120957,0.36402411907336246,0.016444438243788426,0.2730307929533138,0.32567382534372874,0.5263625681585459,0.42420279962731217,260.9686738584356,245.03132614156442,0.4230392269647108,0.42536637228991353,AAA-P1,synthetic,True
H-0101,Hitter 101,2018,AAA,AAA-T6,batter,31.0,550.0,156.60361972770733,0.048401634047827144,0.3216998723599843,0.04316133233862489,0.3149424546705292,0.042822830009491934,0.20480520226661628,0.25,0.3746555778056778,0.3263902827629507,291.77121978237255,258.22878021762745,0.3220890040752426,0.33069156145065876,AAA-P4,synthetic,True
H-0102,Hitter 102,2018,AAA,AAA-T7,batter,33.8,360.0,85.77725043385199,0.02,0.21133740558530173,0.02,0.2860997550828163,0.005,0.22066418000336735,0.25,0.34860997550828166,0.2496349142789857,178.41716216631215,181.58283783368785,0.248886148984425,0.2503836795735464,AAA-P3,synthetic,True
H-0103,Hitter 103,2018,AAA,AAA-T3,batter,28.7,352.0,90.94456866773403,0.09070249288825506,0.11767330397939756,0.1908950280798858,0.2994380373089806,0.058735733462963936,0.24585275769168047,0.30404065079326736,0.5208388318107838,0.4461494836405265,177.440925705292,174.559074294708,0.4315305340905303,0.46076843319052263,AAA-P4,synthetic,True
H-0104,Hitter 104,2018,AAA,AAA-T4,batter,22.6,471.0,130.37891020143206,0.02,0.28318881231829357,0.16509865789260492,0.34181738099346753,0.005,0.23893217522030846,0.25,0.4992803959919517,0.34894034518864636,256.7460783866689,214.2539216133311,0.3677366531968763,0.3301440371804164,AAA-P3,synthetic,True
H-0105,Hitter 105,2018,AAA,AAA-T2,batter,30.9,568.0,154.85022409540966,0.024258695389644577,0.26814888626259253,0.05221039401886883,0.3127385718878044,0.005116994518107501,0.22205899157043338,0.25,0.3834842512076493,0.27976059871015735,293.5771643168756,274.4228356831244,0.28695804583090945,0.27256315158940525,AAA-P5,synthetic,True
H-0106,Hitter 106,2018,AAA,AAA-T1,batter,22.1,357.0,97.61874740724078,0.02199524680610067,0.25828188091472115,0.1045163797678572,0.31348375733115696,0.005,0.2263714302392492,0.25,0.4358647555009729,0.3070999967024969,167.56155870938264,189.43844129061736,0.31125847696212705,0.3029415164428667,AAA-P4,synthetic,True
H-0107,Hitter 107,2018,AAA,AAA-T5,batter,30.1,646.0,164.90066276294655,0.07351407884703744,0.2307847505105197,0.16038022223758078,0.2925455290975808,0.013897302815382947,0.20560886248170723,0.25668591920049727,0.4896347751473389,0.3745674851415936,318.25362967435586,327.74637032564414,0.34609599634157373,0.4030389739416135,AAA-P1,synthetic,True
H-0108,Hitter 108,2018,AAA,AAA-T2,batter,29.1,302.0,76.24920866146417,0.02579472849097287,0.09478890792605749,0.28465146896260823,0.37319655071941266,0.01274641303664286,0.3301071154908696,0.3211703666728087,0.6219711240345495,0.4367051823578886,153.10473775704554,148.89526224295446,0.44467756805947545,0.4287327966563017,AAA-P1,synthetic,True
H-0109,Hitter 109,2018,AAA,AAA-T4,batter,26.1,470.0,122.44495477760215,0.08476903318920054,0.2182701922790478,0.16456562720688078,0.275552524411062,0.045980012900751335,0.19894630277282585,0.25761340394314236,0.49212087964798695,0.4076748133507727,229.29119423174413,240.70880576825587,0.40328400137542697,0.41206562532611846,AAA-P2,synthetic,True
H-0110,Hitter 110,2018,AAA,AAA-T7,batter,23.6,607.0,147.40365402404458,0.02,0.2972658351544692,0.2773975659548989,0.31693024106804657,0.01791565940491283,0.21906645236062244,0.25,0.6090905900617035,0.41361833911343227,305.74630471024005,301.25369528975995,0.4169150930553762,0.4103215851714883,AAA-P2,synthetic,True
H-0111,Hitter 111,2018,AAA,AAA-T3,batter,23.6,330.0,86.28940717283139,0.06791812280670702,0.13177583661980713,0.16740988177006225,0.30821129696803645,0.06227993482945203,0.25600535296092586,0.28991514926956424,0.4982310114668659,0.42354401622354876,177.33778621926655,152.66221378073345,0.435378214315325,0.41170981813177254,AAA-P1,synthetic,True
H-0112,Hitter 112,2018,AAA,AAA-T6,batter,29.6,272.0,67.12688836902272,0.09522378216881972,0.1660608862918954,0.16626187081022392,0.3373037686455655,0.00858508727710569,0.250459228376025,0.319478100924833,0.49999224767478045,0.40388357403914,129.23173628227602,142.76826371772398,0.3852283823323271,0.4225387657459529,AAA-P3,synthetic,True
H-0113,Hitter 113,2018,AAA,AAA-T2,batter,25.4,646.0,164.77975633967023,0.11654272762650576,0.19822074161265077,0.1061518691888393,0.3102404852288373,0.029815690308547416,0.21706046734605128,0.30787203004629804,0.437175917711723,0.39538172850020137,292.04734931065826,353.95265068934174,0.3952027819510662,0.39556067504933656,AAA-P5,synthetic,True
H-0114,Hitter 114,2018,AAA,AAA-T5,batter,30.9,299.0,83.88614134374264,0.06287373933151308,0.1761734441277518,0.038112058528217196,0.32679471684384204,0.01150968016568825,0.25040181223780683,0.2866815635231713,0.37079153021260136,0.3097101127670427,162.52042456054,136.47957543946,0.30728048329313645,0.3121397422409489,AAA-P1,synthetic,True
H-0115,Hitter 115,2018,AAA,AAA-T6,batter,23.9,630.0,154.59317053378675,0.07537846344137912,0.28154206818858524,0.14197242758865214,0.2903842870266527,0.04943179864444512,0.19415494272077846,0.25,0.4710108562913174,0.3969728788220531,293.9590392178534,336.0409607821466,0.3742431422412793,0.41970261540282694,AAA-P5,synthetic,True
H-0117,Hitter 117,2018,AAA,AAA-T3,batter,23.2,415.0,105.45135053924669,0.06816865491221635,0.2267670460723449,0.12489386746742577,0.2669651584022435,0.04149972269625612,0.1944525606748618,0.25,0.4515903833076501,0.3671972414130514,222.96568907732757,192.03431092267243,0.3703607446449038,0.36403373818119894,AAA-P5,synthetic,True
H-0118,Hitter 118,2018,AAA,AAA-T5,batter,33.5,268.0,72.49713562085807,0.02,0.29001005198803625,0.05337061089663206,0.29825296511799,0.005,0.20654154789617596,0.25,0.383195907408431,0.2722423737844441,129.55355369219416,138.44644630780584,0.28163402704780716,0.26285072052108105,AAA-P2,synthetic,True
H-0119,Hitter 119,2018,AAA,AAA-T7,batter,28.2,180.0,49.969479644956756,0.0698441687336886,0.1909204274414281,0.07797368465750698,0.2999474427870222,0.015813962470382158,0.22410386336546273,0.26940276082910347,0.4079684289362092,0.3309906158740126,95.6241396539481,84.3758603460519,0.3357817097009492,0.3261995220470759,AAA-P1,synthetic,True
H-0120,Hitter 120,2018,AAA,AAA-T1,batter,30.4,417.0,109.09583074854959,0.07142821858437248,0.23468326368454998,0.07740949980155332,0.33963445292558364,0.03475212072988387,0.24088126522042128,0.2835298209842173,0.41137294509411165,0.3627239450807648,220.40849159097144,196.59150840902856,0.38119305747496285,0.3442548326865667,AAA-P4,synthetic,True
H-0121,Hitter 121,2018,AAA,AAA-T1,batter,23.3,574.0,153.36720453908217,0.026621249791159693,0.29138325837639445,0.1449696703687542,0.3421768164798133,0.016702904130750533,0.23586848186842344,0.25,0.4791873520167355,0.35316269304223674,282.37982841846014,291.62017158153986,0.32321883750302616,0.3831065485814473,AAA-P2,synthetic,True
H-0122,Hitter 122,2018,AAA,AAA-T5,batter,27.2,407.0,100.93459564071428,0.051099016813540996,0.23017104974672292,0.195273810249094,0.2777492468731581,0.005,0.20037669771808175,0.25,0.5230487349364098,0.3648821438120857,213.04957039553994,193.95042960446006,0.3870727196555579,0.34269156796861355,AAA-P3,synthetic,True
H-0123,Hitter 123,2018,AAA,AAA-T4,batter,27.8,419.0,103.20136498973726,0.06546977651151795,0.16167370923410354,0.16649758359686845,0.337040968598012,0.021175528510578977,0.26366063742816587,0.2999056538479391,0.5002016804566697,0.3944248292051654,208.34192868693557,210.65807131306443,0.3748611167853299,0.4139885416250009,AAA-P1,synthetic,True
H-0125,Hitter 125,2018,AAA,AAA-T6,batter,22.1,487.0,134.1661789511096,0.03153031416939847,0.27215203762278084,0.13451051754299495,0.3088638953768584,0.010981289007170485,0.216714574596196,0.25,0.4653969070806808,0.33403752805558,253.2666092123496,233.7333907876504,0.338367127262331,0.32970792884882905,AAA-P2,synthetic,True
H-0126,Hitter 126,2018,AAA,AAA-T4,batter,28.8,605.0,163.51609102289845,0.08817731661572793,0.26013729238484706,0.08562977134312845,0.2599660441821108,0.05836780835495509,0.17817124440263593,0.25,0.4116263757613395,0.37233963885292853,319.46631067998936,285.53368932001064,0.3739680582552188,0.3707112194506383,AAA-P5,synthetic,True
H-0129,Hitter 129,2018,AAA,AAA-T6,batter,29.2,188.0,48.23523870916314,0.10409592900989875,0.30915455601843345,0.12108646118392813,0.29748779697027367,0.04999206359320451,0.18204963012127875,0.26119166753396705,0.4508352408809555,0.4085782901315695,94.18118808890766,93.81881191109234,0.39452595838614873,0.42263062187699024,AAA-P4,synthetic,True
H-0130,Hitter 130,2018,AAA,AAA-T7,batter,26.2,432.0,109.5250591877457,0.11297930852008133,0.28978618880880075,0.22565874658557059,0.35699356708855084,0.04658395425214952,0.2201964686347415,0.3048672964673085,0.5613581032944256,0.4900711338940481,228.6215132264733,203.3784867735267,0.48755070815736257,0.49259155963073364,AAA-P5,synthetic,True
H-0133,Hitter 133,2018,AAA,AAA-T7,batter,29.0,607.0,146.08877042600022,0.0824394211156051,0.149177527863299,0.1728327318670183,0.30574212133005274,0.05289408122409513,0.2428611761968623,0.2938737787275283,0.5034069440000236,0.4273800128749877,274.67104431274953,332.32895568725047,0.4239116955137364,0.43084833023623903,AAA-P3,synthetic,True
H-0134,Hitter 134,2018,AAA,AAA-T4,batter,25.3,249.0,59.6438341176856,0.09319186210632488,0.2427365418816282,0.19377891595721608,0.304196301334004,0.02736332846830213,0.2061126225980789,0.2749991731013751,0.5241985460906164,0.4229084083392695,121.83034497604986,127.16965502395014,0.4129135450921403,0.43290327158639874,AAA-P1,synthetic,True
H-0135,Hitter 135,2018,AAA,AAA-T3,batter,22.2,481.0,133.9560698140093,0.02,0.1858767487547695,0.1254796787543799,0.32882391701696434,0.005,0.2618767180687036,0.25501404626183327,0.4583620704560763,0.32260219427084647,244.85600954044446,236.14399045955554,0.3213989527717891,0.32380543576990384,AAA-P5,synthetic,True
H-0136,Hitter 136,2018,AAA,AAA-T5,batter,28.6,580.0,143.94309006189013,0.11540550400656888,0.30601427218887695,0.24503206897221674,0.2929156410029955,0.02114963128404352,0.17264764181997408,0.2679331814211997,0.5743236330725163,0.457106633246005,302.73017313779343,277.26982686220657,0.4679117209209341,0.4463015455710759,AAA-P1,synthetic,True
H-0137,Hitter 137,2018,AAA,AAA-T4,batter,33.8,211.0,55.451957742816994,0.02,0.32482447520078417,0.12228030249488755,0.3476061784706925,0.005,0.2284930604029858,0.25,0.4570409203419568,0.32741632883693056,112.61474131728541,98.38525868271459,0.33274899512615697,0.32208366254770415,AAA-P3,synthetic,True
H-0138,Hitter 138,2018,AAA,AAA-T7,batter,26.9,188.0,51.2757221089642,0.0724338412872671,0.22877795014522573,0.15978095999846773,0.28387764423994294,0.052551648196347785,0.20625309770024605,0.2509671567109816,0.48816872442246195,0.40523687576093725,99.19009491976784,88.80990508023216,0.42415340145070873,0.3863203500711658,AAA-P3,synthetic,True
H-0139,Hitter 139,2018,AAA,AAA-T5,batter,33.5,403.0,103.10795950253957,0.02,0.3275647382817948,0.02,0.3312073076747366,0.005,0.21684132646574888,0.25,0.3531207307674737,0.2654225576861578,199.19077383868793,203.80922616131207,0.27212221679384924,0.25872289857846636,AAA-P3,synthetic,True
H-0140,Hitter 140,2018,AAA,AAA-T4,batter,32.5,382.0,94.69112224814873,0.02,0.36195438085579185,0.038292018686633025,0.2594587279494395,0.005,0.16110733015788,0.25,0.3642378914815769,0.250371165059952,185.75979262877814,196.24020737122186,0.2710150709073733,0.22972725921253068,AAA-P4,synthetic,True
H-0141,Hitter 141,2018,AAA,AAA-T4,batter,28.8,540.0,150.5367995012387,0.09527479238462974,0.23268448967748806,0.23225700903134852,0.246674578847084,0.04162454173068156,0.1720190423250213,0.25,0.5569244669160569,0.4382318997905753,255.6070303157052,284.3929696842948,0.4460743737308071,0.4303894258503435,AAA-P5,synthetic,True
H-0142,Hitter 142,2018,AAA,AAA-T2,batter,24.5,376.0,106.09220743691324,0.050191728049806525,0.21908402632235205,0.12238152561863823,0.3047671009340541,0.031613188204018136,0.22744268815282362,0.25062236697980533,0.45285823571204364,0.3575644034356509,196.32335565338178,179.67664434661822,0.34747365675193437,0.3676551501193674,AAA-P5,synthetic,True
H-0143,Hitter 143,2018,AAA,AAA-T7,batter,32.7,206.0,52.24915327216435,0.029625734055253566,0.2673673093902197,0.1961269622217393,0.31461244737229127,0.024995026197277906,0.2249239930509574,0.25,0.5275882069589685,0.38121772321848624,95.91614483475237,110.08385516524763,0.3768156965601882,0.38561974987678427,AAA-P4,synthetic,True
H-0144,Hitter 144,2018,AAA,AAA-T2,batter,29.2,576.0,156.18099155279975,0.07430191120235144,0.2723798694726487,0.3438269426193354,0.3473150369564711,0.019494775093451495,0.22983145775321595,0.27851842854262987,0.6785584463149825,0.5,273.60636685173233,302.39363314826767,0.5,0.49251386123814306,AAA-P2,synthetic,True
H-0145,Hitter 145,2018,AAA,AAA-T3,batter,23.6,240.0,61.15445909364786,0.0392161782285741,0.23455559606980433,0.21954682710407375,0.2992056908273949,0.013292322275848416,0.21928546631078416,0.25,0.5494673961868133,0.3848871615050942,108.4265023620936,131.5734976379064,0.36468145918326206,0.4050928638269264,AAA-P3,synthetic,True
H-0146,Hitter 146,2018,AAA,AAA-T7,batter,23.2,396.0,102.74459382190693,0.0437782890695337,0.2844000994998088,0.02,0.3274058231113623,0.020345918137818986,0.22301019539512906,0.25,0.35274058231113625,0.2945481667616875,203.32703314803754,192.67296685196246,0.2928153910535727,0.2962809424698023,AAA-P2,synthetic,True
H-0147,Hitter 147,2018,AAA,AAA-T5,batter,28.3,392.0,108.61176334674873,0.07362406764869868,0.23061972597538663,0.12403160452933408,0.32722867589687143,0.029207147079372338,0.23205245422132686,0.2785283115921776,0.4567544721190212,0.38057069878056293,176.60450189768213,215.39549810231787,0.39923868149052993,0.36190271607059593,AAA-P4,synthetic,True
H-0148,Hitter 148,2018,AAA,AAA-T2,batter,29.8,339.0,84.29982603066144,0.03410692145983116,0.2645395330471493,0.16805218786595,0.25012236430879853,0.027603958519663997,0.17956480079302212,0.25,0.49306442429682984,0.3486899385239314,185.2706742996258,153.7293257003742,0.32493894515507,0.37244093189279276,AAA-P3,synthetic,True
H-0149,Hitter 149,2018,AAA,AAA-T6,batter,32.5,265.0,68.07379504794167,0.02,0.16948135761640135,0.09836659557976361,0.3090401856655018,0.005,0.2512328317275777,0.25,0.4292706141463138,0.30076569255179564,123.37523044038228,141.62476955961773,0.27351033108856526,0.328021054015026,AAA-P5,synthetic,True
H-0151,Hitter 151,2018,AAA,AAA-T4,batter,28.5,314.0,80.51729131981175,0.10428550881446473,0.22603018847408352,0.046982891329667584,0.2737223508056331,0.03252061230234125,0.18818565348116098,0.26926231428669356,0.3743551264102309,0.3439118202555212,170.4184714156543,143.5815285843457,0.3545414740149216,0.3332821664961208,AAA-P1,synthetic,True
H-0152,Hitter 152,2018,AAA,AAA-T1,batter,30.8,200.0,50.26797321244374,0.033905105757931535,0.22705539574951733,0.09983075877404352,0.33677031014684217,0.005,0.24963656111810315,0.25790301076422434,0.4335077897887277,0.32101009990767077,105.98547704054941,94.01452295945059,0.3404723864043633,0.30154781341097825,AAA-P3,synthetic,True
H-0153,Hitter 153,2018,AAA,AAA-T5,batter,24.5,368.0,104.92383779541537,0.08230937525868952,0.1531353902030683,0.19943576751960018,0.30853626360631053,0.038127094481183545,0.24161207955725317,0.29461308910525763,0.5302893938802312,0.4296083121121367,194.66043320142796,173.33956679857204,0.4414606591185722,0.4177559651057012,AAA-P4,synthetic,True
H-0154,Hitter 154,2018,AAA,AAA-T5,batter,32.2,184.0,46.09623033867978,0.02,0.390561426715553,0.07222261848053622,0.2875204294895329,0.005,0.17022563174844169,0.25,0.4009746614294895,0.27885459048563144,92.45066197042684,91.54933802957316,0.2992209104296665,0.2584882705415964,AAA-P1,synthetic,True
H-0155,Hitter 155,2018,AAA,AAA-T6,batter,32.2,511.0,140.0137954057517,0.02,0.3030686080671447,0.09923291142356859,0.3069480134341677,0.01666149875876085,0.21028197079883001,0.25,0.4299277127669854,0.31100525486780617,255.408345061329,255.591654938671,0.30333034885049387,0.31868016088511847,AAA-P1,synthetic,True
H-0156,Hitter 156,2018,AAA,AAA-T7,batter,33.3,367.0,103.26506074694649,0.02,0.3087601295269024,0.1194429053371315,0.23841814448050258,0.005,0.1607857644195288,0.25,0.44328471978518175,0.28763994850359825,174.31401656818474,192.68598343181526,0.2839222845621205,0.291357612445076,AAA-P1,synthetic,True
H-0157,Hitter 157,2018,AAA,AAA-T3,batter,28.4,188.0,50.32098719505935,0.07001956966763652,0.20826509864850315,0.15020755206641842,0.3619658519263709,0.02955934286419642,0.26567020631090127,0.30513224406078115,0.48640413725905546,0.40491930915588226,103.21275019072883,84.78724980927117,0.40322279361303587,0.40661582469872865,AAA-P1,synthetic,True
H-0158,Hitter 158,2018,AAA,AAA-T6,batter,33.4,633.0,169.11623240110555,0.02,0.310415493697438,0.040601375984765084,0.3085368195210117,0.01523453330831901,0.20887665397138716,0.25,0.3714550579368663,0.278029723601462,346.42890573640364,286.57109426359636,0.2714881391111061,0.2845713080918179,AAA-P3,synthetic,True
H-0159,Hitter 159,2018,AAA,AAA-T6,batter,23.4,613.0,149.82333162350304,0.05320335796500822,0.2844602606152792,0.08975671919929978,0.2926277079419428,0.030657135254916645,0.1984165474696484,0.25,0.41901948999349403,0.3366196656442255,321.73982667105736,291.26017332894264,0.3554584185229312,0.31778091276551984,AAA-P1,synthetic,True
H-0160,Hitter 160,2018,AAA,AAA-T1,batter,28.4,227.0,62.60773023101536,0.07290691839358049,0.2954422494751106,0.20553840268350423,0.3361008460277317,0.04294239405482122,0.21873973818167688,0.2639754595596888,0.5391484872862774,0.44036441511047886,116.98698693725618,110.01301306274382,0.4577281908954865,0.4230006393254712,AAA-P5,synthetic,True
H-0162,Hitter 162,2018,AAA,AAA-T6,batter,29.5,405.0,113.94057583838857,0.0978559813812557,0.17981008123183656,0.15426260314858242,0.30449326937694404,0.017645736335383903,0.22259268262716791,0.29580722134043,0.48471193008627683,0.39579742568237525,211.0004874566957,193.9995125433043,0.41058345211401653,0.38101139925073396,AAA-P5,synthetic,True
H-0164,Hitter 164,2018,AAA,AAA-T3,batter,23.5,649.0,155.0671554882631,0.035249009039288216,0.1845260133778235,0.16165815775965447,0.29008536404323904,0.05339941460919791,0.23434175884913988,0.25,0.49066669416397835,0.38317564365872353,307.42152915838943,341.57847084161057,0.4048647442329195,0.36148654308452755,AAA-P1,synthetic,True
H-0165,Hitter 165,2018,AAA,AAA-T6,batter,30.7,492.0,118.42483973464712,0.031111943071186116,0.2099792685081008,0.16266830259415563,0.33304887446295006,0.005,0.25350371780355957,0.25859028909438975,0.4959731900404506,0.3523130326386484,257.35593074284077,234.64406925715923,0.3567800051577924,0.34784606011950436,AAA-P5,synthetic,True
H-0166,Hitter 166,2018,AAA,AAA-T5,batter,26.1,482.0,129.12390360408884,0.12310054805128774,0.2037785686643331,0.09946562568062102,0.3284158426709488,0.04339347935422744,0.22757258400638689,0.3220577539442152,0.4323072099477159,0.41487615411387974,250.0850402516107,231.9149597483893,0.414706324556829,0.4150459836709305,AAA-P5,synthetic,True
H-0167,Hitter 167,2018,AAA,AAA-T4,batter,32.7,283.0,68.87511923632493,0.02,0.3174831550794033,0.10950560708737998,0.3301305456522878,0.005,0.2194670475174687,0.25,0.4425186616526088,0.3142737748763597,152.82012356037194,130.17987643962806,0.30148085585880496,0.32706669389391446,AAA-P1,synthetic,True
H-0168,Hitter 168,2018,AAA,AAA-T7,batter,30.9,494.0,125.35164902769664,0.040819622961359235,0.23871371517636453,0.1917986517148017,0.33443211174477383,0.054598932811927875,0.24913702709009813,0.2576720914128373,0.5252418628892791,0.4202532731574983,224.98411588197112,269.0158841180289,0.4184910234484931,0.42201552286650346,AAA-P1,synthetic,True
H-0169,Hitter 169,2018,AAA,AAA-T6,batter,27.0,600.0,167.2976430025314,0.09797110338439617,0.2569155533192711,0.22186886210327936,0.3360989764253198,0.03188552028215574,0.2216047624025367,0.2931108443085882,0.5554787597458113,0.45693925652868306,298.1230205821405,301.8769794178595,0.462310622224798,0.4515678908325681,AAA-P2,synthetic,True
H-0170,Hitter 170,2018,AAA,AAA-T1,batter,23.1,506.0,126.5275851041662,0.03618919819625499,0.2200954311247057,0.11183211195291073,0.32706836579470017,0.010905025525862908,0.24488152473327252,0.2551103920102088,0.44453894853238074,0.3311285513129011,236.93005018979972,269.0699498102003,0.318319732493204,0.3439373701325982,AAA-P5,synthetic,True
H-0171,Hitter 171,2018,AAA,AAA-T2,batter,24.4,643.0,154.4297926800299,0.09955002478615302,0.1906435135937988,0.2168324230034661,0.2900577734019105,0.008267918442455833,0.20712506957016819,0.28484641840957287,0.5458382003436572,0.41790419729109235,299.2182593236604,343.7817406763396,0.426224110840881,0.4095842837413037,AAA-P2,synthetic,True
H-0172,Hitter 172,2018,AAA,AAA-T3,batter,25.3,633.0,158.17562980890696,0.053101193270822925,0.13235205399008396,0.13331694362132313,0.28913197447287375,0.037403409252020785,0.24112202230772478,0.26506155309875246,0.4622301410686105,0.36535441367362825,339.41878407917875,293.58121592082125,0.3458522808911833,0.3848565464560732,AAA-P3,synthetic,True
H-0173,Hitter 173,2018,AAA,AAA-T3,batter,28.5,263.0,68.83779427150444,0.07973399217259602,0.280258336860137,0.1777111115542943,0.3508960433707124,0.05961678920799088,0.2335186778505174,0.2818525356949829,0.5128007158913656,0.4500236313426202,130.84446837740714,132.15553162259286,0.44549532946175224,0.45455193322348814,AAA-P2,synthetic,True
H-0174,Hitter 174,2018,AAA,AAA-T4,batter,25.8,626.0,171.9299232172609,0.04330755412019647,0.22866563190355504,0.06178802164636018,0.31362098634949354,0.04583694429128666,0.2352000291318033,0.25,0.3931501202813095,0.3353192948741164,315.0449955707416,310.9550044292584,0.32925236896462806,0.3413862207836047,AAA-P2,synthetic,True
H-0176,Hitter 176,2018,AAA,AAA-T1,batter,28.5,348.0,93.52208169668278,0.10807968190441794,0.20890671880718006,0.2233913638178936,0.33726088072810956,0.012364701406233455,0.2322084732562176,0.31539807314517226,0.5571174518907045,0.4476905669533825,172.80771749138276,175.19228250861724,0.4426991155270911,0.45268201837967387,AAA-P3,synthetic,True
H-0178,Hitter 178,2018,AAA,AAA-T3,batter,27.8,191.0,46.7974524997161,0.060664274669719506,0.23197529482238513,0.10517487256957782,0.2923449005190157,0.02399068284742795,0.210391817115033,0.25,0.43440936262147933,0.3442235019264121,93.73617571340141,97.26382428659859,0.34720896181215427,0.34123804204066993,AAA-P3,synthetic,True
H-0180,Hitter 180,2018,AAA,AAA-T3,batter,22.1,463.0,116.54969916514935,0.02,0.35021140185834565,0.11473412033252695,0.3113131789658883,0.005,0.19681149056394873,0.25,0.4458654382291158,0.3105633788209507,209.45897762297975,253.54102237702025,0.33136477838927003,0.28976197925263136,AAA-P2,synthetic,True
H-0181,Hitter 181,2018,AAA,AAA-T1,batter,23.4,632.0,165.3845108201325,0.04102002765737545,0.27785027128600714,0.192339259474868,0.29853662631799055,0.02520678429472668,0.207123180682633,0.25,0.522192922106667,0.3816745371478909,329.53105961083514,302.46894038916486,0.3770155154022143,0.3863335588935675,AAA-P2,synthetic,True
H-0182,Hitter 182,2018,AAA,AAA-T5,batter,29.4,646.0,160.9629574215055,0.07047070697542634,0.135684554216278,0.11019420270417016,0.3515635831654872,0.04633221264887519,0.286036732749846,0.32164891774268956,0.4453505610207189,0.39468255186200024,318.6895697636792,327.3104302363208,0.3806922142349194,0.4086728894890811,AAA-P3,synthetic,True
H-0183,Hitter 183,2018,AAA,AAA-T4,batter,25.2,451.0,120.72975365975277,0.07793482290621243,0.3016636848505097,0.18664270876057956,0.31226348153025196,0.02987446115397504,0.19820989908754583,0.25229067982921705,0.5178690569136047,0.4133870994268332,203.79358220547897,247.20641779452103,0.4186355661896365,0.40813863266402994,AAA-P4,synthetic,True
H-0184,Hitter 184,2018,AAA,AAA-T4,batter,27.1,606.0,169.73422244486466,0.09949757460076618,0.22985126398107317,0.09186927816264726,0.2515949607637192,0.048654586243838074,0.17603064057972057,0.25135678197959654,0.4170287742390192,0.3720237690967482,327.9068356283998,278.0931643716002,0.3558262474475926,0.38822129074590384,AAA-P5,synthetic,True
H-0185,Hitter 185,2018,AAA,AAA-T3,batter,34.0,426.0,112.94741151138142,0.02,0.27742674495825875,0.10250460693912447,0.3038665871458372,0.005,0.21423853722947575,0.25,0.4328912656537082,0.30123083931756145,192.06783710549425,233.93216289450575,0.30486602552452224,0.29759565311060066,AAA-P4,synthetic,True
H-0186,Hitter 186,2018,AAA,AAA-T7,batter,27.5,503.0,126.8339643686933,0.09016881593346607,0.3332024439394237,0.2058351190181102,0.3344992702551862,0.06728468871191627,0.20297459608747326,0.2637625194360833,0.5392850460436288,0.47395845104342665,248.40801627102113,254.59198372897887,0.47257674483714524,0.4753401572497081,AAA-P4,synthetic,True
H-0187,Hitter 187,2018,AAA,AAA-T7,batter,32.0,194.0,52.985838510570254,0.02,0.25531747306309066,0.12629968634483735,0.28356139704125977,0.005967151975958193,0.20638706254601408,0.25,0.4546558260489633,0.3080817532324638,96.58816971028791,97.41183028971209,0.29238125061651815,0.3237822558484094,AAA-P3,synthetic,True
H-0189,Hitter 189,2018,AAA,AAA-T3,batter,28.4,266.0,68.8313951010494,0.06324154107573224,0.25411454538170136,0.21232892789299632,0.31270356166008323,0.035954231854972804,0.2188583178885844,0.2553602058750368,0.5435992840590047,0.4228550443446652,133.93054364909176,132.06945635090824,0.3865257244216068,0.4591843642677236,AAA-P5,synthetic,True
H-0190,Hitter 190,2018,AAA,AAA-T5,batter,22.4,444.0,122.24721616191056,0.02,0.2788459032104452,0.1054567910034353,0.2955160363461901,0.005,0.20795227955114218,0.25,0.4350083946380543,0.299931847773056,202.00410291390548,241.99589708609452,0.3038921571383903,0.29597153840772167,AAA-P1,synthetic,True
H-0191,Hitter 191,2018,AAA,AAA-T4,batter,31.9,324.0,83.94122956387895,0.02,0.36127386544282086,0.094410981831762,0.3026184480111236,0.005,0.18798794258361515,0.25,0.42467282663287437,0.2963424968113624,176.99194423941194,147.00805576058806,0.2742197821886709,0.3184652114340539,AAA-P1,synthetic,True
H-0192,Hitter 192,2018,AAA,AAA-T2,batter,25.1,298.0,71.97047814401478,0.06289608986077366,0.1874769116628627,0.21652507471771495,0.29723809062629114,0.0586555056990808,0.2316160235638941,0.26343201779890246,0.5462488837803441,0.43993934084565944,144.9016130297625,153.0983869702375,0.43329565319966856,0.4465830284916503,AAA-P4,synthetic,True
H-0195,Hitter 195,2018,AAA,AAA-T2,batter,27.4,203.0,50.585275693219224,0.11464617503418048,0.24027354141349114,0.22878988763693364,0.3193353628807588,0.02767951950413621,0.21014887436102603,0.3000434268260455,0.5607234239250096,0.46276570528622796,97.82369588916879,105.17630411083121,0.4773826294954542,0.44814878107700173,AAA-P1,synthetic,True
H-0196,Hitter 196,2018,AAA,AAA-T4,batter,24.6,420.0,103.75976103793059,0.0873688524339189,0.2459972546459833,0.24876427315756935,0.2447692346222053,0.005,0.16392146774327349,0.25,0.5732411966197899,0.40814777905817823,211.3615404228761,208.6384595771239,0.4167709137231352,0.3995246443932213,AAA-P2,synthetic,True
H-0198,Hitter 198,2018,AAA,AAA-T6,batter,25.1,545.0,139.2825118169344,0.12903346427545914,0.18527977442922364,0.19471391988285905,0.2741044964196998,0.0072136232407678585,0.18903186789262302,0.2981883062413162,0.522124369524829,0.4198449155919799,276.92126178793063,268.07873821206937,0.4162898868675167,0.42339994431644307,AAA-P2,synthetic,True
H-0200,Hitter 200,2018,AAA,AAA-T6,batter,22.0,535.0,140.8834926656642,0.04523903016746292,0.206638070694589,0.1437853978072417,0.28490002966417066,0.029728039858222456,0.21759944213558016,0.25,0.47227540077365876,0.3572195361660669,255.62633535756055,279.37366464243945,0.35364382789909576,0.360795244433038,AAA-P4,synthetic,True
H-0081,Hitter 81,2019,AAA,AAA-T7,batter,27.3,546.0,155.14446261466418,0.0851903352137066,0.22579647664515332,0.25020573538710217,0.30622803359345546,0.05309812728411558,0.21895987281703624,0.2750859735656836,0.5808285387464477,0.47221451542591425,268.0236822119343,277.9763177880657,0.46958451688384534,0.47484451396798316,AAA-P4,synthetic,True
H-0082,Hitter 82,2019,AAA,AAA-T1,batter,33.2,398.0,94.97157546239414,0.02,0.4419555011547614,0.07714662190722574,0.35057506624474055,0.005,0.18937498582528778,0.25,0.41220412853169974,0.30363191523463334,198.90600445808533,199.09399554191467,0.315853756373449,0.2914100740958177,AAA-P1,synthetic,True
H-0083,Hitter 83,2019,AAA,AAA-T3,batter,28.1,503.0,137.8717075697687,0.10139894890071943,0.1964950822993884,0.14235851956439782,0.33646274363560774,0.026826384304139965,0.24025645823096914,0.3140081994275328,0.4760047939279586,0.4111821561371111,227.1915035613412,275.80849643865884,0.4181229665153474,0.4042413457588748,AAA-P4,synthetic,True
H-0086,Hitter 86,2019,AAA,AAA-T2,batter,33.7,450.0,122.89815949029965,0.02,0.34859269029387857,0.02,0.25926752173889317,0.005,0.1644534083953279,0.25,0.34592675217388935,0.24024363260861265,221.89806052803542,228.10193947196458,0.24983879163984116,0.23064847357738413,AAA-P1,synthetic,True
H-0090,Hitter 90,2019,AAA,AAA-T7,batter,27.8,205.0,50.83537980208593,0.12221593757764768,0.21474716205843908,0.28095481067705375,0.29023651072513207,0.044302294919966095,0.19908286068162412,0.29540970237691394,0.6099784617495669,0.5,97.59539558851826,107.40460441148174,0.5,0.4994374144837621,AAA-P2,synthetic,True
H-0091,Hitter 91,2019,AAA,AAA-T6,batter,25.7,524.0,131.5606246114797,0.08743429011894172,0.21566901902855135,0.1498920176904114,0.31552495183263074,0.005,0.220638294813557,0.28533375545114303,0.4814445128736745,0.3785783459544062,284.0136693635401,239.9863306364599,0.39160622228131486,0.36555046962749754,AAA-P1,synthetic,True
H-0092,Hitter 92,2019,AAA,AAA-T7,batter,32.3,205.0,50.62828621371806,0.02,0.319227155816293,0.02,0.2957490248665212,0.005,0.1961729243256091,0.25,0.34957490248665213,0.2530121587032824,112.080051585754,92.919948414246,0.24267836747314592,0.2633459499334189,AAA-P4,synthetic,True
H-0093,Hitter 93,2019,AAA,AAA-T6,batter,26.5,241.0,67.43790242119009,0.09386786760658622,0.23144272726179982,0.17796423736728678,0.330216235865494,0.03967819786517901,0.22874512542066772,0.294381923773388,0.5109858609538361,0.4348738985082021,116.86158123744814,124.13841876255186,0.43642112178404957,0.4333266752323546,AAA-P4,synthetic,True
H-0096,Hitter 96,2019,AAA,AAA-T6,batter,24.3,247.0,59.81330086498757,0.05876391492482388,0.1726861738619426,0.13797117672727194,0.30038081940690314,0.029908652659881237,0.23534394998431593,0.26653580180162423,0.4680092586679622,0.3690699618336855,117.62063917286268,129.3793608271373,0.38714660658773037,0.35099331707964065,AAA-P5,synthetic,True
H-0097,Hitter 97,2019,AAA,AAA-T2,batter,25.8,468.0,114.30095176217009,0.08034813566339462,0.27124503598628286,0.1716101890513762,0.292978686523625,0.05138542090165674,0.1976771940382756,0.251320578476119,0.5009080577037387,0.419418718037393,212.00300050570814,255.99699949429186,0.4103854286007979,0.4284520074739881,AAA-P3,synthetic,True
H-0098,Hitter 98,2019,AAA,AAA-T1,batter,33.9,594.0,155.7311503634739,0.02,0.3159408072174301,0.0813086144208181,0.3038984762908556,0.005,0.20255657685355852,0.25,0.4116984620499037,0.2895842046332494,282.3942488347444,311.6057511652556,0.30481586424136087,0.27435254502513795,AAA-P5,synthetic,True
H-0099,Hitter 99,2019,AAA,AAA-T3,batter,33.7,468.0,128.35359427552422,0.02,0.3437760162605973,0.04477998965985244,0.29360264931388663,0.005,0.18754704718292375,0.25,0.3741402545912411,0.2658899215727792,240.6802852153275,227.3197147846725,0.2712077989313233,0.2605720442142351,AAA-P3,synthetic,True
H-0100,Hitter 100,2019,AAA,AAA-T3,batter,28.8,365.0,97.30293143809017,0.07424945895966537,0.18908152427757594,0.2122576097051275,0.3780910801279509,0.006616703420704268,0.27952048975773264,0.32492464477982963,0.5500667177179226,0.4270032177330025,177.7553947929732,187.2446052070268,0.4332642645641875,0.4207421709018175,AAA-P2,synthetic,True
H-0101,Hitter 101,2019,AAA,AAA-T2,batter,31.1,328.0,84.52987137992498,0.03418750752851076,0.380556526840669,0.06129345595333582,0.3132818452553078,0.05137477854235421,0.1910562856408535,0.25,0.39262164047886655,0.33352860257176875,162.34375575952092,165.65624424047908,0.3135340000711287,0.3535232050724088,AAA-P1,synthetic,True
H-0102,Hitter 102,2019,AAA,AAA-T2,batter,34.0,625.0,156.152089833765,0.02,0.18949636382492846,0.02,0.29469669040501656,0.005,0.23370880533392488,0.25,0.34946966904050164,0.2526438416417558,281.9294349026453,343.0705650973547,0.25013109027260044,0.25515659301091115,AAA-P3,synthetic,True
H-0103,Hitter 103,2019,AAA,AAA-T7,batter,28.8,236.0,62.64133878438302,0.08434274607926327,0.12618478805981206,0.20141100147909205,0.28422214599313994,0.045669129462682534,0.2312359278688903,0.2862897486838024,0.529833216078406,0.4303959406829982,117.77677180922491,118.22322819077509,0.43112225204310983,0.42966962932288655,AAA-P4,synthetic,True
H-0104,Hitter 104,2019,AAA,AAA-T2,batter,22.7,365.0,99.31082001621404,0.030262893920697503,0.2869904211199018,0.12345485804858948,0.3395602095543177,0.005,0.23258360741732984,0.25,0.4574108790040212,0.33243027101522366,167.50042444017578,197.49957555982422,0.2910991673640686,0.3737613746663787,AAA-P2,synthetic,True
H-0105,Hitter 105,2019,AAA,AAA-T5,batter,31.0,476.0,121.9248300202115,0.02,0.2800101515395119,0.05657004943200669,0.33958435458305103,0.005,0.23845560090414253,0.25,0.3905284848903118,0.2884680512916715,252.7393873774833,223.2606126225167,0.2824892473222181,0.29444685526112496,AAA-P4,synthetic,True
H-0106,Hitter 106,2019,AAA,AAA-T1,batter,22.2,416.0,99.40993495726897,0.045794179295622434,0.29101425860019986,0.09612354186416493,0.3464590643161305,0.005,0.23051872806896637,0.25258603455769213,0.43076944829577796,0.33068454604287206,220.11123445624327,195.88876554375673,0.3344326868525777,0.3269364052331664,AAA-P2,synthetic,True
H-0107,Hitter 107,2019,AAA,AAA-T6,batter,30.2,240.0,62.761501757812205,0.0511798093846932,0.21541083255738605,0.18235520544975287,0.30381612334075575,0.009760271986548373,0.22428562878497202,0.251719238572984,0.5127368177838284,0.37124111752380734,122.13369402689642,117.86630597310358,0.3889287911206793,0.3535534439269354,AAA-P3,synthetic,True
H-0110,Hitter 110,2019,AAA,AAA-T7,batter,23.8,302.0,82.00766005664245,0.02,0.2893138773285261,0.23757791360928696,0.3246629367896759,0.010259953299248066,0.22577917798128228,0.25,0.5700442072882546,0.38753383833081767,147.3584127693249,154.6415872306751,0.3867762599675597,0.38829141669407563,AAA-P4,synthetic,True
H-0113,Hitter 113,2019,AAA,AAA-T1,batter,25.6,276.0,76.09799384280683,0.1177643515134633,0.20717467351241714,0.05458782154727273,0.2865923799917142,0.02402268356994492,0.1970707339928517,0.2918849498250873,0.3832470595464441,0.3543860961204747,127.63361101819319,148.3663889818068,0.36588446022926857,0.3428877320116809,AAA-P2,synthetic,True
H-0114,Hitter 114,2019,AAA,AAA-T5,batter,31.1,263.0,73.25835234264311,0.036700539646924275,0.17631371856922265,0.05979712243555108,0.2884602036015729,0.014597387005275266,0.2292036753572964,0.25,0.38864314279570833,0.2926775146576983,132.99445021779437,130.00554978220563,0.28512557209702166,0.30022945721837496,AAA-P5,synthetic,True
H-0115,Hitter 115,2019,AAA,AAA-T1,batter,24.0,601.0,153.37141312874496,0.07697198247603684,0.24199774283748438,0.14126741785059158,0.27682045844338554,0.05898821794349887,0.19737134554406063,0.25,0.46894946369493007,0.40155402415538505,296.21478132446134,304.78521867553866,0.4103876479670042,0.3927204003437659,AAA-P4,synthetic,True
H-0116,Hitter 116,2019,AAA,AAA-T6,batter,27.9,309.0,86.75173750277203,0.15155066682405374,0.24352823953845446,0.18960629333605747,0.3119899126245499,0.05639738529429919,0.1971888869428531,0.3214070180578912,0.5208052845985124,0.49032304429513096,151.06741525459407,157.93258474540593,0.4986182720318153,0.4820278165584466,AAA-P2,synthetic,True
H-0117,Hitter 117,2019,AAA,AAA-T4,batter,23.4,396.0,109.41945114049368,0.05793175833655843,0.2225159290112236,0.1494677941668975,0.2586777783768407,0.04040396716730803,0.19219278873788984,0.25,0.4753355720045816,0.3696603105098559,189.36876720069253,206.63123279930747,0.34808879807173093,0.3912318229479809,AAA-P2,synthetic,True
H-0119,Hitter 119,2019,AAA,AAA-T2,batter,28.3,617.0,156.19049432373097,0.06296632317845204,0.20647170607807852,0.03720137951723885,0.2844746458582172,0.016286769700988152,0.21026937335987791,0.25001004529270876,0.36564884410306053,0.2987614037406632,329.8565254976112,287.1434745023888,0.3003498563012043,0.29717295118012205,AAA-P1,synthetic,True
H-0120,Hitter 120,2019,AAA,AAA-T5,batter,30.5,533.0,151.16443281258947,0.07217073155987871,0.2539143866401588,0.11918177968577154,0.28165600364730686,0.04396976468156541,0.19640763710845943,0.25,0.44734738005050223,0.3742218804090557,270.1945907245442,262.8054092754558,0.3560466034298208,0.39239715738829056,AAA-P3,synthetic,True
H-0121,Hitter 121,2019,AAA,AAA-T7,batter,23.5,556.0,156.11845224893992,0.045562703106786694,0.2638083983457434,0.10187290340099406,0.3383213422698172,0.025688462035163225,0.23750776527217995,0.2558517494770016,0.43570503762797574,0.3494560746713803,255.83109558131036,300.16890441868964,0.36030918997861466,0.3386029593641459,AAA-P3,synthetic,True
H-0122,Hitter 122,2019,AAA,AAA-T3,batter,27.3,384.0,96.00611914267228,0.08128837364745874,0.23623854769470728,0.1619092512962282,0.28065848557105816,0.012234033321500611,0.1933769656973504,0.2536760482766715,0.489975099853334,0.37519304970536754,196.0716389978625,187.9283610021375,0.4040664320202272,0.3463196673905079,AAA-P5,synthetic,True
H-0123,Hitter 123,2019,AAA,AAA-T4,batter,27.9,360.0,88.40490537755245,0.09874901935156125,0.19635374546441858,0.1661306899479033,0.3378211288527135,0.005,0.23887917971502234,0.31306528109508136,0.49991280283317463,0.40323358811588944,169.66168300506115,190.33831699493885,0.42197918060874007,0.3844879956230388,AAA-P1,synthetic,True
H-0124,Hitter 124,2019,AAA,AAA-T3,batter,27.7,365.0,101.00394589487144,0.0673836668058854,0.2975969153277366,0.20453334235470805,0.31836436915240457,0.023912871661730787,0.20575448711781624,0.25,0.5363697792699484,0.4126110187581085,195.05217494189378,169.94782505810622,0.41826829361915174,0.4069537438970653,AAA-P2,synthetic,True
H-0125,Hitter 125,2019,AAA,AAA-T3,batter,22.3,534.0,142.13140618199915,0.03341002605333254,0.2745470010415891,0.17278483447633802,0.3151911655803388,0.005,0.21887583126163443,0.25,0.5043039510343719,0.3532355851524373,289.04959711352285,244.95040288647715,0.3472329953179646,0.35923817498691,AAA-P2,synthetic,True
H-0126,Hitter 126,2019,AAA,AAA-T7,batter,29.0,341.0,93.37288907266785,0.08849526279595792,0.2726506239883155,0.07149732992390502,0.2749868866385369,0.04300626749961666,0.1821274437343585,0.25,0.3989960185877587,0.3562212664884612,171.8125610039882,169.1874389960118,0.377038835593669,0.3354036973832534,AAA-P4,synthetic,True
H-0127,Hitter 127,2019,AAA,AAA-T2,batter,24.1,384.0,98.31479392485612,0.05629408891300238,0.14169208900221492,0.17918839996450228,0.33166562616482137,0.043492688578015457,0.27252431978129343,0.29569446375813435,0.5123549625809843,0.41318587109747934,203.83437161279429,180.16562838720571,0.41103494385383604,0.41533679834112264,AAA-P1,synthetic,True
H-0128,Hitter 128,2019,AAA,AAA-T1,batter,29.4,577.0,150.8000950999699,0.05995026760075656,0.1871763856687809,0.14245886696830087,0.3060844301676846,0.025046199219079357,0.23419973920529316,0.2673487959909447,0.4730673099850693,0.3699886940089561,273.1982578619677,303.8017421380323,0.36100145718298104,0.3789759308349312,AAA-P3,synthetic,True
H-0129,Hitter 129,2019,AAA,AAA-T4,batter,29.4,347.0,95.75393238842878,0.1069440828330309,0.2815863022876177,0.11975488104955345,0.3282260373394983,0.03756300529802181,0.20633469944006189,0.2875743066138537,0.4525774847835033,0.4094118603974201,169.01027793280696,177.98972206719304,0.3960638283280247,0.4227598924668155,AAA-P3,synthetic,True
H-0130,Hitter 130,2019,AAA,AAA-T2,batter,26.3,635.0,175.83141344567673,0.12851258832800014,0.256547269804793,0.20557048748054324,0.3377955097282253,0.043152444969927435,0.21419688541986942,0.31546420513494244,0.5393500384533657,0.48008820882171244,344.44775954176095,290.55224045823905,0.5,0.4511316390361952,AAA-P1,synthetic,True
H-0131,Hitter 131,2019,AAA,AAA-T2,batter,26.0,262.0,69.1857141966092,0.09341690066710248,0.20726778848778724,0.08723804528203342,0.3654717625154459,0.08025098883002126,0.2676176475331026,0.3234388999548419,0.423785221533578,0.43351376219951526,129.08972837902016,132.91027162097984,0.4050121598693025,0.462015364529728,AAA-P3,synthetic,True
H-0132,Hitter 132,2019,AAA,AAA-T3,batter,24.2,563.0,157.1909298963199,0.07581041520392318,0.30489767713708193,0.15488710723671278,0.33050123443288204,0.02081875301791631,0.20779955290827967,0.2600194811639562,0.487937230680001,0.39266750939057166,273.43437501334427,289.56562498665573,0.3849976736241019,0.4003373451570414,AAA-P3,synthetic,True
H-0133,Hitter 133,2019,AAA,AAA-T3,batter,29.2,432.0,111.2790799173468,0.05751808925179676,0.1679739636263493,0.1574679210260057,0.2966012354374032,0.07207038892385781,0.24053057231100747,0.2642661018269827,0.487128044569746,0.415543801475124,201.13657609432616,230.86342390567384,0.4059190148523272,0.4251685880979208,AAA-P1,synthetic,True
H-0134,Hitter 134,2019,AAA,AAA-T4,batter,25.4,240.0,68.56783551974074,0.08283352386503856,0.2550816221864784,0.144329785896404,0.29338529113000067,0.01746894695150305,0.1968662996711651,0.2576548857306342,0.47366831500940404,0.3757717531004022,131.03213404648582,108.96786595351418,0.38845175635051093,0.3630917498502934,AAA-P3,synthetic,True
H-0136,Hitter 136,2019,AAA,AAA-T3,batter,28.8,274.0,76.33672282028965,0.11105527083315413,0.30937004832600506,0.1992089011642934,0.2989123997435875,0.022890548320339342,0.17667564092881044,0.2669731236458377,0.5291001411386521,0.4325244186221303,146.23344328281541,127.76655671718459,0.4054082190868616,0.45964061815739904,AAA-P5,synthetic,True
H-0137,Hitter 137,2019,AAA,AAA-T3,batter,34.0,594.0,147.19657231431202,0.02,0.3354448399396427,0.07318836634594658,0.3614225326763237,0.005,0.23370675839860752,0.25,0.4093306196135789,0.3052514879269839,285.1059048640023,308.8940951359977,0.2809850092088114,0.3295179666451564,AAA-P1,synthetic,True
H-0138,Hitter 138,2019,AAA,AAA-T4,batter,27.0,334.0,88.28775708555499,0.06384236185486487,0.22982180923644663,0.19093138485303704,0.31759754493482384,0.047776277267929566,0.23149696675109266,0.2657398344996778,0.5226911393465193,0.4238597052359008,174.6363373652422,159.3636626347578,0.4383059766076101,0.40941343386419143,AAA-P4,synthetic,True
H-0139,Hitter 139,2019,AAA,AAA-T5,batter,33.7,308.0,80.90608571378716,0.02,0.29460116208494613,0.0382815218378382,0.30972128449388286,0.005,0.2130326084696651,0.25,0.3692536502872265,0.26795728658367,140.44417892273665,167.55582107726335,0.2604031637725657,0.2755114093947743,AAA-P4,synthetic,True
H-0140,Hitter 140,2019,AAA,AAA-T1,batter,32.7,393.0,105.10406001061568,0.02,0.3312103167045079,0.02,0.23933563672783287,0.005,0.1560284919539756,0.25,0.34393356367278327,0.23326747285474153,180.12520064949277,212.87479935050723,0.2589221091459942,0.2076128365634889,AAA-P4,synthetic,True
H-0141,Hitter 141,2019,AAA,AAA-T3,batter,29.0,460.0,118.61813982372479,0.062354980586119935,0.22848884486254772,0.23470595917740492,0.2411848748513428,0.024638208987081318,0.1747334745572823,0.25,0.5588244466625392,0.3993258582441998,246.7982703606789,213.2017296393211,0.4032281813815771,0.3954235351068225,AAA-P2,synthetic,True
H-0142,Hitter 142,2019,AAA,AAA-T5,batter,24.6,519.0,146.6504085279646,0.053130953191534866,0.2004012585144926,0.12139902687456065,0.2671029097602483,0.03243871370736408,0.20424952535172172,0.25,0.4481093178505855,0.34664199276779734,237.14677989101867,281.8532201089813,0.3607465891904727,0.33253739634512197,AAA-P5,synthetic,True
H-0144,Hitter 144,2019,AAA,AAA-T4,batter,29.4,360.0,102.06243185132435,0.07553274579237487,0.25527149188865317,0.31399557922584104,0.31725344427864727,0.015534121059408188,0.21463477865128008,0.26660694023550685,0.6457209236537057,0.47058990507986886,174.8400607500156,185.1599392499844,0.4745486428821183,0.46663116727761944,AAA-P3,synthetic,True
H-0145,Hitter 145,2019,AAA,AAA-T7,batter,23.7,515.0,123.02449049854704,0.03463644005830991,0.1718794318944846,0.17082517864686156,0.3197270636266817,0.03580236563735016,0.2590687051405134,0.2629649553237297,0.5027978850095297,0.3823259576395445,249.8524315711444,265.1475684288556,0.3922056208761027,0.3724462944029863,AAA-P5,synthetic,True
H-0146,Hitter 146,2019,AAA,AAA-T7,batter,23.3,500.0,124.54346983257963,0.07217773828312721,0.2796649350051693,0.043195056263859215,0.32216052513016497,0.00960211240730113,0.21025102160150144,0.2601073725494929,0.3754111087768757,0.3156797827054404,250.326295774027,249.673704225973,0.3237780357803105,0.3075815296305703,AAA-P3,synthetic,True
H-0147,Hitter 147,2019,AAA,AAA-T1,batter,28.4,289.0,75.62093311287937,0.08048259359563686,0.25219552034890175,0.12014590846570138,0.3423578965599027,0.013228860472982175,0.23044724630928218,0.28609921911013825,0.45438169812169166,0.3741493033947315,136.8238017092648,152.1761982907352,0.3718498391881037,0.3764487676013593,AAA-P1,synthetic,True
H-0148,Hitter 148,2019,AAA,AAA-T1,batter,30.0,193.0,48.62552585830255,0.051860142964612624,0.21572044472537327,0.1998325585077731,0.3070351709415255,0.04739985715603165,0.23198849803290156,0.25425081047815973,0.5305360756019256,0.4163321885244664,98.55551155104142,94.44448844895858,0.43651390061427375,0.39615047643465906,AAA-P4,synthetic,True
H-0150,Hitter 150,2019,AAA,AAA-T1,batter,23.8,504.0,137.75183816117166,0.04738365544841926,0.2970512893453124,0.08285170165493662,0.2729410680546335,0.005,0.17968062634729365,0.25,0.41014580846039994,0.2987663685432303,266.0745209930985,237.92547900690153,0.2993914806773036,0.298141256409157,AAA-P3,synthetic,True
H-0151,Hitter 151,2019,AAA,AAA-T5,batter,28.7,561.0,152.45914098374467,0.11685631026607055,0.21718990833522925,0.03467886630469611,0.2552191827772853,0.02515297939256346,0.1737371267649037,0.2698240721364878,0.36020078458242466,0.33283718907918924,263.468860893492,297.531139106508,0.31275947084850164,0.35291490730987685,AAA-P3,synthetic,True
H-0152,Hitter 152,2019,AAA,AAA-T7,batter,31.0,502.0,137.2713060800821,0.04390324224238075,0.26124745443069797,0.11041169828698837,0.33707562256703494,0.005,0.2349667615091925,0.254698327600654,0.4441192605436919,0.33393517152597235,271.8810626047101,230.1189373952899,0.33313648698815107,0.33473385606379363,AAA-P4,synthetic,True
H-0153,Hitter 153,2019,AAA,AAA-T5,batter,24.6,387.0,96.14801628420378,0.07433577519646203,0.16977453077145202,0.16776336874667067,0.30250656025903844,0.02981987578039861,0.23313457264396312,0.28013120734567504,0.4980140247725745,0.39702007974121456,177.79574220640134,209.20425779359866,0.37816762784335484,0.4158725316390743,AAA-P5,synthetic,True
H-0154,Hitter 154,2019,AAA,AAA-T2,batter,32.3,606.0,157.12152745134563,0.02,0.3796008209907028,0.1076129682497998,0.2666987117887152,0.005,0.16087568760078177,0.25,0.4342828394286713,0.29103168166344023,274.02428494634233,331.97571505365767,0.3131419723751953,0.26892139095168516,AAA-P2,synthetic,True
H-0155,Hitter 155,2019,AAA,AAA-T6,batter,32.4,623.0,151.93647184423452,0.02,0.30005607497312037,0.1350134299602976,0.27239081218276084,0.005,0.18596047797680598,0.25,0.46225251117857363,0.30809417074213,308.8709507901714,314.1290492098286,0.344415999311139,0.2717723421731211,AAA-P4,synthetic,True
H-0156,Hitter 156,2019,AAA,AAA-T2,batter,33.4,377.0,94.46273040400467,0.02,0.31216194083352455,0.13797243825989053,0.25145231618098235,0.005,0.16867942681122217,0.25,0.46311766987798875,0.3023931517062836,178.2396786246817,198.7603213753183,0.31931275145689425,0.285473551955673,AAA-P5,synthetic,True
H-0158,Hitter 158,2019,AAA,AAA-T4,batter,33.6,233.0,57.37290295499774,0.02,0.2833059364637926,0.052487092504404864,0.30544654555595807,0.005,0.2135527950164777,0.25,0.38303174706000065,0.274274191822008,105.3338790522216,127.6661209477784,0.2641348966122159,0.28441348703180014,AAA-P2,synthetic,True
H-0159,Hitter 159,2019,AAA,AAA-T7,batter,23.6,417.0,114.99482792617255,0.045029281303322365,0.2904437913872464,0.08503339164812601,0.29687935166883134,0.046339596659871474,0.20423526284508525,0.25,0.4147213268150091,0.3439022723967703,195.5976281238871,221.4023718761129,0.33520687266438826,0.35259767212915233,AAA-P5,synthetic,True
H-0160,Hitter 160,2019,AAA,AAA-T3,batter,28.5,600.0,144.06253882121652,0.09051165022295131,0.28685369080013917,0.16266801077328374,0.33209778464786877,0.0450768912718994,0.21353712458199786,0.276609682025043,0.49587778923807063,0.42962898785283543,274.5265320777007,325.4734679222993,0.4216011142268914,0.43765686147877947,AAA-P3,synthetic,True
H-0161,Hitter 161,2019,AAA,AAA-T4,batter,24.0,463.0,121.49982647555805,0.0748546900397433,0.08609646345708971,0.13414204861027748,0.22098708937526682,0.005,0.18616896243240988,0.25,0.4562407575478042,0.3280218910448163,222.77295501841957,240.22704498158043,0.32896833599131986,0.3270754460983128,AAA-P2,synthetic,True
H-0162,Hitter 162,2019,AAA,AAA-T4,batter,29.6,517.0,127.00406553680692,0.0721287352193144,0.177935387711365,0.13414294903805568,0.3376813457841379,0.027378083198836063,0.2573460687004014,0.3000441558178328,0.46791108361646944,0.3870974825278515,271.6851701558634,245.31482984413663,0.38438055420320283,0.3898144108525001,AAA-P3,synthetic,True
H-0163,Hitter 163,2019,AAA,AAA-T4,batter,29.8,231.0,55.52569726839289,0.04326191754006365,0.2511876906367365,0.2469929253189738,0.30773207065512515,0.019052494868449506,0.21997835725755557,0.25,0.5777661323844864,0.41098292131437847,111.82962354558386,119.17037645441614,0.4062070545618183,0.4157587880669386,AAA-P1,synthetic,True
H-0164,Hitter 164,2019,AAA,AAA-T6,batter,23.7,297.0,76.87368389759682,0.04070980057570412,0.16949564229779598,0.16176911264120725,0.2959692013606861,0.0398602431876105,0.23973390078988852,0.2510891784562764,0.49136603277727586,0.37693331170074645,152.71319246729186,144.28680753270814,0.37305544970310206,0.38081117369839085,AAA-P4,synthetic,True
H-0165,Hitter 165,2019,AAA,AAA-T7,batter,30.9,340.0,85.68190192245572,0.03900790304846196,0.25452604145170965,0.13713544549268636,0.3429229056932938,0.005,0.24301339252568094,0.2570449563215748,0.4714277360620157,0.3472530441475537,179.10064947058098,160.89935052941902,0.36580230985755763,0.3287037784375498,AAA-P4,synthetic,True
H-0166,Hitter 166,2019,AAA,AAA-T6,batter,26.3,290.0,75.54815663711379,0.13152741459824385,0.17520070164054263,0.10313413078897811,0.3119551087480626,0.045786691160048944,0.2231377095647109,0.3261701498998771,0.43432964166378435,0.4191852722585746,156.92364311717657,133.07635688282343,0.41999239306557495,0.41837815145157425,AAA-P3,synthetic,True
H-0167,Hitter 167,2019,AAA,AAA-T7,batter,32.9,325.0,84.98353980527041,0.02,0.32561549590618377,0.10881121214331937,0.3090268269246354,0.005,0.2029723668887631,0.25,0.43971389483578294,0.30650555610244806,163.2352007908244,161.7647992091756,0.3002003291418436,0.31281078306305254,AAA-P4,synthetic,True
H-0168,Hitter 168,2019,AAA,AAA-T3,batter,31.0,559.0,139.1942948765855,0.030058025100402612,0.2460653826111133,0.18181385649454368,0.33122387218727833,0.048141010758575756,0.24698635949730982,0.25,0.5149362437132715,0.40029350359054644,257.96992309962536,301.03007690037464,0.39717690331141176,0.4034101038696811,AAA-P3,synthetic,True
H-0169,Hitter 169,2019,AAA,AAA-T7,batter,27.2,502.0,120.3777260236763,0.08238486735644741,0.2303452191642608,0.26489297784567184,0.3065257444455573,0.031671299464977355,0.21541661678402027,0.2719841970342937,0.5955455522902275,0.4591487250390574,256.59740240836754,245.40259759163246,0.44825763243936356,0.47003981763875124,AAA-P2,synthetic,True
H-0170,Hitter 170,2019,AAA,AAA-T1,batter,23.3,432.0,108.59985661772942,0.04671611971661145,0.20042419793401633,0.10551931504185232,0.3271722334757179,0.029556561283649974,0.2507482679606111,0.2683994251078687,0.43823653838942406,0.35184809394643296,213.53814182573734,218.46185817426266,0.3484217175919722,0.3552744703008937,AAA-P1,synthetic,True
H-0171,Hitter 171,2019,AAA,AAA-T4,batter,24.5,397.0,110.42056383157262,0.10048257197533406,0.2149122969520321,0.17036944806583676,0.2924532465390979,0.020307215089482796,0.20326107544293884,0.28067606583689886,0.4996147727197465,0.40467612668816283,207.52240990891502,189.47759009108498,0.3961398889286555,0.4132123644476702,AAA-P3,synthetic,True
H-0172,Hitter 172,2019,AAA,AAA-T3,batter,25.5,248.0,59.17281788491118,0.06927069904906416,0.12379473788325189,0.11990194280285384,0.26278146367487437,0.04175912909253275,0.21831131493665112,0.2601134000645583,0.44618008917034124,0.3639922863454,113.44178381951461,134.55821618048537,0.3541967992385934,0.3737877734522066,AAA-P2,synthetic,True
H-0173,Hitter 173,2019,AAA,AAA-T6,batter,28.7,198.0,48.16838929660789,0.06764946319992837,0.2706181689194276,0.19908565228194938,0.3252219117736427,0.056722137286985566,0.22371818635769034,0.2613383423881066,0.5316078434593137,0.44172932567408396,97.13603482663584,100.86396517336416,0.4363644687617489,0.44709418258641903,AAA-P2,synthetic,True
H-0174,Hitter 174,2019,AAA,AAA-T5,batter,26.0,303.0,75.43198518005138,0.020521008143059415,0.23075826720470838,0.06873797384498344,0.2830072551071258,0.03293891040114835,0.2168342336858186,0.25,0.397038699355696,0.30086814996341005,142.32638796643676,160.67361203356324,0.28957415207586623,0.31216214785095386,AAA-P5,synthetic,True
H-0175,Hitter 175,2019,AAA,AAA-T2,batter,32.7,484.0,132.56626658401396,0.0406307688639268,0.27487778440462296,0.0622236012500432,0.35341563506733475,0.005,0.24265997934475422,0.2583497502742056,0.3975651647567766,0.3108599911658397,253.90877911505046,230.09122088494954,0.3013066169136809,0.3204133654179985,AAA-P1,synthetic,True
H-0176,Hitter 176,2019,AAA,AAA-T4,batter,28.7,648.0,174.940533349992,0.11399057764288628,0.2034286124406213,0.21374129456487456,0.3347774246447998,0.005,0.229262645655805,0.3196519587331108,0.5472190370293545,0.43902321498638136,353.4667058036271,294.5332941963729,0.45389617131001964,0.4241502586627431,AAA-P3,synthetic,True
H-0177,Hitter 177,2019,AAA,AAA-T2,batter,33.2,432.0,120.19121065297605,0.02,0.2722753100602307,0.02,0.28668740828219985,0.005,0.20364575713615596,0.25,0.34866874082821997,0.24984059289876998,237.2690468169633,194.7309531830367,0.23097968935920102,0.26870149643833896,AAA-P4,synthetic,True
H-0178,Hitter 178,2019,AAA,AAA-T2,batter,27.9,505.0,120.347266044786,0.057989368743760435,0.2441287427798945,0.12031697770000915,0.29980716365633175,0.04766472780093696,0.21637969872135798,0.25,0.4502976940656423,0.3745976581561967,250.98307453385098,254.01692546614902,0.39590660227704094,0.3532887140353525,AAA-P3,synthetic,True
H-0179,Hitter 179,2019,AAA,AAA-T3,batter,29.2,551.0,147.70423715927984,0.03599764627661775,0.3233708300571343,0.15638214918541798,0.3336995742521897,0.04444978107825033,0.2204459338616961,0.25,0.48975210661063695,0.388008188404304,272.444664664501,278.555335335499,0.38902369060507364,0.3869926862035344,AAA-P1,synthetic,True
H-0180,Hitter 180,2019,AAA,AAA-T2,batter,22.2,418.0,117.50823786623174,0.024578855208008968,0.33758202649536956,0.055625688807789786,0.3344460990032482,0.008940035389701409,0.21466381021443162,0.25,0.3890702987081146,0.29290149399175874,216.54549194458056,201.45450805541944,0.2792019680330141,0.3066010199505034,AAA-P5,synthetic,True
H-0181,Hitter 181,2019,AAA,AAA-T5,batter,23.5,565.0,135.5303564780413,0.040318386953284324,0.2867390497134721,0.19649078346418858,0.29376891457696586,0.013081938914105237,0.19965189724016386,0.25,0.5258676749218851,0.3708856668972355,265.3635934683948,299.6364065316052,0.3607110620029915,0.3810602717914795,AAA-P1,synthetic,True
H-0182,Hitter 182,2019,AAA,AAA-T4,batter,29.6,368.0,102.1384065208629,0.0760657351752692,0.160549141881802,0.0966185919587914,0.318685568796758,0.04048990401889768,0.24935330771888498,0.2950175750797145,0.4284871488384672,0.3743671028958969,181.07263368925337,186.92736631074663,0.3896417537778095,0.3590924520139843,AAA-P4,synthetic,True
H-0183,Hitter 183,2019,AAA,AAA-T1,batter,25.4,502.0,123.08786474744353,0.07843880450608265,0.31626660238424786,0.19141586726994206,0.3060204123672898,0.03980774236493803,0.19120366234185265,0.25,0.522017908506671,0.4231200026097216,256.1079277431075,245.8920722568925,0.42691056490994844,0.41932944030949476,AAA-P5,synthetic,True
H-0185,Hitter 185,2019,AAA,AAA-T6,batter,34.1,474.0,116.92107715684575,0.02,0.270185301653717,0.05958072896164887,0.2996376256403076,0.005,0.2134371908570714,0.25,0.3895444915256796,0.27614256990301456,220.26260574048774,253.73739425951226,0.271701571996022,0.2805835678100071,AAA-P1,synthetic,True
H-0187,Hitter 187,2019,AAA,AAA-T5,batter,32.1,363.0,98.96194972474393,0.02489543972704074,0.3005316486653551,0.13609038379866703,0.28492166452903184,0.021468303694889286,0.19542068237566743,0.25,0.46458255025157025,0.3313205748087569,174.21253428893195,188.78746571106805,0.3348924632197524,0.32774868639776134,AAA-P2,synthetic,True
H-0190,Hitter 190,2019,AAA,AAA-T5,batter,22.6,224.0,56.880826099789935,0.02,0.28140695612792266,0.13191235890261008,0.3003672701343173,0.00910426718264237,0.2112001256000756,0.25,0.4619490859160418,0.3198741824078248,105.31497569845568,118.68502430154432,0.3272079319390904,0.31254043287655914,AAA-P5,synthetic,True
H-0192,Hitter 192,2019,AAA,AAA-T7,batter,25.2,301.0,74.7193098717654,0.06158587331275793,0.20360813147077395,0.2560240134875968,0.303795553327376,0.05731966315200968,0.2318287433778616,0.2624935878273121,0.5864035688203344,0.46183945923849906,164.2430419290958,136.7569580709042,0.469385385514573,0.45429353296242514,AAA-P1,synthetic,True
H-0193,Hitter 193,2019,AAA,AAA-T4,batter,24.8,309.0,85.6333020831012,0.08265404131242243,0.2097111312252646,0.16640848196877725,0.34002865904222374,0.005,0.24136612147358563,0.2992085506386495,0.5004113478729997,0.3928925246663015,154.95489532062285,154.04510467937715,0.4035722819789186,0.38221276735368437,AAA-P4,synthetic,True
H-0196,Hitter 196,2019,AAA,AAA-T2,batter,24.8,323.0,91.07279693481682,0.0757921464442657,0.2076173798699065,0.25528532557097733,0.2261472229163559,0.013764961374240332,0.16411968979850203,0.25,0.577900047862613,0.40500142483256435,159.62989081257706,163.37010918742294,0.40394746922840147,0.40605538043672723,AAA-P3,synthetic,True
H-0197,Hitter 197,2019,AAA,AAA-T5,batter,32.1,605.0,151.6471283204421,0.02,0.24161922788878534,0.023840719437901184,0.28150639557749757,0.005,0.20860890972075768,0.25,0.3519913589956509,0.2501396341429698,309.92525076664947,295.07474923335053,0.2654126690610218,0.23486659922491782,AAA-P4,synthetic,True
H-0200,Hitter 200,2019,AAA,AAA-T1,batter,22.2,467.0,120.30897548915974,0.020260460725901278,0.1898561439397379,0.16238107552084652,0.28493850692541156,0.007591437610033107,0.22620691095325235,0.25,0.4908749262133877,0.3300526853175203,239.3780484512368,227.6219515487632,0.32863698911685413,0.3314683815181865,AAA-P2,synthetic,True
H-0084,Hitter 84,2020,AAA,AAA-T2,batter,26.3,301.0,71.9023750903882,0.09687103960237325,0.22008952503221452,0.24423867849415673,0.3033168630529291,0.03544923426638236,0.21249476401643808,0.2833306805912059,0.5745703647994497,0.4602062138017168,153.8742198414927,147.1257801585073,0.44870111898451415,0.4717113086189194,AAA-P4,synthetic,True
H-0085,Hitter 85,2020,AAA,AAA-T3,batter,32.6,457.0,114.9416842355177,0.02,0.3666223523252094,0.02,0.3190903487645112,0.005,0.1964728875209044,0.25,0.35190903487645114,0.26118162206757894,213.9312542268246,243.0687457731754,0.2655344804656996,0.2568287636694583,AAA-P3,synthetic,True
H-0086,Hitter 86,2020,AAA,AAA-T2,batter,33.8,574.0,143.86884075651608,0.02,0.3631529961430077,0.02,0.2603703938257276,0.005,0.16135869732446514,0.25,0.34603703938257274,0.24062963783900465,287.75749780998495,286.24250219001505,0.2268750857024558,0.2543841899755535,AAA-P4,synthetic,True
H-0087,Hitter 87,2020,AAA,AAA-T1,batter,27.0,576.0,139.18581053573052,0.15112834553532817,0.22803939056358286,0.1728887674392477,0.3152885515875189,0.029736073930722612,0.20020171635378303,0.32729552027308534,0.5044176225979996,0.45799212355959795,296.0817359831124,279.9182640168876,0.4600287843705301,0.45595546274866583,AAA-P5,synthetic,True
H-0088,Hitter 88,2020,AAA,AAA-T6,batter,24.3,477.0,125.67541674821604,0.06712558303962933,0.2556531890172081,0.20292959944082756,0.33651023468288843,0.024992945579212146,0.23164081618426932,0.2722282699522781,0.5365806229091165,0.41887142098049757,257.9350971860061,219.0649028139939,0.414855092408507,0.42288774955248815,AAA-P1,synthetic,True
H-0089,Hitter 89,2020,AAA,AAA-T7,batter,24.0,486.0,136.01762439724038,0.06251761399779479,0.35604750277786057,0.09561047075074794,0.27787392279684525,0.0451097817079117,0.16833205910866106,0.25,0.4233978630304325,0.35420276522738403,267.0195715916725,218.9804284083275,0.34685109352765153,0.36155443692711653,AAA-P3,synthetic,True
H-0090,Hitter 90,2020,AAA,AAA-T6,batter,27.9,315.0,89.45497130113884,0.1335673844136151,0.22471524097108464,0.24317430544357485,0.31283036093694444,0.043900128819477,0.2073336972433343,0.3142411945419866,0.5744573415372692,0.4962437793489566,168.39635053079476,146.60364946920524,0.4913857249204367,0.5,AAA-P2,synthetic,True
H-0091,Hitter 91,2020,AAA,AAA-T6,batter,25.8,422.0,111.55204304774122,0.05891596548072352,0.18495449814028392,0.1617922578199543,0.3217220805914737,0.010513694229690682,0.24484062177496949,0.2778531763571878,0.49396446587910164,0.3722919706512187,191.8145854613823,230.1854145386177,0.3760780072798737,0.3685059340225637,AAA-P4,synthetic,True
H-0093,Hitter 93,2020,AAA,AAA-T2,batter,26.7,310.0,80.9974862648281,0.10947241498692337,0.2293499212001334,0.17552033981604653,0.27975005315767143,0.05177900038954867,0.19273133665676817,0.2759404529254257,0.5034953451318137,0.43768049634545075,163.00055236760673,146.99944763239327,0.41858697338286704,0.45677401930803446,AAA-P4,synthetic,True
H-0094,Hitter 94,2020,AAA,AAA-T3,batter,32.5,411.0,98.14070718396577,0.021412431852159783,0.2818349004679896,0.15018011727951666,0.3320835962357073,0.005,0.23213013156994747,0.25,0.4833884769030874,0.33831702548274356,213.3372044450976,197.6627955549024,0.3463347468407687,0.3302993041247184,AAA-P1,synthetic,True
H-0095,Hitter 95,2020,AAA,AAA-T3,batter,28.3,455.0,111.33503109998793,0.08104566497763807,0.23831316792073443,0.14390266685068054,0.2498449054433594,0.018927831114087888,0.1728939027024771,0.25,0.46888715739501646,0.3603591971600758,223.0260762692565,231.9739237307435,0.34794995575706067,0.37276843856309094,AAA-P4,synthetic,True
H-0096,Hitter 96,2020,AAA,AAA-T3,batter,24.4,610.0,162.61111450686806,0.06447029563674861,0.1612294092157331,0.16145066082720322,0.32595515469204617,0.03232311104730323,0.2572356391400018,0.2916187508713643,0.49404617629640785,0.39710217448547486,314.56654965135886,295.43345034864114,0.41839933033863236,0.37580501863231736,AAA-P5,synthetic,True
H-0097,Hitter 97,2020,AAA,AAA-T6,batter,26.0,343.0,83.07263549211063,0.11848906730791028,0.28941941191490217,0.1519236902414004,0.277440013106233,0.05006604140951263,0.17177978549593922,0.2663319586639714,0.4796676915520237,0.4286638186040504,157.1918998476528,185.8081001523472,0.4163581795014773,0.4409694577066235,AAA-P1,synthetic,True
H-0099,Hitter 99,2020,AAA,AAA-T6,batter,33.9,494.0,127.29966743646155,0.02,0.346430160218197,0.02,0.3312186369787453,0.005,0.21060013876337086,0.25,0.3531218636978745,0.26542652294256086,228.78008886831506,265.21991113168497,0.2799467152841458,0.25090633060097595,AAA-P1,synthetic,True
H-0100,Hitter 100,2020,AAA,AAA-T7,batter,28.9,180.0,49.94440009445468,0.06991347510524283,0.1715945036666811,0.19627994006054097,0.36393414189903206,0.005,0.27679114288290224,0.3183505036998549,0.5326733542504442,0.40877034927162875,81.90284687959688,98.09715312040312,0.3935893812570391,0.42395131728621843,AAA-P4,synthetic,True
H-0101,Hitter 101,2020,AAA,AAA-T6,batter,31.3,231.0,59.69227262272078,0.04212218748865465,0.33526461368107474,0.0579562597736312,0.2996979614305591,0.036862435994505525,0.19212527184836728,0.25,0.3879260559166871,0.31943195301330607,122.99780852683972,108.00219147316028,0.2878355268793535,0.35102837914725865,AAA-P3,synthetic,True
H-0102,Hitter 102,2020,AAA,AAA-T4,batter,34.1,287.0,68.90279405461409,0.02,0.22808630739852365,0.02,0.29565854538256986,0.005,0.2230597086077893,0.25,0.349565854538257,0.25298049088389946,132.34122520076932,154.65877479923068,0.23309817511028189,0.27286280665751705,AAA-P4,synthetic,True
H-0103,Hitter 103,2020,AAA,AAA-T3,batter,29.0,319.0,89.96983729173549,0.0790260279872201,0.15763341922710988,0.19475780608613055,0.29188507599246194,0.05301393404896143,0.23075980536531743,0.27955297171939597,0.5239463136853767,0.4323073301798528,165.08504044142714,153.91495955857286,0.4504584847751128,0.4141561755845928,AAA-P4,synthetic,True
H-0104,Hitter 104,2020,AAA,AAA-T2,batter,22.9,282.0,80.47453039169488,0.02,0.2907858015706712,0.18204011179466528,0.320506938357344,0.005,0.22164793261099514,0.25,0.5140908056303997,0.35079948991213633,135.413947359914,146.586052640086,0.34145000081928095,0.3601489790049917,AAA-P5,synthetic,True
H-0105,Hitter 105,2020,AAA,AAA-T5,batter,31.2,200.0,53.676381078262445,0.02,0.2837986701358374,0.060655524512415716,0.3349402526601137,0.005,0.23393584932700973,0.25,0.3941495497784271,0.28908962691286844,92.91172184544665,107.08827815455335,0.3231758814578941,0.25500337236784276,AAA-P1,synthetic,True
H-0106,Hitter 106,2020,AAA,AAA-T5,batter,22.4,415.0,100.86418339332944,0.044682210243337434,0.285494596398737,0.0646284385969216,0.3679670470305539,0.005,0.2472228624924916,0.26650778648657986,0.401425143299977,0.32011165485933696,208.50507264433696,206.49492735566304,0.30774745785385293,0.332475851864821,AAA-P2,synthetic,True
H-0107,Hitter 107,2020,AAA,AAA-T3,batter,30.4,437.0,113.37901831516352,0.061567742049027645,0.19293990269243627,0.16625492156684332,0.27458325001617834,0.01730974281070091,0.2072961751907094,0.25,0.49371324656846116,0.3662205323313764,222.19823536233488,214.80176463766512,0.38464890399646634,0.3477921606662865,AAA-P1,synthetic,True
H-0108,Hitter 108,2020,AAA,AAA-T6,batter,29.4,463.0,126.77289872894046,0.059231539017658666,0.09856990710703398,0.2795208794520846,0.3753035519314207,0.016701452206192506,0.3185853265318377,0.3437036368484766,0.6170512346452266,0.46158611117257814,227.15537674100113,235.84462325899887,0.4605046841808732,0.4626675381642831,AAA-P4,synthetic,True
H-0111,Hitter 111,2020,AAA,AAA-T6,batter,23.9,266.0,71.49908634478669,0.07167873513372253,0.14772106599986198,0.1713694558571982,0.2786664111945859,0.0580230149950773,0.22623050824514565,0.26745308553001823,0.4992360969766568,0.4141822727287394,125.81172012765441,140.1882798723456,0.41291089189026964,0.4154536535672092,AAA-P3,synthetic,True
H-0112,Hitter 112,2020,AAA,AAA-T2,batter,29.9,296.0,83.46054728328942,0.10329477187552387,0.184514206460064,0.19346508529135592,0.31120492743430217,0.008335880251087504,0.22288773725409802,0.30276839157031527,0.5245855780347861,0.41513615405109694,151.63425297121182,144.36574702878818,0.411069793263393,0.4192025148388009,AAA-P3,synthetic,True
H-0113,Hitter 113,2020,AAA,AAA-T4,batter,25.7,218.0,55.55222339051284,0.11335280818993276,0.2163479801634016,0.04609906878063129,0.32629530834503007,0.03271684642032479,0.22362301491072806,0.3101967473428442,0.3787285996151343,0.36834997326135294,99.68241095716448,118.31758904283552,0.3859720365925382,0.35072790993016767,AAA-P3,synthetic,True
H-0114,Hitter 114,2020,AAA,AAA-T6,batter,31.2,310.0,82.43502673128478,0.04808573136234379,0.17113734447887488,0.05738541511468853,0.34101974329349183,0.005,0.26701034624610975,0.28772004298384257,0.3914873894440377,0.30907890041944147,142.9001667063615,167.0998332936385,0.30457853555668574,0.3135792652821972,AAA-P3,synthetic,True
H-0115,Hitter 115,2020,AAA,AAA-T5,batter,24.2,213.0,58.138385132768036,0.10298311648409011,0.26212585421541895,0.13356326964547632,0.2833398184427701,0.045632906207833945,0.18673484490411962,0.2648840345597402,0.4618972514897533,0.4057865318858952,106.08533611198375,106.91466388801625,0.4223909225983187,0.3891821411734717,AAA-P3,synthetic,True
H-0116,Hitter 116,2020,AAA,AAA-T5,batter,28.0,418.0,101.89947667737361,0.1583323175857171,0.2558860217129059,0.21893127353442207,0.3059299159293004,0.054703680880016835,0.18741368634330074,0.3196196383758855,0.5495242651273521,0.5,203.59643583363234,214.40356416636766,0.5,0.49099587384994653,AAA-P2,synthetic,True
H-0118,Hitter 118,2020,AAA,AAA-T6,batter,33.8,543.0,129.96392909547552,0.02,0.31110733472315166,0.061217057628821625,0.30995967228831517,0.005,0.2080797513252696,0.25,0.39221302485765314,0.2806552669967622,248.48666557279617,294.51333442720386,0.27396850438049636,0.287342029613028,AAA-P2,synthetic,True
H-0120,Hitter 120,2020,AAA,AAA-T4,batter,30.7,438.0,108.32201858490524,0.09426489635073586,0.2591884611622123,0.09304023654013414,0.31945525857370555,0.04551494798922868,0.2133699670540466,0.2801533487208319,0.4249857623975047,0.38993035123369163,218.6247354867506,219.3752645132494,0.4132916303406082,0.3665690721267751,AAA-P2,synthetic,True
H-0123,Hitter 123,2020,AAA,AAA-T1,batter,28.1,308.0,80.44341807686986,0.06722748195373973,0.18479472564739025,0.14003773992163693,0.34042129928093345,0.005,0.2553775719217076,0.2963922966832766,0.4740798698497303,0.3677274490728448,154.83799023399453,153.16200976600547,0.378506539969532,0.35694835817615767,AAA-P3,synthetic,True
H-0124,Hitter 124,2020,AAA,AAA-T3,batter,27.8,606.0,166.3619283851424,0.06566012737409552,0.30993404654889933,0.1680538573772852,0.3120702234056663,0.019474669321554974,0.19777966603788386,0.25,0.4992608797178518,0.38514349130075637,323.4617064373739,282.5382935626261,0.3801304109751464,0.39015657162636636,AAA-P4,synthetic,True
H-0125,Hitter 125,2020,AAA,AAA-T5,batter,22.4,462.0,126.09556726952823,0.02789700532134387,0.2776799109910788,0.1353319234371218,0.2984505418035344,0.016905777891012316,0.20978681225109044,0.25,0.46517697761747523,0.33363335134850586,239.65169315380484,222.34830684619516,0.32807919178274736,0.33918751091426436,AAA-P4,synthetic,True
H-0126,Hitter 126,2020,AAA,AAA-T7,batter,29.1,483.0,122.73597723692941,0.10585049518550836,0.288222283567411,0.11005438069985692,0.28467671902619385,0.05785011545081153,0.1811708906308993,0.2610945311674582,0.4385220526024763,0.4063272115796754,246.48105240361312,236.51894759638688,0.4389165473606067,0.37373787579874407,AAA-P5,synthetic,True
H-0127,Hitter 127,2020,AAA,AAA-T2,batter,24.3,239.0,61.95858707786789,0.046359774777193094,0.11596372535355495,0.13565539992621883,0.342315929647235,0.052536529709355,0.2946304892527882,0.30443478359393955,0.4698869928909423,0.39415576441840733,130.94521279682664,108.05478720317336,0.4263786761468628,0.36193285268995185,AAA-P5,synthetic,True
H-0128,Hitter 128,2020,AAA,AAA-T3,batter,29.5,361.0,88.79452516307263,0.05517290637269209,0.15954148298601495,0.10602255724807998,0.3011650200890002,0.019968130731025102,0.23949577631404156,0.2680234074066411,0.43613905925698,0.3403125156364011,171.52486553775412,189.47513446224588,0.35246192716322083,0.3281631041095813,AAA-P5,synthetic,True
H-0129,Hitter 129,2020,AAA,AAA-T7,batter,29.5,317.0,75.76898436291134,0.12113087274521747,0.29827353916810406,0.1057214009237393,0.30850754979394657,0.050899727838500414,0.1867530814775717,0.28233718281683445,0.436572155903134,0.4167257789122405,171.61149459051703,145.38850540948297,0.40860150974825055,0.42485004807623045,AAA-P3,synthetic,True
H-0132,Hitter 132,2020,AAA,AAA-T4,batter,24.4,594.0,145.9402977551662,0.07240481435969223,0.28794440653984826,0.18746469239583843,0.3182158697821289,0.017827681537950873,0.20622118125896177,0.2555971404851345,0.5192862793740514,0.40120941867739657,271.40587229352786,322.59412770647214,0.38701777154012273,0.4154010658146704,AAA-P1,synthetic,True
H-0133,Hitter 133,2020,AAA,AAA-T1,batter,29.3,496.0,140.61412523472316,0.07614438882913582,0.16054243660579037,0.19476722602323956,0.29854091654091724,0.06540363487856123,0.2376907599741985,0.28123658209730873,0.5246213176773312,0.4437756386732029,236.95411035223015,259.04588964776985,0.4295938569640155,0.45795742038239035,AAA-P1,synthetic,True
H-0134,Hitter 134,2020,AAA,AAA-T3,batter,25.6,197.0,47.69083745113909,0.08587096124540096,0.25923987784511093,0.15983223442081398,0.3016312905945707,0.023412282187030908,0.201046905129579,0.2636525177667729,0.48999536348027106,0.39465940747965594,99.28885938021372,97.71114061978628,0.3729726451460257,0.4163461698132862,AAA-P3,synthetic,True
H-0135,Hitter 135,2020,AAA,AAA-T1,batter,22.5,230.0,64.1676432446754,0.028588442267801696,0.1555972985711817,0.13449891534399777,0.32406423156559633,0.005,0.26512622099527106,0.2665270411635457,0.4669053385005574,0.33190879407461865,120.86221239022608,109.13778760977392,0.3239626790271412,0.3398549091220961,AAA-P5,synthetic,True
H-0136,Hitter 136,2020,AAA,AAA-T5,batter,28.9,457.0,120.60280248226891,0.09938601838567777,0.29678470096485665,0.22150039525490642,0.3012418477834404,0.011779076667761826,0.1836655097487549,0.2630948018094093,0.5516245800332504,0.4274312459853627,230.86739980898412,226.13260019101588,0.41897075377748944,0.43589173819323596,AAA-P1,synthetic,True
H-0137,Hitter 137,2020,AAA,AAA-T5,batter,34.1,280.0,79.90684228974929,0.02,0.34225121671635755,0.11280998311844756,0.34111417032892566,0.005,0.21829514708808148,0.25,0.4469214001513401,0.31993545033027015,132.7150413605715,147.2849586394285,0.32179130750962753,0.3180795931509128,AAA-P1,synthetic,True
H-0138,Hitter 138,2020,AAA,AAA-T2,batter,27.2,516.0,124.24014446663745,0.08609953167065294,0.231365317684016,0.1560909761467947,0.28495568587817066,0.041359435673398684,0.20069618733911063,0.2611425764599437,0.48458654473461177,0.4030776912136127,261.24121009218527,254.75878990781473,0.39614461900025516,0.41001076342697024,AAA-P3,synthetic,True
H-0139,Hitter 139,2020,AAA,AAA-T3,batter,33.8,370.0,90.2075828045958,0.02,0.3274717404800257,0.02,0.3150889512083902,0.005,0.20635444492598495,0.25,0.35150889512083905,0.2597811329229366,201.88792730348902,168.11207269651098,0.26671886547826734,0.25284340036760583,AAA-P3,synthetic,True
H-0140,Hitter 140,2020,AAA,AAA-T5,batter,32.8,263.0,67.30982404625505,0.02,0.36642779270088205,0.036230257065318947,0.24324255175421017,0.005,0.15,0.25,0.36055451224074,0.24356153449989898,127.82099102144439,135.1790089785556,0.2386023142109317,0.24852075478886626,AAA-P5,synthetic,True
H-0142,Hitter 142,2020,AAA,AAA-T6,batter,24.8,572.0,145.5476515291448,0.048928199626679984,0.2248626240661407,0.11173295394644257,0.2743739887987133,0.021109927989459654,0.20241939760404778,0.25,0.4391703528263139,0.33073269567928276,268.82418888303454,303.17581111696546,0.33837682693320975,0.3230885644253558,AAA-P5,synthetic,True
H-0143,Hitter 143,2020,AAA,AAA-T4,batter,33.0,236.0,62.14664456697104,0.034760762492265396,0.26038900717929725,0.16700879284823,0.3156704381969882,0.020878015091088845,0.22563208333468923,0.25,0.4985758366679288,0.3654622367620381,118.2967585444433,117.7032414555567,0.35956529410158694,0.37135917942248925,AAA-P1,synthetic,True
H-0144,Hitter 144,2020,AAA,AAA-T6,batter,29.5,616.0,150.3766537339731,0.07552875622274555,0.24956071703502355,0.3192880289373292,0.33191688584023643,0.013742701988882392,0.2260756055554072,0.27714153645411294,0.6524797175213529,0.47701788710552984,312.55189689468256,303.44810310531744,0.47113480804111185,0.4829009661699478,AAA-P4,synthetic,True
H-0145,Hitter 145,2020,AAA,AAA-T5,batter,23.9,560.0,147.76947277797873,0.06269099831053808,0.2083144686054509,0.23969834666588308,0.3141959403934557,0.03445178748478102,0.23421489098673617,0.2688334088881552,0.5711179407052287,0.43669297735762475,266.10548114056235,293.89451885943765,0.44068121612660915,0.43270473858864034,AAA-P4,synthetic,True
H-0146,Hitter 146,2020,AAA,AAA-T2,batter,23.5,253.0,64.2559409263762,0.07213602260649679,0.25286525354921807,0.06813521028623615,0.33623685180687973,0.005,0.22770944587906386,0.27639952389765426,0.4017588954669241,0.33015247961438554,119.86912681115095,133.13087318884905,0.3442333501396403,0.3160716090891308,AAA-P3,synthetic,True
H-0148,Hitter 148,2020,AAA,AAA-T2,batter,30.1,274.0,74.69308361778769,0.050678169179977375,0.2475029491324741,0.16232274699770327,0.28560162214462304,0.046599170248808885,0.20743048659901048,0.25,0.49088290921216554,0.386652050249267,135.9457771392362,138.0542228607638,0.3828795995270442,0.39042450097148984,AAA-P3,synthetic,True
H-0149,Hitter 149,2020,AAA,AAA-T5,batter,32.8,353.0,94.75275224335583,0.02,0.20532639489809568,0.08424465174354466,0.2906557941581986,0.005,0.22591337190428873,0.25,0.4133102311593645,0.2865640864143191,185.33759147099957,167.66240852900043,0.279570401644154,0.2935577711844842,AAA-P5,synthetic,True
H-0150,Hitter 150,2020,AAA,AAA-T4,batter,24.0,304.0,83.27325268867358,0.06265754213519963,0.28272686613625714,0.08193098823089866,0.29353794937511823,0.00677562382187763,0.19317086199825784,0.25,0.4112847831684105,0.31775866674261527,145.09584705475805,158.90415294524195,0.34105401987008127,0.29446331361514927,AAA-P4,synthetic,True
H-0152,Hitter 152,2020,AAA,AAA-T4,batter,31.1,433.0,115.08909020210305,0.03364167879843535,0.23972963518821475,0.11940436495766296,0.33803786931695745,0.01006831762213416,0.24713826044785336,0.25470689032251526,0.4532081518893587,0.3365963160064752,196.4606469880271,236.5393530119729,0.3456748009029485,0.32751783111000193,AAA-P1,synthetic,True
H-0153,Hitter 153,2020,AAA,AAA-T5,batter,24.8,280.0,72.42995527689511,0.10057510568301062,0.1680154574850911,0.17786764545176148,0.32354737111133663,0.023913403489119422,0.2402326110163518,0.31355614612669613,0.5102223825628951,0.4229934220057515,130.06090051947248,149.93909948052752,0.4496689544573015,0.39631788955420155,AAA-P5,synthetic,True
H-0154,Hitter 154,2020,AAA,AAA-T6,batter,32.5,241.0,62.591909180572756,0.02,0.3500405570667525,0.0530551387722121,0.28626898374989257,0.005,0.18108784953214918,0.25,0.38168203714720134,0.26787447063717906,110.89063078437785,130.10936921562217,0.25709475651644237,0.27865418475791576,AAA-P5,synthetic,True
H-0155,Hitter 155,2020,AAA,AAA-T6,batter,32.5,557.0,136.9643686525173,0.02,0.3009942073288031,0.09051661263915299,0.2947734933998567,0.018913843369489848,0.202989986049851,0.25,0.4199939619791387,0.30397731867402483,278.9895305104195,278.0104694895805,0.32371262728848216,0.2842420100595675,AAA-P1,synthetic,True
H-0157,Hitter 157,2020,AAA,AAA-T4,batter,28.7,342.0,90.11981220751863,0.06950586506399387,0.18523665364030306,0.18176509315141032,0.3813282131657064,0.023907002062645642,0.28777375400026217,0.32527479838577267,0.519897914467981,0.4236060832424497,187.08644960731837,154.91355039268163,0.4089543297468112,0.4382578367380882,AAA-P5,synthetic,True
H-0159,Hitter 159,2020,AAA,AAA-T2,batter,23.7,310.0,76.36068879584872,0.06557540713222115,0.2603156164585217,0.08765730419471218,0.3065168429343627,0.04342937653322458,0.21314016172266398,0.2515385868506334,0.41830898848814846,0.3604816362065756,167.30504956081873,142.69495043918127,0.3651955134829744,0.35576775893017676,AAA-P3,synthetic,True
H-0161,Hitter 161,2020,AAA,AAA-T2,batter,24.1,379.0,93.87552609771852,0.06874323141871386,0.0879011684826049,0.16684399361913158,0.22,0.005,0.18628823202170988,0.25,0.48884399361913156,0.3413844584836221,195.699384429892,183.300615570108,0.3573190063387894,0.3254499106284548,AAA-P4,synthetic,True
H-0162,Hitter 162,2020,AAA,AAA-T7,batter,29.8,621.0,154.5825442444504,0.07407897319878132,0.18692730640833458,0.12664521248283542,0.3437142612661522,0.025584870022462902,0.257840411188535,0.30268138581543036,0.4610166386094506,0.38483652256807627,337.645335418922,283.354664581078,0.3802769416754265,0.389396103460726,AAA-P2,synthetic,True
H-0163,Hitter 163,2020,AAA,AAA-T5,batter,30.0,392.0,97.75963972645694,0.07372658306486318,0.2589560499397989,0.2076591984700243,0.309503071294931,0.014689931741879918,0.20874026437478566,0.25960968021701647,0.5386095055995174,0.40736818082483534,193.27969535054334,198.72030464945666,0.39284794427345426,0.4218884173762164,AAA-P5,synthetic,True
H-0166,Hitter 166,2020,AAA,AAA-T4,batter,26.4,508.0,135.07285340507084,0.11722742125768916,0.20400959030092283,0.08789725949528972,0.31287305415727373,0.042984862949548445,0.21881437868500764,0.308357405576007,0.4191845649110171,0.39859463321243116,264.4094742639523,243.5905257360477,0.3985806991827887,0.3986085672420736,AAA-P1,synthetic,True
H-0167,Hitter 167,2020,AAA,AAA-T6,batter,33.0,211.0,52.16285266219307,0.02,0.31797791418890403,0.08537940463951643,0.3497617618485224,0.005,0.2323000111159226,0.25,0.42035558082436864,0.3078752891987169,104.06900299537185,106.93099700462815,0.30583166509686943,0.3099189133005643,AAA-P3,synthetic,True
H-0168,Hitter 168,2020,AAA,AAA-T5,batter,31.2,515.0,129.2457134517686,0.02,0.2326495042518414,0.1901144424338406,0.36130562981516656,0.04362114582373909,0.27656511343252627,0.2630197474030689,0.5262450054153572,0.40427894501528583,242.9001801747055,272.0998198252945,0.4092533357119416,0.39930455431863005,AAA-P3,synthetic,True
H-0169,Hitter 169,2020,AAA,AAA-T2,batter,27.3,413.0,104.09050978914445,0.08673579561022177,0.2722541606717317,0.2486598685756473,0.3169950004844766,0.04532221760788183,0.2099953117601388,0.26961307681728264,0.580359368624095,0.46921623066042173,214.5043800641725,198.4956199358275,0.4781442034812541,0.4602882578395894,AAA-P2,synthetic,True
H-0172,Hitter 172,2020,AAA,AAA-T4,batter,25.6,352.0,88.7427232410681,0.06148007175607196,0.143508769369568,0.0945007499448163,0.30526949288003186,0.0324032633983273,0.2475531428132914,0.27990345972926006,0.4250276992328195,0.3510187222654051,170.63467203808582,181.36532796191418,0.34973723014041774,0.35230021439039244,AAA-P1,synthetic,True
H-0173,Hitter 173,2020,AAA,AAA-T1,batter,28.8,274.0,66.65495162240545,0.08297000539961046,0.2614990272049383,0.20929477882897538,0.303876214857448,0.030112206532446655,0.2037171000738379,0.26225024758418425,0.5396824003147201,0.42664879321497257,150.46995011836944,123.53004988163056,0.40971765175088715,0.443579934679058,AAA-P4,synthetic,True
H-0175,Hitter 175,2020,AAA,AAA-T3,batter,32.8,574.0,139.98950126701314,0.025747930664649768,0.26579662622023176,0.06314124261879632,0.30445525619252856,0.005,0.21644298343460472,0.25,0.39358676823804917,0.2838105745729778,268.8111874488059,305.1888125511941,0.2584746300636946,0.30914651908226104,AAA-P5,synthetic,True
H-0176,Hitter 176,2020,AAA,AAA-T5,batter,28.8,619.0,168.5347042808933,0.10441385562140504,0.21807077152516727,0.21175765738067395,0.34198609137742975,0.02161820527430621,0.23494356500141161,0.31294460641064414,0.5459562665184169,0.4487079272233302,284.29594025519236,334.70405974480764,0.4387000101478648,0.4587158442987956,AAA-P5,synthetic,True
H-0177,Hitter 177,2020,AAA,AAA-T3,batter,33.4,553.0,147.85238440023542,0.02,0.30348578507113544,0.022758937353793487,0.288549567531146,0.005,0.19595788414639664,0.25,0.3516138941069081,0.25200976418048754,264.0232846048944,288.9767153951056,0.22638570777010794,0.2776338205908671,AAA-P2,synthetic,True
H-0179,Hitter 179,2020,AAA,AAA-T6,batter,29.3,630.0,160.35523667125528,0.02,0.34436031484859625,0.15505116811538505,0.3230534902645544,0.03468935347800808,0.21054902186052463,0.25,0.4873565171418405,0.36356728218626305,330.9099430216127,299.0900569783873,0.36455242698282186,0.36258213738970424,AAA-P3,synthetic,True
H-0180,Hitter 180,2020,AAA,AAA-T3,batter,22.4,296.0,75.36327150459438,0.022696706483094242,0.36551215507038776,0.06990911619920415,0.3522752376642935,0.005,0.2162688686971558,0.25,0.4051366399656335,0.30213404163023094,156.83823516097254,139.16176483902746,0.30850083062702177,0.2957672526334401,AAA-P2,synthetic,True
H-0182,Hitter 182,2020,AAA,AAA-T5,batter,29.7,329.0,92.0754833061276,0.08148883610711788,0.17762090883472156,0.1033437051581361,0.31123092452560575,0.06457025901215918,0.24027349790558702,0.2890179992555047,0.4344667976106967,0.4009252798068626,173.9093848700919,155.0906151299081,0.4239977541742258,0.3778528054394994,AAA-P2,synthetic,True
H-0184,Hitter 184,2020,AAA,AAA-T7,batter,27.4,347.0,88.98955099783846,0.08194084855467296,0.18931013877506975,0.14151960536847824,0.27028718720801725,0.041821456161223826,0.20324473923944714,0.2592152172884101,0.46854832408927993,0.38743420300884157,181.38672395746258,165.61327604253742,0.38025111998186506,0.3946172860358181,AAA-P5,synthetic,True
H-0186,Hitter 186,2020,AAA,AAA-T2,batter,27.8,310.0,85.50463772270805,0.0802259898098452,0.3023353706588855,0.17560951712054937,0.3360467270344261,0.053254932850568155,0.21547647388665708,0.26696540037300986,0.5092141898239919,0.43828922131075426,155.10429242072783,154.89570757927217,0.4335998411866051,0.4429786014349034,AAA-P2,synthetic,True
H-0187,Hitter 187,2020,AAA,AAA-T6,batter,32.3,283.0,67.69300988780228,0.02,0.28279298464535113,0.0867776818445115,0.29871241098134665,0.017381952140238986,0.21087168133073178,0.25,0.41664892294264616,0.30192082578416773,155.03603472217551,127.96396527782449,0.30011650205807866,0.3037251495102568,AAA-P4,synthetic,True
H-0188,Hitter 188,2020,AAA,AAA-T7,batter,28.2,484.0,126.72171477322415,0.061100288143992446,0.28563900393694747,0.230068452631534,0.3568126633225821,0.029948089050070174,0.23758390639410576,0.27088281187692814,0.5657497189637922,0.4411455629561053,243.47404526385765,240.52595473614235,0.45301417894408474,0.42927694696812585,AAA-P1,synthetic,True
H-0189,Hitter 189,2020,AAA,AAA-T5,batter,28.7,504.0,131.93967523559994,0.0734180382835129,0.24442867645629449,0.15419883202097492,0.3529218338073032,0.04114192406671003,0.2469180769817101,0.2900901478180461,0.4894910154017052,0.41675235790259035,237.43689066276832,266.5631093372317,0.4335942094818757,0.399910506323305,AAA-P1,synthetic,True
H-0192,Hitter 192,2020,AAA,AAA-T4,batter,25.4,488.0,130.83539373102133,0.09520849296905746,0.19144363854713053,0.25163525174415036,0.3146169363781949,0.04687796037817593,0.2314630150110188,0.29719668182792064,0.5830969453819698,0.47735142561034943,225.27300893722156,262.72699106277844,0.46241386572878096,0.4922889854919179,AAA-P2,synthetic,True
H-0195,Hitter 195,2020,AAA,AAA-T2,batter,27.7,351.0,89.59927905449895,0.11241762493387258,0.2569893185362433,0.26165413466212545,0.3169537366615868,0.024175900395001816,0.2034952106392483,0.2922995679558708,0.5933495083282841,0.4752942297049368,159.38138492359576,191.61861507640424,0.49544021328971144,0.45514824612016214,AAA-P3,synthetic,True
H-0196,Hitter 196,2020,AAA,AAA-T3,batter,24.9,565.0,160.75498281424558,0.09114291549140756,0.26072056928475,0.2186600550451771,0.2431993281384882,0.01863815114856953,0.16042208771674493,0.25,0.5429799878590259,0.4059571720010161,291.17112783941275,273.82887216058725,0.4087349936411956,0.40317935036083663,AAA-P5,synthetic,True
H-0197,Hitter 197,2020,AAA,AAA-T5,batter,32.2,329.0,91.40934404253927,0.02,0.25055495945290596,0.02,0.27648177031643806,0.005,0.2024282561590065,0.25,0.3476481770316438,0.24626861961075333,150.90550390591173,178.09449609408827,0.23151401788526357,0.2610232213362431,AAA-P1,synthetic,True
H-0198,Hitter 198,2020,AAA,AAA-T4,batter,25.4,535.0,140.4920634452893,0.14393823711381704,0.21024908697444994,0.13931198729140903,0.2688354495802646,0.006267606576986953,0.1745574820599125,0.30019384407984506,0.4661955322494355,0.3971116122623278,272.1034163681605,262.8965836318395,0.3945967683995453,0.3996264561251103,AAA-P5,synthetic,True
H-0199,Hitter 199,2020,AAA,AAA-T7,batter,25.5,479.0,116.4661544649827,0.04954393806081968,0.2506616940772857,0.08683871357688629,0.2983367599602233,0.04278264649895289,0.21519178132117317,0.25,0.4166723895729086,0.34536429694499693,240.96341534681815,238.03658465318185,0.33030284546162597,0.3604257484283679,AAA-P4,synthetic,True
H-0200,Hitter 200,2020,AAA,AAA-T2,batter,22.3,322.0,80.69238416409684,0.03671154283399246,0.1884261037454634,0.11635436773561482,0.2818678218011333,0.017267008915088873,0.22099881509161204,0.25,0.44454114991572813,0.3238870278923595,169.4440284979234,152.5559715020766,0.33322349814022667,0.31455055764449236,AAA-P1,synthetic,True
H-0081,Hitter 81,2021,AAA,AAA-T4,batter,27.6,435.0,113.55979705669887,0.07175648943284886,0.25461199465504697,0.19632574322699994,0.3087475971216251,0.05789646972201096,0.21666658234156158,0.2589403901277828,0.5272005029391624,0.43837718312022284,219.6752306274109,215.3247693725891,0.45889535519890384,0.41785901104154183,AAA-P5,synthetic,True
H-0082,Hitter 82,2021,AAA,AAA-T7,batter,33.5,364.0,89.15075599352592,0.02,0.41253179792919126,0.05602418963846631,0.3683145586259336,0.005,0.20975680037996203,0.25,0.3928556455010596,0.2982233998202332,171.97233855382095,192.02766144617905,0.2916777730796225,0.3047690265608439,AAA-P2,synthetic,True
H-0083,Hitter 83,2021,AAA,AAA-T6,batter,28.4,547.0,131.1930553008124,0.09254273915566243,0.227967820903157,0.12327165731674984,0.3196851233836479,0.028013102488568614,0.2214246308187674,0.2880431380565963,0.4552401696551146,0.3896809143571646,250.2974272826829,296.70257271731714,0.4135136541144086,0.36584817459992064,AAA-P2,synthetic,True
H-0084,Hitter 84,2021,AAA,AAA-T3,batter,26.5,564.0,145.97639743738213,0.11937857466968872,0.2701752893493004,0.22534601341207722,0.3262204397548939,0.04366896685272829,0.2056903519543104,0.29860458090344977,0.5579680573875666,0.4809845337270929,260.8508354065064,303.1491645934936,0.44987332246785516,0.5,AAA-P1,synthetic,True
H-0085,Hitter 85,2021,AAA,AAA-T4,batter,32.7,449.0,116.44492988877043,0.02,0.3479737320450018,0.02,0.3027398025866796,0.005,0.192089507590292,0.25,0.35027398025866796,0.2554589309053379,241.4140561669148,207.5859438330852,0.26214336446084496,0.2487744973498308,AAA-P1,synthetic,True
H-0086,Hitter 86,2021,AAA,AAA-T4,batter,34.0,241.0,60.29502646888008,0.02,0.3392634215432698,0.02,0.2750379328818544,0.005,0.1769768640605312,0.25,0.3475037932881854,0.24576327650864904,123.64734959928484,117.35265040071516,0.2594721459421481,0.23205440707514996,AAA-P5,synthetic,True
H-0087,Hitter 87,2021,AAA,AAA-T4,batter,27.1,376.0,97.69207649772684,0.15353927325922423,0.2598051678058582,0.14302380650325225,0.30388995329494,0.018603426784238954,0.18106924442258487,0.31399013062367837,0.47341280183274626,0.42924515261728974,202.08066816565386,173.91933183434614,0.4263648360253547,0.4321254692092248,AAA-P4,synthetic,True
H-0089,Hitter 89,2021,AAA,AAA-T6,batter,24.1,487.0,129.92552980037252,0.0933477202826993,0.29605943160442233,0.07569736327247542,0.29327259611465845,0.03963827351990444,0.18501589076309286,0.25451085504429577,0.40502462288394125,0.36529680880579546,242.4534555114121,244.5465444885879,0.3661407015238273,0.3644529160877636,AAA-P5,synthetic,True
H-0090,Hitter 90,2021,AAA,AAA-T1,batter,28.1,452.0,110.58933697717394,0.11548984493830353,0.19743644817715014,0.23922703648606658,0.3251856689306069,0.03136292746803069,0.22813096209808756,0.3165737156183982,0.5717456033791272,0.4744593803710891,226.83429577623636,225.16570422376364,0.48060663351804567,0.4683121272241325,AAA-P4,synthetic,True
H-0092,Hitter 92,2021,AAA,AAA-T3,batter,32.6,508.0,139.11705395973175,0.02,0.32357944024571417,0.02,0.30996787109650786,0.005,0.204219283451014,0.25,0.35099678710965077,0.25798875488377776,240.70160087172727,267.29839912827276,0.2565659304980124,0.2594115792695431,AAA-P1,synthetic,True
H-0093,Hitter 93,2021,AAA,AAA-T4,batter,26.8,266.0,71.63358510957117,0.08789700532474365,0.20432962197251886,0.16518053091239926,0.28552072877996104,0.0423053261248642,0.20842976810386624,0.26977257759136664,0.49373260379039535,0.4103842443145043,136.92305532619775,129.07694467380225,0.40859699830343954,0.4121714903255691,AAA-P5,synthetic,True
H-0094,Hitter 94,2021,AAA,AAA-T4,batter,32.7,320.0,77.02684470575842,0.020819473739479913,0.30964338036401373,0.13947892985206278,0.3155958002533838,0.005,0.21205311135857452,0.25,0.47103850987740115,0.3262455731249548,168.95835501323634,151.04164498676366,0.3442704956107785,0.30822065063913107,AAA-P3,synthetic,True
H-0096,Hitter 96,2021,AAA,AAA-T1,batter,24.6,577.0,145.63358509766434,0.053577551409261515,0.1997008148872078,0.17213710216836203,0.3311243993298155,0.03830330706944623,0.25300324848707706,0.27610952859325566,0.5052495421013435,0.40254620830701926,287.2569185619236,289.7430814380764,0.4015160494707902,0.4035763671432483,AAA-P1,synthetic,True
H-0097,Hitter 97,2021,AAA,AAA-T5,batter,26.1,613.0,160.91372211279096,0.12138652608245779,0.2727981195792551,0.15892481640535513,0.2711090278910368,0.0605577683580119,0.1733256770498188,0.26920433669896315,0.48603571919445876,0.4417693685647393,307.4603908589107,305.5396091410893,0.47385240183532923,0.4096863352941494,AAA-P2,synthetic,True
H-0098,Hitter 98,2021,AAA,AAA-T1,batter,34.2,553.0,134.8209246323378,0.02,0.27906510932698236,0.027769386004837637,0.28005283799494013,0.005,0.19704880538265168,0.25,0.35577466980433164,0.25179165560088973,287.738993338976,265.261006661024,0.2583013620873946,0.2452819491143848,AAA-P5,synthetic,True
H-0099,Hitter 99,2021,AAA,AAA-T3,batter,34.0,507.0,126.45408284629032,0.02,0.36647143946894895,0.02,0.31651118099819253,0.005,0.194938649269804,0.25,0.35165111809981925,0.26027891334936737,263.82197090949086,243.17802909050914,0.27733758333784353,0.2432202433608912,AAA-P1,synthetic,True
H-0100,Hitter 100,2021,AAA,AAA-T6,batter,29.1,301.0,73.12382342124386,0.054135377684078244,0.1923720370140503,0.2153637563029024,0.3655487181414896,0.005,0.2761882486862161,0.30202980150167275,0.5519186281170513,0.4087868816949725,136.28040036522034,164.71959963477966,0.3891299338759662,0.4284438295139788,AAA-P4,synthetic,True
H-0101,Hitter 101,2021,AAA,AAA-T2,batter,31.4,581.0,162.3862121199069,0.033198781228385536,0.34738718027716614,0.058590172305407105,0.3152964389787895,0.04236380989558898,0.20165361207510873,0.25,0.390119816203286,0.3239449241764502,279.2922405764567,301.7077594235433,0.32998901429087063,0.3179008340620298,AAA-P5,synthetic,True
H-0102,Hitter 102,2021,AAA,AAA-T2,batter,34.3,313.0,80.26525279593925,0.02,0.2176224131277414,0.02,0.28124151943768977,0.005,0.21516223091719336,0.25,0.348124151943769,0.24793453180319142,163.53306930585248,149.46693069414752,0.2373755697923834,0.25849349381399944,AAA-P1,synthetic,True
H-0104,Hitter 104,2021,AAA,AAA-T5,batter,23.0,354.0,84.73376193279532,0.04113802606626127,0.2817207488823745,0.16404597164669832,0.32228599128699836,0.005,0.21898313095697136,0.25,0.49627457077539816,0.35632199960251637,169.48889046367435,184.51110953632565,0.36123188078714336,0.3514121184178894,AAA-P5,synthetic,True
H-0105,Hitter 105,2021,AAA,AAA-T1,batter,31.3,205.0,52.55325303082597,0.02,0.2680518415016596,0.02,0.32041255726599077,0.005,0.22886713010526616,0.25,0.35204125572659906,0.2616443950430968,103.42096889074173,101.57903110925827,0.28857670548774916,0.2347120845984444,AAA-P1,synthetic,True
H-0106,Hitter 106,2021,AAA,AAA-T2,batter,22.5,588.0,164.93461005328376,0.06109620698758494,0.2731194068885166,0.10868047271085918,0.3595562810783719,0.005266760605575679,0.2401769719655921,0.27654446907486513,0.44463610081869637,0.3531263878047302,292.41308229441125,295.58691770558875,0.3587984222874293,0.3474543533220311,AAA-P2,synthetic,True
H-0108,Hitter 108,2021,AAA,AAA-T3,batter,29.5,603.0,151.69852309187854,0.03845475847811705,0.12052251089156653,0.2330595090525502,0.38450784079428973,0.025432283320272232,0.32719467671162134,0.3294966092703395,0.5715102931319791,0.43256786017983095,283.5175723822369,319.4824276177631,0.4339728192638354,0.4311629010958265,AAA-P3,synthetic,True
H-0109,Hitter 109,2021,AAA,AAA-T6,batter,26.6,211.0,58.14159214306304,0.08386619865325147,0.1865307200025866,0.17645119704890685,0.27668747933410087,0.046321322114864005,0.20882023580873868,0.2655510323956097,0.5041199449823169,0.4142843051044877,110.85332139550196,100.14667860449804,0.40643904101492423,0.4221295691940512,AAA-P1,synthetic,True
H-0110,Hitter 110,2021,AAA,AAA-T5,batter,24.1,509.0,137.102460542618,0.02,0.283114744269993,0.2900552785143769,0.3219891353855951,0.012774147904357274,0.22630560314112785,0.25,0.6222541920529364,0.41772333368178716,262.3228614864251,246.6771385135749,0.40558568287062624,0.4298609844929481,AAA-P1,synthetic,True
H-0111,Hitter 111,2021,AAA,AAA-T4,batter,24.1,204.0,57.548669040082245,0.08624484461880738,0.171426167726454,0.15950488755039863,0.30171902031397313,0.046682375994556255,0.2309771313050346,0.2878221420340734,0.48967678958179595,0.4157148748908756,93.79268426482079,110.20731573517921,0.4150440478989597,0.4163857018827915,AAA-P2,synthetic,True
H-0112,Hitter 112,2021,AAA,AAA-T2,batter,30.1,544.0,151.88559530530634,0.11585441307321788,0.19947504823099654,0.17740994822100986,0.30319959037191413,0.005,0.20834182687227995,0.30268705725826983,0.5077299072582012,0.40929341730297786,268.73077409134083,275.26922590865917,0.39515552722939934,0.4234313073765564,AAA-P3,synthetic,True
H-0114,Hitter 114,2021,AAA,AAA-T3,batter,31.4,459.0,111.90207881070864,0.027505550319425427,0.1831819235269885,0.05163544313314659,0.339003232304244,0.005,0.26832949766429376,0.26832709821728984,0.385535766363571,0.29080451025331383,238.05207570167792,220.94792429832208,0.2828440616550444,0.2987649588515833,AAA-P4,synthetic,True
H-0115,Hitter 115,2021,AAA,AAA-T5,batter,24.3,544.0,129.87210839776122,0.1043383786266329,0.2588681379176088,0.10446548433758937,0.286934251336709,0.04008889784710867,0.18873119610853933,0.26878445391495864,0.43315890947126023,0.38699987745456316,261.25859774466693,282.74140225533307,0.3946822302307138,0.3793175246784125,AAA-P2,synthetic,True
H-0116,Hitter 116,2021,AAA,AAA-T7,batter,28.2,337.0,91.99417195367745,0.1427312485487451,0.27375393680276316,0.1852652200389884,0.3327187272628699,0.04512184038367929,0.2009145825264275,0.31746292437073315,0.5185370927652754,0.478868955892881,176.09530985134074,160.90469014865926,0.5,0.4555854646298836,AAA-P2,synthetic,True
H-0117,Hitter 117,2021,AAA,AAA-T2,batter,23.7,226.0,62.32441965338426,0.08993420461199253,0.2065179224625851,0.13697506558570222,0.2859727716288252,0.026625796235136907,0.20518940462931806,0.2710101862866353,0.4655723427485847,0.382343915982243,112.46661524050499,113.53338475949501,0.4080283452526594,0.35665948671182657,AAA-P1,synthetic,True
H-0118,Hitter 118,2021,AAA,AAA-T4,batter,34.0,234.0,64.23638287027332,0.02,0.25990694937375014,0.027419241006555545,0.2988237397382226,0.005,0.21593089834764126,0.25,0.35730161498037777,0.25816889146198346,126.97070816427414,107.02929183572586,0.2813338986178408,0.23500388430612615,AAA-P3,synthetic,True
H-0119,Hitter 119,2021,AAA,AAA-T5,batter,28.6,272.0,72.98098106572724,0.05227884308902035,0.17562226538879575,0.060354346437632156,0.2700933808159218,0.019199540550717015,0.21141873101805989,0.25,0.3873636845192243,0.3016023504842299,135.30601713882675,136.69398286117325,0.2839854343437913,0.3192192666246685,AAA-P3,synthetic,True
H-0120,Hitter 120,2021,AAA,AAA-T5,batter,30.8,503.0,119.85474215018073,0.06078039575465972,0.21918475607892385,0.11937427095109943,0.30471368355135836,0.025003917470009403,0.22315505849063316,0.2582444195377783,0.4498456393062352,0.35735544101735034,232.90864778423344,270.09135221576656,0.3658978968523362,0.3488129851823645,AAA-P1,synthetic,True
H-0121,Hitter 121,2021,AAA,AAA-T6,batter,23.8,484.0,130.92059011946603,0.02867385994744375,0.2931314160530589,0.11076204406837128,0.32503798384559196,0.03751589373125355,0.22606642980320235,0.25,0.44326584245293044,0.3485184249049002,239.97051502827526,244.02948497172474,0.35259058243147173,0.3444462673783287,AAA-P1,synthetic,True
H-0123,Hitter 123,2021,AAA,AAA-T5,batter,28.2,290.0,78.52612472839033,0.07829513902603842,0.1772129730094367,0.14164757070459422,0.35563819894569987,0.005,0.26551975416538737,0.3165879177748871,0.4772113905991642,0.3816861308367487,132.9727107160381,157.0272892839619,0.36829533830087696,0.3950769233726204,AAA-P5,synthetic,True
H-0124,Hitter 124,2021,AAA,AAA-T7,batter,28.0,227.0,60.54767013715011,0.07650445565340358,0.3094061308216066,0.1636514187331629,0.3161240669137867,0.02078627245749465,0.1972463837208461,0.2512200542204033,0.49526382542454156,0.3929124678921926,121.90481174975722,105.09518825024278,0.3744207359669103,0.4114041998174749,AAA-P3,synthetic,True
H-0125,Hitter 125,2021,AAA,AAA-T1,batter,22.6,387.0,98.16805773138738,0.030132977359685786,0.27484662217238853,0.13954264425080667,0.28534924018862107,0.027725690500782274,0.20248239676423105,0.25,0.4680775682696688,0.3426668940064451,178.44731966226286,208.55268033773714,0.3481045535837422,0.33722923442914804,AAA-P5,synthetic,True
H-0126,Hitter 126,2021,AAA,AAA-T6,batter,29.3,535.0,127.63190074324825,0.10174649338797272,0.3049359588779005,0.06558602883495672,0.2538563605870699,0.04866383545403332,0.15791700865833555,0.25,0.3909716648936637,0.3599420393449116,264.47461102276395,270.52538897723605,0.39594325072012587,0.3239408279696973,AAA-P1,synthetic,True
H-0127,Hitter 127,2021,AAA,AAA-T1,batter,24.4,190.0,50.72937362497135,0.055423290244105555,0.17911526271388947,0.13145974934685442,0.34304057828136986,0.04004900643454923,0.26859168841056597,0.2917491939449508,0.4657638071749914,0.38720747350121754,86.93816754557798,103.06183245442202,0.3790050689384061,0.395409878064029,AAA-P2,synthetic,True
H-0128,Hitter 128,2021,AAA,AAA-T2,batter,29.7,239.0,57.33794475596924,0.0578034100567911,0.18485518293930644,0.14096289380829738,0.3014922139533863,0.00532084742405683,0.2291306646297877,0.2633026938213524,0.471112115203636,0.34830301619965365,115.14242739121694,123.85757260878306,0.34712247514056027,0.349483557258747,AAA-P4,synthetic,True
H-0129,Hitter 129,2021,AAA,AAA-T3,batter,29.7,298.0,81.12761967283232,0.13222657203718233,0.3139103311764739,0.09059021429401168,0.3534753961307089,0.029272884551473765,0.20016791022145505,0.30842585182204296,0.42593775390708255,0.4124452030298086,155.50253854477396,142.49746145522604,0.4343256349363835,0.3905647711232337,AAA-P5,synthetic,True
H-0131,Hitter 131,2021,AAA,AAA-T2,batter,26.3,384.0,94.16795388984067,0.0927962081893923,0.19111547167056644,0.10621665755931682,0.3804142363240467,0.07397854734785558,0.28350697354882165,0.33796538049137126,0.4442580811917215,0.4431021827166853,201.2692821210626,182.7307178789374,0.42686470405780563,0.4593396613755649,AAA-P4,synthetic,True
H-0132,Hitter 132,2021,AAA,AAA-T1,batter,24.5,414.0,112.37931825126695,0.07721579256521603,0.3217943793206219,0.17814459166899935,0.2944200860720397,0.01809630118264772,0.17965792209918907,0.25,0.5075866002762033,0.3913642814031977,208.38880341468015,205.61119658531985,0.363764861807781,0.41896370099861435,AAA-P2,synthetic,True
H-0133,Hitter 133,2021,AAA,AAA-T7,batter,29.5,487.0,120.0874704648438,0.08254300294473514,0.18196993799909478,0.16165863718938311,0.30820192162498855,0.0632391619736645,0.2361643992274727,0.2865536753830159,0.492478829351882,0.4314782708605193,249.63250072137745,237.36749927862255,0.41219595864949965,0.450760583071539,AAA-P4,synthetic,True
H-0134,Hitter 134,2021,AAA,AAA-T1,batter,25.7,258.0,72.2523992145711,0.09237133454487204,0.2675155969802301,0.14946040992852772,0.2994153964399731,0.035608933950367946,0.1970010482563744,0.26486507189230935,0.479401949572525,0.4037065889514224,118.05348063656615,139.94651936343385,0.3996302689326522,0.40778290897019265,AAA-P3,synthetic,True
H-0135,Hitter 135,2021,AAA,AAA-T3,batter,22.7,370.0,91.08751877443908,0.02,0.1638655553544694,0.15127069855681902,0.3118137924858962,0.005,0.2552319763632936,0.25,0.4824520778054086,0.33083371157631414,170.81961536273081,199.18038463726919,0.3256654865183892,0.33600193663423905,AAA-P2,synthetic,True
H-0136,Hitter 136,2021,AAA,AAA-T1,batter,29.1,446.0,120.51183500666784,0.0897912406699283,0.3125998643785721,0.22180652188404823,0.3152550494301277,0.03679778530941758,0.19391888951423164,0.2593505402159654,0.553332026827061,0.4483047295841968,238.89849076804967,207.10150923195033,0.42726004372669113,0.4693494154417025,AAA-P2,synthetic,True
H-0137,Hitter 137,2021,AAA,AAA-T7,batter,34.3,452.0,118.74329547009697,0.02,0.3110975463265734,0.10713239304150465,0.33857107771290906,0.005,0.22722102462502128,0.25,0.44098950081279553,0.31592269337234574,213.15443396696622,238.84556603303378,0.3190398163473819,0.3128055703973096,AAA-P1,synthetic,True
H-0138,Hitter 138,2021,AAA,AAA-T5,batter,27.3,279.0,67.98165662386504,0.08786547582076823,0.23218448442976675,0.17410589516017297,0.2762974260368086,0.04524634519101448,0.1946553975950551,0.2569470770555309,0.5017356377638539,0.41468988519742894,152.59993205607026,126.40006794392974,0.4240456357368462,0.40533413465801166,AAA-P3,synthetic,True
H-0140,Hitter 140,2021,AAA,AAA-T2,batter,33.0,471.0,113.42594490554485,0.02,0.3702975569700757,0.02,0.2561922212879294,0.005,0.15695102320451354,0.25,0.3456192221287929,0.23916727745077532,228.54990610265278,242.45009389734722,0.21193195003185514,0.26640260486969547,AAA-P5,synthetic,True
H-0141,Hitter 141,2021,AAA,AAA-T2,batter,29.3,452.0,109.09343715875903,0.08017476825623757,0.2427115289146237,0.26218009617579835,0.22038624552854197,0.046970300505373985,0.15627209183824886,0.25,0.5842187207286526,0.43972984706588164,245.09988082639424,206.90011917360576,0.47023627888144726,0.409223415250316,AAA-P1,synthetic,True
H-0142,Hitter 142,2021,AAA,AAA-T5,batter,24.9,548.0,141.86199351955915,0.046491253913059236,0.2102507755786794,0.11361628486533348,0.29146450811318486,0.022898390628410478,0.22006807736965603,0.25,0.442762735676652,0.33765396382025903,261.7928064590076,286.2071935409924,0.35095920198206954,0.3243487256584485,AAA-P5,synthetic,True
H-0144,Hitter 144,2021,AAA,AAA-T1,batter,29.7,501.0,142.23748862757122,0.08182464780795608,0.28268760812439175,0.37142661633551166,0.3055714889876248,0.01929303750737388,0.1970808918142452,0.2565928903772813,0.7,0.5,232.03782510422863,268.96217489577134,0.494039000807403,0.5,AAA-P3,synthetic,True
H-0145,Hitter 145,2021,AAA,AAA-T1,batter,24.0,515.0,138.58825809223143,0.06318008268814837,0.2102850671028486,0.19640777231294493,0.3003319534421233,0.023529706576583473,0.22173108679353784,0.2595615504144937,0.5264409676571572,0.3985432522774919,233.14640958861477,281.8535904113852,0.4036914996078926,0.3933950049470912,AAA-P1,synthetic,True
H-0147,Hitter 147,2021,AAA,AAA-T3,batter,28.7,276.0,70.71919795473546,0.06785053440682623,0.25780261589987286,0.12457840796475023,0.34213839982727035,0.010839297285310683,0.23234584667542338,0.2754984912811903,0.45879224794747725,0.3655173059617152,133.32618951996045,142.67381048003955,0.3636960943447579,0.36733851757867253,AAA-P4,synthetic,True
H-0148,Hitter 148,2021,AAA,AAA-T4,batter,30.3,368.0,92.22538399078357,0.04078243088265039,0.2405830572700719,0.13469486374893488,0.2908483394695648,0.04154017744151257,0.21524468107252887,0.25,0.46377969769589134,0.36181295519147844,196.18324935502042,171.81675064497958,0.3832598029592103,0.34036610742374657,AAA-P5,synthetic,True
H-0150,Hitter 150,2021,AAA,AAA-T5,batter,24.1,427.0,115.18586700865566,0.08656867734205295,0.27692461610285046,0.06083366757819945,0.2755781024376379,0.005,0.17615731038128393,0.25,0.38839147782196326,0.31500892716062,208.2134560532952,218.7865439467048,0.3230794158255771,0.30693843849566294,AAA-P5,synthetic,True
H-0151,Hitter 151,2021,AAA,AAA-T5,batter,29.0,300.0,73.33068508874211,0.11815581315389934,0.2104845563237222,0.044742945034157704,0.242795969339746,0.02847652286712589,0.1672748906983235,0.2648588841953285,0.3690225419681323,0.3379251488258407,140.92144075189537,159.07855924810463,0.33167557289252875,0.3441747247591526,AAA-P4,synthetic,True
H-0153,Hitter 153,2021,AAA,AAA-T7,batter,24.9,386.0,96.255524640996,0.09008767653111482,0.1431753143936196,0.18714502730148228,0.2915084032291932,0.027146759317290572,0.22758229510985167,0.2912469296221471,0.5162958676244016,0.41245116310337476,177.82989806442055,208.17010193557945,0.41174752168187023,0.4131548045248793,AAA-P3,synthetic,True
H-0156,Hitter 156,2021,AAA,AAA-T3,batter,33.7,465.0,114.01043658157093,0.02,0.3384093177015369,0.13256179898374304,0.2521846878311137,0.005,0.16254934593078915,0.25,0.4577802677668544,0.2996736301819485,255.39157819501204,209.60842180498796,0.307553588698428,0.29179367166546893,AAA-P4,synthetic,True
H-0157,Hitter 157,2021,AAA,AAA-T1,batter,28.9,307.0,85.72747823850794,0.0965792354149151,0.2087716687900705,0.1744131579046799,0.33880586189228684,0.02119922632442837,0.23853106956219183,0.3083953024670899,0.5082937440939086,0.4211940569923004,139.21792481973839,167.78207518026161,0.4366075306203464,0.4057805833642544,AAA-P2,synthetic,True
H-0158,Hitter 158,2021,AAA,AAA-T4,batter,33.9,348.0,91.2311367072239,0.02,0.3012788329979054,0.047751383504065686,0.28999507016384535,0.005,0.1975757924464594,0.25,0.3767508905204502,0.266261535484582,163.35829535468645,184.64170464531355,0.2767419959549509,0.25578107501421304,AAA-P4,synthetic,True
H-0159,Hitter 159,2021,AAA,AAA-T5,batter,23.9,642.0,174.55326616204843,0.07029911181550612,0.260582174912951,0.08593023879607897,0.3185312705079312,0.05051236430108949,0.2207120885041801,0.2621208222886211,0.4177833658468721,0.3734180821574542,315.1437645467061,326.8562354532939,0.3553462867181947,0.3914898775967137,AAA-P1,synthetic,True
H-0160,Hitter 160,2021,AAA,AAA-T6,batter,28.8,530.0,148.25743666385256,0.09224312891123111,0.2886564905858835,0.21337750751910484,0.33594963166328035,0.04799441653316518,0.21518570727251582,0.2794310192245181,0.5469724706854329,0.4627051653353662,246.6035985095607,283.3964014904393,0.4462231265142069,0.4791872041565255,AAA-P1,synthetic,True
H-0161,Hitter 161,2021,AAA,AAA-T7,batter,24.3,522.0,140.89986999604494,0.06769331066684617,0.06319159095980684,0.17037576376274105,0.22,0.005,0.19195532164213633,0.25,0.49237576376274106,0.3425919875362999,274.21315684680206,247.78684315319794,0.3416790692224109,0.34350490585018884,AAA-P3,synthetic,True
H-0162,Hitter 162,2021,AAA,AAA-T7,batter,29.9,182.0,46.83724916053631,0.07625405395961597,0.19761590892426573,0.13137296698676348,0.3426326635356905,0.016274335445742687,0.25123701900722684,0.3001703357809449,0.46563623334033255,0.3802013037531112,86.08223604164336,95.91776395835664,0.3966547493737973,0.36374785813242505,AAA-P1,synthetic,True
H-0163,Hitter 163,2021,AAA,AAA-T2,batter,30.1,397.0,108.3287763054586,0.07469701459413887,0.2738558564306588,0.25726677506138035,0.3045037006537135,0.005,0.1991180615531861,0.25322826999200637,0.5877171451267517,0.4248609317284561,193.8026621326055,203.1973378673945,0.3961031570854687,0.4536187063714435,AAA-P3,synthetic,True
H-0164,Hitter 164,2021,AAA,AAA-T1,batter,24.0,455.0,125.35444406316442,0.06798477566062264,0.18012548659046734,0.13577680639656448,0.2956268325148876,0.03800586134735661,0.22797966077326326,0.2680356790746664,0.4653394896480532,0.3799412530733779,205.71725750325933,249.28274249674067,0.3710864215132309,0.3887960846335249,AAA-P5,synthetic,True
H-0165,Hitter 165,2021,AAA,AAA-T3,batter,31.2,572.0,139.6960716752952,0.02,0.23215313463182205,0.12675044676209118,0.3251203369033213,0.005,0.24389022482059478,0.25,0.4592624804524233,0.3220048636353126,268.0509404445025,303.9490595554975,0.31888580207505757,0.32512392519556765,AAA-P4,synthetic,True
H-0166,Hitter 166,2021,AAA,AAA-T4,batter,26.6,316.0,84.3503547372315,0.13658919002256883,0.22514490357298086,0.10658289328440189,0.306907847065355,0.042252477045340416,0.2022266867466083,0.31288912369339533,0.4372736779909374,0.41967800013589984,155.85412359596424,160.14587640403576,0.42464843265704455,0.41470756761475513,AAA-P4,synthetic,True
H-0168,Hitter 168,2021,AAA,AAA-T3,batter,31.3,612.0,174.8561823779502,0.02,0.2248839707743393,0.1714807242441682,0.3376234713215084,0.04092236406730136,0.26108324964777635,0.25,0.5052430713763191,0.38331274095739165,316.48017223813616,295.51982776186384,0.3814665960976915,0.3851588858170918,AAA-P3,synthetic,True
H-0170,Hitter 170,2021,AAA,AAA-T1,batter,23.6,306.0,79.20183050656827,0.04511241034688803,0.19032644147605216,0.14630393334685382,0.35259864882667685,0.02408232070696348,0.2731955758986485,0.2877373153602316,0.4815637982295215,0.3771294663091952,148.05151849648976,157.94848150351024,0.3841847168598922,0.3700742157584982,AAA-P5,synthetic,True
H-0172,Hitter 172,2021,AAA,AAA-T3,batter,25.8,404.0,113.86861407030615,0.07570752689873142,0.14753416508218103,0.13106941354447318,0.3015229638352377,0.0261379155763126,0.23813115455400663,0.28649694739453524,0.46122170992799694,0.3741406076395868,207.1321066674531,196.8678933325469,0.40265681381114526,0.3456244014680283,AAA-P5,synthetic,True
H-0174,Hitter 174,2021,AAA,AAA-T6,batter,26.3,498.0,133.14032278179783,0.03952700365310895,0.21379400459304554,0.0714300601967904,0.3029147287544259,0.04418926545621811,0.23280845407217704,0.25,0.40172153307223296,0.3327459296400563,245.25170690614482,252.74829309385518,0.35905576325641475,0.3064360960236978,AAA-P4,synthetic,True
H-0175,Hitter 175,2021,AAA,AAA-T6,batter,33.0,286.0,75.31499819683093,0.02,0.27238648648454,0.030076453651650695,0.3518592036207702,0.005,0.2497303273368449,0.25,0.3652623740137277,0.27819277077567744,137.92789504482286,148.07210495517714,0.29039026369206966,0.26599527785928523,AAA-P2,synthetic,True
H-0176,Hitter 176,2021,AAA,AAA-T5,batter,29.0,447.0,124.57702848480812,0.10002878791584043,0.22468983428827385,0.18569001974860663,0.3249605456302213,0.020054733766956906,0.22244801504752218,0.2975246124000712,0.5181860743116288,0.4239351137636606,214.36362889930254,232.63637110069746,0.4275646668815329,0.42030556064578833,AAA-P5,synthetic,True
H-0177,Hitter 177,2021,AAA,AAA-T7,batter,33.5,428.0,109.19964890763984,0.02,0.3063665114438788,0.02,0.2944176268640732,0.005,0.19907957307686003,0.25,0.3494417626864073,0.25254616940242564,198.064458637322,229.935541362678,0.26877792528069666,0.2363144135241546,AAA-P5,synthetic,True
H-0178,Hitter 178,2021,AAA,AAA-T2,batter,28.2,258.0,63.63386440366907,0.06398208194515484,0.2907476456102011,0.09163616072891043,0.3060964556981586,0.03970320696038246,0.20347042440674806,0.25,0.42224580629872627,0.35805399152120887,130.9930865812285,127.00691341877149,0.35733845081995325,0.3587695322224645,AAA-P5,synthetic,True
H-0179,Hitter 179,2021,AAA,AAA-T7,batter,29.5,503.0,142.76533976894507,0.03050613299922222,0.33393697989877535,0.17483299369842026,0.3214911525975569,0.03133566221538686,0.20902626550804612,0.25,0.506982108958176,0.3782364390365798,250.41399941915893,252.58600058084107,0.35313150984453257,0.403341368228627,AAA-P3,synthetic,True
H-0180,Hitter 180,2021,AAA,AAA-T3,batter,22.5,210.0,52.780633559392705,0.02,0.31937428621851643,0.1109526128899867,0.33481931647726815,0.005963306129135409,0.22208474585499402,0.25,0.4444345445377135,0.31757767337275844,94.61911804548984,115.38088195451016,0.34574051675080564,0.28941482999471124,AAA-P5,synthetic,True
H-0182,Hitter 182,2021,AAA,AAA-T7,batter,29.9,389.0,100.3022206698798,0.04251397068264068,0.16464790851608146,0.14405106534929793,0.28150200443592055,0.05387112731309898,0.23126618929573306,0.25,0.47220126579289,0.3759975815543236,194.5941052291122,194.4058947708878,0.3771894726376237,0.3748056904710235,AAA-P2,synthetic,True
H-0184,Hitter 184,2021,AAA,AAA-T2,batter,27.5,421.0,107.13105511130964,0.0901066030477817,0.22549565297258906,0.09663496177679458,0.26285015208200013,0.04113896915465405,0.18606489646282143,0.2520112490284427,0.4229199769849946,0.3652464765785729,215.54823408052494,205.45176591947506,0.3607460983883767,0.3697468547687691,AAA-P3,synthetic,True
H-0185,Hitter 185,2021,AAA,AAA-T7,batter,34.4,611.0,165.41682344726559,0.02,0.3100331429415895,0.050431335403654465,0.35557592025446616,0.005,0.2389740817385367,0.25,0.38598892742910107,0.29068880656107315,291.2669384061712,319.7330615938288,0.30762022492060287,0.27375738820154344,AAA-P4,synthetic,True
H-0186,Hitter 186,2021,AAA,AAA-T7,batter,28.0,611.0,167.4305136314011,0.08660008418268986,0.32810689953218014,0.19566456755397982,0.33602977361029873,0.052001364102058176,0.20447608437328987,0.26360837596487285,0.5292675449150097,0.45264721953802867,281.58070040238243,329.41929959761757,0.4147099589527692,0.49058448012328815,AAA-P4,synthetic,True
H-0187,Hitter 187,2021,AAA,AAA-T2,batter,32.4,222.0,61.87877512190119,0.02,0.31219189256958063,0.11969885125316479,0.29271583422150604,0.005,0.19622800726638034,0.25,0.44897043467531533,0.3067849101667678,116.00112556224566,105.99887443775434,0.2960311079909298,0.3175387123426058,AAA-P4,synthetic,True
H-0189,Hitter 189,2021,AAA,AAA-T5,batter,28.9,286.0,71.71185102741474,0.06818587730208081,0.2429057380341374,0.20213424298219496,0.3266115562848792,0.032559754511657095,0.22988940282948853,0.2706907729895468,0.5347953986106828,0.4225217715118629,155.88903195306204,130.11096804693796,0.41583512531851713,0.4292084177052086,AAA-P5,synthetic,True
H-0190,Hitter 190,2021,AAA,AAA-T1,batter,22.9,536.0,134.31582534607372,0.023091789653414567,0.2678241537074999,0.11073603311132499,0.29376673875641357,0.010389527985334854,0.20986374002083244,0.25,0.44011270698696636,0.30923800472016505,282.94205086739873,253.05794913260127,0.29409433958685594,0.32438166985347416,AAA-P4,synthetic,True
H-0191,Hitter 191,2021,AAA,AAA-T6,batter,32.3,560.0,158.99216444995398,0.02,0.38352677120059814,0.10639846025008119,0.28315253275880586,0.005,0.16964290545737334,0.25,0.4347137135259618,0.2961225396031267,272.88447941921766,287.11552058078234,0.3039637230788335,0.28828135612741984,AAA-P4,synthetic,True
H-0192,Hitter 192,2021,AAA,AAA-T6,batter,25.5,357.0,93.94954516490084,0.07732971296315168,0.17596005034424606,0.2648387317553605,0.3039750216935793,0.04305047860597432,0.23343883218834768,0.28161284732085806,0.5952362339247184,0.46492878987778413,166.10545220805318,190.89454779194682,0.4629806843166686,0.46687689543889965,AAA-P4,synthetic,True
H-0194,Hitter 194,2021,AAA,AAA-T3,batter,24.6,529.0,127.65310142526164,0.038796573051741834,0.24189424802929188,0.1697922522105307,0.30944952749628474,0.01896105126373593,0.22543404322977506,0.25,0.5007372049601592,0.36591562061307314,242.81683194931762,286.1831680506824,0.36610677248767,0.3657244687384763,AAA-P4,synthetic,True
H-0195,Hitter 195,2021,AAA,AAA-T3,batter,27.8,636.0,180.46508203800724,0.11546505029326432,0.23242112268725157,0.2537399869993524,0.29918127682187345,0.0238503050730037,0.19867779316183817,0.2910552729540632,0.5836581146815398,0.4665612495082879,336.50056557493934,299.49943442506066,0.45812849810054834,0.4749940009160275,AAA-P3,synthetic,True
H-0196,Hitter 196,2021,AAA,AAA-T4,batter,25.1,236.0,58.635478175219966,0.08711635320463375,0.23375685543113622,0.2427117195243967,0.2535149681817525,0.008756971503365664,0.1734823526295833,0.25,0.568063216342572,0.4110844061983043,118.92548728981221,117.07451271018779,0.41316274406899384,0.4090060683276147,AAA-P4,synthetic,True
H-0197,Hitter 197,2021,AAA,AAA-T1,batter,32.4,523.0,135.83867483686763,0.02,0.28055612589864753,0.02,0.2911380501420652,0.005,0.20438472568967986,0.25,0.3491138050142065,0.2513983175497228,253.3346837061128,269.6653162938872,0.26465443022457075,0.23814220487487484,AAA-P1,synthetic,True
H-0198,Hitter 198,2021,AAA,AAA-T1,batter,25.6,386.0,105.15142659930241,0.14039438548222435,0.20064112369932458,0.16215195770098795,0.2663253252083239,0.005,0.17624893231796154,0.29834342456838975,0.48878449022182036,0.4051735103960138,181.7024620324026,204.2975379675974,0.3951122612896076,0.41523475950242,AAA-P3,synthetic,True
H-0199,Hitter 199,2021,AAA,AAA-T2,batter,25.7,463.0,120.00582967749344,0.061381386802504226,0.23617743495932736,0.07732540072448409,0.29394221713569896,0.03549091158882131,0.2118007540770631,0.25,0.40671962243805393,0.34031753758765304,235.68632214182037,227.31367785817963,0.3307909245246878,0.3498441506506183,AAA-P3,synthetic,True
H-0200,Hitter 200,2021,AAA,AAA-T7,batter,22.5,440.0,106.07598442319106,0.02528157181507889,0.2019345851145833,0.1514045667783127,0.27737061236540383,0.012264495125757491,0.21618720204737338,0.25,0.4791416280148531,0.3290873719397003,214.53048253089102,225.46951746910898,0.3294812459883482,0.32869349789105234,AAA-P4,synthetic,True
H-0081,Hitter 81,2022,AAA,AAA-T1,batter,27.8,557.0,141.19952886887197,0.07891359210306988,0.24184517284281368,0.22169626375895346,0.29480084739855134,0.07092417848428026,0.21087951845463415,0.25913039461686277,0.5511763484988086,0.4641845167649185,275.1183863639818,281.8816136360182,0.45761447709434294,0.4707545564354941,AAA-P4,synthetic,True
H-0082,Hitter 82,2022,AAA,AAA-T2,batter,33.7,465.0,117.27826190562766,0.02,0.42226635348694963,0.059396664574279556,0.32893650833663846,0.005,0.18420895826586375,0.25,0.3922903154079434,0.28629594343367726,238.40039014137963,226.59960985862037,0.28987074434172655,0.28272114252562797,AAA-P4,synthetic,True
H-0083,Hitter 83,2022,AAA,AAA-T4,batter,28.5,467.0,124.19424197285079,0.07973005200046478,0.22363812825393878,0.13110834600870352,0.3086643475391716,0.009516274245001073,0.2164528472535505,0.27325291750558506,0.46197478076262066,0.36451779516432326,242.6889088465302,224.3110911534698,0.37055891497220145,0.35847667535644506,AAA-P5,synthetic,True
H-0084,Hitter 84,2022,AAA,AAA-T1,batter,26.6,385.0,98.7103718426604,0.10590511289644973,0.26132544732341867,0.23060636653136599,0.3159739779363462,0.04431741691658574,0.2065862895413693,0.28584992219994304,0.5622037643250005,0.47144364812241435,182.6469140210013,202.3530859789987,0.46172160305081095,0.48116569319401775,AAA-P1,synthetic,True
H-0085,Hitter 85,2022,AAA,AAA-T2,batter,32.9,442.0,107.40826089412188,0.02,0.3109657213746537,0.02,0.2968494758736167,0.005,0.19935247495141728,0.25,0.3496849475873617,0.25339731655576586,206.07454331604518,235.92545668395482,0.25935134170040663,0.2474432914111251,AAA-P3,synthetic,True
H-0086,Hitter 86,2022,AAA,AAA-T5,batter,34.1,195.0,47.2083615112227,0.02,0.3681504594386804,0.02,0.265146182206347,0.005,0.16297956976454134,0.25,0.34651461822063473,0.24230116377222147,98.6120750190003,96.3879249809997,0.2477788256536903,0.23682350189075263,AAA-P5,synthetic,True
H-0087,Hitter 87,2022,AAA,AAA-T3,batter,27.3,444.0,124.8739588260852,0.15046176508321063,0.2606940480968715,0.12686074355865457,0.3452996685483397,0.028722954480955853,0.2076361457076776,0.33345669736519146,0.4613907104134885,0.4418021875402866,228.19875993418523,215.80124006581477,0.4617205237353932,0.42188385134518,AAA-P4,synthetic,True
H-0088,Hitter 88,2022,AAA,AAA-T2,batter,24.6,559.0,133.1459592712016,0.06733866029915997,0.23878071143554588,0.19393409937359068,0.31349530577867735,0.030626652631629857,0.2221223176266736,0.2631141480578961,0.5252836299514584,0.4110881612558908,275.7900784014615,283.2099215985385,0.3909944873278145,0.43118183518396713,AAA-P1,synthetic,True
H-0089,Hitter 89,2022,AAA,AAA-T3,batter,24.3,413.0,106.67568567574469,0.09890398459413838,0.31131468326783984,0.09368384867788884,0.2802062853626644,0.048840054210810224,0.17258644438626042,0.25,0.42170447721415527,0.3827871546553975,208.4956768124959,204.5043231875041,0.3724559383114033,0.3931183709993917,AAA-P5,synthetic,True
H-0091,Hitter 91,2022,AAA,AAA-T1,batter,26.1,466.0,127.65019725418333,0.08842842297139207,0.19199038894694667,0.13901134434750229,0.3139745764814984,0.0199601378957403,0.2289242194563541,0.29176560186618583,0.4704088019956521,0.3862113613457914,224.14190640298014,241.85809359701986,0.36367288257382885,0.408749840117754,AAA-P1,synthetic,True
H-0093,Hitter 93,2022,AAA,AAA-T6,batter,27.0,193.0,51.369968781730556,0.1159137312188976,0.22623068023309004,0.1477196368751416,0.3085353101129263,0.051763558993604554,0.21073621187122332,0.298588241438862,0.4785731678864342,0.43695997376832446,92.16222065307814,100.83777934692186,0.42496877871054084,0.4489511688261081,AAA-P5,synthetic,True
H-0094,Hitter 94,2022,AAA,AAA-T4,batter,32.8,352.0,92.9165645214756,0.02,0.3109260863121542,0.10552255534047601,0.3402547729554606,0.007365938929050693,0.22876048343163702,0.25,0.43954803263602205,0.3177559210078187,185.60382256838105,166.39617743161895,0.3276351785443445,0.3078766634712929,AAA-P5,synthetic,True
H-0096,Hitter 96,2022,AAA,AAA-T6,batter,24.7,473.0,119.38152480698666,0.05364332589629702,0.22097023508624508,0.11286253161901325,0.32719925700384017,0.03570429571716917,0.24270154824474902,0.2672546393947533,0.4455824573193972,0.36627832661466153,227.5568937522194,245.4431062477806,0.34110614229376207,0.391450510935561,AAA-P4,synthetic,True
H-0098,Hitter 98,2022,AAA,AAA-T5,batter,34.4,283.0,79.85600779199865,0.02,0.31315370084089167,0.05533884397267336,0.2820546727002183,0.005,0.18883711465067413,0.25,0.38354431124269517,0.26765549963004676,137.69380741981334,145.30619258018666,0.2584604543388944,0.2768505449211991,AAA-P3,synthetic,True
H-0099,Hitter 99,2022,AAA,AAA-T3,batter,34.2,563.0,143.13119112889603,0.02,0.4003018601677728,0.02,0.32936092016869484,0.005,0.1916799127552231,0.25,0.3529360920168695,0.2647763220590432,279.0936747818495,283.9063252181505,0.2986409754080208,0.23091166871006563,AAA-P4,synthetic,True
H-0101,Hitter 101,2022,AAA,AAA-T4,batter,31.6,356.0,88.75604923313212,0.02487329065283117,0.3185793581234916,0.04399140316396431,0.3541805132457007,0.03691000717604637,0.2380727789029143,0.25,0.37940945448853436,0.31878876129159917,177.14934579999974,178.85065420000026,0.30341610008000053,0.3341614225031978,AAA-P1,synthetic,True
H-0102,Hitter 102,2022,AAA,AAA-T1,batter,34.4,217.0,60.02909152553631,0.02,0.19558918882875437,0.02,0.2818258065570159,0.005,0.22181720953037937,0.25,0.3481825806557016,0.2481390322949556,113.17994429369074,103.82005570630926,0.26837801641785697,0.2279000481720542,AAA-P1,synthetic,True
H-0103,Hitter 103,2022,AAA,AAA-T2,batter,29.3,316.0,79.23415089107182,0.06524341286616259,0.1723272305523238,0.17799563976343497,0.2989894501218718,0.0501786315226305,0.23548512880947384,0.2704059135391339,0.5078945847756221,0.4133750667892257,173.30761746956347,142.69238253043653,0.4202989239447857,0.4064512096336657,AAA-P2,synthetic,True
H-0104,Hitter 104,2022,AAA,AAA-T4,batter,23.2,496.0,127.04655886477445,0.04473105978509521,0.31301688634844715,0.2029953934252161,0.32573702859793985,0.005,0.20995527563738392,0.25,0.53556909628501,0.3814671682427144,225.10169259238435,270.8983074076157,0.39303716218379114,0.3698971743016377,AAA-P5,synthetic,True
H-0105,Hitter 105,2022,AAA,AAA-T6,batter,31.5,572.0,138.11027938052462,0.02,0.2825823605331825,0.026078271167135382,0.31996594368771114,0.005,0.22389989315645614,0.25,0.3580748655359065,0.2648311294326234,259.1318951487292,312.8681048512708,0.25968674955844245,0.2699755093068043,AAA-P5,synthetic,True
H-0106,Hitter 106,2022,AAA,AAA-T4,batter,22.7,445.0,108.0194219283913,0.045712469679435555,0.27636100031986327,0.06788395940686262,0.3458284663750862,0.005,0.23519629218512633,0.25671413264604925,0.4024668060443712,0.3148748696806595,202.19757140627564,242.80242859372436,0.3125385504373678,0.31721118892395117,AAA-P3,synthetic,True
H-0107,Hitter 107,2022,AAA,AAA-T5,batter,30.7,456.0,119.96577417670433,0.06544767123335415,0.23933784888742907,0.193157804669208,0.2933971197544278,0.005075741298527364,0.2047352872029139,0.25,0.5224975166446508,0.37930732151413665,225.54823492378517,230.45176507621483,0.3555070835152255,0.40310755951304783,AAA-P2,synthetic,True
H-0109,Hitter 109,2022,AAA,AAA-T3,batter,26.7,223.0,56.51933476100408,0.07786405596259062,0.23587443680206885,0.1815693900426381,0.2929831985320434,0.07626760477666998,0.2125032321357316,0.25882083823989865,0.5108677098958424,0.4455529674824825,116.84588950154263,106.15411049845737,0.4290364682070408,0.46206946675792426,AAA-P5,synthetic,True
H-0110,Hitter 110,2022,AAA,AAA-T1,batter,24.2,533.0,129.58373792401224,0.026075801144412956,0.2661934324627847,0.2766188371861347,0.3353577199880369,0.03666494917300321,0.24284271855882664,0.25,0.6101546091849384,0.440767077504979,279.02493520849595,253.97506479150405,0.4264275774447859,0.45510657756517214,AAA-P4,synthetic,True
H-0111,Hitter 111,2022,AAA,AAA-T7,batter,24.2,445.0,106.76331024227402,0.08214715289341806,0.1478047087349328,0.19474625961307254,0.3013886909893408,0.061014423330324974,0.24123596392215885,0.2910225732737671,0.5248851287120065,0.44501247265614424,204.75698425665433,240.24301574334567,0.4552418107265703,0.4347831345857182,AAA-P5,synthetic,True
H-0113,Hitter 113,2022,AAA,AAA-T1,batter,26.0,489.0,119.46016497688441,0.11978319497116023,0.2085490241816059,0.02753190835786495,0.3187183370716453,0.02931113102372183,0.21846950782979097,0.3124487493297696,0.35940374206502945,0.35692222197306334,226.79999652489076,262.20000347510927,0.35132887057133844,0.36251557337478824,AAA-P3,synthetic,True
H-0115,Hitter 115,2022,AAA,AAA-T2,batter,24.5,571.0,146.82141995001768,0.10724776632780786,0.21867943997137848,0.1166857571022337,0.27137033553343654,0.05398284274992077,0.19102078661303887,0.27187879050830355,0.4438227906555773,0.4028147787473255,278.272310498121,292.727689501879,0.3892930645106921,0.4163364929839589,AAA-P5,synthetic,True
H-0116,Hitter 116,2022,AAA,AAA-T1,batter,28.3,236.0,66.32052963962174,0.14663649979794674,0.2775113086014724,0.17439819947159393,0.307203469204283,0.055471386780343745,0.18522449902563945,0.3058499117056759,0.5051185463920222,0.4760100218917478,111.58188117532055,124.41811882467945,0.46755239418599165,0.48446764959750394,AAA-P4,synthetic,True
H-0117,Hitter 117,2022,AAA,AAA-T2,batter,23.8,479.0,126.17701557802842,0.0949256182332879,0.22741397549212047,0.15373794138189134,0.3326073795265451,0.040075631690719975,0.23140619669349383,0.29778098497918515,0.4869986793345458,0.4234844518792805,216.84536754480365,262.15463245519635,0.409011457098346,0.437957446660215,AAA-P1,synthetic,True
H-0118,Hitter 118,2022,AAA,AAA-T6,batter,34.1,372.0,98.91386703288578,0.02,0.27678858437861353,0.05381092019156583,0.3017775821782575,0.005,0.21296344076637175,0.25,0.38398867840939155,0.27371815986775133,172.21147116541,199.78852883459,0.26169155390592735,0.2857447658295753,AAA-P4,synthetic,True
H-0119,Hitter 119,2022,AAA,AAA-T7,batter,28.8,447.0,117.22185560555053,0.06648649626633796,0.19976302005484534,0.02,0.2982808586432741,0.009249970783527583,0.22025121991916424,0.26346384813780954,0.3498280858643274,0.29026382161675734,242.59352137777202,204.40647862222798,0.26749311211955246,0.31303453111396223,AAA-P4,synthetic,True
H-0120,Hitter 120,2022,AAA,AAA-T6,batter,31.0,219.0,55.13589833883601,0.06588160108108485,0.23409501433213312,0.09026936790565698,0.30939735338479957,0.04228022819069134,0.22292741672722374,0.26080844532984293,0.4212091032441369,0.3621065521611728,115.76205453394941,103.23794546605059,0.33701155291109447,0.3872015514112512,AAA-P2,synthetic,True
H-0121,Hitter 121,2022,AAA,AAA-T2,batter,23.9,523.0,148.20607941925115,0.03164833421766344,0.3043037205382677,0.15208124787125477,0.34085258898949516,0.033577675564444964,0.23137911268426214,0.25,0.4861665067702043,0.3753168344358783,286.26314734631416,236.73685265368584,0.38005723799178237,0.3705764308799743,AAA-P5,synthetic,True
H-0122,Hitter 122,2022,AAA,AAA-T2,batter,27.8,457.0,120.60367020546114,0.06666399165359034,0.23051503398903261,0.16305541517223646,0.27899985430904467,0.009998599253376369,0.19758673933905546,0.25,0.4909554006031409,0.3629939608384477,250.9927519187987,206.0072480812013,0.3670475732323359,0.3589403484445595,AAA-P5,synthetic,True
H-0124,Hitter 124,2022,AAA,AAA-T4,batter,28.1,415.0,112.79764760811798,0.05560552669651232,0.3224317322956847,0.19318303180568705,0.3045856835663453,0.02349228059952872,0.1929647887125888,0.25,0.5236416001623215,0.3929225779684832,210.45258136436456,204.54741863563544,0.38579644936471563,0.4000487065722507,AAA-P5,synthetic,True
H-0125,Hitter 125,2022,AAA,AAA-T5,batter,22.7,241.0,57.80658570957593,0.048765589683774,0.2618661928401475,0.1921422532293947,0.308511058914565,0.019153898485594737,0.21555080352843028,0.25,0.5229933591208512,0.3850315313119419,130.92965328523672,110.07034671476328,0.3907449566679876,0.3793181059558962,AAA-P4,synthetic,True
H-0126,Hitter 126,2022,AAA,AAA-T1,batter,29.4,338.0,96.22748281004601,0.084428732138537,0.25660885220495555,0.08231357937079227,0.24558745992670117,0.05379887609488071,0.16990273726247684,0.25,0.40687232536346235,0.3587471806106497,170.39409435300428,167.60590564699572,0.367444729938454,0.3500496312828454,AAA-P4,synthetic,True
H-0128,Hitter 128,2022,AAA,AAA-T1,batter,29.8,357.0,89.56267012092333,0.045192309012893964,0.203579433622434,0.1490353595059728,0.3090698745850677,0.022899025577369024,0.2356168771250635,0.2541561299725063,0.47994234696447957,0.3623876431617167,167.23300884378403,189.76699115621597,0.3533862876827225,0.37138899864071084,AAA-P4,synthetic,True
H-0132,Hitter 132,2022,AAA,AAA-T5,batter,24.7,575.0,162.0230481692003,0.07905085141151358,0.3006760692081775,0.18567875283076327,0.31011303371228344,0.012739817474305169,0.19426573899783336,0.2521701411505324,0.5166900562019916,0.3974643075711532,269.36809887744437,305.63190112255563,0.40170608560358934,0.39322252953871706,AAA-P1,synthetic,True
H-0133,Hitter 133,2022,AAA,AAA-T1,batter,29.6,458.0,113.36174172789214,0.06858575733296457,0.1777308086958143,0.15300682292647097,0.33933741931952244,0.05774767742912154,0.2644151430820381,0.2987634496538675,0.48694056485842324,0.4229047891906765,235.39055047920212,222.60944952079788,0.41890318770483337,0.4269063906765196,AAA-P4,synthetic,True
H-0134,Hitter 134,2022,AAA,AAA-T1,batter,25.9,233.0,58.46319351621007,0.08837067140576602,0.2414550400384635,0.16853511727879072,0.30620600190338504,0.019617402052789036,0.2081539997850263,0.2730609219351632,0.49915571746912923,0.399381547001066,125.02338698275034,107.97661301724966,0.3849953781128226,0.4137677158893094,AAA-P1,synthetic,True
H-0135,Hitter 135,2022,AAA,AAA-T3,batter,22.8,351.0,87.84297149062222,0.02,0.19930625716553477,0.13620608299876175,0.325708524825684,0.005,0.2550286073192556,0.25,0.46877693548133015,0.32741132933830835,160.7601039156596,190.2398960843404,0.3598206996236134,0.2950019590530033,AAA-P2,synthetic,True
H-0136,Hitter 136,2022,AAA,AAA-T4,batter,29.2,424.0,103.52043699234922,0.11175054997514385,0.2872193612395043,0.20582895612286473,0.31993260865440265,0.007794709162815703,0.1934583305593072,0.2848107617415402,0.537822216988305,0.4304229621257513,223.74609525731748,200.25390474268252,0.44077663938616835,0.4200692848653343,AAA-P3,synthetic,True
H-0137,Hitter 137,2022,AAA,AAA-T7,batter,34.4,376.0,91.54438692879455,0.02,0.3020269658470792,0.1130459223878888,0.3234236844451079,0.005,0.2200225366601666,0.25,0.44538829083239956,0.3138735468691266,202.55444014009757,173.44555985990243,0.2994193066798578,0.32832778705839544,AAA-P4,synthetic,True
H-0138,Hitter 138,2022,AAA,AAA-T3,batter,27.5,581.0,159.4898028429339,0.07444864105743429,0.22747803398259323,0.19263167747222348,0.2701959134593268,0.05642653689176401,0.19708054023291383,0.25,0.5196512688181562,0.4234139242632789,285.3557266311203,295.6442733688797,0.4029997842552843,0.44382806427127347,AAA-P2,synthetic,True
H-0139,Hitter 139,2022,AAA,AAA-T2,batter,34.1,568.0,151.61243160810403,0.02,0.31596122463727505,0.024310545935926686,0.31416866211402916,0.005,0.20937017364754565,0.25,0.3557274121473296,0.2618298320046699,306.2474316302956,261.7525683697044,0.27344930705827336,0.25021035695106647,AAA-P5,synthetic,True
H-0140,Hitter 140,2022,AAA,AAA-T6,batter,33.1,435.0,107.12774038429889,0.02,0.32495324384607316,0.02,0.25194674976794684,0.005,0.1657869011590187,0.25,0.3451946749767947,0.2376813624187814,220.50854065235845,214.49145934764155,0.25411307288758594,0.22124965194997687,AAA-P3,synthetic,True
H-0141,Hitter 141,2022,AAA,AAA-T5,batter,29.4,321.0,79.84255980431134,0.0852680418474711,0.2014930960055174,0.26411696057567036,0.2630523352763553,0.033343927572594856,0.19262073743351105,0.25412527531533075,0.5904221941033059,0.44702980977190815,161.2738852533044,159.7261147466956,0.4718234799444277,0.4222361395993886,AAA-P5,synthetic,True
H-0142,Hitter 142,2022,AAA,AAA-T6,batter,25.1,403.0,105.89061329655466,0.0506853006454026,0.18997249172234953,0.11718376153166012,0.3206408524684575,0.03246497433985598,0.24834587892146284,0.2698138201388386,0.4492478467785058,0.3613735545640254,194.49093211263778,208.50906788736222,0.36908263396848456,0.3536644751595663,AAA-P4,synthetic,True
H-0143,Hitter 143,2022,AAA,AAA-T3,batter,33.3,584.0,160.29410106026626,0.02,0.23009337570568528,0.16505211183094992,0.3145168093265269,0.00649976853445676,0.23683320404604294,0.25,0.4965037927636026,0.34070933645231793,303.2839913918543,280.7160086081457,0.3539813719888801,0.3274373009157558,AAA-P1,synthetic,True
H-0145,Hitter 145,2022,AAA,AAA-T5,batter,24.2,446.0,123.82471063943314,0.0663507106438325,0.19605428554456786,0.184094346358724,0.3125381485366579,0.03555603093429452,0.23585998150131068,0.27382462981888234,0.5153481612123897,0.4090861677766763,227.31959997116005,218.68040002883995,0.43218906254966066,0.3859832730036919,AAA-P5,synthetic,True
H-0146,Hitter 146,2022,AAA,AAA-T3,batter,23.8,621.0,154.42113996001592,0.049022974551529,0.2631191162237334,0.05310973102217152,0.32129564771784275,0.005,0.22175575248220314,0.25,0.38523929579395577,0.3004799109495096,314.98385813688435,306.01614186311565,0.30732949588430636,0.29363032601471284,AAA-P5,synthetic,True
H-0147,Hitter 147,2022,AAA,AAA-T5,batter,28.9,587.0,153.98016109081428,0.09282798920654801,0.2446674454905793,0.09565423911032928,0.34118262302163704,0.01951608397291912,0.22896245794978143,0.2962595300250072,0.42977250141249296,0.3745678175884649,264.65031595932174,322.34968404067826,0.3818218093541379,0.36731382582279193,AAA-P4,synthetic,True
H-0148,Hitter 148,2022,AAA,AAA-T2,batter,30.4,541.0,148.66639678997223,0.0423815718648197,0.2482058902670502,0.18652072673836273,0.2714914311635103,0.036609804684471864,0.1980908958938274,0.25,0.5136698698547137,0.3802243251347266,264.1876599797391,276.8123400202609,0.35762052577066256,0.40282812449879063,AAA-P1,synthetic,True
H-0150,Hitter 150,2022,AAA,AAA-T1,batter,24.3,522.0,128.52501621925063,0.07334350362065903,0.3014615117926497,0.09782276364026768,0.2697115620363916,0.005805960150145322,0.1694932098927161,0.25,0.42479391984390685,0.3247673833844764,286.1266225957738,235.87337740422618,0.32976723936600993,0.3197675274029429,AAA-P3,synthetic,True
H-0151,Hitter 151,2022,AAA,AAA-T1,batter,29.1,583.0,148.36277592728968,0.12901729558966285,0.2162797407686438,0.04722826226939212,0.28129440494537844,0.01844796600644919,0.1869314754745332,0.29476514810587207,0.37535770276393,0.3513438622976163,307.18641749477405,275.81358250522595,0.34741130574137763,0.355276418853855,AAA-P4,synthetic,True
H-0152,Hitter 152,2022,AAA,AAA-T2,batter,31.4,574.0,146.70498363019152,0.023199302255061893,0.29385901316601853,0.10281823623676978,0.3678118971854513,0.005,0.25194407667200047,0.25,0.43959942595531487,0.3260237055236747,306.6742582596359,267.3257417403641,0.3359293623610153,0.31611804868633414,AAA-P5,synthetic,True
H-0153,Hitter 153,2022,AAA,AAA-T3,batter,25.1,617.0,174.18290063208303,0.08413469317613059,0.15732546379085743,0.18721299063640176,0.28354059091166656,0.045503034527729955,0.22190229050278248,0.2777038449673913,0.5155670497275684,0.42205336796735266,279.7398523375033,337.2601476624967,0.44062951027083846,0.40347722566386685,AAA-P4,synthetic,True
H-0154,Hitter 154,2022,AAA,AAA-T4,batter,32.8,203.0,50.40779983292487,0.02,0.38340539141574115,0.07843482360597803,0.2871496085398545,0.005,0.17206190831195764,0.25,0.40714978445996347,0.282141515972237,100.13860127751971,102.86139872248029,0.2764530821116424,0.28782994983283167,AAA-P1,synthetic,True
H-0155,Hitter 155,2022,AAA,AAA-T1,batter,32.8,500.0,141.71767983400636,0.02,0.32904090738971237,0.10724976495246555,0.3040116193501011,0.005,0.19864912787512598,0.25,0.4376509268874757,0.30389143749639147,246.61373422585487,253.38626577414513,0.3194605142566117,0.28832236073617123,AAA-P2,synthetic,True
H-0156,Hitter 156,2022,AAA,AAA-T6,batter,33.9,368.0,99.5492383332155,0.02,0.3020172184746305,0.13050391048690052,0.30436344592217024,0.005,0.20710317566095937,0.25,0.4609402550791175,0.31680435684055486,195.84874577773869,172.15125422226131,0.3388494776779769,0.2947592360031328,AAA-P4,synthetic,True
H-0157,Hitter 157,2022,AAA,AAA-T3,batter,29.0,520.0,141.8994357093027,0.08700263392809457,0.21526354046807217,0.16969523352177954,0.3628737044920346,0.03860946525532161,0.2589806778345604,0.31487296616973054,0.505982603970983,0.4359885374886465,271.24228384470473,248.75771615529527,0.4324062319312758,0.43957084304601723,AAA-P4,synthetic,True
H-0160,Hitter 160,2022,AAA,AAA-T7,batter,29.0,232.0,61.18997383347537,0.07081073840470992,0.29317945365755804,0.1977233448961706,0.3516864348906884,0.03914983030931254,0.22954849645552935,0.27211915812292914,0.5328919883852394,0.436640456066313,115.39777344528548,116.60222655471452,0.42321642866761877,0.45006448346500727,AAA-P4,synthetic,True
H-0161,Hitter 161,2022,AAA,AAA-T1,batter,24.4,648.0,164.8003972963355,0.0722168898868914,0.08871348219595648,0.16327121205162087,0.234496686313111,0.005,0.19750904733254718,0.25,0.48672088068293196,0.3469248297588043,313.2358599132193,334.7641400867807,0.3446230051721913,0.3492266543454173,AAA-P3,synthetic,True
H-0163,Hitter 163,2022,AAA,AAA-T5,batter,30.3,566.0,156.52589270183154,0.06339251549286942,0.2735577144028373,0.26385636671853274,0.3186598569524871,0.005,0.21203734489381354,0.2535511258973016,0.5957223524137815,0.42552671247357204,305.24693055837326,260.75306944162674,0.3973953914970431,0.453658033450101,AAA-P3,synthetic,True
H-0164,Hitter 164,2022,AAA,AAA-T2,batter,24.1,288.0,72.25146273664275,0.06186883810794321,0.16887486689455022,0.12301829914107573,0.2807938561472455,0.04918929394332029,0.22338083552939095,0.2562710354020468,0.45109768475580025,0.37351646540367606,149.47591398562327,138.52408601437673,0.3613481349993717,0.38568479580798043,AAA-P5,synthetic,True
H-0165,Hitter 165,2022,AAA,AAA-T5,batter,31.3,529.0,126.75437508176563,0.021283581758282016,0.24412844216393603,0.13131682987719936,0.3137833873024175,0.005,0.23125150340531364,0.25,0.4626951686074411,0.3214469492191032,279.40738652874575,249.59261347125425,0.3525553560152052,0.2903385424230012,AAA-P5,synthetic,True
H-0166,Hitter 166,2022,AAA,AAA-T1,batter,26.7,329.0,83.91618448554847,0.10227129736970868,0.20820341536809378,0.09946880272180002,0.3434332315052902,0.05986078003399372,0.24578501461416907,0.31539660521787166,0.43381212587232904,0.420374082713232,176.68972724074567,152.31027275925433,0.4181786817129957,0.4225694837134683,AAA-P4,synthetic,True
H-0167,Hitter 167,2022,AAA,AAA-T4,batter,33.3,302.0,80.87976716997412,0.02,0.33891904971147757,0.06614661462749985,0.3200180294929666,0.005,0.2059074624568114,0.25,0.39814841757679653,0.2868869483676632,161.05294860136493,140.94705139863507,0.2892628004747465,0.2845110962605799,AAA-P2,synthetic,True
H-0168,Hitter 168,2022,AAA,AAA-T4,batter,31.5,473.0,115.32195929949228,0.02,0.23045199347996922,0.16229484822609336,0.37761509351987693,0.03709084658132296,0.28860426756689717,0.2747365765217289,0.5000563575780811,0.38880921117949896,251.48448640832257,221.51551359167743,0.37041100380068914,0.4072074185583088,AAA-P1,synthetic,True
H-0169,Hitter 169,2022,AAA,AAA-T7,batter,27.6,423.0,117.68633492166283,0.10420252882363028,0.24361182453344205,0.21176607007162215,0.33147638619661973,0.04051751598652627,0.22226176867648223,0.29876825597428325,0.5449137086912841,0.4618956082726239,218.54159067278113,204.45840932721887,0.45330683906927166,0.4704843774759761,AAA-P1,synthetic,True
H-0170,Hitter 170,2022,AAA,AAA-T2,batter,23.7,429.0,119.81879939308517,0.06105164922416817,0.1719587374200554,0.15004601841498025,0.3180297720844906,0.023037826077924206,0.2473812058383978,0.2805846279582064,0.4818489956234293,0.37730592828486037,205.4703544026636,223.5296455973364,0.3615314732484294,0.39308038332129136,AAA-P5,synthetic,True
H-0171,Hitter 171,2022,AAA,AAA-T3,batter,25.0,258.0,67.76273885003012,0.10083057481371144,0.224933154164984,0.2013680636923292,0.30038433571823825,0.012372702045756571,0.20438591969474013,0.28310758776280043,0.531406497264153,0.4176037867429434,123.03833682999546,134.96166317000456,0.4167208111282191,0.4184867623576677,AAA-P1,synthetic,True
H-0172,Hitter 172,2022,AAA,AAA-T2,batter,25.9,636.0,180.51150578908727,0.06542409341056807,0.14082250461104295,0.17424253784391752,0.28798601496206344,0.02895097940050846,0.23293252600841335,0.27115498459907145,0.5030411393401238,0.3884812478987321,296.9132185182916,339.0867814817084,0.3941871461806568,0.3827753496168074,AAA-P5,synthetic,True
H-0173,Hitter 173,2022,AAA,AAA-T7,batter,29.1,557.0,145.26255253427084,0.0686427693918148,0.2622037730620939,0.16082379695654472,0.3047430886973767,0.030411228365487777,0.208481575719948,0.2521706717104272,0.4912981058262824,0.39053321347339076,280.00328196969105,276.99671803030895,0.37725875833236955,0.403807668614412,AAA-P5,synthetic,True
H-0174,Hitter 174,2022,AAA,AAA-T7,batter,26.4,578.0,146.1780086741667,0.038194807771360056,0.22109298216015827,0.07809333155263941,0.3408313997924068,0.03266804823594382,0.25735818663635945,0.26540698923223116,0.4121764715318801,0.3383799311335955,305.6971978791178,272.3028021208822,0.35432913814130923,0.32243072412588175,AAA-P1,synthetic,True
H-0175,Hitter 175,2022,AAA,AAA-T1,batter,33.1,565.0,155.05765661298705,0.02,0.2879000855637423,0.039535314589234524,0.32322866824506447,0.005,0.22445653363575463,0.25,0.371858181413741,0.27337445690985157,286.20984560463455,278.79015439536545,0.26354510483742766,0.2832038089822755,AAA-P3,synthetic,True
H-0177,Hitter 177,2022,AAA,AAA-T7,batter,33.7,274.0,71.05615644534768,0.02,0.3292927192761714,0.02053858154856872,0.29886354481427724,0.005,0.1952226845535824,0.25,0.35042493602999647,0.25439846053670984,143.0668609240706,130.9331390759294,0.25041044413204067,0.258386476941379,AAA-P4,synthetic,True
H-0178,Hitter 178,2022,AAA,AAA-T4,batter,28.4,526.0,146.19648344765633,0.04577693038747163,0.2661263071829062,0.1241635946765718,0.30704607969833997,0.024048682821603468,0.214884715780376,0.25,0.45486820264640576,0.34944377077720673,281.51685022305645,244.48314977694355,0.35289237167269677,0.3459951698817167,AAA-P3,synthetic,True
H-0179,Hitter 179,2022,AAA,AAA-T2,batter,29.6,509.0,143.12526466479255,0.033885303810301,0.30922179256206916,0.1972411943686277,0.3242651847093307,0.024724107239538468,0.21671611481499273,0.25,0.5296677128395607,0.3879468807338063,234.991853486025,274.008146513975,0.3955654063744127,0.3803283550931999,AAA-P2,synthetic,True
H-0180,Hitter 180,2022,AAA,AAA-T2,batter,22.7,443.0,109.52341704626787,0.039306871267802815,0.3669213975585373,0.06378439742058367,0.3459439566196025,0.018710296725187828,0.20821828651986504,0.25,0.3983787930825439,0.32051588033831285,229.54279267481078,213.45720732518922,0.3109908948624754,0.3300408658141503,AAA-P4,synthetic,True
H-0181,Hitter 181,2022,AAA,AAA-T4,batter,24.0,259.0,72.36373916612264,0.030829199596566634,0.2553514264278419,0.25793935101861354,0.29638307062670255,0.007691186113755586,0.21271765584877966,0.25,0.5875776580812837,0.39410322499955996,124.20322667662688,134.79677332337312,0.41649080792574145,0.3717156420733785,AAA-P3,synthetic,True
H-0183,Hitter 183,2022,AAA,AAA-T2,batter,25.8,460.0,117.64578417014313,0.04499762998923225,0.2892582515986542,0.17664068949573156,0.33205329526172606,0.040870474457407144,0.22719309948846614,0.25,0.5098460190219042,0.4016528005683855,222.4229620405219,237.5770379594781,0.4044773298498857,0.39882827128688525,AAA-P2,synthetic,True
H-0185,Hitter 185,2022,AAA,AAA-T1,batter,34.6,392.0,98.61559863028076,0.02,0.3068100203437107,0.04708127440610296,0.3119880820236862,0.005,0.21077725059053,0.25,0.37828008260847157,0.2735905296316468,201.2782990487143,190.7217009512857,0.2524506979190072,0.29473036134428643,AAA-P2,synthetic,True
H-0186,Hitter 186,2022,AAA,AAA-T6,batter,28.1,261.0,67.00352114850452,0.09633339873798806,0.30609518061475416,0.2365039375947558,0.3535462072263887,0.056740885376445345,0.2197802421231897,0.28647559712303866,0.5718585583173946,0.49231851416174416,125.87716319349357,135.12283680650643,0.5,0.4732200002852356,AAA-P1,synthetic,True
H-0188,Hitter 188,2022,AAA,AAA-T5,batter,28.5,408.0,102.04387311283325,0.05455684144152449,0.2847953965489512,0.22240206911258945,0.34221681704812673,0.030659789492664232,0.2306837427287674,0.25803313831590546,0.5566237508174021,0.4278806235312336,210.56633277751877,197.43366722248123,0.4090634668214825,0.44669778024098467,AAA-P2,synthetic,True
H-0189,Hitter 189,2022,AAA,AAA-T7,batter,29.0,310.0,85.16262553939153,0.0733821222777248,0.2641908375421312,0.19140995224696847,0.33150590930961815,0.023812596376553218,0.22317036776268062,0.2710207527533027,0.5245605431779303,0.4141013643275043,149.12334974856594,160.87665025143406,0.40418807266352746,0.4240146559914811,AAA-P2,synthetic,True
H-0191,Hitter 191,2022,AAA,AAA-T5,batter,32.5,635.0,162.70158797563522,0.02,0.34848097149026447,0.07887948034266758,0.29866922677491564,0.005,0.18936529993864862,0.25,0.40874640302015913,0.28641794355968764,334.82822912802953,300.17177087197047,0.31487267710020733,0.25796321001916794,AAA-P3,synthetic,True
H-0192,Hitter 192,2022,AAA,AAA-T6,batter,25.7,632.0,174.72565233116669,0.09241069490700858,0.1747893565725605,0.2568404837548605,0.3027190286523307,0.0663455049649437,0.23178431435732433,0.2920599346583331,0.5871123866200936,0.4916123669968444,311.5434506709087,320.4565493290913,0.492340119174073,0.4908846148196158,AAA-P3,synthetic,True
H-0194,Hitter 194,2022,AAA,AAA-T5,batter,24.7,484.0,130.5506983636968,0.060810884106886544,0.23254645612015554,0.19892634847354146,0.33406701882050865,0.025171664717610998,0.23984175642938868,0.2732702901564589,0.5323330503555923,0.4115550653682963,238.9771896337867,245.0228103662133,0.39681253149001217,0.4262975992465804,AAA-P4,synthetic,True
H-0195,Hitter 195,2022,AAA,AAA-T5,batter,28.0,292.0,78.48665573457956,0.11367769596118098,0.21156980339336978,0.2362556631692766,0.30052293062238344,0.02959798120007279,0.20721829611876302,0.2961784350060579,0.5663079562315149,0.46133621071382847,143.7598523057022,148.2401476942978,0.43912786429709905,0.4835445571305579,AAA-P1,synthetic,True
H-0196,Hitter 196,2022,AAA,AAA-T7,batter,25.2,484.0,124.96876149725314,0.092094187397882,0.2675835400739731,0.24091343282998667,0.2385248142699521,0.01217984499584436,0.15455972787706607,0.25,0.564765914256982,0.4114138647257532,245.6634837882519,238.3365162117481,0.41223023746063747,0.4105974919908689,AAA-P2,synthetic,True
H-0197,Hitter 197,2022,AAA,AAA-T6,batter,32.5,354.0,90.15256391235444,0.02,0.2604634787030419,0.02,0.3013042115745136,0.005,0.21754938424844816,0.25,0.35013042115745135,0.25495647405107974,188.03477948581866,165.96522051418134,0.25865587607259904,0.25125707202956044,AAA-P2,synthetic,True
H-0198,Hitter 198,2022,AAA,AAA-T4,batter,25.7,510.0,122.21461862655323,0.11920482796679405,0.22948101442575528,0.16574031542810985,0.266743506464474,0.005,0.17448382221016642,0.2755652679559438,0.49241466607455725,0.39246078032478215,272.20537080388226,237.79462919611774,0.3742058147840666,0.4107157458654977,AAA-P2,synthetic,True
H-0199,Hitter 199,2022,AAA,AAA-T2,batter,25.8,186.0,52.009246074232706,0.05249663249886571,0.23422729231967065,0.08218237504491402,0.2995004102007004,0.034266664241835235,0.21876647673946925,0.25,0.4121324160649841,0.3376130904118056,91.03500662288374,94.96499337711626,0.33941506003700145,0.33581112078660974,AAA-P4,synthetic,True
H-0200,Hitter 200,2022,AAA,AAA-T1,batter,22.6,644.0,155.2376278866735,0.02860952616950304,0.18196687411814633,0.15286894054840436,0.27699478694462776,0.022101886778105057,0.22198150482809942,0.25,0.4805684192428671,0.3409444591511888,323.1585558158784,320.8414441841216,0.35986611744229546,0.32202280086008217,AAA-P3,synthetic,True
H-0083,Hitter 83,2023,AAA,AAA-T3,batter,28.7,524.0,147.0795153526177,0.07185519951373177,0.2280742427813485,0.13859040435720785,0.3364116506287627,0.02882772741648339,0.23983605098658303,0.28381590220043124,0.47223156942008415,0.39021239445097855,283.34485408461313,240.65514591538687,0.3897177649116971,0.39070702399026,AAA-P4,synthetic,True
H-0084,Hitter 84,2023,AAA,AAA-T6,batter,26.8,645.0,177.76879969765284,0.091027180311434,0.26047970038233187,0.24142342019669133,0.35654916662437186,0.034045957924486524,0.23632657493895015,0.29912489343668347,0.5770783368591285,0.4719354777767521,292.0007533681982,352.9992466318018,0.48121756691644085,0.46265338863706335,AAA-P2,synthetic,True
H-0085,Hitter 85,2023,AAA,AAA-T2,batter,33.0,390.0,110.71613127131549,0.02,0.32076863162162367,0.02,0.30345233981074843,0.005,0.20079530121105973,0.25,0.35034523398107487,0.25570831893376195,213.56582753683938,176.43417246316062,0.27309924086678344,0.23831739700074045,AAA-P4,synthetic,True
H-0086,Hitter 86,2023,AAA,AAA-T5,batter,34.3,213.0,55.27240401222494,0.02,0.35472079178622357,0.02,0.25544438498486516,0.005,0.16047406278599155,0.25,0.34554443849848654,0.23890553474470283,99.29446884044164,113.70553115955836,0.24031495195482588,0.23749611753457978,AAA-P1,synthetic,True
H-0087,Hitter 87,2023,AAA,AAA-T7,batter,27.4,593.0,146.53746006557418,0.15718136580155276,0.24221054480550314,0.1272291525677792,0.3086648861491454,0.0075822522874316655,0.1865239653758436,0.3240293305810087,0.4580956411826937,0.4148597271842549,302.80067829761487,290.19932170238513,0.3894691263295214,0.4402503280389884,AAA-P2,synthetic,True
H-0088,Hitter 88,2023,AAA,AAA-T5,batter,24.7,395.0,103.80335432269423,0.07249142144495407,0.20740816107582438,0.21166292164050612,0.2947937327180324,0.043108324299145274,0.21874733864538498,0.26354440244541594,0.5411422949123094,0.4291339002342883,197.1722840262428,197.8277159737572,0.4513419117845822,0.40692588868399443,AAA-P5,synthetic,True
H-0089,Hitter 89,2023,AAA,AAA-T2,batter,24.4,318.0,78.18361853788107,0.08954069827457142,0.33187792795276566,0.09274284854727533,0.29279648586369744,0.05568695097654984,0.1777596356733086,0.25,0.42202249713364504,0.3862840814243904,145.31172511481856,172.68827488518144,0.38982168935182887,0.38274647349695196,AAA-P5,synthetic,True
H-0090,Hitter 90,2023,AAA,AAA-T1,batter,28.4,558.0,151.41765788256467,0.12019700023930517,0.20360671276871917,0.2610957405477354,0.31912279082223205,0.03013816923901306,0.22031037163436223,0.3144076818629644,0.5930080196299585,0.48655788657166105,252.21432277635387,305.78567722364613,0.4777583200049586,0.4953574531383635,AAA-P4,synthetic,True
H-0091,Hitter 91,2023,AAA,AAA-T3,batter,26.3,502.0,131.96460435718924,0.09990995467288116,0.20399855768185193,0.1562021690595225,0.31826548136864624,0.010847846685263427,0.22316906939482745,0.29929765782571527,0.48802871719638713,0.3970041417495174,266.33317376445814,235.66682623554186,0.39888246720863896,0.3951258162903959,AAA-P2,synthetic,True
H-0092,Hitter 92,2023,AAA,AAA-T5,batter,32.9,253.0,61.15747542223794,0.02,0.3503212126230684,0.02,0.297639842026212,0.005,0.18816749480212666,0.25,0.3497639842026212,0.2536739447091742,113.90896215156964,139.09103784843035,0.28566211825665844,0.22168577116168997,AAA-P1,synthetic,True
H-0093,Hitter 93,2023,AAA,AAA-T5,batter,27.1,589.0,149.37103146671748,0.10050840907722514,0.21083351610349768,0.14403348942256722,0.3094666920397115,0.042972411785273154,0.21956259812854884,0.29231347180190725,0.47498015862653836,0.41656281835711445,292.25057185090736,296.74942814909264,0.41523571196130954,0.41788992475291936,AAA-P1,synthetic,True
H-0094,Hitter 94,2023,AAA,AAA-T6,batter,33.0,189.0,50.94571313518185,0.02,0.3014937792825714,0.08419046032910142,0.3442698002340593,0.010487354954682455,0.23516230430715807,0.25,0.41861744035250736,0.31023780272214074,96.91089341659517,92.08910658340483,0.2735873239062486,0.34688828153803286,AAA-P3,synthetic,True
H-0095,Hitter 95,2023,AAA,AAA-T7,batter,28.7,549.0,146.78302743352046,0.06619339230513727,0.24816576281855307,0.16027031300094016,0.28774851911590466,0.02208263527806211,0.20060453305024512,0.25,0.4890451649125306,0.3750704002049357,288.44464295541195,260.55535704458805,0.38738655604163325,0.36275424436823817,AAA-P1,synthetic,True
H-0096,Hitter 96,2023,AAA,AAA-T2,batter,24.9,370.0,92.77474499996256,0.05485315716972497,0.18062780007595325,0.1716247668555048,0.31477588300245957,0.033906309955142044,0.24573810324845807,0.2714400982493931,0.5031023551557507,0.3934780697998238,169.61669013870244,200.38330986129756,0.3940946204043385,0.3928615191953091,AAA-P1,synthetic,True
H-0097,Hitter 97,2023,AAA,AAA-T4,batter,26.4,474.0,116.07414958574093,0.12928388973610916,0.2688140275331004,0.20661940209819454,0.29922712195932627,0.054447954785246035,0.18827262113464566,0.29137877486128205,0.5365421142941272,0.477872045961769,230.8815352859849,243.1184647140151,0.4886682446489391,0.46707584727459894,AAA-P2,synthetic,True
H-0098,Hitter 98,2023,AAA,AAA-T6,batter,34.5,299.0,84.40215292430112,0.02,0.3135283651985641,0.04699656888990045,0.2926538879353386,0.005,0.19579551512326132,0.25,0.3762619576834343,0.2667769736668138,137.34046155491473,161.65953844508527,0.2585195845841136,0.275034362749514,AAA-P3,synthetic,True
H-0099,Hitter 99,2023,AAA,AAA-T5,batter,34.3,472.0,114.33116460498961,0.02,0.3913920108994072,0.02,0.3083044350990513,0.005,0.18222045357444683,0.25,0.3508304435099051,0.25740655228466797,227.25279453608835,244.74720546391165,0.2608500806425628,0.2539630239267731,AAA-P5,synthetic,True
H-0101,Hitter 101,2023,AAA,AAA-T3,batter,31.7,441.0,105.43471374898951,0.02548985051376043,0.3380050361727824,0.07791903886919443,0.29888381189772156,0.040823633213249125,0.19636461954150464,0.25,0.4078074200589666,0.322048970793816,217.48900859245592,223.51099140754408,0.33841505298405167,0.30568288860358034,AAA-P2,synthetic,True
H-0102,Hitter 102,2023,AAA,AAA-T2,batter,34.6,602.0,159.9761685205055,0.02,0.24533373235551403,0.02,0.31263966512900704,0.005,0.23043581589794954,0.25,0.3512639665129007,0.2589238827951525,291.3965333677219,310.6034666322781,0.26457686681721754,0.25327089877308745,AAA-P5,synthetic,True
H-0103,Hitter 103,2023,AAA,AAA-T7,batter,29.4,189.0,46.97111309203573,0.07947670617698722,0.14925572338388654,0.1987707971495842,0.3213149607321536,0.0309707743859986,0.2524654252675312,0.30251453437565545,0.5309022932227996,0.4252915659598148,86.36427827403051,102.63572172596949,0.4636885362350891,0.38689459568454054,AAA-P4,synthetic,True
H-0104,Hitter 104,2023,AAA,AAA-T1,batter,23.3,311.0,74.16273824559606,0.04202347808081741,0.3035847045567811,0.18874276461324505,0.2910840000151481,0.005,0.1912329877750301,0.25,0.5178511646147599,0.3596043551991588,146.52127962624013,164.47872037375987,0.33659450522692064,0.38261420517139694,AAA-P5,synthetic,True
H-0105,Hitter 105,2023,AAA,AAA-T1,batter,31.6,533.0,147.2532956008462,0.02,0.26347299133657626,0.030091670103524912,0.3646094042855201,0.005,0.2620024857832566,0.25512723720493097,0.36655261053207694,0.2826637100568708,290.4338620480011,242.56613795199888,0.27588605758935925,0.28944136252438235,AAA-P5,synthetic,True
H-0106,Hitter 106,2023,AAA,AAA-T3,batter,22.8,569.0,135.5168796271681,0.0523681989929902,0.26086276388092783,0.08760881225907755,0.35537655832810006,0.02115938109399462,0.2472355239442694,0.2720236540951434,0.4231464680918875,0.348267824437016,305.7326417477907,263.2673582522093,0.34841046345474935,0.3481251854192826,AAA-P3,synthetic,True
H-0107,Hitter 107,2023,AAA,AAA-T3,batter,30.8,234.0,58.067761519799724,0.05438983355140869,0.2220525368095924,0.12362153191039166,0.28744771418435305,0.005,0.20873498672037896,0.25,0.45236630332882694,0.3311714260012251,128.69787430943686,105.30212569056314,0.34693531162522373,0.3154075403772265,AAA-P2,synthetic,True
H-0109,Hitter 109,2023,AAA,AAA-T5,batter,26.9,423.0,113.62861415705486,0.07318688138196651,0.21217245925539513,0.1767160477574484,0.27254925610979186,0.04240372300758734,0.20113533854623636,0.25,0.5039709733684276,0.40198023357922896,230.41595752767194,192.58404247232806,0.3951904923686877,0.40876997478977023,AAA-P4,synthetic,True
H-0110,Hitter 110,2023,AAA,AAA-T4,batter,24.4,607.0,169.7981128760652,0.02708988598746401,0.2581698021745879,0.22638751190861517,0.34198810934632856,0.033128214288398634,0.24940192006232495,0.25,0.560586322843248,0.4129872828717369,274.6345761247997,332.3654238752003,0.43042783131503515,0.3955467344284387,AAA-P5,synthetic,True
H-0111,Hitter 111,2023,AAA,AAA-T6,batter,24.4,228.0,60.56996519311395,0.10450178931963053,0.14341283649522485,0.1604482084064299,0.3004748664051114,0.06167859383080651,0.23523454140814054,0.3078862664197981,0.490495695046941,0.4420747048367927,120.3644508980189,107.6355491019811,0.4334217500944479,0.45072765957913746,AAA-P5,synthetic,True
H-0112,Hitter 112,2023,AAA,AAA-T5,batter,30.4,486.0,116.72546862276283,0.11465727356560311,0.1889803051497131,0.21004259304864092,0.29736913978015694,0.01335945781586926,0.20908061286503407,0.3010262983389914,0.5397795070266567,0.4318862286300119,241.4698951714419,244.5301048285581,0.42236915448512374,0.4414033027749001,AAA-P2,synthetic,True
H-0113,Hitter 113,2023,AAA,AAA-T2,batter,26.2,523.0,132.71331970552671,0.1251821373467423,0.20368500350319627,0.09601291337983425,0.3059882939088351,0.030139184997455052,0.20987967630710405,0.3100050560484795,0.42661174277071773,0.39465576786743023,265.92293707274723,257.07706292725277,0.3976322545134569,0.39167928122140355,AAA-P2,synthetic,True
H-0114,Hitter 114,2023,AAA,AAA-T6,batter,31.7,261.0,64.3912360589094,0.023729696528721644,0.16286616086932543,0.02,0.30988628076535013,0.005,0.25281278451004763,0.25058620258776454,0.350988628076535,0.26057098583797766,134.1537309318922,126.8462690681078,0.26563092608176425,0.2555110455941911,AAA-P1,synthetic,True
H-0116,Hitter 116,2023,AAA,AAA-T7,batter,28.5,364.0,88.83392814618468,0.12716487208378102,0.25001525651277806,0.1956512049920768,0.2565931969352901,0.060440836363793604,0.1688774673728042,0.27099507981019266,0.5213105246856058,0.4608279448590547,180.7053319819569,183.2946680180431,0.44642600225975976,0.47522988745834965,AAA-P1,synthetic,True
H-0117,Hitter 117,2023,AAA,AAA-T4,batter,24.0,396.0,100.71896801128018,0.08208788811111335,0.21845878386853818,0.1350456037447963,0.3061022080251362,0.03530503558031729,0.21939996345460616,0.27478167541691606,0.4656558245473099,0.39064690856850054,178.82279459944834,217.17720540055166,0.39094905034158817,0.3903447667954129,AAA-P2,synthetic,True
H-0119,Hitter 119,2023,AAA,AAA-T6,batter,28.9,467.0,121.46258919322106,0.03628674381617492,0.1805449914193678,0.04924502608249742,0.29464031977985033,0.017218090531298094,0.23333566155132493,0.25,0.37870905806048244,0.29110587841781194,210.45678293663195,256.54321706336805,0.26907235008315195,0.3131394067524719,AAA-P4,synthetic,True
H-0121,Hitter 121,2023,AAA,AAA-T5,batter,24.1,284.0,73.77516464767066,0.029026327633831346,0.27377700075628364,0.14815626020080447,0.32285592842605665,0.034525003241058824,0.23027282919432476,0.25,0.48044185304341014,0.3658764503201972,127.95931436810275,156.04068563189725,0.36031302701189694,0.3714398736284975,AAA-P4,synthetic,True
H-0122,Hitter 122,2023,AAA,AAA-T3,batter,27.9,199.0,52.55734678229903,0.06747832552825342,0.2576039142533048,0.14756850509331323,0.28001947869820387,0.005,0.18974011938052743,0.25,0.47557045296313366,0.35090432321547105,99.42728934882035,99.57271065117965,0.3391290614826552,0.3626795849482869,AAA-P5,synthetic,True
H-0124,Hitter 124,2023,AAA,AAA-T6,batter,28.3,348.0,85.92062562062787,0.04869330832533261,0.31410877192086556,0.21477114896220856,0.349782040364528,0.015918325744338713,0.2252681373491684,0.25,0.5497493529986613,0.4089596550544372,162.79710064853094,185.20289935146906,0.4038091996572538,0.4141101104516206,AAA-P4,synthetic,True
H-0125,Hitter 125,2023,AAA,AAA-T1,batter,22.9,309.0,79.07783492429243,0.058795396092650734,0.24631262390042147,0.14814063547269923,0.32102517307098766,0.023369656635020268,0.22658326664261835,0.2595654324252795,0.480243152779798,0.376025628321204,139.41847667822984,169.58152332177016,0.35398601766508775,0.39806523897732027,AAA-P3,synthetic,True
H-0126,Hitter 126,2023,AAA,AAA-T6,batter,29.6,551.0,142.82998689457045,0.09314052252281813,0.2750672417203724,0.06153360649558347,0.2551830281750661,0.03716978580917182,0.1667981237692937,0.25,0.3870519093130901,0.3418087164280713,265.7425840222075,285.2574159777925,0.3260192897376567,0.3575981431184859,AAA-P1,synthetic,True
H-0127,Hitter 127,2023,AAA,AAA-T3,batter,24.7,218.0,57.47448420825672,0.036008488145449435,0.11263091451063573,0.16940589022825406,0.305555975056091,0.07045646054898455,0.2707067865281037,0.2701329738466298,0.4999614877338632,0.4087345870910723,104.88226169394757,113.11773830605243,0.4422474227702715,0.3752217514118731,AAA-P1,synthetic,True
H-0129,Hitter 129,2023,AAA,AAA-T5,batter,30.0,347.0,90.35532785659942,0.10175674947745703,0.3042497844039488,0.11591342939811719,0.3364601329424718,0.04391624155993242,0.20644255681121165,0.2816263579969567,0.4495594426923643,0.41226777473698867,160.03822174552346,186.96177825447654,0.3886890573424512,0.43584649213152615,AAA-P5,synthetic,True
H-0130,Hitter 130,2023,AAA,AAA-T3,batter,26.9,386.0,106.66643428947349,0.13116484930086075,0.23878569057916318,0.2079080847944873,0.32768273193481906,0.031947233970105626,0.2112484134416874,0.3169755448124152,0.5406763579879691,0.46960630789785224,207.98945945915068,178.01054054084932,0.460521084218288,0.47869153157741645,AAA-P4,synthetic,True
H-0131,Hitter 131,2023,AAA,AAA-T4,batter,26.6,189.0,52.94920317072408,0.08944643121866099,0.20101669181503176,0.09794444663844014,0.34592479887988997,0.06771221419212824,0.25560323359125425,0.3103481925348525,0.43253692652642917,0.4184966198850817,85.966259463593,103.033740536407,0.41707968884832003,0.41991355092184335,AAA-P3,synthetic,True
H-0132,Hitter 132,2023,AAA,AAA-T6,batter,24.8,444.0,106.38982391493593,0.07571199418544347,0.30636736046128527,0.204967662179311,0.32471616693696526,0.005,0.2013988234303301,0.2562959352727406,0.5374392788730076,0.4038812685563693,200.25962975845374,243.74037024154626,0.4094207733084447,0.3983417638042939,AAA-P2,synthetic,True
H-0133,Hitter 133,2023,AAA,AAA-T3,batter,29.8,233.0,57.06230027626166,0.05383604127942591,0.178233072394754,0.12662435800877508,0.33518914136757016,0.05644484393594565,0.2658688210075806,0.2854979262548958,0.4601432721455321,0.39544518482142504,107.82845509765916,125.17154490234084,0.3853047986124521,0.405585571030398,AAA-P3,synthetic,True
H-0134,Hitter 134,2023,AAA,AAA-T2,batter,26.0,222.0,54.888384343984974,0.09200069004529247,0.24543714240718242,0.17766128939856124,0.29348499233662595,0.038542753658696395,0.20023346571402814,0.2670075374439938,0.5070097886322238,0.4195224178115593,104.1175914173157,117.8824085826843,0.4364196767643406,0.402625158858778,AAA-P3,synthetic,True
H-0135,Hitter 135,2023,AAA,AAA-T4,batter,23.0,600.0,143.8631510766309,0.02,0.2215044039754855,0.18231599847215707,0.3231424504228533,0.005,0.24585212553430424,0.25,0.5146302435144424,0.35187365680768506,326.25945545537917,273.74054454462083,0.3477029931070714,0.3560443205082987,AAA-P5,synthetic,True
H-0136,Hitter 136,2023,AAA,AAA-T1,batter,29.4,597.0,142.25366271807533,0.10803590376592415,0.3228717150764886,0.20561390913952973,0.2960110773900651,0.025110583914380036,0.17222423646809198,0.2596477877587656,0.5352150168785362,0.4349161852723531,290.25411456872587,306.74588543127413,0.43890521841053953,0.43092715213416666,AAA-P1,synthetic,True
H-0138,Hitter 138,2023,AAA,AAA-T7,batter,27.6,524.0,143.95783008814257,0.09693997523457915,0.209001052070587,0.16465116092422513,0.29393845502738525,0.04279367238243191,0.21042967298917842,0.2805495351532114,0.49404500642696364,0.4198088855763028,258.3457291971017,265.6542708028983,0.43417874109998267,0.40543903005262294,AAA-P5,synthetic,True
H-0140,Hitter 140,2023,AAA,AAA-T7,batter,33.3,426.0,115.41318542262229,0.02,0.33773814322461576,0.02,0.27031446200835935,0.005,0.17436266828272792,0.25,0.3470314462008359,0.2441100617029258,206.3528003956388,219.6471996043612,0.24616232516631534,0.24205779823953624,AAA-P5,synthetic,True
H-0141,Hitter 141,2023,AAA,AAA-T6,batter,29.6,619.0,156.18648451827949,0.06823404739727773,0.234304561824408,0.2080983861237953,0.24076800363693163,0.03133652254222288,0.172626865052866,0.25,0.5321751864874885,0.39468961710710854,337.48325808620854,281.51674191379146,0.3920565023406775,0.39732273187353956,AAA-P3,synthetic,True
H-0142,Hitter 142,2023,AAA,AAA-T1,batter,25.2,392.0,105.54174642780565,0.06301404687017809,0.23036627596885184,0.1639346983490595,0.3207523388487134,0.0300377723898852,0.2311555799843867,0.2669989695834916,0.4960099322339308,0.39357123064905375,184.5327256901007,207.4672743098993,0.38575415300749816,0.40138830829060934,AAA-P1,synthetic,True
H-0143,Hitter 143,2023,AAA,AAA-T5,batter,33.4,344.0,94.591667636368,0.02,0.26200299378633185,0.15806653004304627,0.30849485794984716,0.011656384296678209,0.2232468420848028,0.25,0.48891601583803096,0.33940053767313233,156.18530031142726,187.81469968857274,0.33295303664130776,0.3458480387049569,AAA-P1,synthetic,True
H-0144,Hitter 144,2023,AAA,AAA-T1,batter,30.0,532.0,147.01629302266093,0.06507493502732267,0.24927191387923772,0.32969917691127393,0.2958230133121371,0.01294300547371036,0.20477343206447993,0.25,0.6592814782424876,0.4620737614059139,259.86998285668085,272.13001714331915,0.444663998664301,0.47948352414752676,AAA-P2,synthetic,True
H-0145,Hitter 145,2023,AAA,AAA-T4,batter,24.3,453.0,127.65330109003841,0.05359659670452595,0.22299875195950083,0.17809593303267096,0.30636066455767674,0.03587498269923767,0.22700397713228884,0.25305705345918883,0.5087319994884386,0.39498409788563793,229.9878067769774,223.0121932230226,0.39811804108186155,0.3918501546894143,AAA-P5,synthetic,True
H-0146,Hitter 146,2023,AAA,AAA-T3,batter,23.9,510.0,124.26543261823905,0.07525026689004151,0.26444830318157264,0.08604792253812749,0.3180691373681683,0.016423324418140595,0.21248500488301075,0.2642696224883022,0.4178548362749443,0.3461067342741846,230.1942926081819,279.8057073918181,0.3546433027226903,0.3375701658256789,AAA-P3,synthetic,True
H-0148,Hitter 148,2023,AAA,AAA-T4,batter,30.6,331.0,79.55082354133131,0.040521207103073234,0.2571617910606828,0.1473470881259617,0.27613198904787883,0.034819655847587075,0.19915513903632284,0.25,0.47496028703074955,0.3573896298710161,178.90598904842847,152.09401095157153,0.3451239802078563,0.3696552795341759,AAA-P5,synthetic,True
H-0149,Hitter 149,2023,AAA,AAA-T2,batter,33.3,228.0,57.07375559069008,0.02,0.18212602438701692,0.08889621665594083,0.31698119022771387,0.005,0.2536610424415213,0.25,0.4205943356787122,0.2983363357404673,109.04189270219351,118.95810729780649,0.3116160374874695,0.2850566339934651,AAA-P4,synthetic,True
H-0150,Hitter 150,2023,AAA,AAA-T4,batter,24.4,517.0,134.68081175667635,0.07402872625898382,0.3017853920727243,0.08578416169077858,0.2943362878198582,0.028741456990776182,0.18803177386842676,0.25,0.41521779047276436,0.3478864093398658,239.6982496980968,277.3017503019032,0.3652434366113481,0.3305293820683835,AAA-P5,synthetic,True
H-0151,Hitter 151,2023,AAA,AAA-T6,batter,29.3,396.0,110.79328187081168,0.1293346863218038,0.20434627305129668,0.041476938304958515,0.24258656640278337,0.016362986636877474,0.1640944961900079,0.27481072969683246,0.36573559494523683,0.3329785827071537,210.68422654819065,185.31577345180935,0.31135581923608024,0.35460134617822714,AAA-P4,synthetic,True
H-0152,Hitter 152,2023,AAA,AAA-T4,batter,31.6,532.0,128.44949314416988,0.02,0.280460333942341,0.12064834119034278,0.35616236624593184,0.005,0.24989970274598478,0.25,0.45626457781493596,0.3295134158407647,256.94361911394043,275.05638088605957,0.3181930972941081,0.3408337343874213,AAA-P4,synthetic,True
H-0153,Hitter 153,2023,AAA,AAA-T1,batter,25.2,623.0,167.60592279710664,0.08490918753910394,0.1578889693977732,0.1396879500002725,0.31607147919723794,0.024064980094783243,0.24293965360205355,0.3003061034681564,0.4712950979199963,0.3885483035818608,294.383938144999,328.616061855001,0.3788693903408458,0.3982272168228758,AAA-P3,synthetic,True
H-0154,Hitter 154,2023,AAA,AAA-T6,batter,32.9,529.0,147.65944912695397,0.02,0.4017927023526214,0.09889367710417363,0.27659048857068597,0.005,0.1606766389514245,0.25,0.4265527259612422,0.28969819340703556,274.1139976163548,254.88600238364518,0.2830574976828857,0.29633888913118545,AAA-P1,synthetic,True
H-0155,Hitter 155,2023,AAA,AAA-T2,batter,33.0,451.0,111.74437799902832,0.02,0.3036241779698528,0.10529376540951087,0.2871845092133487,0.005,0.19499465849350311,0.25,0.4340122163308457,0.296926149199903,218.40244874814485,232.59755125185515,0.2769344461552664,0.3169178522445396,AAA-P5,synthetic,True
H-0156,Hitter 156,2023,AAA,AAA-T2,batter,34.0,412.0,114.66625761397924,0.02,0.31477910578546187,0.09027824363832593,0.25449419967035475,0.005,0.1700448590771266,0.25,0.4157276636053614,0.27722600388570345,213.2882654383883,198.7117345616117,0.2870262490213563,0.2674257587500506,AAA-P2,synthetic,True
H-0157,Hitter 157,2023,AAA,AAA-T3,batter,29.2,443.0,118.99101130419956,0.08155297824821788,0.2137384278958818,0.17693706889410396,0.3412876239767017,0.02124743823346221,0.24369543732806206,0.2980104676819563,0.5110658312917741,0.4129758354674713,206.9521505901543,236.0478494098457,0.420810641753235,0.4051410291817076,AAA-P3,synthetic,True
H-0158,Hitter 158,2023,AAA,AAA-T1,batter,34.2,444.0,118.86536763540506,0.02,0.31333189916707765,0.021153499942751064,0.3355391101554506,0.005,0.22444322132250297,0.25,0.3547074109582961,0.2675731135229208,235.48662236463161,208.51337763536839,0.24438965678315558,0.29075657026268603,AAA-P5,synthetic,True
H-0159,Hitter 159,2023,AAA,AAA-T5,batter,24.2,289.0,78.0886999348293,0.0870055631633247,0.26686412237555907,0.11496319981621234,0.2952684297397214,0.05363340231107461,0.19882689370482742,0.2587092581856743,0.44449004279018445,0.3957476666021137,143.84223916342802,145.15776083657198,0.3872758782234415,0.4042194549807859,AAA-P1,synthetic,True
H-0162,Hitter 162,2023,AAA,AAA-T7,batter,30.2,309.0,76.94118883278125,0.07662799588693667,0.19475926904469912,0.084619086937782,0.3447918436473715,0.007313501273154322,0.2523167534201483,0.30272575129319435,0.41909827130251914,0.34743939135905466,169.27279753580947,139.72720246419053,0.34733358263080216,0.34754520008730716,AAA-P5,synthetic,True
H-0164,Hitter 164,2023,AAA,AAA-T3,batter,24.3,407.0,103.61286910991741,0.07499923551827334,0.15150136943180365,0.15178333041815295,0.2973058540675771,0.05121705819241462,0.23764845699493375,0.28196854395773774,0.48151391582491065,0.40613269788960055,220.78809563723348,186.21190436276652,0.4178295957129957,0.3944358000662054,AAA-P5,synthetic,True
H-0165,Hitter 165,2023,AAA,AAA-T5,batter,31.5,210.0,53.69573349103317,0.02,0.24143974893279335,0.11681258840192565,0.324937598794905,0.005,0.24073599454714034,0.25,0.44930634828141613,0.31647508319927586,101.01204839686623,108.98795160313377,0.3265794965806864,0.3063706698178653,AAA-P2,synthetic,True
H-0166,Hitter 166,2023,AAA,AAA-T4,batter,26.9,619.0,176.2465723419424,0.1344517634815971,0.22868236014860266,0.11766211945862166,0.3548996495228989,0.033484601343210615,0.23104616651821758,0.3378728921666595,0.45315208441091154,0.4331814186812641,321.4027471320726,297.5972528679274,0.43520801064234266,0.4311548267201855,AAA-P1,synthetic,True
H-0168,Hitter 168,2023,AAA,AAA-T2,batter,31.6,278.0,77.98409922948363,0.02,0.23564043490121026,0.1373795846949193,0.34228360924615664,0.046539576238912174,0.2617630149547501,0.25,0.47160794561953495,0.3712436534333814,147.8656760578666,130.1343239421334,0.3856494636250566,0.3568378432417062,AAA-P4,synthetic,True
H-0169,Hitter 169,2023,AAA,AAA-T5,batter,27.8,214.0,59.728717997017306,0.0961303176541583,0.2286605841844461,0.19228756199886982,0.29152069337325537,0.027040975153987703,0.20089357074103867,0.27328399967530476,0.5214396313361953,0.4194185017765175,100.49112022259756,113.50887977740244,0.41153647171061286,0.42730053184242217,AAA-P1,synthetic,True
H-0170,Hitter 170,2023,AAA,AAA-T5,batter,23.9,425.0,119.3311188522607,0.06033806645891876,0.2039210122319252,0.11199516872972015,0.3175475705089298,0.03371073950496066,0.23868935301146826,0.27060753433607054,0.4437499257806131,0.36531530455517924,215.6707812071273,209.3292187928727,0.3723178386214169,0.3583127704889416,AAA-P1,synthetic,True
H-0171,Hitter 171,2023,AAA,AAA-T7,batter,25.1,591.0,151.27205132849343,0.0956330591107429,0.21418107616849805,0.22641963669994147,0.2947043641625071,0.01625181347686598,0.20583855843801133,0.2786937668855762,0.5558900731161921,0.4292471011485447,318.927911412332,272.072088587668,0.44464920103517697,0.4138450012619124,AAA-P5,synthetic,True
H-0172,Hitter 172,2023,AAA,AAA-T3,batter,26.1,372.0,98.92523944315494,0.07817690991493428,0.1410649984753968,0.1255467462858732,0.3099215802531426,0.03725796730097497,0.2475624766422427,0.2959533133073211,0.45653890431118743,0.38577927105716164,198.7480252170051,173.2519747829949,0.39162708886899483,0.37993145324532845,AAA-P1,synthetic,True
H-0173,Hitter 173,2023,AAA,AAA-T7,batter,29.3,499.0,135.87696639724297,0.07504911367519691,0.2686134100455304,0.20455463879330613,0.3273379219096974,0.04425636598455635,0.22148260045439586,0.2684088446762381,0.5372884309842758,0.43943843296345103,267.1728820133609,231.8271179866391,0.44701185226924456,0.4318650136576575,AAA-P5,synthetic,True
H-0174,Hitter 174,2023,AAA,AAA-T1,batter,26.6,277.0,67.14141164607443,0.03725551843548376,0.2126650101167476,0.08932128810045939,0.3218591591467843,0.04292436017176442,0.2478586019992079,0.2545334716115827,0.42150720401513786,0.3464882012160538,126.35850905864058,150.64149094135942,0.3471042378276398,0.34587216460446774,AAA-P1,synthetic,True
H-0175,Hitter 175,2023,AAA,AAA-T5,batter,33.3,513.0,136.8107959597346,0.02,0.2818665660709824,0.05010515961878559,0.3410211720346211,0.005,0.23882828187502828,0.25,0.3842072768222477,0.28541524800244944,270.6856414682983,242.3143585317017,0.2782142615571123,0.29261623444778656,AAA-P2,synthetic,True
H-0177,Hitter 177,2023,AAA,AAA-T7,batter,33.8,298.0,75.78588294301649,0.02,0.30611084295533586,0.02,0.30225955141077404,0.005,0.20443943430890485,0.25,0.3502259551410774,0.2552908429937709,138.91900962893325,159.08099037106675,0.26262713907783036,0.2479545469097115,AAA-P4,synthetic,True
H-0178,Hitter 178,2023,AAA,AAA-T2,batter,28.5,470.0,124.28272789490727,0.056351260989564604,0.269616082080066,0.08593619580267967,0.32601905160619593,0.04011743074069014,0.22576510217514703,0.25412399979720374,0.4185381009632993,0.3569231461129587,235.936593162069,234.063406837931,0.3424027694482382,0.3714435227776792,AAA-P4,synthetic,True
H-0180,Hitter 180,2023,AAA,AAA-T6,batter,22.8,344.0,86.0333566264098,0.029670378583196856,0.3234370568548214,0.11155813657402455,0.3352346977314708,0.005,0.2176108333456719,0.25,0.4450816063471716,0.3239583843299661,158.75064870020967,185.24935129979033,0.3083157105133575,0.3396010581465747,AAA-P2,synthetic,True
H-0181,Hitter 181,2023,AAA,AAA-T3,batter,24.1,459.0,120.30221978676997,0.031986913013039645,0.2555675047496627,0.21467317039147524,0.31279448170365437,0.027796553833032374,0.22701852971292863,0.25,0.5459526185618406,0.3949560498704473,223.4329121392894,235.5670878607106,0.4122139118884806,0.377698187852414,AAA-P3,synthetic,True
H-0182,Hitter 182,2023,AAA,AAA-T5,batter,30.2,230.0,60.31382889412294,0.04888765234568866,0.14278438156941053,0.08917962839193914,0.3128440192854214,0.038190998543015,0.2586092195922624,0.2764801651754178,0.4204640303204813,0.34713745769615956,117.2572376080875,112.7427623919125,0.3877279007046245,0.30654701468769463,AAA-P3,synthetic,True
H-0183,Hitter 183,2023,AAA,AAA-T5,batter,26.0,229.0,55.58299279218998,0.05187358974969735,0.3020794463320042,0.22601741333312894,0.3432082117135888,0.04040836773848033,0.22778987833016467,0.2514293506021507,0.5603382345044878,0.43711149522239745,114.12536242130123,114.87463757869877,0.44526990365658153,0.42895308678821337,AAA-P2,synthetic,True
H-0184,Hitter 184,2023,AAA,AAA-T5,batter,27.8,354.0,85.19066420945639,0.11800102362200052,0.22926211038420932,0.1390456079229638,0.24246099168029028,0.05875853746738554,0.16707700845524695,0.26043792867362575,0.46329170709099277,0.41681983170177905,163.3184463881461,190.6815536118539,0.4371797296895519,0.39645993371400623,AAA-P2,synthetic,True
H-0185,Hitter 185,2023,AAA,AAA-T3,batter,34.7,614.0,147.5985762707278,0.02,0.33181215067804304,0.05157262668035045,0.33595988687662504,0.005,0.21851511653300754,0.25,0.38516861536801295,0.2844509050810115,303.3531077086371,310.6468922913629,0.29157885278929513,0.2773229573727279,AAA-P5,synthetic,True
H-0186,Hitter 186,2023,AAA,AAA-T1,batter,28.3,285.0,78.55219796855717,0.08818425656345191,0.3064049017341075,0.1991836027087511,0.32991465788741525,0.05299566947978015,0.20768326114355984,0.2679447762128855,0.5321750684974926,0.4544461938766269,156.47177006470892,128.52822993529108,0.4531663657676481,0.45572602198560563,AAA-P3,synthetic,True
H-0187,Hitter 187,2023,AAA,AAA-T4,batter,32.7,511.0,124.92455598121336,0.02,0.32481657248745743,0.1127658661441528,0.2663205372029648,0.01872599457967683,0.17729770156857158,0.25,0.43939791986444926,0.3060868095220309,268.17947074199225,242.82052925800775,0.3062414205586259,0.30593219848543585,AAA-P5,synthetic,True
H-0188,Hitter 188,2023,AAA,AAA-T7,batter,28.6,566.0,136.43889875275127,0.08640229574424654,0.30274048056812897,0.20249440209176844,0.32277042099880243,0.04013640960527734,0.2031871047006058,0.26385227467807937,0.5347714441916487,0.4409459441657757,292.2153004138163,273.7846995861837,0.45936754975020494,0.42252433858134647,AAA-P1,synthetic,True
H-0190,Hitter 190,2023,AAA,AAA-T5,batter,23.2,584.0,147.61629991533215,0.021386183917707295,0.27555877034540227,0.13607729204133148,0.28284108306513306,0.018258826622905056,0.2015916745840645,0.25,0.4643614003478448,0.32524016239853853,302.9734201600589,281.0265798399411,0.33171867742379935,0.3187616473732777,AAA-P5,synthetic,True
H-0191,Hitter 191,2023,AAA,AAA-T5,batter,32.6,415.0,103.89000975376293,0.02,0.34508638939305275,0.08230268259146997,0.29457361931115345,0.005,0.1877788002264008,0.25,0.4117600445225853,0.2868672421842122,196.98649211548855,218.01350788451145,0.30021585882743745,0.273518625540987,AAA-P4,synthetic,True
H-0192,Hitter 192,2023,AAA,AAA-T2,batter,25.8,340.0,96.38990263910277,0.09109391314818158,0.21412655900064276,0.2289101038590046,0.304577824231545,0.04991986034905904,0.21910241596589006,0.2815469063703597,0.5593678862821592,0.4611964091213735,159.40050247723042,180.59949752276958,0.44502556670887505,0.47736725153387194,AAA-P2,synthetic,True
H-0194,Hitter 194,2023,AAA,AAA-T4,batter,24.9,313.0,84.06354499154881,0.036329080092367336,0.21048447032950715,0.24574091295648817,0.31683586442040773,0.028426036432978717,0.24290038528677005,0.25110191193200826,0.5774244993985289,0.41706384352754916,156.53072513931178,156.46927486068822,0.4383086365032445,0.39581905055185385,AAA-P4,synthetic,True
H-0195,Hitter 195,2023,AAA,AAA-T2,batter,28.1,362.0,95.22921111377073,0.11346847008946438,0.2477519970360866,0.22123365840601142,0.2917645735479152,0.033085367072595316,0.19133604306113938,0.28120438428968947,0.550410115760803,0.4530008722930375,191.71766515571485,170.28233484428515,0.46023527897679783,0.44576646560927713,AAA-P5,synthetic,True
H-0196,Hitter 196,2023,AAA,AAA-T2,batter,25.4,642.0,174.33342880642022,0.09066102278251248,0.2298301978222154,0.27366329202186057,0.24824569599138874,0.011173850757759708,0.1703612074869023,0.25,0.5984878616209994,0.43091998583875185,328.01578066352283,313.98421933647717,0.4050769303035821,0.4567630413739216,AAA-P5,synthetic,True
H-0197,Hitter 197,2023,AAA,AAA-T5,batter,32.7,591.0,153.47084201151856,0.02,0.265121882091121,0.02,0.28418961660475567,0.005,0.20391093824765363,0.25,0.3484189616604756,0.24896636581166448,298.2469260003396,292.7530739996604,0.2581465850758796,0.23978614654744934,AAA-P5,synthetic,True
H-0200,Hitter 200,2023,AAA,AAA-T5,batter,22.8,346.0,95.63947510484823,0.05022192905193063,0.18453646444041702,0.17740773819901504,0.31034299142912686,0.030212278170727306,0.24201921105522467,0.26396056144858465,0.5084420373419277,0.38854070369965876,190.2179618572616,155.7820381427384,0.3636703470193128,0.41341106038000475,AAA-P5,synthetic,True
H-0081,Hitter 81,2024,AAA,AAA-T5,batter,28.1,407.0,102.96048212239936,0.0810799491350239,0.26962520591747635,0.20551980224093094,0.319070513411415,0.04582040267495072,0.21404389993402642,0.2675337047145293,0.5374268535820724,0.4427048977284796,212.23796847409525,194.76203152590475,0.46797197841309,0.4174378170438692,AAA-P2,synthetic,True
H-0082,Hitter 82,2024,AAA,AAA-T7,batter,34.0,258.0,66.32297570745756,0.02,0.4268443914907841,0.04631433342543778,0.31920737021432055,0.005,0.17732134711152903,0.25,0.3782350704468698,0.275695462959003,127.87562586487648,130.1243741351235,0.25661687958675206,0.2947740463312539,AAA-P4,synthetic,True
H-0084,Hitter 84,2024,AAA,AAA-T1,batter,26.9,430.0,112.16589071682795,0.11191773417941807,0.2652307061639785,0.22677570599471805,0.30782324765488395,0.03853923222342652,0.19750907473391932,0.2844731050897829,0.5575580307602064,0.4654924979029808,214.21190098991332,215.78809901008668,0.4513814717263317,0.4796035240796299,AAA-P5,synthetic,True
H-0085,Hitter 85,2024,AAA,AAA-T3,batter,33.2,325.0,78.80482413761092,0.02,0.344496759615186,0.02,0.31060368075299555,0.005,0.19813964559397895,0.25,0.35106036807529956,0.25821128826354844,147.8724385097492,177.1275614902508,0.2576679092703881,0.2587546672567088,AAA-P5,synthetic,True
H-0086,Hitter 86,2024,AAA,AAA-T3,batter,34.4,250.0,69.70545476839177,0.02,0.3500221368821562,0.02,0.2882747333936273,0.005,0.18235670053418346,0.25,0.34882747333936276,0.25039615668776954,112.72713937543632,137.2728606245637,0.24887990179698838,0.2519124115785507,AAA-P3,synthetic,True
H-0088,Hitter 88,2024,AAA,AAA-T3,batter,24.9,504.0,137.55652678182565,0.06602377030114913,0.23937409538920737,0.23591863729686097,0.308082374557342,0.05178453420831942,0.22176235504196065,0.2586189777207906,0.5667268747525952,0.4504068016066351,262.3983635097674,241.60163649023258,0.43949149282517974,0.46132211038809046,AAA-P4,synthetic,True
H-0089,Hitter 89,2024,AAA,AAA-T2,batter,24.6,322.0,82.9791019911497,0.11613095858040062,0.31526205368301524,0.13685033899292726,0.2717376136955613,0.05535918387002954,0.16281578355866508,0.2551916739607452,0.46402410036248337,0.42149078772886345,177.0357291154127,144.9642708845873,0.414478800034831,0.4285027754228959,AAA-P1,synthetic,True
H-0090,Hitter 90,2024,AAA,AAA-T4,batter,28.5,212.0,52.0739245591395,0.1425231618413281,0.22595350081865123,0.2451801109181324,0.30987437453603506,0.05620036269372494,0.2041229535672071,0.31864677108816164,0.576167548371736,0.5,111.95182736727615,100.04817263272385,0.5,0.4828075190086081,AAA-P5,synthetic,True
H-0091,Hitter 91,2024,AAA,AAA-T4,batter,26.4,593.0,149.50439663238024,0.07232348144569138,0.15785254734908785,0.15585176671734183,0.3320080047452403,0.007194420287372486,0.2566668837280085,0.30235243006210377,0.48905256719186585,0.3790226886259913,286.41229539146315,306.58770460853685,0.39786390859022897,0.36018146866175366,AAA-P1,synthetic,True
H-0092,Hitter 92,2024,AAA,AAA-T1,batter,33.0,231.0,56.485716413739134,0.02,0.3712534112297914,0.02,0.26883240195878494,0.005,0.16440080764331189,0.25,0.3468832401958785,0.24359134068557475,110.86713833091335,120.13286166908665,0.23903900126562436,0.24814368010552515,AAA-P1,synthetic,True
H-0093,Hitter 93,2024,AAA,AAA-T6,batter,27.3,588.0,145.17437175267594,0.09525977505597834,0.22390758276231448,0.14655952905290748,0.29804966329636307,0.039499220025766585,0.20884682276729602,0.2778895208430663,0.4763644953825438,0.40715626369520097,310.6518238301345,277.3481761698655,0.41099665912438116,0.4033158682660208,AAA-P4,synthetic,True
H-0094,Hitter 94,2024,AAA,AAA-T5,batter,33.1,214.0,59.91081050738121,0.02,0.2896161543745759,0.09692270905391316,0.32494275953237656,0.005,0.22508523193409957,0.25,0.4294169850071508,0.305537455815984,110.41526286270191,103.58473713729809,0.3153296865505219,0.29574522508144613,AAA-P2,synthetic,True
H-0096,Hitter 96,2024,AAA,AAA-T1,batter,25.0,623.0,150.6962514723613,0.05062512208146016,0.20550307047513305,0.19539986412154395,0.32514102042498544,0.05028820424719584,0.24940646917460693,0.26830203676523495,0.5279139661640424,0.42196625169509244,320.67286380764045,302.32713619235955,0.4180596127306849,0.42587289065949996,AAA-P1,synthetic,True
H-0099,Hitter 99,2024,AAA,AAA-T1,batter,34.5,391.0,109.27489639186116,0.02,0.38245713898295497,0.02,0.3307879975517112,0.005,0.1984100064471488,0.25,0.35307879975517115,0.2652757991430989,179.70868475044583,211.29131524955417,0.2589136243593217,0.2716379739268761,AAA-P2,synthetic,True
H-0100,Hitter 100,2024,AAA,AAA-T5,batter,29.5,346.0,84.89224799349513,0.0622674758208424,0.20430900773359945,0.20727181587687127,0.37353815426243187,0.008183234288908953,0.2751891517690725,0.308832975784005,0.5446256313031144,0.4156899966587381,158.25869491014663,187.74130508985337,0.41956153918286193,0.4118184541346143,AAA-P2,synthetic,True
H-0102,Hitter 102,2024,AAA,AAA-T4,batter,34.7,219.0,58.490036569864856,0.02,0.26030035348265074,0.02,0.29734987669857005,0.005,0.21475260115193825,0.25,0.349734987669857,0.2535724568444995,114.93063188811112,104.06936811188888,0.23819701855403225,0.2689478951349668,AAA-P4,synthetic,True
H-0103,Hitter 103,2024,AAA,AAA-T1,batter,29.6,616.0,173.54248143684794,0.07780520478415873,0.15629088718423365,0.19482418219857894,0.303220776599984,0.04837717101352794,0.23949455344633594,0.2868193847990348,0.5251462598585773,0.43128366928029904,327.94378141195716,288.05621858804284,0.4299939730433679,0.4325733655172302,AAA-P1,synthetic,True
H-0104,Hitter 104,2024,AAA,AAA-T7,batter,23.5,457.0,117.36671004641764,0.03176116672622066,0.311152395998602,0.21290729098895644,0.3237003938408606,0.005,0.21344913853346284,0.25,0.5452773303730425,0.3771269645965817,239.38538949706998,217.61461050293002,0.38775688984288226,0.3664970393502811,AAA-P1,synthetic,True
H-0105,Hitter 105,2024,AAA,AAA-T3,batter,31.8,207.0,50.07572420672024,0.02,0.26917060033714896,0.03722521416627063,0.35068140351838784,0.005,0.2500246515359016,0.25,0.3722933545181094,0.2817123590228846,98.42023510782417,108.57976489217583,0.2879294778355027,0.2754952402102665,AAA-P1,synthetic,True
H-0108,Hitter 108,2024,AAA,AAA-T7,batter,30.0,256.0,68.39539451260306,0.02,0.10906300627210577,0.2534257411436101,0.3942264089038781,0.023471172181095172,0.3468670392460514,0.32901172707699844,0.5928483820339979,0.4324874557083286,136.432207525959,119.567792474041,0.43172347006705764,0.43325144134959953,AAA-P4,synthetic,True
H-0109,Hitter 109,2024,AAA,AAA-T7,batter,27.0,294.0,78.18334600133107,0.09106057241201586,0.21601964970909615,0.14822076219978353,0.2601468555447754,0.04752519172727616,0.18738968011906837,0.25329538363599513,0.4742354477542611,0.3990878918935119,136.9827263200553,157.0172736799447,0.4076705116897778,0.390505272097246,AAA-P3,synthetic,True
H-0111,Hitter 111,2024,AAA,AAA-T7,batter,24.5,500.0,129.81257326220683,0.08465690421438278,0.1363570174083328,0.18938064679696942,0.31305991810374245,0.06750837015479444,0.25399557342396734,0.3041392903250561,0.5206866386073437,0.4537476931640259,231.8650766685307,268.1349233314693,0.4373288251721301,0.4701665611559217,AAA-P5,synthetic,True
H-0112,Hitter 112,2024,AAA,AAA-T7,batter,30.5,243.0,62.16883745738911,0.09756972439350792,0.21536873274447677,0.1688928837583334,0.3163389428175534,0.005,0.21809432211956709,0.2931796143011183,0.5005267780400887,0.39640852312868263,121.33692258834745,121.66307741165255,0.37308947099329537,0.4197275752640699,AAA-P4,synthetic,True
H-0113,Hitter 113,2024,AAA,AAA-T4,batter,26.3,366.0,101.76327991896447,0.106828163687922,0.22216867174680993,0.08485367130769864,0.2958364529825106,0.0212548665165296,0.2016954261225082,0.2854846402184479,0.41443731660594973,0.36412137220953494,181.36377508273242,184.63622491726758,0.3833473482035624,0.34489539621550747,AAA-P2,synthetic,True
H-0114,Hitter 114,2024,AAA,AAA-T7,batter,31.8,546.0,140.00101508597623,0.02207143120658045,0.1489006260673788,0.02,0.3088134014948754,0.005,0.2567649389275274,0.2524848762413551,0.3508813401494876,0.25903469236781274,276.37852982448953,269.62147017551047,0.2654146280428072,0.2526547566928183,AAA-P5,synthetic,True
H-0115,Hitter 115,2024,AAA,AAA-T1,batter,24.8,412.0,98.45006728901483,0.10095033163087809,0.23739640867859194,0.14030650308943285,0.2943216986093241,0.052622529567964114,0.20263229071770764,0.27621535178513984,0.46973867295036525,0.41820667996523386,196.05773640235446,215.94226359764554,0.42670820376857843,0.4097051561618893,AAA-P2,synthetic,True
H-0116,Hitter 116,2024,AAA,AAA-T2,batter,28.6,311.0,84.5289588118638,0.1583207034963403,0.2374054357954552,0.19362561130133285,0.31227064841405944,0.04517269482737238,0.1954728945271239,0.32814799476905654,0.5248526761427388,0.4872687309527272,165.63236294342107,145.36763705657893,0.48889152730509283,0.4856459346003616,AAA-P5,synthetic,True
H-0117,Hitter 117,2024,AAA,AAA-T4,batter,24.1,460.0,118.75120190619191,0.09431871412659426,0.210001325558279,0.12058637013295963,0.29721396538805245,0.034192353700010295,0.21189465270126331,0.2804079338082298,0.45030776667176486,0.3871436096775714,241.546926218375,218.453073781625,0.38166813599834254,0.39261908335680024,AAA-P3,synthetic,True
H-0118,Hitter 118,2024,AAA,AAA-T7,batter,34.4,317.0,82.49039942917919,0.02,0.27824748849990183,0.04571608330115784,0.28827935175492214,0.005,0.20305075910763687,0.25,0.37454401847665003,0.26454161892985956,155.3746769746804,161.6253230253196,0.2742343181012076,0.25484891975851154,AAA-P5,synthetic,True
H-0120,Hitter 120,2024,AAA,AAA-T2,batter,31.3,192.0,46.51908053198829,0.058632027140310974,0.24825511481119955,0.08871608229532917,0.32436742230303345,0.019933328289414236,0.227813230373689,0.26097293515756015,0.4211528245256325,0.3413048575271832,97.31605005418619,94.68394994581381,0.3562911205735638,0.3263185944808026,AAA-P3,synthetic,True
H-0121,Hitter 121,2024,AAA,AAA-T3,batter,24.2,185.0,49.9808890902001,0.03873348127073575,0.26589465929834094,0.16044213425819462,0.31278917052203675,0.03586399095660159,0.22288438575925512,0.25,0.4917210513103982,0.37711041227517633,96.80277210818294,88.19722789181706,0.3723183069685153,0.38190251758183735,AAA-P4,synthetic,True
H-0122,Hitter 122,2024,AAA,AAA-T7,batter,28.1,182.0,48.53468931105152,0.0532538738746657,0.23942624296206028,0.1570657393921258,0.31678196935141867,0.005,0.22481618554987728,0.25491344086955525,0.48874393632726765,0.35903755765093176,90.75213578594749,91.24786421405251,0.34477033399575385,0.37330478130610967,AAA-P4,synthetic,True
H-0123,Hitter 123,2024,AAA,AAA-T2,batter,28.7,271.0,69.89559989831503,0.08073400954259927,0.16704438473346794,0.17849282387383056,0.3317033410467382,0.005,0.2502644198261707,0.30529698738615296,0.5116631579785044,0.39528102917678465,122.71394084750298,148.28605915249702,0.3887945794933772,0.4017674788601921,AAA-P2,synthetic,True
H-0124,Hitter 124,2024,AAA,AAA-T3,batter,28.4,510.0,135.6711361506167,0.06899227422195328,0.31586966768929886,0.16315235118880156,0.3147731646752864,0.005,0.1943789532568053,0.25,0.4946296676563302,0.37269899274555834,257.6082394345478,252.39176056545222,0.38302763362392656,0.36237035186719013,AAA-P4,synthetic,True
H-0125,Hitter 125,2024,AAA,AAA-T6,batter,23.0,610.0,153.38564145059203,0.038726952396336334,0.24768642355067907,0.13097382547321118,0.3193799910345155,0.020132940172892702,0.23092523061832632,0.25,0.4629118245766627,0.3490471137053854,314.87220110148337,295.12779889851663,0.3406931050591414,0.35740112235162935,AAA-P5,synthetic,True
H-0126,Hitter 126,2024,AAA,AAA-T3,batter,29.7,440.0,111.56130178399043,0.083530483722381,0.2810205331043745,0.07110252825976493,0.26097022750079263,0.050654790269842154,0.1734314842443453,0.25,0.39719955100984417,0.35450662001667277,229.68393293823934,210.31606706176066,0.3756258896850093,0.3333873503483362,AAA-P1,synthetic,True
H-0127,Hitter 127,2024,AAA,AAA-T2,batter,24.9,533.0,130.94401259955055,0.0690453453834141,0.1750941957376873,0.20889567872710169,0.3358678895635617,0.06665383113847156,0.2638673317989717,0.297527676798795,0.5424824676834579,0.4607665744401667,241.0771188763792,291.9228811236208,0.46888611310184775,0.4526470357784857,AAA-P5,synthetic,True
H-0128,Hitter 128,2024,AAA,AAA-T6,batter,30.1,331.0,79.3986265411982,0.04918131975198412,0.22098908775103362,0.1509483572351477,0.29408232799897505,0.005516441230514282,0.21545745178863296,0.25,0.4803565900350452,0.3453421322128242,153.5423813358415,177.4576186641585,0.3335663805517854,0.35711788387386306,AAA-P1,synthetic,True
H-0129,Hitter 129,2024,AAA,AAA-T7,batter,30.1,538.0,134.73216316413905,0.11060588330883807,0.3195134586378529,0.11905839417028573,0.33853559687027474,0.02423380920205931,0.19655996009921078,0.28423828315584976,0.4529119538573132,0.4032041222962933,261.7188849051387,276.2811150948613,0.41988977023972274,0.3865184743528639,AAA-P2,synthetic,True
H-0130,Hitter 130,2024,AAA,AAA-T2,batter,27.1,441.0,117.20888374697478,0.1375522534465676,0.25219358908036826,0.1977969996823065,0.3298634423318973,0.04543653976221312,0.2081160180457486,0.3187227368198426,0.5307833439154962,0.48142001784002175,220.39939582665113,220.60060417334887,0.4919338471584779,0.4709061885215656,AAA-P5,synthetic,True
H-0131,Hitter 131,2024,AAA,AAA-T5,batter,26.7,444.0,106.23620638190476,0.09159261065785027,0.17051828368402683,0.12903221024604758,0.3328533666611139,0.06199927341145565,0.25490876405258295,0.3126405963946284,0.4623175469121589,0.4273805674975213,241.79942216227903,202.20057783772097,0.4286904142650012,0.4260707207300414,AAA-P3,synthetic,True
H-0133,Hitter 133,2024,AAA,AAA-T6,batter,29.9,521.0,127.07872151605915,0.07750931368713057,0.2045728840255304,0.1640011763393424,0.2999244460422483,0.06777897844551858,0.2254879459217263,0.2712983029265392,0.49399362094356725,0.4304318032833833,275.4204166602444,245.57958333975557,0.3910763902093146,0.469787216357452,AAA-P5,synthetic,True
H-0134,Hitter 134,2024,AAA,AAA-T6,batter,26.2,231.0,57.851241303072555,0.08649429259583881,0.22012764191526638,0.16330344809268033,0.28336270391775553,0.019415162531026518,0.19938975785384977,0.26332402772261504,0.49163971848445587,0.38701349391719964,108.98026925995607,122.01973074004393,0.38955876241147663,0.38446822542292264,AAA-P1,synthetic,True
H-0135,Hitter 135,2024,AAA,AAA-T6,batter,23.1,372.0,96.70323995953348,0.02506405642095509,0.1793213649734582,0.2108480598913921,0.2926800794621102,0.005,0.23361053808749646,0.25,0.540116067837603,0.36044930024667277,189.4076172040582,182.5923827959418,0.3328751696490087,0.3880234308443368,AAA-P3,synthetic,True
H-0136,Hitter 136,2024,AAA,AAA-T6,batter,29.5,557.0,150.8732939837004,0.09441627771237227,0.3084436394448344,0.225828872740079,0.31721405652009904,0.02552769581444908,0.19325038236147782,0.2648953829027517,0.5575502783920889,0.4442971204207429,305.3243762340977,251.6756237659023,0.45154516143388473,0.437049079407601,AAA-P5,synthetic,True
H-0137,Hitter 137,2024,AAA,AAA-T3,batter,34.7,595.0,153.54620490069775,0.02,0.33244304012214976,0.10090670887487538,0.3210865888322924,0.005,0.20867185532178856,0.25,0.43301536775810456,0.3063789959724838,282.6658411289066,312.3341588710934,0.2875275120608528,0.3252304798841148,AAA-P1,synthetic,True
H-0138,Hitter 138,2024,AAA,AAA-T5,batter,27.8,337.0,90.9356342559224,0.07534197276739239,0.2399561725392358,0.1840266239657248,0.2777510655696657,0.049213704497917087,0.19755872541329797,0.25,0.5118017305226914,0.41545923111583166,158.25901366657342,178.74098633342658,0.39231287940750637,0.43860558282415696,AAA-P5,synthetic,True
H-0140,Hitter 140,2024,AAA,AAA-T2,batter,33.4,619.0,174.33776128206472,0.02,0.3550580196170117,0.02,0.25986927005393284,0.005,0.16315321626818638,0.25,0.3459869270053933,0.2404542445188765,327.3188724173393,291.6811275826607,0.24540156133274227,0.23550692770501075,AAA-P5,synthetic,True
H-0141,Hitter 141,2024,AAA,AAA-T7,batter,29.7,295.0,79.60297149874306,0.05988297923694803,0.22231810077736733,0.2193285378072246,0.24766395038033323,0.01782504107249468,0.18044667226326558,0.25,0.5440949328452579,0.385273700858199,139.98006145578466,155.01993854421534,0.36370888801211837,0.40683851370427965,AAA-P4,synthetic,True
H-0142,Hitter 142,2024,AAA,AAA-T2,batter,25.4,241.0,60.451717523008966,0.04790360068876133,0.19353693875663505,0.12652271824241157,0.2643350982752412,0.042009116508011014,0.20681525702951678,0.25,0.4529562280699357,0.3534455047690036,128.50211418315087,112.49788581684913,0.3463480193126042,0.360542990225403,AAA-P2,synthetic,True
H-0143,Hitter 143,2024,AAA,AAA-T1,batter,33.6,302.0,84.86586986992123,0.028643130473026218,0.3089262198744711,0.11463519641647088,0.3282989509011089,0.005,0.21822528732565663,0.25,0.44746509150658176,0.3225041821755654,156.00066457739607,145.99933542260393,0.3335429021703218,0.31146546218080906,AAA-P4,synthetic,True
H-0144,Hitter 144,2024,AAA,AAA-T1,batter,30.1,503.0,130.92534367334588,0.07611082282282511,0.25064217079756934,0.3613925068723682,0.3205259145394258,0.010215035188683174,0.2173253677090562,0.2703246240105035,0.6934450983263107,0.49342105651439394,258.60678597547235,244.39321402452765,0.47030515093184594,0.5,AAA-P3,synthetic,True
H-0145,Hitter 145,2024,AAA,AAA-T4,batter,24.5,345.0,85.89786095646879,0.08646613495398027,0.2125638190950036,0.1898206158902368,0.31710631796368793,0.015504039963333445,0.22460763626886388,0.28651996220090775,0.5215312476866056,0.4098684804617073,181.66773887169865,163.33226112830135,0.3908754090760952,0.42886155184731944,AAA-P1,synthetic,True
H-0146,Hitter 146,2024,AAA,AAA-T3,batter,24.1,278.0,67.7685754040005,0.0774491637003127,0.25313926650048885,0.022424207794008225,0.32360389144003815,0.005,0.21737418896200533,0.2724109337661175,0.354784596938012,0.3043090908809368,148.48830483071916,129.51169516928084,0.28552159166043634,0.3230965901014372,AAA-P3,synthetic,True
H-0147,Hitter 147,2024,AAA,AAA-T3,batter,29.2,215.0,55.38153952913654,0.06820651366978511,0.25148046344886027,0.09523636035273805,0.31131463866319603,0.018904584968144716,0.21462709064139723,0.2588187762763431,0.4263678242190576,0.3460988077663044,98.04392823753446,116.95607176246554,0.353172384518892,0.33902523101371684,AAA-P2,synthetic,True
H-0148,Hitter 148,2024,AAA,AAA-T1,batter,30.7,611.0,164.6143095679204,0.04650316273828229,0.25483483072206525,0.17262608290581438,0.27021933801896086,0.036479748460094705,0.194263947175158,0.25,0.4996480167077105,0.37490510143571704,282.26792556845214,328.73207443154786,0.37700737814652996,0.3728028247249041,AAA-P3,synthetic,True
H-0149,Hitter 149,2024,AAA,AAA-T6,batter,33.4,293.0,81.31724866991566,0.02,0.18743230308825837,0.05838104381831469,0.31414883468134025,0.005,0.24973421839089732,0.25,0.38979592728644874,0.2805616662385422,141.08640537758907,151.91359462241093,0.27305600943323227,0.2880673230438521,AAA-P1,synthetic,True
H-0151,Hitter 151,2024,AAA,AAA-T6,batter,29.4,309.0,76.2960376466434,0.09739753811498947,0.2450933447532942,0.0300164281930497,0.2679002623088261,0.013158137494760448,0.17812058557424554,0.25592971657001784,0.3568064544239323,0.3102947277400434,161.75551546567948,147.24448453432052,0.29149537349906673,0.3290940819810201,AAA-P4,synthetic,True
H-0153,Hitter 153,2024,AAA,AAA-T6,batter,25.4,255.0,61.17758137056139,0.08933916166869271,0.14929247727217526,0.19544262499443027,0.3359537560508171,0.038385669481816,0.26154241105834247,0.31954526624115576,0.529038000599512,0.4421617740664419,128.00136803319506,126.99863196680494,0.44989771808797085,0.434425830044913,AAA-P4,synthetic,True
H-0154,Hitter 154,2024,AAA,AAA-T6,batter,33.1,597.0,143.89075006998962,0.02,0.4161055451063752,0.05244621100122389,0.2647533045468218,0.005,0.15004292034871589,0.25,0.37892154145590606,0.26000907264206075,301.8273515645438,295.1726484354562,0.27953518746806394,0.24048295781605758,AAA-P3,synthetic,True
H-0155,Hitter 155,2024,AAA,AAA-T1,batter,33.1,441.0,113.7406705300715,0.02,0.2962266001157902,0.10849218801102985,0.28224350477548343,0.005,0.1937406008555675,0.25,0.43671653848857817,0.2969559300774856,218.32944964404405,222.67055035595595,0.29134471546293517,0.30256714469203605,AAA-P2,synthetic,True
H-0157,Hitter 157,2024,AAA,AAA-T3,batter,29.3,400.0,107.10102917730174,0.08120777575720048,0.2011656622597204,0.16461234198999952,0.3507176617073262,0.02824284394422698,0.2559207363894071,0.30772365457519624,0.4996841081607321,0.4155519722719085,186.008062315984,213.991937684016,0.4159455364173474,0.4151584081264696,AAA-P4,synthetic,True
H-0159,Hitter 159,2024,AAA,AAA-T3,batter,24.3,334.0,95.19844880150809,0.08184496330676215,0.27038981120477296,0.07805678113333413,0.3090266637490714,0.050768132184388075,0.20779194635302348,0.26200401717959093,0.40895944750824126,0.3740733552161915,153.1238314554312,180.8761685445688,0.3641401835197863,0.38400652691259674,AAA-P1,synthetic,True
H-0160,Hitter 160,2024,AAA,AAA-T1,batter,29.3,588.0,158.12389426399932,0.07814487300882822,0.2488833512992484,0.1688744817992624,0.3364991497355613,0.022964523178442702,0.22989910879312947,0.28195386029355496,0.5025243967728186,0.40602514936381895,275.2086599448694,312.7913400551306,0.4088276457142419,0.403222653013396,AAA-P2,synthetic,True
H-0161,Hitter 161,2024,AAA,AAA-T7,batter,24.7,613.0,168.87818269209674,0.07688635772731688,0.0816213705086575,0.19254415286662901,0.22,0.009223707999282588,0.18651185598797804,0.25,0.514544152866629,0.3650210716851221,325.27979814724665,287.72020185275335,0.3776642815512878,0.3523778618189564,AAA-P4,synthetic,True
H-0162,Hitter 162,2024,AAA,AAA-T3,batter,30.4,368.0,89.08709381142282,0.06616469772634231,0.18437833546019056,0.10712427940422878,0.34345869097796505,0.012157304928644898,0.2592311045053664,0.29783145561580504,0.4414701485020253,0.3563857583588336,168.2395744616732,199.7604255383268,0.3414739329265747,0.37129758379109257,AAA-P3,synthetic,True
H-0163,Hitter 163,2024,AAA,AAA-T5,batter,30.6,384.0,96.42386023373611,0.05563464858174201,0.289164386986143,0.23038271799250465,0.2985526724308151,0.005,0.19636199891045536,0.25,0.5602379852355862,0.3946481842538823,193.10035062329763,190.89964937670237,0.40379919266842124,0.3854971758393434,AAA-P1,synthetic,True
H-0164,Hitter 164,2024,AAA,AAA-T2,batter,24.4,236.0,56.44143039852504,0.040493549041909896,0.16705392348790069,0.14445789910651635,0.3174698516359571,0.05788989363174218,0.26026327036926156,0.2669153567339601,0.47620488427011204,0.39101268117907384,129.76033138013418,106.23966861986582,0.37661659947140336,0.4054087628867443,AAA-P3,synthetic,True
H-0165,Hitter 165,2024,AAA,AAA-T5,batter,31.6,275.0,78.20302255722592,0.02,0.25060175945245233,0.11030346827739385,0.30706177945587654,0.005,0.22472032167451547,0.25,0.4410096462229815,0.30663853036212346,127.05908293341054,147.94091706658946,0.28710951115088057,0.32616754957336636,AAA-P5,synthetic,True
H-0167,Hitter 167,2024,AAA,AAA-T2,batter,33.6,594.0,165.7314888389973,0.02,0.32506127955535086,0.0797113808798437,0.3165867629336115,0.005,0.20809492942545296,0.25,0.41137005717320485,0.2931466265106781,295.42599691697797,298.57400308302203,0.28078888470092417,0.305504368320432,AAA-P1,synthetic,True
H-0168,Hitter 168,2024,AAA,AAA-T2,batter,31.8,382.0,99.38033712566558,0.02,0.23705806392422757,0.18265694415565037,0.3423226000039356,0.01978271398658505,0.2572932223074039,0.25,0.5168892041560439,0.3720786718749117,188.40143949514922,193.59856050485078,0.3739668816136457,0.37019046213617773,AAA-P3,synthetic,True
H-0169,Hitter 169,2024,AAA,AAA-T4,batter,27.9,540.0,132.08390456072695,0.09029636951975072,0.24597836735518092,0.21819636711878057,0.3056726356554113,0.03855342928014036,0.20866566492254207,0.27289075499721965,0.5487636306843218,0.44489896941067514,287.3082444621144,252.69175553788563,0.4336506481453366,0.4561472906760137,AAA-P5,synthetic,True
H-0170,Hitter 170,2024,AAA,AAA-T4,batter,24.0,368.0,100.86808272111038,0.05824444967136853,0.18642789599404558,0.14685167712047684,0.3248603586337691,0.020183087299905016,0.2484034757681229,0.279082861077192,0.4793377129838537,0.37340544127795394,190.7085352049054,177.2914647950946,0.3490473593076945,0.3977635232482134,AAA-P4,synthetic,True
H-0171,Hitter 171,2024,AAA,AAA-T3,batter,25.3,639.0,170.07652167748148,0.09379551579578624,0.18382663079043465,0.2463079989910422,0.31812524793793845,0.015973591897196687,0.23220267250671375,0.30062148614570705,0.578120523784836,0.446846329987879,306.1966468404979,332.8033531595021,0.42562072719449173,0.46807193278126624,AAA-P5,synthetic,True
H-0172,Hitter 172,2024,AAA,AAA-T2,batter,26.2,521.0,135.84169355934273,0.0906703559196197,0.15152107584898455,0.12350382843512715,0.27578580900915156,0.05797566812738362,0.21768919928286984,0.2787639200770058,0.45108240933604227,0.400099489250902,277.63218399404343,243.36781600595657,0.4093821534029034,0.3908168250989006,AAA-P2,synthetic,True
H-0173,Hitter 173,2024,AAA,AAA-T3,batter,29.4,344.0,86.66626347471002,0.07007738434220633,0.298466390857146,0.22179617420822448,0.29050953264724355,0.04626807214448727,0.190384263575702,0.25,0.5508471274729488,0.43436166621064165,167.01840001376613,176.98159998623387,0.4195590071697015,0.4491643252515818,AAA-P5,synthetic,True
H-0175,Hitter 175,2024,AAA,AAA-T6,batter,33.4,578.0,141.4246533530218,0.02,0.3147673003461031,0.02842177780147115,0.3072509196084052,0.005,0.20514335872224185,0.25,0.35914686976231164,0.261669799653751,263.5796323309151,314.4203676690849,0.2362407707938855,0.28709882851361646,AAA-P5,synthetic,True
H-0176,Hitter 176,2024,AAA,AAA-T2,batter,29.4,546.0,146.08598692484185,0.09949879555475657,0.21850602390764937,0.2094971016886579,0.32216641352272846,0.01877432091809768,0.22253208949129702,0.2972431427729807,0.5417137430409308,0.4345276963763343,255.72642498177353,290.27357501822644,0.4569674231525942,0.41208796960007443,AAA-P1,synthetic,True
H-0177,Hitter 177,2024,AAA,AAA-T1,batter,34.0,331.0,84.43401991057753,0.02,0.29893470784597576,0.02,0.3094433869287757,0.005,0.2115011507237774,0.25,0.35094433869287756,0.2578051854250715,157.53171621718394,173.46828378281606,0.2507464307551273,0.26486394009501574,AAA-P1,synthetic,True
H-0178,Hitter 178,2024,AAA,AAA-T3,batter,28.7,242.0,67.98491146470289,0.06520610447898322,0.2695143633360439,0.10479068312546637,0.29290492216353853,0.02842818121733678,0.19912787677423532,0.25,0.4340811753418202,0.35138123470713634,123.63680320960303,118.36319679039697,0.3543634496289021,0.3483990197853706,AAA-P3,synthetic,True
H-0179,Hitter 179,2024,AAA,AAA-T5,batter,29.9,266.0,64.84339554036397,0.04063265519429047,0.3303557770457527,0.14793035140424754,0.2952585492231396,0.022568153094075265,0.1891062659054887,0.25,0.4774562063265615,0.3534563819211061,126.81080318225655,139.18919681774344,0.3624164557468302,0.34449630809538206,AAA-P1,synthetic,True
H-0180,Hitter 180,2024,AAA,AAA-T7,batter,23.0,611.0,164.1380394857765,0.04704562196779393,0.3127949022386024,0.06737502466127115,0.373184367199006,0.005913663641324986,0.23978455842668214,0.262053379960229,0.40469346138117174,0.3259250247379994,283.63373861072336,327.36626138927664,0.29787568702657446,0.3539743624494243,AAA-P5,synthetic,True
H-0181,Hitter 181,2024,AAA,AAA-T1,batter,24.3,525.0,125.35399510087966,0.048466089026766385,0.2823717192006477,0.2472819940123447,0.27550829575264435,0.01638318271478728,0.18681721244458743,0.25,0.5748328235876091,0.40110412698226017,276.1919530672479,248.80804693275212,0.4024073341309688,0.39980091983355154,AAA-P1,synthetic,True
H-0182,Hitter 182,2024,AAA,AAA-T3,batter,30.3,439.0,109.69558391899866,0.06552807456540749,0.1753920022196135,0.10785095589841914,0.32525796612117913,0.045355099976399624,0.2537000569447848,0.2877351873188999,0.44037675251053704,0.3798475560610881,222.563841761814,216.436158238186,0.3585505927274339,0.4011445193947423,AAA-P1,synthetic,True
H-0183,Hitter 183,2024,AAA,AAA-T4,batter,26.1,616.0,154.07560924063426,0.07440048879884814,0.3100393308592884,0.19801469543858846,0.3165538004909496,0.04018555390870656,0.20088574760441721,0.25,0.5296700754876834,0.4279492533400856,296.29985510166694,319.70014489833306,0.4315411920313379,0.4243573146488333,AAA-P2,synthetic,True
H-0184,Hitter 184,2024,AAA,AAA-T2,batter,28.0,537.0,150.36567689036877,0.09027174049823268,0.2211326508108448,0.10236788476544185,0.2995358964907038,0.056119516200892394,0.21467703039893118,0.27590493317015025,0.4323214744145122,0.39483768332230534,289.6821290185143,247.31787098148573,0.39354609882717817,0.3961292678174325,AAA-P4,synthetic,True
H-0185,Hitter 185,2024,AAA,AAA-T5,batter,34.9,488.0,127.83566961063568,0.02,0.3057739025166067,0.04725561104241932,0.33116085784359195,0.005,0.2240272928231378,0.25,0.3803716968267785,0.2803968863185878,237.8168872023171,250.1831127976829,0.2888376422304332,0.2719561304067424,AAA-P3,synthetic,True
H-0186,Hitter 186,2024,AAA,AAA-T3,batter,28.4,403.0,105.55509576610979,0.09340274870984261,0.3120129185189629,0.20957249996435656,0.3382863512472224,0.04642137215863997,0.20810297026572772,0.27442853670758116,0.5434011350890787,0.46082625695658974,209.893523740068,193.106476259932,0.48168340831266776,0.4399691056005117,AAA-P1,synthetic,True
H-0187,Hitter 187,2024,AAA,AAA-T1,batter,32.9,478.0,130.3547067918081,0.02,0.33072841733519687,0.12496730776190798,0.2577742129699285,0.005,0.1681154712251595,0.25,0.4507447290589008,0.29745299380852436,237.60761969289626,240.39238030710374,0.3051873528948401,0.2897186347222086,AAA-P2,synthetic,True
H-0188,Hitter 188,2024,AAA,AAA-T1,batter,28.8,413.0,113.33743343437965,0.06408941870110635,0.31651517600880863,0.24700563216902052,0.3351002377631162,0.04257752808820366,0.21394617679531974,0.25089301152498666,0.5805156559453322,0.45632054928020965,189.4273342816488,223.5726657183512,0.45351307242518524,0.45912802613523407,AAA-P4,synthetic,True
H-0189,Hitter 189,2024,AAA,AAA-T7,batter,29.3,328.0,84.2127038732209,0.07109334275663048,0.23390621970407485,0.18054123376070513,0.3332036493141194,0.035562388360090756,0.23691104031701626,0.27951235661333285,0.5138615986921171,0.41769044528205257,178.19948795089508,149.80051204910492,0.41858879585824554,0.4167920947058596,AAA-P1,synthetic,True
H-0190,Hitter 190,2024,AAA,AAA-T4,batter,23.3,488.0,120.9146942525079,0.03180839665052888,0.26478774834641494,0.1435088981042297,0.27571916554945913,0.02197896173151944,0.1972387682054433,0.25,0.47108081465917556,0.3374785451133748,251.68089563256845,236.31910436743155,0.350984955314581,0.32397213491216853,AAA-P4,synthetic,True
H-0191,Hitter 191,2024,AAA,AAA-T1,batter,32.8,247.0,62.51902357357874,0.02,0.39963551335126973,0.07820424071472874,0.29520544429549256,0.005,0.17207675613446388,0.25,0.407724785144278,0.28483423789652323,130.99780998859694,116.00219001140306,0.27141647598179497,0.2982519998112515,AAA-P2,synthetic,True
H-0193,Hitter 193,2024,AAA,AAA-T3,batter,25.5,181.0,49.25798316383266,0.10040684271341,0.2290640548443117,0.20238184943299667,0.37341135561984734,0.005,0.2511331811255306,0.32575170572638756,0.5397229849949814,0.4367887815544817,92.51307470179965,88.48692529820035,0.4278701821374889,0.4457073809714745,AAA-P4,synthetic,True
H-0194,Hitter 194,2024,AAA,AAA-T1,batter,25.0,235.0,66.44677617449007,0.07043877677380518,0.21616435377126925,0.20466995130154725,0.3252720437627882,0.026530773504780652,0.23602767376729575,0.279282028741226,0.5371971556778261,0.419598528428793,107.65830690156423,127.34169309843577,0.40719144484850545,0.4320056120090806,AAA-P1,synthetic,True
H-0195,Hitter 195,2024,AAA,AAA-T6,batter,28.3,195.0,55.375287845911394,0.12073487034712257,0.25118720971737707,0.245793045797271,0.32088392521043385,0.02375457580084787,0.2051032946570351,0.3021209678053397,0.5778814383183143,0.4733890764758998,105.87040352029068,89.12959647970932,0.4544573030765505,0.49232084987524904,AAA-P2,synthetic,True
H-0196,Hitter 196,2024,AAA,AAA-T2,batter,25.5,595.0,160.13197367934634,0.08684626671908706,0.21739500453055052,0.305617089771195,0.23430392005033795,0.013506143766398655,0.1650449191204095,0.25,0.6290474817762288,0.44304368748489525,313.47516863679107,281.52483136320893,0.4309396007513298,0.4551477742184607,AAA-P2,synthetic,True
H-0197,Hitter 197,2024,AAA,AAA-T4,batter,32.8,237.0,58.1317678547396,0.02,0.2640931068296589,0.02,0.26727040875511987,0.005,0.192090727968245,0.25,0.346727040875512,0.24304464306429197,114.85510944984325,122.14489055015675,0.24653927836134565,0.23955000776723828,AAA-P1,synthetic,True
H-0198,Hitter 198,2024,AAA,AAA-T5,batter,26.0,204.0,56.73026811382909,0.13041107979101468,0.23339284223052983,0.14932841698669766,0.2697580359985007,0.0052182136986976685,0.17240173656022179,0.2848681838458901,0.47630422058654776,0.39253009012469714,102.93342965750053,101.06657034249947,0.3576703337153362,0.4273898465340581,AAA-P3,synthetic,True
H-0199,Hitter 199,2024,AAA,AAA-T2,batter,26.1,199.0,50.861108939001646,0.048452630322593684,0.22118050586848628,0.0802080370046267,0.2839161974949147,0.02835110357580986,0.21161564828528628,0.25,0.40859965675411813,0.3229179239198093,92.1772886198168,106.8227113801832,0.3110434925466568,0.33479235529296175,AAA-P2,synthetic,True
H-0200,Hitter 200,2024,AAA,AAA-T7,batter,22.9,469.0,132.42380342735495,0.05134672413810631,0.17760947088640336,0.1475130343471976,0.2760025591067989,0.011978091774711413,0.21460677712288562,0.25,0.47511329025787746,0.344456054072253,232.99392868317798,236.00607131682202,0.3657397728672771,0.3231723352772289,AAA-P2,synthetic,True
H-0081,Hitter 81,2025,AAA,AAA-T1,batter,28.2,421.0,101.64318314117834,0.08429047095167443,0.24578809395683646,0.2097307659441464,0.2938159448740511,0.0631489780236253,0.20630594614633,0.261440710450182,0.5391123604315514,0.4540249118626333,190.84765642389928,230.15234357610072,0.4601843921940365,0.44786543153123004,AAA-P1,synthetic,True
H-0082,Hitter 82,2025,AAA,AAA-T2,batter,34.1,473.0,121.6733643249456,0.02,0.4242888121199273,0.029351687634749518,0.3820940558888286,0.005,0.21308394167989583,0.25,0.3675610932236324,0.28837634776020227,217.55145698351717,255.44854301648283,0.26879164742962125,0.3079610480907833,AAA-P3,synthetic,True
H-0084,Hitter 84,2025,AAA,AAA-T2,batter,27.1,182.0,49.65111083458268,0.09990487475596783,0.27832268948056355,0.27103860302800103,0.3260297775308812,0.04049450507550796,0.208790504668124,0.2823495707720859,0.6036415807810891,0.48956012069834365,99.17140814656578,82.82859185343422,0.4723727645634618,0.5,AAA-P1,synthetic,True
H-0085,Hitter 85,2025,AAA,AAA-T5,batter,33.3,246.0,65.84144165848704,0.02,0.3342521173308831,0.02,0.31460570851410136,0.005,0.2039059701485983,0.25,0.35146057085141014,0.2596119979799355,134.64741582271108,111.35258417728892,0.2720746442067728,0.24714935175309818,AAA-P2,synthetic,True
H-0086,Hitter 86,2025,AAA,AAA-T5,batter,34.6,511.0,129.21787504868604,0.02,0.36731757061891507,0.02,0.2517546524456656,0.005,0.15499565206840107,0.25,0.34517546524456655,0.23761412835598297,266.9528754746981,244.0471245253019,0.2463249826278969,0.22890327408406905,AAA-P1,synthetic,True
H-0087,Hitter 87,2025,AAA,AAA-T4,batter,27.7,592.0,147.9834738462742,0.16082479011076403,0.27357109587170403,0.16377782842763725,0.31566227760581844,0.00541674644620967,0.1793523948209266,0.32151068467935967,0.4953440561882191,0.43801202767636044,280.1223291507783,311.8776708492217,0.42101491429246213,0.45500914106025875,AAA-P1,synthetic,True
H-0088,Hitter 88,2025,AAA,AAA-T4,batter,25.0,282.0,71.01305465702724,0.08961518177081085,0.2333956534465666,0.19298735230659167,0.3266837395682148,0.03703961503121912,0.22671729425303236,0.2886603985693254,0.5256557262634131,0.43654863338516536,146.64449553334288,135.35550446665712,0.4300062321937495,0.4430910345765812,AAA-P3,synthetic,True
H-0089,Hitter 89,2025,AAA,AAA-T7,batter,24.7,589.0,149.8343500493283,0.1218745928804066,0.31065988303129694,0.10941654876038884,0.29326746637045537,0.05792059985459124,0.175107266480146,0.27165185173216816,0.43874329539743434,0.42026346993328995,313.63707648802233,275.36292351197767,0.4294190621989499,0.41110787766763,AAA-P1,synthetic,True
H-0091,Hitter 91,2025,AAA,AAA-T4,batter,26.6,331.0,80.47410834544975,0.07404034230399464,0.20050106002639817,0.1900420571760235,0.33674680917949773,0.005,0.24504586795707325,0.29390662346536056,0.5237167380939732,0.39871275427243336,165.51156276057304,165.48843723942696,0.39621237004719856,0.40121313849766815,AAA-P4,synthetic,True
H-0092,Hitter 92,2025,AAA,AAA-T1,batter,33.2,209.0,53.139290564654395,0.02,0.32430110447356886,0.02,0.29069181837101365,0.005,0.19135630424444358,0.25,0.3490691818371014,0.25124213642985477,105.92271722451164,103.07728277548836,0.26114996217927233,0.2413343106804372,AAA-P3,synthetic,True
H-0093,Hitter 93,2025,AAA,AAA-T3,batter,27.4,458.0,125.78474560988792,0.10968088315502128,0.24376841923046666,0.1336750047310324,0.2831104128642121,0.04927132947998823,0.19043593436128714,0.2744215946003813,0.4619860460174536,0.41373071184504634,249.4808786896636,208.5191213103364,0.42490063039368564,0.40256079329640704,AAA-P3,synthetic,True
H-0094,Hitter 94,2025,AAA,AAA-T4,batter,33.3,232.0,64.71007040346603,0.02,0.32582120167893724,0.08200579406386665,0.31784171685616,0.005,0.2086753123892662,0.25,0.4137899657494826,0.29484778763478264,124.0010951315322,107.9989048684678,0.28147044697000667,0.3082251282995586,AAA-P4,synthetic,True
H-0095,Hitter 95,2025,AAA,AAA-T3,batter,29.0,400.0,99.14625004429756,0.06743596988693387,0.23029338492080806,0.12013462998097936,0.27865342567835005,0.018583679692039175,0.19847767298997368,0.25,0.44799997254881435,0.3475332361206502,194.803682369227,205.196317630773,0.34970089814131206,0.3453655740999883,AAA-P3,synthetic,True
H-0096,Hitter 96,2025,AAA,AAA-T5,batter,25.2,561.0,134.46723435119378,0.0649007815367512,0.18621736994897437,0.16447897939467487,0.3045039092995689,0.01725098114719681,0.2306250976481636,0.2701344869652269,0.49492937032463175,0.37799623703012325,307.7086839597533,253.29131604024673,0.39985842669879235,0.35613404736145415,AAA-P1,synthetic,True
H-0098,Hitter 98,2025,AAA,AAA-T3,batter,34.8,183.0,44.12068667007483,0.02,0.3022021532542382,0.02,0.3121002882469169,0.005,0.21229090334249182,0.25,0.3512100288246917,0.25873510088642093,83.77486906913448,99.22513093086552,0.25981528144780774,0.2576549203250341,AAA-P5,synthetic,True
H-0100,Hitter 100,2025,AAA,AAA-T2,batter,29.7,528.0,133.89719506738632,0.05289643042479478,0.18168026683615102,0.19956234176847304,0.3514647678225515,0.010825705754236357,0.27064317924628767,0.29501382146963173,0.5347088185507282,0.3995425931867222,238.91338278933748,289.08661721066255,0.4025944271401782,0.3964907592332662,AAA-P1,synthetic,True
H-0101,Hitter 101,2025,AAA,AAA-T3,batter,32.0,517.0,124.76186369614193,0.020524868879219546,0.3383319560305717,0.06222585646158918,0.3150667364446628,0.029744499315641007,0.20646456266678723,0.25,0.39373253010605547,0.3056350364090366,258.84034785628216,258.15965214371784,0.3242743990968394,0.2869956737212338,AAA-P1,synthetic,True
H-0102,Hitter 102,2025,AAA,AAA-T2,batter,34.9,359.0,97.20452598556346,0.02,0.21940481852112495,0.02,0.2705501413872177,0.005,0.20652913388754618,0.25,0.34705501413872175,0.2441925494855262,194.81783527584437,164.18216472415563,0.2508459849205419,0.2375391140505105,AAA-P3,synthetic,True
H-0103,Hitter 103,2025,AAA,AAA-T7,batter,29.7,527.0,126.4139063833223,0.07049189139143106,0.16022873030860713,0.1717149398540676,0.2915086073236498,0.052807009788556285,0.23217261167930844,0.27231829558135356,0.5008658005864326,0.413341862266717,238.19797094158176,288.80202905841827,0.4059846726997168,0.4206990518337172,AAA-P2,synthetic,True
H-0104,Hitter 104,2025,AAA,AAA-T4,batter,23.6,560.0,147.7385176526823,0.03651049089824405,0.2781162774830554,0.1578064514292439,0.36002406423273997,0.005,0.24750085636369157,0.25858626162556647,0.49380885785251794,0.36285931439631397,298.99840341192953,261.00159658807047,0.3619415757774659,0.36377705301516206,AAA-P4,synthetic,True
H-0106,Hitter 106,2025,AAA,AAA-T3,batter,23.1,523.0,141.91039409986504,0.07275741814732826,0.26361941458237315,0.06786354878863692,0.33530498797076114,0.010177956859623222,0.22404285164762935,0.27302196045414556,0.401394047585713,0.33477205150030737,244.8517903082037,278.1482096917963,0.350511537948623,0.31903256505199173,AAA-P4,synthetic,True
H-0107,Hitter 107,2025,AAA,AAA-T5,batter,31.1,302.0,82.29617264065729,0.04481970495727873,0.22204596637594104,0.16415769151655069,0.308353893940737,0.01159798546278263,0.22780452284544714,0.25,0.4949930809106244,0.3600225735999603,146.43634473608827,155.56365526391173,0.3603920290989357,0.35965311810098494,AAA-P5,synthetic,True
H-0108,Hitter 108,2025,AAA,AAA-T3,batter,30.1,343.0,88.69785280875799,0.024618431076228273,0.10707849942904453,0.25265336305988007,0.38141921422759045,0.008091086412840879,0.3324011374400098,0.3226871581065036,0.5907952844826391,0.4169709541875073,166.34177107608207,176.65822892391793,0.4218252237978153,0.4121166845771993,AAA-P5,synthetic,True
H-0109,Hitter 109,2025,AAA,AAA-T5,batter,27.2,233.0,64.94738854010814,0.07654136418844902,0.19395368846673267,0.17178707590813694,0.2963612101078008,0.059787481967686275,0.22516509126989082,0.2711186362657131,0.501423196918917,0.4255970039900376,107.69665749415242,125.30334250584758,0.4241191179757125,0.42707489000436266,AAA-P5,synthetic,True
H-0111,Hitter 111,2025,AAA,AAA-T7,batter,24.7,333.0,84.75838852090244,0.09904139328637522,0.12729859796911258,0.1809911771546142,0.303236959633425,0.06308040684957342,0.2440643698690909,0.31018347124386464,0.5113148731179566,0.4517794247718153,179.68208582349325,153.31791417650675,0.44322660335255754,0.4603322461910731,AAA-P1,synthetic,True
H-0112,Hitter 112,2025,AAA,AAA-T3,batter,30.7,338.0,85.95772228077315,0.0885678819956913,0.17808922719791673,0.16750796363833045,0.3199635681790872,0.005,0.2353930080411799,0.2997465892327532,0.4995043204562392,0.39061414626074614,170.36273618951842,167.63726381048158,0.40684639043540616,0.3743819020860861,AAA-P2,synthetic,True
H-0113,Hitter 113,2025,AAA,AAA-T4,batter,26.5,478.0,115.29589822203455,0.12497542871821264,0.2005098370731198,0.10155805420431738,0.3006330732335314,0.022210761746410554,0.2061130517484119,0.3074787224560179,0.4316213615276705,0.3885509911186289,256.9802183048831,221.01978169511688,0.40382384511276825,0.37327813712448954,AAA-P3,synthetic,True
H-0114,Hitter 114,2025,AAA,AAA-T3,batter,32.0,433.0,104.53200877708119,0.02489059448425976,0.17076524513863384,0.049233777726456845,0.3326772258159249,0.005,0.2683369838754951,0.26571887997220534,0.3825015003080493,0.2854390229241068,202.10388724463863,230.89611275536137,0.27846422614412,0.2924138197040936,AAA-P4,synthetic,True
H-0115,Hitter 115,2025,AAA,AAA-T4,batter,24.9,530.0,127.53652404150577,0.09172042666893647,0.23669765132105056,0.13945985856005505,0.284787295947026,0.057951744305266506,0.1999507612219281,0.26385262628746076,0.46793858815475764,0.41273934433248477,249.35086849244868,280.6491315075513,0.39069989792040966,0.4347787907445599,AAA-P3,synthetic,True
H-0117,Hitter 117,2025,AAA,AAA-T1,batter,24.3,581.0,144.14855690488503,0.10075774926796995,0.21771618793349926,0.15387747825716597,0.3264109979478511,0.04638604523665845,0.22941550907103705,0.30096959132495443,0.4865185780519511,0.4311543275237608,272.1763867000793,308.8236132999207,0.42756535441565274,0.4347433006318689,AAA-P2,synthetic,True
H-0118,Hitter 118,2025,AAA,AAA-T4,batter,34.6,222.0,56.72583963663872,0.02,0.3030649495428307,0.026610789864946027,0.29944335836893093,0.005,0.2034537049065365,0.25,0.3565551257018391,0.25794110985484614,109.46926115355616,112.53073884644384,0.25174372352329694,0.26413849618639534,AAA-P4,synthetic,True
H-0119,Hitter 119,2025,AAA,AAA-T4,batter,29.2,256.0,66.17407117688015,0.04442344232831022,0.20600143306518154,0.05101925133179941,0.31472921753273797,0.014884474228159306,0.2381458635836348,0.25674531553278,0.3824921730850732,0.30270825080410846,125.31827700599106,130.68172299400894,0.29360629761630624,0.3118102039919107,AAA-P4,synthetic,True
H-0120,Hitter 120,2025,AAA,AAA-T6,batter,31.4,467.0,118.59616757700901,0.05629245419689239,0.25368230070674863,0.06018799844086114,0.2808914734995091,0.03359570709678214,0.19886156391149354,0.25,0.3882771457908121,0.3210562691922304,234.7064849100526,232.2935150899474,0.31889825760096163,0.3232142807834992,AAA-P5,synthetic,True
H-0121,Hitter 121,2025,AAA,AAA-T7,batter,24.4,241.0,62.778121658863256,0.049166767586679344,0.26774616732008505,0.19986965420762426,0.3215907968811257,0.01980492870743994,0.22264525290863899,0.25,0.5320287338957368,0.3947262618699588,125.68658642926948,115.31341357073052,0.4046001145405913,0.3848524091993263,AAA-P2,synthetic,True
H-0122,Hitter 122,2025,AAA,AAA-T6,batter,28.2,253.0,71.60987742506919,0.062663623879611,0.25158324846029667,0.1451202170726597,0.2849201060600839,0.005,0.19613485386394774,0.25,0.47361222767866806,0.3479026932267199,137.2451018098527,115.75489819014729,0.3432181234286301,0.3525872630248097,AAA-P4,synthetic,True
H-0123,Hitter 123,2025,AAA,AAA-T3,batter,28.8,350.0,97.79195236625927,0.07542704256805723,0.1880708003144562,0.1752820747810349,0.34225316152714774,0.005,0.25282019174502385,0.30229021513857873,0.5095073909337496,0.39349267746171096,171.76937106341433,178.23062893658567,0.4282384499087635,0.35874690501465845,AAA-P1,synthetic,True
H-0124,Hitter 124,2025,AAA,AAA-T1,batter,28.6,261.0,71.21011677867776,0.04749600484788436,0.3370039845236998,0.24262081279430403,0.32620826810028614,0.01918902538520454,0.2036595462905839,0.25,0.5752416396043326,0.41813166711217054,120.21295750265259,140.78704249734741,0.38455211540085177,0.4517112188234893,AAA-P5,synthetic,True
H-0125,Hitter 125,2025,AAA,AAA-T7,batter,23.2,243.0,67.42680885533488,0.04280385369526984,0.24701368353908526,0.13248869506598868,0.30039642670474437,0.0162566145321351,0.21577476630299514,0.25,0.46252833773646307,0.3426011822985648,125.8773072796565,117.1226927203435,0.35236942653390557,0.332832938063224,AAA-P4,synthetic,True
H-0127,Hitter 127,2025,AAA,AAA-T4,batter,25.0,638.0,171.82640804021162,0.05066758263302937,0.13139302937743558,0.18484834068278644,0.3276953289553666,0.06219751137670279,0.27736454351928735,0.2918990077645331,0.5176178735783231,0.4278050205920639,340.92398427196883,297.07601572803117,0.42334794992271174,0.432262091261416,AAA-P5,synthetic,True
H-0128,Hitter 128,2025,AAA,AAA-T4,batter,30.3,389.0,95.5538865897207,0.04014854339067702,0.1995343132055434,0.1628224473477161,0.3106041523750458,0.009708930852333666,0.23761400149099718,0.25269043906750943,0.49388286258522063,0.35510581751308407,205.59654879524075,183.40345120475925,0.3527152853374999,0.3574963496886682,AAA-P4,synthetic,True
H-0129,Hitter 129,2025,AAA,AAA-T1,batter,30.3,474.0,131.01338602058217,0.08992971178918513,0.2953125485904003,0.10613796817659427,0.3550062217822742,0.03226859259064424,0.22308311134265116,0.2863482519978342,0.44163859035482167,0.39462059170493224,235.779340168067,238.220659831933,0.38649781397130006,0.4027433694385644,AAA-P4,synthetic,True
H-0130,Hitter 130,2025,AAA,AAA-T7,batter,27.2,403.0,110.89075524605346,0.11496015930136888,0.2643235874547045,0.18794133901340565,0.3449871418205563,0.03593153847529629,0.21952885685948126,0.30768537278073704,0.5224400531954613,0.4569237322332927,212.48390643618058,190.51609356381942,0.46140864431596706,0.4524388201506183,AAA-P1,synthetic,True
H-0131,Hitter 131,2025,AAA,AAA-T5,batter,26.9,557.0,148.66188526708203,0.09643713747851085,0.21347784642088974,0.14605727465052187,0.3369091326501418,0.05489635908843406,0.24073039809257715,0.3056834872848917,0.47974818791553603,0.4351624168998849,269.4892669980221,287.5107330019779,0.4171671836727766,0.45315765012699316,AAA-P4,synthetic,True
H-0132,Hitter 132,2025,AAA,AAA-T1,batter,25.1,317.0,83.87505815633743,0.09247730912623581,0.29653898426091285,0.15939707348968638,0.3454005745376432,0.020741459392330488,0.2141453422060673,0.2824080200937318,0.4939371309434507,0.41196002134896514,170.83127129353414,146.16872870646586,0.4137825479685548,0.4101374947293755,AAA-P2,synthetic,True
H-0133,Hitter 133,2025,AAA,AAA-T5,batter,30.1,559.0,156.7490949731664,0.06489648425742515,0.15127202744301824,0.13628518957334937,0.2996795532837476,0.0606082212623744,0.24398950345270232,0.2763049274944367,0.46625314490172415,0.39981963603098836,293.80619946218184,265.19380053781816,0.3907243130159854,0.4089149590459913,AAA-P1,synthetic,True
H-0134,Hitter 134,2025,AAA,AAA-T1,batter,26.3,525.0,133.9782448226522,0.08997983921448455,0.24077579497486068,0.16440056524422392,0.3026917118467378,0.018185532223148573,0.20530255256448382,0.27229708967239497,0.49466973642889767,0.3957152764816543,265.82857597634603,259.17142402365397,0.39696154036168246,0.3944690126016261,AAA-P3,synthetic,True
H-0135,Hitter 135,2025,AAA,AAA-T2,batter,23.3,574.0,137.6323151555446,0.04315067060251376,0.20439197806629716,0.1947502566106729,0.31947441002210525,0.005,0.2411408683833276,0.2595024521475086,0.5266976976128834,0.3736341540653666,298.90321358319187,275.09678641680813,0.39772233850425576,0.34954596962647744,AAA-P4,synthetic,True
H-0136,Hitter 136,2025,AAA,AAA-T1,batter,29.7,647.0,181.70309146314705,0.08556570726782167,0.28563377472169016,0.20944184680766142,0.31715336120127,0.008391545271421066,0.2006849296028392,0.26504928529873517,0.5411571829277884,0.4136450779964124,316.27688246184226,330.72311753815774,0.4117527653609011,0.41553739063192374,AAA-P2,synthetic,True
H-0137,Hitter 137,2025,AAA,AAA-T1,batter,34.9,316.0,76.46769225112092,0.02,0.33139344946317817,0.06936254030671801,0.3391096376911875,0.005,0.22069873235667256,0.25,0.40327350407583673,0.29533777036061054,169.78852564485408,146.21147435514592,0.2510231301959018,0.3396524105253193,AAA-P2,synthetic,True
H-0138,Hitter 138,2025,AAA,AAA-T6,batter,27.9,434.0,116.31879599742727,0.08547698381820075,0.22767168552565087,0.15937477468241623,0.28126241955473347,0.048572490818412375,0.20047134075749842,0.25934390423946363,0.4875010166378896,0.4096471033287973,229.88526738730837,204.11473261269163,0.44054484187015636,0.3787493647874382,AAA-P1,synthetic,True
H-0139,Hitter 139,2025,AAA,AAA-T1,batter,34.6,347.0,84.72567049887245,0.02,0.35215329994707534,0.02,0.3204265211336655,0.005,0.2019287339032106,0.25,0.35204265211336655,0.2616492823967829,181.27512880021644,165.72487119978356,0.2627002720694505,0.26059829272411533,AAA-P5,synthetic,True
H-0140,Hitter 140,2025,AAA,AAA-T2,batter,33.6,304.0,85.49948100551991,0.02,0.34347448170458544,0.02,0.24342140531261322,0.005,0.15569393618080932,0.25,0.34434214053126133,0.23469749185941463,154.59789479816487,149.40210520183513,0.22144564475530493,0.24794933896352433,AAA-P1,synthetic,True
H-0141,Hitter 141,2025,AAA,AAA-T3,batter,29.9,515.0,132.270711719,0.05990841131238224,0.2554959677160015,0.22890677643608087,0.24706200949021323,0.03877934950696445,0.17495447223149252,0.25,0.5536129773851022,0.40920773283635464,271.38243825589154,243.61756174410846,0.4162837401827853,0.402131725489924,AAA-P1,synthetic,True
H-0142,Hitter 142,2025,AAA,AAA-T3,batter,25.5,194.0,53.8273153441292,0.052941010423162876,0.19640686237561283,0.14449119410323644,0.265366040693804,0.024514309414994776,0.20287472934601986,0.25,0.47102779817261686,0.35146985676932074,91.34707659847834,102.65292340152166,0.355823702792292,0.3471160107463495,AAA-P1,synthetic,True
H-0144,Hitter 144,2025,AAA,AAA-T2,batter,30.3,402.0,102.55942177105413,0.06616919700547877,0.25740706186058904,0.2862745280055732,0.31123556711353273,0.008407432158604313,0.21178824150466752,0.25564361101826794,0.6173980847169265,0.4402685657393807,215.3263414562516,186.6736585437484,0.42889128814637023,0.4516458433323912,AAA-P3,synthetic,True
H-0145,Hitter 145,2025,AAA,AAA-T4,batter,24.6,470.0,124.35676125128093,0.0606256634283872,0.20355122969300582,0.22339851345325315,0.30605751423910554,0.043663583468195176,0.23175372853119144,0.2633094353382532,0.5540042648771637,0.43172450190422285,216.06190709466617,253.93809290533383,0.4378756600498876,0.4255733437585581,AAA-P5,synthetic,True
H-0146,Hitter 146,2025,AAA,AAA-T7,batter,24.2,521.0,136.76671129796017,0.07548204997096583,0.2624092215877818,0.023895791369611036,0.3626821049623231,0.01616488209544707,0.24255971965931764,0.29160353858146637,0.3601640018658433,0.32746725085567757,265.9027120703258,255.09728792967422,0.3200265152179524,0.33490798649340275,AAA-P1,synthetic,True
H-0147,Hitter 147,2025,AAA,AAA-T2,batter,29.3,475.0,127.71525270014084,0.06901856687823198,0.2639726104434903,0.1436311548702681,0.3296322497906823,0.005,0.22061761884967496,0.26689942384293946,0.4765943798493363,0.36718141942014865,256.0269216824626,218.9730783175374,0.348484295276643,0.3858785435636543,AAA-P4,synthetic,True
H-0148,Hitter 148,2025,AAA,AAA-T4,batter,30.9,260.0,62.933705504851154,0.02296862774130276,0.2654567619138498,0.11471686281493716,0.2950291939283763,0.032570398617573736,0.21482084350257485,0.25,0.44421978220777475,0.33174589059787546,121.56953093921662,138.43046906078337,0.3390431206919872,0.3244486605037637,AAA-P3,synthetic,True
H-0149,Hitter 149,2025,AAA,AAA-T6,batter,33.6,497.0,140.6731241872684,0.02,0.16968380041177028,0.059826545917238794,0.30214604047801236,0.005,0.2455838312407744,0.25,0.39004114996504,0.27715571442178566,228.2682136206734,268.7317863793266,0.25081895612320915,0.30349247272036217,AAA-P2,synthetic,True
H-0150,Hitter 150,2025,AAA,AAA-T1,batter,24.7,475.0,125.65708087323304,0.06999068601777511,0.2957115974880419,0.09205179661613774,0.27036405672286057,0.006035751924945924,0.17239666659015612,0.25,0.4190882022884238,0.31968156493677086,217.95126560574008,257.0487343942599,0.3149485810812609,0.3244145487922808,AAA-P2,synthetic,True
H-0152,Hitter 152,2025,AAA,AAA-T2,batter,31.9,474.0,121.34586924700271,0.02,0.22840034381342864,0.0839841213999926,0.3117054354497863,0.005,0.2350276981155449,0.25,0.4151546649449712,0.2937881691774212,226.00174097806223,247.99825902193777,0.292659886474781,0.2949164518800614,AAA-P5,synthetic,True
H-0153,Hitter 153,2025,AAA,AAA-T1,batter,25.5,515.0,125.6776092529605,0.09196916179663074,0.15361245256707692,0.21888992349532516,0.280394533237797,0.044635023728737934,0.21823004466581122,0.28235047379248124,0.5469293768191048,0.44307747916916346,241.60328811236562,273.3967118876344,0.43704485300791124,0.4491101053304157,AAA-P1,synthetic,True
H-0154,Hitter 154,2025,AAA,AAA-T3,batter,33.2,401.0,104.34900272869876,0.02,0.3667361330905769,0.06557774320477337,0.28493704638120104,0.005,0.175491594889485,0.25,0.3940714478428935,0.2742957249960457,206.06155828671373,194.93844171328627,0.2836026109479216,0.2649888390441698,AAA-P4,synthetic,True
H-0156,Hitter 156,2025,AAA,AAA-T1,batter,34.3,543.0,134.34577084071051,0.02,0.3539058985360073,0.08830140832398536,0.25218930194684047,0.005,0.15864423440123862,0.25,0.41352033851866943,0.27533203025958614,253.57173426464234,289.4282657353576,0.2912387183730498,0.25942534214612245,AAA-P2,synthetic,True
H-0157,Hitter 157,2025,AAA,AAA-T2,batter,29.5,410.0,102.23256633235403,0.06071725319714165,0.2098097872138655,0.1532914190868316,0.33735051974410957,0.02786546681919362,0.2502679020794996,0.28219652704810017,0.4870264710612425,0.38996395978346915,207.36284144596385,202.63715855403615,0.4068862515140801,0.3730416680528582,AAA-P4,synthetic,True
H-0160,Hitter 160,2025,AAA,AAA-T1,batter,29.4,626.0,163.9726874320649,0.09669061842690957,0.27184675576810763,0.22580070776251351,0.36667197310827154,0.02980474681637979,0.23601035897050013,0.3050763006801484,0.5624679050733407,0.46703328489085594,314.18035260115994,311.81964739884006,0.4608535136693495,0.47321305611236236,AAA-P3,synthetic,True
H-0161,Hitter 161,2025,AAA,AAA-T4,batter,24.9,402.0,102.1361127715428,0.08907061275858777,0.10593556632952349,0.19888349076156545,0.22,0.009691020224557954,0.17855229363429923,0.25,0.5208834907615655,0.3774572670519746,219.85331988883107,182.14668011116893,0.3716584791679171,0.38325605493603204,AAA-P2,synthetic,True
H-0162,Hitter 162,2025,AAA,AAA-T3,batter,30.5,483.0,135.7074381565064,0.07199951112065077,0.21441079911157346,0.10828782475508354,0.3399851496172608,0.0075040362893902465,0.2437355028844405,0.29034841881757956,0.4422863397168096,0.35570639642624396,255.22433257485642,227.77566742514358,0.34815835395580197,0.36325443889668596,AAA-P5,synthetic,True
H-0163,Hitter 163,2025,AAA,AAA-T1,batter,30.7,274.0,71.22708936886244,0.033509115444818396,0.2705995332610429,0.20391416753634314,0.2942290175278064,0.005,0.205501428597372,0.25,0.5333370692891237,0.36308932909109387,139.65993924125104,134.34006075874896,0.3728451036429537,0.35333355453923404,AAA-P4,synthetic,True
H-0164,Hitter 164,2025,AAA,AAA-T6,batter,24.6,621.0,155.4860913303061,0.07668931237230768,0.15896722737696534,0.14580840517497112,0.2824096303377549,0.0492641142051668,0.2232475711912633,0.2709614710267471,0.4740493682087466,0.3970582149097138,306.61746314169136,314.38253685830864,0.4097839797861991,0.3843324500332285,AAA-P1,synthetic,True
H-0165,Hitter 165,2025,AAA,AAA-T3,batter,31.8,331.0,86.9908273823757,0.02,0.26913692584708254,0.10234388807302783,0.30629072333196883,0.005,0.21848076517228407,0.25,0.4329729604062247,0.3019908916063544,162.4656132072873,168.5343867927127,0.2994057257583297,0.3045760574543791,AAA-P3,synthetic,True
H-0166,Hitter 166,2025,AAA,AAA-T2,batter,27.2,246.0,64.70581878666687,0.1250185212778124,0.2162646130696995,0.06886212417945237,0.34345694964214696,0.05291022941112698,0.23417741976650855,0.32863531809716795,0.40320781914366705,0.4132162720379332,118.61895588816435,127.38104411183565,0.41249954162450125,0.41393300245136516,AAA-P1,synthetic,True
H-0167,Hitter 167,2025,AAA,AAA-T1,batter,33.8,409.0,105.6503644160957,0.02,0.33974885061538135,0.06731959338215471,0.3136919007093117,0.005,0.20159159998178244,0.25,0.3986887834530859,0.2853179416084442,200.15833988236352,208.84166011763648,0.26823108597922446,0.30240479723766395,AAA-P5,synthetic,True
H-0169,Hitter 169,2025,AAA,AAA-T7,batter,28.1,282.0,68.140562177856,0.07938123736270937,0.24215380266809053,0.2198123237916913,0.31447923306443315,0.04196427467919814,0.2196577814740851,0.2714080636076942,0.5512602470981346,0.4442992230231567,135.898969553504,146.101030446496,0.4455162919353004,0.44308215411101304,AAA-P2,synthetic,True
H-0170,Hitter 170,2025,AAA,AAA-T1,batter,24.2,446.0,118.1296001168847,0.0703795428895803,0.20159334634673282,0.15341408556762162,0.31435601440150673,0.03535618243845547,0.23416312828168526,0.27635327371390556,0.4848496870077723,0.39548859632003536,233.5170473736948,212.4829526263052,0.40152179697470497,0.38945539566536574,AAA-P5,synthetic,True
H-0171,Hitter 171,2025,AAA,AAA-T6,batter,25.4,419.0,107.70626410960007,0.09659641723302365,0.2279760065227014,0.24355137993776196,0.3490991684600457,0.01931914145612928,0.2386890764402799,0.3088085019326981,0.5784612967837665,0.46114268730041796,219.56110693597068,199.43889306402932,0.49007047005860366,0.43221490454223227,AAA-P4,synthetic,True
H-0174,Hitter 174,2025,AAA,AAA-T4,batter,26.9,597.0,144.57157487759275,0.026654337366816244,0.20156949894881293,0.059770516358615536,0.3041528209966098,0.044676219957653585,0.2414393303561907,0.25,0.3901857984582765,0.3181939054647116,303.4340978798965,293.5659021201035,0.3221316172556433,0.3142561936737799,AAA-P5,synthetic,True
H-0175,Hitter 175,2025,AAA,AAA-T3,batter,33.6,614.0,150.75639677094836,0.02,0.3064459692705056,0.02,0.33314349930663045,0.005,0.22514014676930946,0.25,0.3533143499306631,0.2661002247573207,311.90027456322304,302.09972543677696,0.2621178274235699,0.2700826220910715,AAA-P5,synthetic,True
H-0176,Hitter 176,2025,AAA,AAA-T4,batter,29.6,474.0,123.57817940851159,0.10233346654590578,0.17574719819323298,0.18922454538653924,0.3123135882303576,0.005,0.22621521800819408,0.3052521627532805,0.520455904209575,0.40951668242535577,232.57557063160627,241.42442936839373,0.3870227164202692,0.43201064843044235,AAA-P3,synthetic,True
H-0178,Hitter 178,2025,AAA,AAA-T2,batter,28.8,319.0,77.05710329066426,0.03788175966616779,0.26302185937244604,0.1507580249339652,0.3208544236189978,0.042359740394721006,0.23066212742670103,0.25,0.482843467295865,0.3798569601018964,156.7122347766172,162.2877652233828,0.371452699606302,0.3882612205974908,AAA-P1,synthetic,True
H-0179,Hitter 179,2025,AAA,AAA-T3,batter,30.1,551.0,153.65262765629745,0.02,0.2954729560244791,0.1461307680625636,0.3393899025335096,0.028892045623849037,0.23665537357998082,0.25,0.48006975831591453,0.3591612293826025,261.094059206124,289.905940793876,0.3490568107286264,0.3692656480365786,AAA-P2,synthetic,True
H-0181,Hitter 181,2025,AAA,AAA-T7,batter,24.4,202.0,51.669758315483946,0.04377931205648669,0.26415707197954014,0.22622268898405867,0.3165738460197629,0.039034821849934176,0.22494446387354933,0.25,0.557880073586035,0.4210001831526307,106.27056566597557,95.72943433402443,0.4083525522624337,0.4336478140428277,AAA-P4,synthetic,True
H-0182,Hitter 182,2025,AAA,AAA-T2,batter,30.5,210.0,54.98157721569253,0.05509041652007015,0.17978144877675115,0.11387213818488626,0.3304080220258619,0.03433334249048092,0.2579544749571866,0.28261444274532316,0.4469129403874724,0.36773578351622105,109.29848334800558,100.70151665199442,0.34714866409163886,0.38832290294080324,AAA-P5,synthetic,True
H-0183,Hitter 183,2025,AAA,AAA-T5,batter,26.3,386.0,108.55125592433131,0.06172729687304122,0.3049291005994126,0.17689591548175912,0.3400213283799664,0.04448842582866451,0.22202359692666937,0.255542596620174,0.5108980483197558,0.41954890950488266,209.55014603545118,176.44985396454882,0.3946183842864975,0.44447943472326784,AAA-P4,synthetic,True
H-0184,Hitter 184,2025,AAA,AAA-T2,batter,28.1,206.0,49.09935411465055,0.0730777668393831,0.21261835872414875,0.09315965580108167,0.24699426976063585,0.050126717851755695,0.1839479715313917,0.25,0.41785908277714523,0.35395428796096573,96.71012690955274,109.28987309044726,0.37192024491246756,0.3359883310094639,AAA-P5,synthetic,True
H-0185,Hitter 185,2025,AAA,AAA-T4,batter,35.0,351.0,99.2742802301121,0.02,0.34830919326233795,0.02,0.30753379027697464,0.005,0.1950162680791531,0.25,0.3507533790276975,0.25713682659694115,192.6206570951935,158.3793429048065,0.24879132775441287,0.2654823254394694,AAA-P4,synthetic,True
H-0186,Hitter 186,2025,AAA,AAA-T6,batter,28.6,351.0,94.21551514547896,0.06266137217113536,0.309422623770795,0.19786919689229515,0.32388915348546954,0.04365064042552839,0.2099227790781761,0.25,0.5302581122408421,0.425337798913447,167.16414659686984,183.83585340313016,0.41391032281163753,0.4367652750152564,AAA-P5,synthetic,True
H-0187,Hitter 187,2025,AAA,AAA-T3,batter,33.0,552.0,139.35238001750983,0.02,0.32475581898060507,0.09188678399664825,0.3073280499082289,0.005,0.20212491636640517,0.25,0.4226195889874711,0.29660254866603664,285.03563346002977,266.96436653997023,0.28692816553520284,0.30627693179687043,AAA-P4,synthetic,True
H-0188,Hitter 188,2025,AAA,AAA-T6,batter,28.9,263.0,68.63852145036392,0.06358702431530058,0.30261321903757676,0.21988861989820677,0.3628307944191341,0.020915861947813415,0.23309944849910136,0.270552886601537,0.5561716993401202,0.43126471176445313,134.78996967572675,128.21003032427325,0.3875936996877084,0.47493572384119787,AAA-P5,synthetic,True
H-0189,Hitter 189,2025,AAA,AAA-T2,batter,29.5,206.0,54.25426081866697,0.06431950499610545,0.25366851367049037,0.21404818172475581,0.3159912196194724,0.0179622096279229,0.2182041292208237,0.2582783229950772,0.545647303686703,0.4095130689778355,102.39686775513951,103.60313224486049,0.3986121913469957,0.4204139466086753,AAA-P2,synthetic,True
H-0190,Hitter 190,2025,AAA,AAA-T6,batter,23.5,365.0,98.04705279064744,0.02392175675618706,0.28042447178172064,0.12360317522275244,0.3196911451159866,0.005,0.22314435080297118,0.25,0.4555722897343511,0.3211188768924401,166.99592511798497,198.00407488201503,0.29981311611629863,0.3424246376685816,AAA-P2,synthetic,True
H-0191,Hitter 191,2025,AAA,AAA-T1,batter,32.9,598.0,161.3563093122874,0.02,0.3648175063588174,0.07697098958613131,0.3130312773968923,0.005,0.19332136181670495,0.25,0.40827411732582053,0.2903949913612845,293.6395689704975,304.3604310295025,0.2954760260880925,0.2853139566344765,AAA-P2,synthetic,True
H-0194,Hitter 194,2025,AAA,AAA-T3,batter,25.2,640.0,179.3392189394497,0.0517587915797085,0.2542453922380789,0.2038452281761867,0.3283144511510295,0.01726289687500113,0.230438290022224,0.25682276152158495,0.5366766732912897,0.39879269469305995,322.7988439068085,317.2011560931915,0.38882339962528406,0.40876198976083583,AAA-P5,synthetic,True
H-0196,Hitter 196,2025,AAA,AAA-T6,batter,25.7,191.0,51.938058098451236,0.09924741177851708,0.22369856094835708,0.29136753025049966,0.27686852422295793,0.016097114993291074,0.18986951659931434,0.2679568661938057,0.6190543826727954,0.46111671685473404,103.95483954265688,87.04516045734312,0.46819310384379087,0.4540403298656772,AAA-P1,synthetic,True
H-0197,Hitter 197,2025,AAA,AAA-T5,batter,33.0,428.0,121.58484701025252,0.02,0.2877148847867059,0.02,0.27833825518946526,0.005,0.1934394310621062,0.25,0.34783382551894654,0.24691838931631285,217.551743239108,210.448256760892,0.23693960659672259,0.2568971720359031,AAA-P2,synthetic,True
H-0198,Hitter 198,2025,AAA,AAA-T4,batter,26.2,358.0,85.89774594901507,0.12527764024909427,0.22086976115130522,0.14966040916946122,0.26772805879346295,0.012760648204124507,0.17696878419075104,0.28282685851321343,0.4764332150488075,0.3951969771789937,175.27860448121243,182.72139551878757,0.38992776624106995,0.4004661881169175,AAA-P5,synthetic,True
H-0199,Hitter 199,2025,AAA,AAA-T2,batter,26.3,395.0,96.28467513135182,0.0633157755638867,0.21720370320117338,0.0803051180278665,0.2877382913054067,0.03412064013488792,0.2121401918278982,0.25,0.40907894715840715,0.33990583588833867,216.75875163188553,178.24124836811447,0.3385598421637821,0.34125182961289524,AAA-P4,synthetic,True
H-0200,Hitter 200,2025,AAA,AAA-T1,batter,23.1,573.0,151.32277448672215,0.057271507901271196,0.2003112256781849,0.21611278069487588,0.2854603120881383,0.04337697772314788,0.21843721123050314,0.25,0.5446588119036897,0.4179024740947531,261.00911662989927,311.99088337010073,0.40192182180877534,0.4338831263807309,AAA-P2,synthetic,True
H-0176,Hitter 176,2016,AAA,AAA-TX,batter,28.2,470.0,123.45071212215069,0.1007420791338989,0.19894207613387135,0.2361549093081839,0.31992874433020635,0.027605375404321838,0.22819197515037828,0.3023881310896559,0.5681477837412046,0.4572245538926922,244.13529298782962,225.86470701217038,0.45666395957944333,0.457785148205941,AAA-P1,synthetic_transfer,True
H-0119,Hitter 119,2020,AAA,AAA-TX,batter,28.5,243.0,63.52488769641677,0.06415719583686727,0.21568755220521527,0.09276127547150786,0.2871482445405912,0.017575360950990864,0.20942762053905176,0.25026938059363013,0.42147609992556695,0.3322484490402351,123.08506813100783,119.91493186899217,0.3205960867496852,0.343900811330785,AAA-P1,synthetic_transfer,True
H-0184,Hitter 184,2022,AAA,AAA-TX,batter,27.7,422.0,106.53762165834057,0.11203054295606685,0.21112782783990963,0.10199230947384297,0.2534311589738508,0.04402801968637512,0.17813696148388136,0.2664100256338994,0.42733542537122804,0.38284327363844584,213.50365745383772,208.49634254616228,0.37255847531068936,0.3931280719662023,AAA-P1,synthetic_transfer,True
H-0088,Hitter 88,2021,AAA,AAA-TX,batter,24.4,196.0,50.96280447564065,0.07449832734126519,0.25627042102136316,0.21991278706735495,0.31991965989880905,0.05562209541479557,0.2224435487297016,0.26718853831699924,0.5519047530572359,0.45513262886383,88.72726730514933,107.27273269485067,0.4641505233820386,0.4461147343456214,AAA-P1,synthetic_transfer,True
H-0075,Hitter 75,2016,AAA,AAA-TX,batter,28.6,191.0,54.437055510955254,0.06867068693448289,0.1930294703335814,0.12147490527477409,0.29740871757051957,0.022670240475119632,0.22297734548068923,0.26628981540296204,0.451215777031826,0.35937694633255335,101.46697376399129,89.53302623600871,0.34227463225028354,0.37647926041482316,AAA-P1,synthetic_transfer,True
H-0110,Hitter 110,2020,AAA,AAA-TX,batter,23.9,496.0,124.21410683085413,0.030144892450652626,0.2470083105311472,0.2621273485601031,0.3118641043163054,0.018051961187619096,0.2281377630881341,0.25,0.5933137589917336,0.41067066800307767,270.4030500209839,225.59694997901607,0.4136455919124133,0.40769574409374204,AAA-P1,synthetic_transfer,True
H-0031,Hitter 31,2020,AAA,AAA-TX,batter,26.8,282.0,68.77628420564264,0.07395495838476604,0.25309051617073247,0.24617468294760575,0.3133485287222546,0.03069659963751065,0.2154738003906442,0.26373733778528186,0.5775095358198312,0.44446347121706803,139.72445958532063,142.27554041467937,0.415830162549054,0.47309677988508203,AAA-P1,synthetic_transfer,True
H-0137,Hitter 137,2023,AAA,AAA-TX,batter,34.6,328.0,85.43184331850857,0.02,0.33913404857470414,0.08596735520282753,0.3418389940982285,0.005,0.21982297218702732,0.25,0.4201512546126504,0.3054256932959351,153.80425444050167,174.19574555949833,0.29148240943911874,0.3193689771527515,AAA-P1,synthetic_transfer,True
H-0116,Hitter 116,2018,AAA,AAA-TX,batter,27.7,412.0,98.28152979287285,0.1476826004352291,0.2412774818514372,0.19657458974325603,0.3229042451463495,0.05004166508884765,0.2048136331468387,0.32525924548038954,0.528865014257891,0.48954782904463634,188.06075935667954,223.93924064332046,0.4894736419496561,0.4896220161396166,AAA-P1,synthetic_transfer,True
H-0019,Hitter 19,2019,AAA,AAA-TX,batter,29.1,302.0,78.76399002850727,0.06745727706745783,0.21268087653311016,0.17679384587007538,0.25847690575509175,0.047916283549896146,0.19325510516095673,0.25,0.5026415364455845,0.3980482813849506,163.9958935196713,138.0041064803287,0.3966449548876621,0.39945160788223905,AAA-P1,synthetic_transfer,True
H-0136,Hitter 136,2017,AAA,AAA-TX,batter,28.5,563.0,137.5152683386508,0.10835766065742765,0.2746854090352736,0.2744605765201613,0.300079276357524,0.015026445478826178,0.18738995601219752,0.2749800509287639,0.6044685041559138,0.46535522720236505,306.8128970334795,256.1871029665205,0.45504841566393955,0.47566203874079055,AAA-P1,synthetic_transfer,True
H-0163,Hitter 163,2018,AAA,AAA-TX,batter,29.7,579.0,147.6913605940332,0.06578551348596258,0.26712868277705876,0.20165640523312994,0.32379293269636733,0.005,0.21674766875210966,0.26018341536286127,0.5340356985027667,0.39478840876212384,302.32547420887465,276.67452579112535,0.3918752245405251,0.3977015929837226,AAA-P1,synthetic_transfer,True
H-0194,Hitter 194,2015,AAA,AAA-TX,batter,23.7,243.0,58.297760766128235,0.03373307220069199,0.23079667623701872,0.19864766086627392,0.3299066658059751,0.016274293695142546,0.24507768254666798,0.25210595684384896,0.5316383274468713,0.38298356137465456,122.98251710071102,120.01748289928898,0.3818675560955964,0.3840995666537127,AAA-P1,synthetic_transfer,True
H-0091,Hitter 91,2018,AAA,AAA-TX,batter,25.5,374.0,96.92574257254599,0.08986904048716886,0.18280643489795687,0.12643078090318113,0.33220615747223575,0.009737947578625906,0.24308237769442184,0.30732855748903404,0.45965139665040466,0.37748156577381364,194.95630099334525,179.04369900665475,0.37829337867373564,0.37666975287389165,AAA-P1,synthetic_transfer,True
H-0178,Hitter 178,2020,AAA,AAA-TX,batter,28.1,612.0,162.72803780147134,0.05440459984909567,0.2498545596222485,0.08632023424232602,0.3126070712899087,0.05252945752664759,0.22537292516343965,0.25014875573009393,0.41758094137131685,0.3622483354530972,303.15264777007945,308.84735222992055,0.3779237054671979,0.3465729654389965,AAA-P1,synthetic_transfer,True
H-0016,Hitter 16,2017,AAA,AAA-TX,batter,29.4,311.0,76.10540814704216,0.109445548384604,0.2390411189847476,0.18147299065602202,0.29436749016959407,0.022508333910423877,0.19516059462507543,0.28205145846926466,0.5109097396729814,0.4197081508087743,145.9523881496795,165.0476118503205,0.40295562194485346,0.4364606796726952,AAA-P1,synthetic_transfer,True
H-0069,Hitter 69,2018,AAA,AAA-TX,batter,22.4,632.0,151.35358071649483,0.03185374062771712,0.2647055067617564,0.1636388341314086,0.307317902917832,0.02474093420775117,0.21989107705037111,0.25,0.4943706244231918,0.36212708401989396,346.323453300189,285.676546699811,0.3661561084267612,0.3580980596130267,AAA-P1,synthetic_transfer,True
H-0100,Hitter 100,2017,AAA,AAA-TX,batter,28.5,563.0,134.63755799284104,0.06535809773549171,0.1843563107638196,0.21598402657282245,0.33307529892932186,0.027840700723189563,0.2540777027799334,0.2902695356398012,0.5492915564657546,0.4261748683060298,281.28680363845143,281.71319636154857,0.4404484541849864,0.4119012824270732,AAA-P1,synthetic_transfer,True
H-0201,Hitter 201,2022,AAA,AAA-TX,batter,28.2,590.0,167.01461336620235,0.039299206583890536,0.20697648045142786,0.1696400398275395,0.31867213561905733,0.04355378243083718,0.24672400384508744,0.2554710494163062,0.5015072533894452,0.3915451181682936,308.699674817005,281.300325182995,0.39862279402208467,0.3844674423145026,AAA-P1,synthetic_transfer,True
H-0118,Hitter 118,2023,AAA,AAA-TX,batter,34.3,188.0,45.96080642230709,0.02,0.2775645821239664,0.07988539931492833,0.3247101204990639,0.005,0.22883788918133716,0.25,0.4123564113648347,0.29608551179788295,92.99880928641454,95.00119071358546,0.30220590967419625,0.28996511392156965,AAA-P1,synthetic_transfer,True
H-0182,Hitter 182,2015,AAA,AAA-TX,batter,29.0,245.0,62.396514426555676,0.0771763685962884,0.16171815652221722,0.09368440249935911,0.3048136277317613,0.06251853124720536,0.24137310057221403,0.28597215739290827,0.42416576527253524,0.38850132722065067,122.72340738157254,122.27659261842746,0.3882362066129856,0.38876644782831576,AAA-P1,synthetic_transfer,True
H-0098,Hitter 98,2020,AAA,AAA-TX,batter,34.1,491.0,124.41611702813024,0.02,0.2870698309451294,0.05771788995689911,0.27897201155094803,0.005,0.19405812312557574,0.25,0.38561509111199394,0.26788504351912634,252.64343818708593,238.35656181291407,0.24979357921000267,0.28597650782825,AAA-P1,synthetic_transfer,True
H-0173,Hitter 173,2021,AAA,AAA-TX,batter,29.0,548.0,155.98123392911907,0.07469524688078588,0.29677695328349696,0.18624429114217794,0.3223273279281669,0.04250073792394274,0.20896679693820785,0.2570277645054407,0.5184770239349946,0.4257862618511548,278.2973166126135,269.7026833873865,0.4180706402481752,0.43350188345413443,AAA-P1,synthetic_transfer,True
H-0208,Hitter 208,2022,AAA,AAA-TX,batter,28.6,329.0,78.65263836486733,0.05057281002094274,0.26775806544832514,0.18874606614681275,0.3362731227458602,0.007292507336748296,0.23032088128589817,0.25687711468779006,0.5223733784213987,0.38347015295953146,156.19842126511483,172.80157873488517,0.39915048613539167,0.36778981978367126,AAA-P1,synthetic_transfer,True
H-0164,Hitter 164,2020,AAA,AAA-TX,batter,23.8,530.0,131.78377361632897,0.07988380320988966,0.2042388981299016,0.13364330069287525,0.3015644538223532,0.04196266766020576,0.22217754672331835,0.2741786351267484,0.4637997460751106,0.392736437360013,263.8829520810094,266.1170479189906,0.36567340829219186,0.41979946642783417,AAA-P1,synthetic_transfer,True
H-0202,Hitter 202,2022,AAA,AAA-TX,batter,24.9,240.0,61.3814626475471,0.10024641425434291,0.21333766675879115,0.21771513879328896,0.3454852769460083,0.07784465163962954,0.2488232916172706,0.3136783487385365,0.5522636664878898,0.5,113.40745711921969,126.59254288078031,0.4891328976814144,0.5,AAA-P1,synthetic_transfer,True
H-0013,Hitter 13,2018,AAA,AAA-TX,batter,29.9,309.0,82.34164943299342,0.027109414046869604,0.16924027088242577,0.12581418188338825,0.3309947763827754,0.02146892133577351,0.2692243945271409,0.266513064740967,0.4589136595216658,0.3433445908048398,149.355454736855,159.644545263145,0.35399259907720404,0.3326965825324756,AAA-P1,synthetic_transfer,True
H-0181,Hitter 181,2021,AAA,AAA-TX,batter,23.8,449.0,114.5990191143308,0.040132768336583316,0.2580219211442405,0.2379858287611974,0.32236063610221105,0.020774793719793558,0.2293635198022845,0.25,0.5702218923714185,0.41050868063785495,238.06077171925966,210.93922828074034,0.39765433446920023,0.42336302680650967,AAA-P1,synthetic_transfer,True
H-0003,Hitter 3,2021,AAA,AAA-TX,batter,23.2,582.0,140.11450335969232,0.04417666896002497,0.3048729582629013,0.16398655996309025,0.2727663031351366,0.025144064525306178,0.1813289363856374,0.25,0.4912631902766039,0.3592141404217905,291.12575062799294,290.87424937200706,0.37562744542910376,0.34280083541447726,AAA-P1,synthetic_transfer,True
H-0210,Hitter 210,2023,AAA,AAA-TX,batter,27.9,360.0,99.67589416167363,0.12542209347402114,0.2706052847487747,0.10523377646694197,0.3756622345706744,0.04006465138249315,0.2328994024237072,0.3296228277187211,0.4427999999240094,0.43321401083261274,182.70782468828398,177.29217531171602,0.4209718696546404,0.4454561520105851,AAA-P1,synthetic_transfer,True
H-0064,Hitter 64,2019,AAA,AAA-TX,batter,23.6,364.0,87.35035106681559,0.07324399700873144,0.26756649790841375,0.19146582835602627,0.3544997248824292,0.02313145125832721,0.23715221588600577,0.2835582453862625,0.5269158008442691,0.4214702133432711,189.95819379383468,174.04180620616532,0.4231813590045822,0.41975906768196003,AAA-P1,synthetic_transfer,True
H-0020,Hitter 20,2022,AAA,AAA-TX,batter,30.1,509.0,135.13926947820934,0.06583813790252988,0.18318738586408442,0.1457388590867517,0.3111568746199085,0.04344693359676391,0.2401879109836176,0.27614192175222263,0.47685454654874254,0.3942502153835399,258.6224334412938,250.37756655870618,0.379438955242688,0.40906147552439176,AAA-P1,synthetic_transfer,True
H-0026,Hitter 26,2020,AAA,AAA-TX,batter,30.4,183.0,49.73919905158736,0.08376141242701488,0.24171992326106148,0.1325014062620225,0.297296784280517,0.005,0.2012822298371244,0.26424041928042685,0.4622310846900742,0.36006263664120375,87.9519363173437,95.0480636826563,0.35955314375804037,0.3605721295243671,AAA-P1,synthetic_transfer,True
H-0108,Hitter 108,2023,AAA,AAA-TX,batter,29.8,477.0,130.9894496454739,0.04298036079152302,0.12173267148014742,0.23745704305154589,0.3821829505176244,0.03050397633068891,0.32380803430493604,0.3302895548613225,0.5756753381033083,0.4419052376112049,256.822736968847,220.17726303115302,0.45477964347118566,0.4290308317512242,AAA-P1,synthetic_transfer,True
H-0109,Hitter 109,2019,AAA,AAA-TX,batter,26.3,227.0,59.31180638299594,0.09410230067168875,0.21221738531517753,0.16612701222617177,0.2616893356317977,0.049974325449414415,0.18902488933236594,0.25747816713514715,0.49229594578935154,0.41380962757017875,112.74602999084973,114.25397000915027,0.3885724093942878,0.4390468457460697,AAA-P1,synthetic_transfer,True
H-0215,Hitter 215,2018,AAA,AAA-TX,batter,28.9,298.0,77.11285174761281,0.10013834917406525,0.31047811514007695,0.25398474871554966,0.30428680867789687,0.03190679849015296,0.18412765493466796,0.2615458208190958,0.5844134295833393,0.46500495789379953,151.23533195513548,146.76466804486452,0.4606620223125916,0.46934789347500744,AAA-P1,synthetic_transfer,True
H-0051,Hitter 51,2015,AAA,AAA-TX,batter,26.6,286.0,75.80437548020208,0.08646295782602882,0.22518684380911327,0.17367664146869852,0.262924165663458,0.014658960479041645,0.18318274566121232,0.25,0.49996905803504427,0.38126274569935215,151.99905204607805,134.00094795392195,0.39303815014891214,0.36948734124979216,AAA-P1,synthetic_transfer,True
H-0050,Hitter 50,2023,AAA,AAA-TX,batter,28.3,209.0,58.590838523912176,0.07526104043929599,0.22159392803310898,0.13147805003613067,0.27439345194814163,0.0758513240694652,0.20431609103146148,0.25,0.4589173952309448,0.40929955567174725,104.02943337297138,104.97056662702862,0.43147100313510767,0.38712810820838683,AAA-P1,synthetic_transfer,True
H-0145,Hitter 145,2016,AAA,AAA-TX,batter,23.3,333.0,89.7549167853773,0.05035843858914528,0.2251885351720268,0.16462128505160095,0.3176507955062032,0.014158900910664365,0.23224691522823962,0.25746921067162126,0.49638636460222124,0.36971340303755124,177.85565437084853,155.14434562915147,0.3738561911986418,0.3655706148764607,AAA-P1,synthetic_transfer,True
H-0112,Hitter 112,2022,AAA,AAA-TX,batter,30.2,450.0,128.0745204563771,0.10367118677436264,0.1811699237396131,0.1829386361979965,0.3084123186803148,0.010680216446643227,0.22216584379822024,0.30217861697246406,0.5137798680660279,0.410742586991041,216.8665128154807,233.1334871845193,0.4268898223933522,0.39459535158872977,AAA-P1,synthetic_transfer,True
H-0150,Hitter 150,2018,AAA,AAA-TX,batter,23.7,609.0,158.5425844686609,0.054698460907613204,0.2591059779338193,0.09805541504706028,0.2958998502851577,0.00794385148383863,0.2042367415357357,0.25,0.42764540007557605,0.3229338148464723,325.78174525298056,283.21825474701944,0.3175377202994172,0.32832990939352746,AAA-P1,synthetic_transfer,True
H-0066,Hitter 66,2017,AAA,AAA-TX,batter,23.2,285.0,73.18491146122587,0.02,0.19231260606435926,0.15805098564234799,0.32530182804507063,0.02814376916303004,0.2604577145497761,0.25061253425778945,0.49058116844685506,0.36011307416579313,146.83453064961768,138.16546935038232,0.3499227016033721,0.3703034467282142,AAA-P1,synthetic_transfer,True
H-0151,Hitter 151,2020,AAA,AAA-TX,batter,28.8,218.0,55.99666850485638,0.11894841943101156,0.21817543366900002,0.02,0.26389369897911025,0.03315336084207064,0.1799018424967686,0.2763843739644237,0.346389369897911,0.3364647130022603,105.36514512111047,112.63485487888953,0.33319988742184004,0.3397295385826805,AAA-P1,synthetic_transfer,True
H-0068,Hitter 68,2020,AAA,AAA-TX,batter,25.2,390.0,102.05583433448335,0.0704865445399473,0.24025736592149888,0.19354909370695245,0.3387309438208977,0.04322959270450116,0.23995680464937072,0.2806116737092733,0.5274221880890422,0.43325504648815216,186.06979470028247,203.93020529971753,0.4353688356124987,0.43114125736380565,AAA-P1,synthetic_transfer,True
H-0062,Hitter 62,2020,AAA,AAA-TX,batter,31.1,569.0,151.81257867317987,0.035557068192100666,0.27500958331910874,0.22056566381926168,0.3007508187648046,0.005,0.20809764404176462,0.25,0.5506407456957422,0.37596384940274596,268.64186258258235,300.35813741741765,0.37370248171925247,0.37822521708623946,AAA-P1,synthetic_transfer,True
H-0124,Hitter 124,2018,AAA,AAA-TX,batter,27.5,539.0,141.24615817086234,0.06772037125032737,0.2936463204747564,0.23455596254457214,0.3120285176633922,0.009727288467150718,0.2007308977815629,0.25,0.5657588143109114,0.41437458007736677,270.7672516124679,268.2327483875321,0.45758632944292144,0.3711628307118121,AAA-P1,synthetic_transfer,True
H-0037,Hitter 37,2017,AAA,AAA-TX,batter,33.3,646.0,158.23007269284378,0.02,0.2583748038761436,0.06497480251800994,0.3230750907931902,0.005,0.2338891257563686,0.25,0.39728231159732896,0.28731242316252203,296.0089251936295,349.9910748063705,0.27777684419448373,0.29684800213056034,AAA-P1,synthetic_transfer,True
H-0036,Hitter 36,2019,AAA,AAA-TX,batter,23.6,486.0,120.29692483428197,0.03340967094890456,0.25158903953778367,0.1699667789335708,0.24660545409279488,0.027098251672032562,0.18038795542816902,0.25,0.4946273243428502,0.34756883351500467,225.21885055478964,260.78114944521036,0.3305419357332995,0.36459573129670986,AAA-P1,synthetic_transfer,True
H-0143,Hitter 143,2019,AAA,AAA-TX,batter,32.8,647.0,161.3894659512987,0.0327582038877183,0.2707025558029267,0.1725507187812118,0.30472883239308846,0.0170946722553985,0.21481979025374837,0.25,0.5030236020205207,0.3598739344185089,353.2611514130607,293.7388485869393,0.3708971535722949,0.3488507152647229,AAA-P1,synthetic_transfer,True
H-0008,Hitter 8,2021,AAA,AAA-TX,batter,25.9,376.0,99.92754124333533,0.06178439027902555,0.2660267545921691,0.11631091555027052,0.3223579364697432,0.04257972373495836,0.22307237081752462,0.25680126131057834,0.4485467091972448,0.3783671058738393,173.96321290131345,202.03678709868655,0.3718295661171687,0.3849046456305099,AAA-P1,synthetic_transfer,True
H-0157,Hitter 157,2017,AAA,AAA-TX,batter,28.3,587.0,139.8137291808664,0.09174799307147032,0.19174744351102177,0.1787469054050925,0.32685060263755744,0.03675002448617709,0.239702452018499,0.3025189465824855,0.5114319656688482,0.43000712608353464,266.3859139584033,320.6140860415967,0.43065040100366764,0.42936385116340164,AAA-P1,synthetic_transfer,True
H-0206,Hitter 206,2023,AAA,AAA-TX,batter,31.8,456.0,113.7749472834291,0.02,0.1648929680336819,0.02,0.2804528027157378,0.02686622808752106,0.23262898584138855,0.25,0.3480452802715738,0.2673380862292772,244.5331798185879,211.4668201814121,0.2628624074369348,0.2718137650216196,AAA-P1,synthetic_transfer,True
H-0132,Hitter 132,2018,AAA,AAA-TX,batter,24.1,608.0,171.75547275499397,0.07370475034303214,0.3029858595601125,0.17122369390272626,0.2954715407710807,0.005,0.18492018586900044,0.25,0.5007708479798343,0.37368139615650015,319.9795314766264,288.0204685233736,0.38605114147821484,0.36131165083478545,AAA-P1,synthetic_transfer,True
H-0117,Hitter 117,2017,AAA,AAA-TX,batter,23.1,555.0,137.4368075186385,0.07554872928372981,0.23708321437149912,0.15198420815788022,0.28126714972896927,0.03082495622145607,0.1979577974560537,0.25,0.48011092313077713,0.38266138798989463,280.11343223968396,274.88656776031604,0.38229881469139804,0.3830239612883912,AAA-P1,synthetic_transfer,True
H-0190,Hitter 190,2020,AAA,AAA-TX,batter,22.7,364.0,100.1148765327215,0.021395201373238984,0.3009902160887773,0.12098168231602295,0.28282191450575567,0.010060171705204526,0.1931532792861916,0.25,0.44926387376659854,0.30955839084677844,194.82352346429838,169.17647653570162,0.310180371767569,0.30893640992598786,AAA-P1,synthetic_transfer,True
H-0174,Hitter 174,2015,AAA,AAA-TX,batter,25.4,614.0,158.72523723307933,0.02,0.21902825470929585,0.04476648003443835,0.3113481013554276,0.036392003332240484,0.24238590858122286,0.25,0.3759012901699811,0.3003462024923572,281.339578359347,332.660421640653,0.2938333489371855,0.30685905604752894,AAA-P1,synthetic_transfer,True
H-0189,Hitter 189,2023,AAA,AAA-TX,batter,29.2,254.0,60.763321221690866,0.05635514028180502,0.23649108939762412,0.23423965923094192,0.31918533803379,0.030660118080017014,0.23031213293364308,0.25949694398128154,0.5661581930343209,0.4275893853581234,120.46922319070634,133.53077680929366,0.4092025743452882,0.44597619637095864,AAA-P1,synthetic_transfer,True
H-0193,Hitter 193,2020,AAA,AAA-TX,batter,24.9,376.0,90.38182391475597,0.07847241091823548,0.2083360650330639,0.16548384762012716,0.36017608241578014,0.005,0.2576245291440006,0.30965948714783603,0.5015014558617052,0.3965084326793578,191.0713934163274,184.9286065836726,0.36772467509169104,0.4252921902670246,AAA-P1,synthetic_transfer,True
H-0183,Hitter 183,2016,AAA,AAA-TX,batter,24.9,565.0,150.79075623617598,0.06534078840102456,0.2954785139400108,0.20524464224652283,0.3176661697750371,0.03512700015450529,0.20831513404263513,0.25,0.5370112592240266,0.4214205646766225,288.0602694815139,276.9397305184861,0.4280094491594734,0.41483168019377153,AAA-P1,synthetic_transfer,True
H-0039,Hitter 39,2023,AAA,AAA-TX,batter,32.4,366.0,104.3933889707804,0.02,0.27688458443261754,0.26630130439269656,0.37759916906720303,0.005,0.2662457966765847,0.2589462170089263,0.6040612212994169,0.4171254265895042,190.61893037273578,175.38106962726422,0.4409104444461364,0.39334040873287196,AAA-P1,synthetic_transfer,True
H-0130,Hitter 130,2022,AAA,AAA-TX,batter,26.8,326.0,92.11232234775241,0.14087643366963112,0.25477737974371323,0.20885918051268892,0.32477850926645857,0.04383448149222326,0.20285382578431657,0.3175272218740659,0.5413370314393349,0.4866095644369821,170.13635545757464,155.86364454242536,0.48399164883984747,0.48922748003411676,AAA-P1,synthetic_transfer,True
H-0067,Hitter 67,2022,AAA,AAA-TX,batter,34.6,412.0,101.87519186564327,0.02,0.3113894662591279,0.02,0.32629224383401656,0.005,0.21891243130536858,0.25,0.35262922438340166,0.2637022853419058,215.69026883672146,196.30973116327854,0.2711580076234889,0.25624656306032273,AAA-P1,synthetic_transfer,True
H-0099,Hitter 99,2018,AAA,AAA-TX,batter,33.6,555.0,140.55521209352182,0.02,0.331233136926146,0.06254157883508946,0.3014196931668394,0.005,0.196301108804534,0.25,0.39268354815177337,0.278394760967693,300.83220206341974,254.16779793658026,0.2822345298908843,0.2745549920445017,AAA-P1,synthetic_transfer,True
H-0025,Hitter 25,2022,AAA,AAA-TX,batter,22.9,235.0,57.232913085834525,0.02,0.2527825197215787,0.10395952610628445,0.290935929453332,0.0054630011643593615,0.21239314371416654,0.25,0.43305311905161764,0.29792201571504606,117.20409285796453,117.79590714203547,0.2976026073780999,0.2982414240519922,AAA-P1,synthetic_transfer,True
H-0076,Hitter 76,2016,AAA,AAA-TX,batter,29.5,243.0,60.06433993712022,0.08434361208803566,0.3281384616429705,0.13690238752697684,0.30726708484653503,0.035445330714946106,0.18584172010699715,0.25,0.4676290960116304,0.39378111894120094,132.4792939673225,110.52070603267751,0.41382500793932553,0.37373722994307634,AAA-P1,synthetic_transfer,True
H-0082,Hitter 82,2020,AAA,AAA-TX,batter,33.4,532.0,139.3291924802139,0.02,0.43799154878369595,0.04098537199016969,0.3467898939520129,0.005,0.18871305331839683,0.25,0.37566436138537096,0.28241841747779783,283.39667009753566,248.60332990246434,0.3021171842870776,0.26271965066851805,AAA-P1,synthetic_transfer,True
H-0213,Hitter 213,2016,AAA,AAA-TX,batter,24.3,257.0,67.05837497631795,0.0629380680102609,0.32744256332822147,0.1558673319224599,0.34539209160147216,0.03989004829145831,0.21654121606648927,0.2524400059507544,0.49040654108260706,0.4065719556873633,118.68139925529125,138.31860074470876,0.4133967941786792,0.39974711719604744,AAA-P1,synthetic_transfer,True
H-0041,Hitter 41,2016,AAA,AAA-TX,batter,29.5,486.0,123.7228651038991,0.04234205852015618,0.23817207063084586,0.15098199265949747,0.30774022331692674,0.01328890221429041,0.2234080779005877,0.25,0.48175601499119014,0.35234862708061865,255.8829147556275,230.1170852443725,0.3598718157006678,0.3448254384605695,AAA-P1,synthetic_transfer,True
H-0141,Hitter 141,2016,AAA,AAA-TX,batter,28.5,314.0,85.0728302088317,0.07238747421382472,0.2508585802578049,0.2788088877709593,0.23680928821261135,0.0481977777452243,0.1674912867974334,0.25,0.6024898165922205,0.45027737106882076,161.0756646755938,152.9243353244062,0.4464578381113222,0.4540969040263193,AAA-P1,synthetic_transfer,True
H-0034,Hitter 34,2020,AAA,AAA-TX,batter,25.1,641.0,176.93065463486732,0.10007623840932607,0.21103383534660936,0.15141892736203652,0.33102040356868573,0.029835058658676313,0.23251188019851385,0.3053091976690672,0.48452096771890507,0.416042470977497,316.74465632947516,324.25534367052484,0.4340283111721207,0.39805663078287334,AAA-P1,synthetic_transfer,True
H-0007,Hitter 7,2022,AAA,AAA-TX,batter,32.6,195.0,52.021392500924165,0.02,0.21675070309429753,0.02893047437426162,0.32400973073354244,0.007835107461883019,0.2484754652922647,0.25,0.36133144744761586,0.2703667633782785,92.2960492198402,102.7039507801598,0.30369945136005205,0.2370340753965049,AAA-P1,synthetic_transfer,True
H-0042,Hitter 42,2022,AAA,AAA-TX,batter,32.4,356.0,95.38307702679629,0.02,0.20709317344638367,0.2359888891498252,0.28171113027759376,0.005,0.21848645570768738,0.25,0.5641600021775846,0.3668927846295617,171.62939322192568,184.37060677807432,0.36563933952260524,0.36814622973651817,AAA-P1,synthetic_transfer,True
H-0063,Hitter 63,2022,AAA,AAA-TX,batter,34.4,328.0,82.46468229982233,0.02,0.30225084964837745,0.051029249301483115,0.3386096997993093,0.005,0.23024243633979988,0.25,0.38489021928141404,0.285079482045574,172.94758247132847,155.05241752867153,0.29591944484918986,0.2742395192419581,AAA-P1,synthetic_transfer,True
H-0032,Hitter 32,2022,AAA,AAA-TX,batter,24.1,345.0,96.99220186485124,0.06863456713971772,0.32759594210746856,0.1405305037374885,0.2621230586244537,0.014272949693704245,0.16040284807431196,0.25,0.46674280959993386,0.34992469929631365,189.4014526588256,155.5985473411744,0.3553903921731917,0.3444590064194356,AAA-P1,synthetic_transfer,True
H-0033,Hitter 33,2020,AAA,AAA-TX,batter,26.0,641.0,166.51531256557928,0.12918382087103045,0.20493496486372012,0.1874311325667359,0.35786626813689143,0.012952418692627636,0.24023928797546076,0.3436506035254404,0.523217759380425,0.4504261681927029,336.8258845486451,304.1741154513549,0.4489477404364391,0.45190459594896676,AAA-P1,synthetic_transfer,True
H-0057,Hitter 57,2019,AAA,AAA-TX,batter,29.2,616.0,163.99650887044731,0.12372949669138958,0.29363868438483454,0.1104317147599419,0.2953162940690148,0.03347400538899495,0.177081770379608,0.27858409930552247,0.43996334416684335,0.4008353985761913,301.1187093076882,314.8812906923118,0.4015611577134333,0.40010963943894934,AAA-P1,synthetic_transfer,True
H-0149,Hitter 149,2021,AAA,AAA-TX,batter,33.0,226.0,55.93514144184449,0.02,0.1901286090375175,0.08459883590104224,0.3059490394416007,0.005,0.24241039334737255,0.25,0.4151937398452023,0.2921115235501335,108.44908679818602,117.55091320181398,0.2847020262192549,0.29952102088101207,AAA-P1,synthetic_transfer,True
H-0104,Hitter 104,2017,AAA,AAA-TX,batter,22.4,407.0,104.30364512537656,0.02,0.27340599310966934,0.12385898280209523,0.32347926116564,0.005,0.22931850729295333,0.25,0.4562069089186592,0.3198401819491264,209.9003449385168,197.0996550614832,0.3343223806359954,0.3053579832622574,AAA-P1,synthetic_transfer,True
H-0196,Hitter 196,2015,AAA,AAA-TX,batter,24.2,329.0,88.29355494207438,0.06895631232189785,0.25274451927538527,0.24930784804817835,0.2548807996079037,0.006700559496497461,0.17389051834033528,0.25,0.5747959280089687,0.40062751846144057,154.60397173910627,174.39602826089373,0.38639924006640275,0.4148557968564784,AAA-P1,synthetic_transfer,True
H-0199,Hitter 199,2018,AAA,AAA-TX,batter,25.2,433.0,116.73429374892426,0.054216154396726744,0.2512546688043521,0.11175629681457387,0.2737640073582406,0.03746871860330502,0.19575739845818835,0.25,0.4391326975503979,0.34895652064408306,214.95112065840888,218.04887934159112,0.33806176694932355,0.35985127433884256,AAA-P1,synthetic_transfer,True
H-0187,Hitter 187,2015,AAA,AAA-TX,batter,31.5,211.0,53.46339313691078,0.03707259755560527,0.3055735190361602,0.1576730607630933,0.25912287934396877,0.02540363581268739,0.17414597638858442,0.25,0.48358534869749015,0.3462272817104327,103.85524904579133,107.14475095420867,0.35334129175226736,0.33911327166859806,AAA-P1,synthetic_transfer,True
H-0090,Hitter 90,2018,AAA,AAA-TX,batter,27.6,548.0,138.64401147144733,0.1292563446473091,0.22115575629108444,0.2592601580210085,0.3394746134933144,0.03953862451834354,0.22644939464162456,0.3277230855147948,0.59320761937034,0.5,278.3665232423442,269.6334767576558,0.5,0.4939961375508539,AAA-P1,synthetic_transfer,True
H-0094,Hitter 94,2019,AAA,AAA-TX,batter,32.4,621.0,168.21419930188753,0.02,0.31097230961406747,0.1227954789260276,0.3258892844407551,0.005,0.2187789552909226,0.25,0.4553844073701031,0.3200987629635795,297.0308149918948,323.9691850081052,0.32551309070247975,0.3146844352246792,AAA-P1,synthetic_transfer,True
H-0044,Hitter 44,2015,AAA,AAA-TX,batter,22.9,273.0,66.96111103032128,0.02,0.2693463876970709,0.11667688314347274,0.30871764787653294,0.013991322191017192,0.22149000997377438,0.25,0.44754864793112603,0.318815652457612,144.761918846585,128.238081153415,0.3265788693570879,0.3110524355581361,AAA-P1,synthetic_transfer,True
H-0045,Hitter 45,2022,AAA,AAA-TX,batter,30.8,472.0,113.06180975014549,0.03525877660001699,0.22945731655875137,0.18322049616525785,0.2971814766812057,0.013455045021974619,0.22053101396829952,0.25,0.5129386438333784,0.3615754738691028,250.99675021847247,221.00324978152753,0.3499808907273662,0.37317005701083944,AAA-P1,synthetic_transfer,True
H-0128,Hitter 128,2015,AAA,AAA-TX,batter,28.8,270.0,74.51845614366302,0.07380532749270632,0.14015727229977618,0.1583039304188134,0.3156603522425162,0.022305646883963137,0.25146668965789115,0.29711408585547333,0.489869965643065,0.38928709645568926,144.68626195559253,125.31373804440747,0.38542090960149006,0.39315328330988847,AAA-P1,synthetic_transfer,True
H-0024,Hitter 24,2019,AAA,AAA-TX,batter,29.0,501.0,136.32395058735582,0.08698007203864044,0.29398434625758013,0.29390215244928936,0.36036246449259823,0.05149716657459956,0.23080176281757303,0.2877495410868852,0.6299383988985492,0.5,238.66246960414895,262.33753039585105,0.4598199699665431,0.5,AAA-P1,synthetic_transfer,True
H-0101,Hitter 101,2015,AAA,AAA-TX,batter,30.5,603.0,161.32649927454412,0.06979618100403315,0.33645648146879326,0.05904881673587124,0.33809919020389634,0.052522526839099415,0.20862387302952182,0.25046712560732437,0.3928587357562609,0.3669391666341056,289.24601878737917,313.75398121262083,0.39567265140856994,0.3382056818596412,AAA-P1,synthetic_transfer,True
H-0164,Hitter 164,2016,AAA,AAA-TX,batter,24.1,462.0,113.88328498650793,0.02779746172678924,0.17277814930318725,0.05496070288702855,0.2531178357095868,0.01882394383702996,0.20517216272510574,0.25,0.3802724864579872,0.2752194017483005,247.2193700578026,214.7806299421974,0.2668318575179537,0.2894987924242167,AAA-P1,synthetic_transfer,True
H-0003,Hitter 3,2020,AAA,AAA-TX,batter,23.9,565.0,134.85363210308577,0.03075297951355381,0.23566702994683245,0.08738139213672913,0.2528438670939705,0.013410784193156838,0.18749281925976777,0.25,0.41266577884612615,0.2901519105914195,274.46754522313176,290.53245477686824,0.29563483452137773,0.3037771761814446,AAA-P1,synthetic_transfer,True
H-0045,Hitter 45,2024,AAA,AAA-TX,batter,31.9,497.0,126.44036419286495,0.03694390833276832,0.18959727537748788,0.15170107131761124,0.2579974484239028,0.01,0.2010504010637261,0.25,0.4775008161600015,0.32859543200599,250.85166963210042,246.14833036789958,0.3340457214296992,0.3567251186348071,AAA-P1,synthetic_transfer,True
H-0017,Hitter 17,2022,AAA,AAA-TX,batter,31.8,204.0,51.01926853157265,0.018850922758823357,0.15609017814179704,0.019658250618169004,0.28423151475573083,0.022242083290508637,0.23784405314728863,0.25,0.34808140209374205,0.26350658889713285,97.38746438556942,106.61253561443058,0.2720223150363233,0.2557943215255563,AAA-P1,synthetic_transfer,True
H-0032,Hitter 32,2021,AAA,AAA-TX,batter,24.8,306.0,78.54596373483888,0.0641028987229972,0.32084197576203066,0.11819894340408331,0.2792931505849849,0.01,0.17328068378851988,0.25,0.4461282584625818,0.33663405068308855,138.08512660989587,167.91487339010413,0.3529482156407387,0.3224081780494163,AAA-P1,synthetic_transfer,True
H-0114,Hitter 114,2022,AAA,AAA-TX,batter,32.4,455.0,117.37961900297456,0.023123576261006827,0.1627526036458684,0.019331061618844906,0.31495049384901513,0.01,0.2579086991925764,0.2538914055343256,0.3508261110037464,0.2660512601202248,214.85112866229514,240.14887133770486,0.2904018644510792,0.23510911787981692,AAA-P1,synthetic_transfer,True
H-0161,Hitter 161,2017,AAA,AAA-TX,batter,24.5,513.0,141.88114193605122,0.0578900606057633,0.0866149732343657,0.13621912618266216,0.21828677322516335,0.01,0.18824323567340856,0.25,0.4580478035051785,0.32084393245330567,251.91648971176014,261.08351028823984,0.3280489392721781,0.31711502125462304,AAA-P1,synthetic_transfer,True
H-0141,Hitter 141,2017,AAA,AAA-TX,batter,29.5,600.0,169.46754720471137,0.08670327041446169,0.1977582124557364,0.17659730424844022,0.2188773476939802,0.031158953653660604,0.16128901585030375,0.25,0.49848503901783825,0.38247093660795295,295.87546910963795,304.12453089036205,0.39505661325705466,0.40013397183656985,AAA-P1,synthetic_transfer,True
H-0170,Hitter 170,2020,AAA,AAA-TX,batter,24.3,466.0,119.69760869730939,0.018726427640015482,0.16440216718949752,0.0807024205411475,0.28372651101781377,0.01,0.2332680737392412,0.25,0.4090750716429289,0.2857991095018768,220.41995728800896,245.58004271199104,0.3125828447243242,0.276509797594396,AAA-P1,synthetic_transfer,True
H-0068,Hitter 68,2021,AAA,AAA-TX,batter,26.2,247.0,64.51775127470178,0.04035306765171256,0.2237190623496549,0.1520494364713396,0.31310920174191986,0.015596567638394912,0.23276527306066247,0.25,0.48336035664553156,0.35549946889966294,115.9568929697209,131.0431070302791,0.35504993796617335,0.36996984701635793,AAA-P1,synthetic_transfer,True
H-0190,Hitter 190,2022,AAA,AAA-TX,batter,23.9,555.0,157.53299525686938,0.018248083110942333,0.24522639257239826,0.07239729202070155,0.26605326888348196,0.01,0.19745502336056772,0.25,0.39900261890904976,0.27471081289826416,277.6426981199647,277.3573018800353,0.28463992820960937,0.27121437174484975,AAA-P1,synthetic_transfer,True
H-0193,Hitter 193,2021,AAA,AAA-TX,batter,25.9,575.0,164.2329485557675,0.07033743359919013,0.2022434759448436,0.14505998979542567,0.3095055467410421,0.01,0.2266402433014454,0.272963652570491,0.47601054446952984,0.3663461392662819,263.856558751321,311.143441248679,0.38465254531412163,0.37411553612482895,AAA-P1,synthetic_transfer,True
H-0135,Hitter 135,2017,AAA,AAA-TX,batter,22.9,480.0,123.3401136851548,0.019237687315602464,0.18131402441852568,0.07406571891510691,0.2983766740038036,0.01,0.24003672129080483,0.25,0.4039033863154872,0.28763436242556173,247.62299489481836,232.37700510518164,0.30602954000127963,0.29023947961251434,AAA-P1,synthetic_transfer,True
H-0040,Hitter 40,2018,AAA,AAA-TX,batter,32.4,642.0,168.5604855657048,0.017807625630054176,0.18647837394371458,0.11030539016157141,0.34667062330588505,0.01,0.27735066850098083,0.26607322728093696,0.44497245249215994,0.323468020686962,340.39550595356076,301.60449404643924,0.31553337854414454,0.32081739480402705,AAA-P1,synthetic_transfer,True
H-0149,Hitter 149,2016,AAA,AAA-TX,batter,33.1,349.0,90.29141554363825,0.019092641168003587,0.17987711324832587,0.04081200311315531,0.2765257263314333,0.01,0.22300547047347088,0.25,0.36846457574629865,0.2615954547458396,189.49495964028623,159.50504035971377,0.26703780360292706,0.2569118426433946,AAA-P1,synthetic_transfer,True
H-0377,NPB Hitter 27,2016,AAA,AAA-TX,batter,31.6,640.0,168.18212928826668,0.10460769669701883,0.21534670482693663,0.05724172732739731,0.2606900104133005,0.01,0.1787810941482392,0.26416068143043414,0.3833107283687273,0.3249498413626368,288.25246943184067,351.74753056815933,0.327171191484979,0.3164510831776848,AAA-P1,synthetic_transfer,True
H-0025,Hitter 25,2021,AAA,AAA-TX,batter,23.6,632.0,158.27988697539192,0.018631894112096845,0.23961637361883148,0.06253206141751119,0.2966531907595812,0.01,0.2215430181290667,0.25,0.39219738049346925,0.28026357642395233,300.74843310252265,331.25156689747735,0.2687087847029153,0.2907774971948098,AAA-P1,synthetic_transfer,True
H-0089,Hitter 89,2019,AAA,AAA-TX,batter,24.7,375.0,100.63570016866566,0.06236782759582995,0.3031810795521047,0.06475113911444262,0.23473369790824916,0.02601277645688367,0.1528289676356278,0.25,0.38822450890526755,0.3048388989091069,204.18195054854883,170.81804945145117,0.30630763546629997,0.3419129203482146,AAA-P1,synthetic_transfer,True
H-0095,Hitter 95,2024,AAA,AAA-TX,batter,29.7,525.0,142.27752245048964,0.06111240619773939,0.19616095339058898,0.08383296148231903,0.26675763235519273,0.013430001763083737,0.20014250034780667,0.25,0.41050872471783834,0.31433898606478583,261.2406996170372,263.7593003829628,0.3337102634371976,0.32642592231581785,AAA-P1,synthetic_transfer,True
H-0174,Hitter 174,2016,AAA,AAA-TX,batter,26.4,356.0,101.41330830724122,0.028258079161456787,0.19386646545645386,0.030205491232678003,0.2803844862516285,0.016316016457802056,0.22055161239372895,0.25,0.35824393985784087,0.2692126605910845,180.30307773177742,175.69692226822258,0.27845428383954773,0.2857056076785637,AAA-P1,synthetic_transfer,True
H-0128,Hitter 128,2023,AAA,AAA-TX,batter,30.8,250.0,61.499778023289345,0.04852648043395577,0.19578975133360027,0.13233812796202987,0.2878591122839701,0.012716388583505102,0.2194379169783225,0.25,0.4611240391904269,0.3389499457074296,128.8211081030586,121.1788918969414,0.33187597565055227,0.35958784061996607,AAA-P1,synthetic_transfer,True
H-0035,Hitter 35,2021,AAA,AAA-TX,batter,30.3,306.0,79.67688435318986,0.04915307860438179,0.25064934679645257,0.024927449430261473,0.283482310427428,0.010760864693002135,0.20010775590700317,0.25,0.3532756804730043,0.2770208390830127,154.2096277234295,151.7903722765705,0.3074305444898834,0.2740327580131905,AAA-P1,synthetic_transfer,True
H-0100,Hitter 100,2023,AAA,AAA-TX,batter,30.2,436.0,109.34909659318234,0.06055579676034921,0.16019742389020478,0.13548599676064504,0.32699284189311456,0.014648842506137993,0.25700544529145286,0.2898831037843282,0.4681852809499565,0.3645378088687135,210.04566787760382,225.95433212239618,0.3665857159175495,0.39073860501181734,AAA-P1,synthetic_transfer,True
H-0372,NPB Hitter 22,2019,AAA,AAA-TX,batter,26.5,617.0,169.789476425259,0.08613339991235251,0.20225842802429272,0.11272629372012137,0.2805129426851884,0.02614296331324976,0.203536746881307,0.2657871720582401,0.4407775879886402,0.36400103840645426,309.47603863767773,307.52396136232227,0.35426463863172164,0.39276141489108507,AAA-P1,synthetic_transfer,True
H-0138,Hitter 138,2016,AAA,AAA-TX,batter,27.4,419.0,108.23616359971074,0.05761444824095933,0.23331616227334376,0.10582592921127461,0.29697818669785886,0.03002632992139846,0.21508209102062986,0.25,0.43552374788106046,0.34950043710838175,205.69285714370585,213.30714285629415,0.3710668550222565,0.3532330906070052,AAA-P1,synthetic_transfer,True
H-0201,Hitter 201,2018,AAA,AAA-TX,batter,28.5,249.0,69.03488220486304,0.03548103709704199,0.19205650822751702,0.1407896680129377,0.33834929805763475,0.028110311060004917,0.2655786759743137,0.2707069534808237,0.4746245978187012,0.3659925776492218,131.95998858682455,117.04001141317545,0.3699176121398635,0.3704485991302815,AAA-P1,synthetic_transfer,True
H-0378,NPB Hitter 28,2018,AAA,AAA-TX,batter,25.3,524.0,132.11999987627024,0.049981217355279585,0.15553083603097415,0.17673353055505178,0.30179145241857913,0.023418286903293353,0.24328241437311104,0.26577392155913493,0.5069126757969097,0.3788937605134409,259.411163112699,264.588836887301,0.39099629033171357,0.39368546231651647,AAA-P1,synthetic_transfer,True
H-0137,Hitter 137,2016,AAA,AAA-TX,batter,34.4,208.0,51.19245610738671,0.020467869695183643,0.2846208081376243,0.06256793086693398,0.295675271508927,0.01,0.20696809385641193,0.25,0.3921354580178267,0.2812262157915667,110.3993994137225,97.6006005862775,0.29187247250230824,0.2758477978100085,AAA-P1,synthetic_transfer,True
H-0051,Hitter 51,2019,AAA,AAA-TX,batter,28.0,223.0,62.96788896899442,0.06153475084767083,0.23696868553375175,0.13971252155957434,0.2705147740712872,0.012704336982952676,0.19167083496650675,0.25,0.466763998966703,0.34603028666074337,107.33352480869719,115.66647519130281,0.3712430847308719,0.3486350886180985,AAA-P1,synthetic_transfer,True
H-0353,NPB Hitter 3,2016,AAA,AAA-TX,batter,30.3,460.0,115.02711159352728,0.0780836812189447,0.16271163238401296,0.14582616044276034,0.31547026903823977,0.02573738193287149,0.2433671139626981,0.29363953722443537,0.47737318734658435,0.3884412029997477,208.77371433532153,251.22628566467847,0.4200066895390331,0.3913643540251688,AAA-P1,synthetic_transfer,True
H-0029,Hitter 29,2022,AAA,AAA-TX,batter,25.4,325.0,91.12197866984505,0.0816369157011766,0.23456573605881612,0.13706123262213055,0.2874376201776588,0.01,0.19804908246190148,0.2585310899168879,0.46580499463989644,0.362132685995176,154.50076196534374,170.49923803465626,0.3735925929558458,0.36633282695893843,AAA-P1,synthetic_transfer,True
H-0214,Hitter 214,2016,AAA,AAA-TX,batter,29.7,527.0,126.94470762702102,0.05091560342034414,0.18837402888597427,0.10199384774291495,0.25775736567719926,0.019633568007242395,0.1990237356211433,0.25,0.42776958431063483,0.31962282784638196,264.4370998514179,262.5629001485821,0.35866385700406805,0.3102661773996362,AAA-P1,synthetic_transfer,True
H-0004,Hitter 4,2020,AAA,AAA-TX,batter,33.9,570.0,146.04848090967417,0.019350095311315752,0.25323735265378955,0.02486574130317906,0.2383462569454472,0.01,0.1748760590326525,0.25,0.3487003669977237,0.239642414365576,278.31479488059455,291.68520511940545,0.2243141089530004,0.25625126341701215,AAA-P1,synthetic_transfer,True
H-0092,Hitter 92,2022,AAA,AAA-TX,batter,33.6,640.0,157.1752095906976,0.018748157883376936,0.3000955314279581,0.017656032440374766,0.25511827234439133,0.01,0.17527542117937167,0.25,0.3431678596748139,0.24112592368110694,323.3983828989495,316.6016171010505,0.2487644735416784,0.2373230049735936,AAA-P1,synthetic_transfer,True
H-0215,Hitter 215,2024,AAA,AAA-TX,batter,30.7,355.0,88.00478564135383,0.0640489526873919,0.2794539202508193,0.14350085601698662,0.2675511926256977,0.011985952337723075,0.17744448215138428,0.25,0.4702559752795564,0.34819001221346196,175.03187378703169,179.96812621296831,0.35425436176362113,0.3627298222085993,AAA-P1,synthetic_transfer,True
H-0144,Hitter 144,2022,AAA,AAA-TX,batter,30.7,625.0,169.37124537083358,0.05472255767746695,0.23805244536973055,0.22089143623284557,0.3023625706693978,0.012207255464503804,0.21566945643998198,0.25,0.5511276932997854,0.39660950995463456,336.78022973605783,288.21977026394217,0.41309237190479664,0.4129718068818873,AAA-P1,synthetic_transfer,True
H-0028,Hitter 28,2023,AAA,AAA-TX,batter,27.4,535.0,149.83287145451374,0.060634341052138795,0.18555803078832214,0.20446238990296758,0.2701591276612483,0.03560469296148182,0.20898871519219797,0.25,0.5314783026690924,0.40149827152989986,292.023762952623,242.97623704737703,0.40041188505856196,0.4443299818714148,AAA-P1,synthetic_transfer,True
H-0374,NPB Hitter 24,2018,AAA,AAA-TX,batter,32.3,401.0,98.9725527423632,0.04101884918561396,0.21723393932657817,0.1147550354989102,0.3229283347048809,0.023551414704008487,0.24306390398334818,0.2565969217855862,0.4470478689693983,0.3460496543346463,211.14618043784162,189.85381956215838,0.3939079889113387,0.33674582770135997,AAA-P1,synthetic_transfer,True
H-0022,Hitter 22,2021,AAA,AAA-TX,batter,34.4,404.0,110.58436168425278,0.018997377496546505,0.2847460137148754,0.06005325075362125,0.26364790131572874,0.01,0.185066593684315,0.25,0.38641804088519416,0.2676042176225793,206.5370300302991,197.4629699697009,0.25148394447500577,0.2917306070598602,AAA-P1,synthetic_transfer,True
H-0162,Hitter 162,2022,AAA,AAA-TX,batter,30.9,220.0,58.702648547918436,0.0634627267947621,0.18039290578075443,0.13016918257378057,0.33167560759114273,0.01,0.25229464249213585,0.28917790503768437,0.4633367433328948,0.3611034218288128,99.89301567412838,120.10698432587162,0.3724584566185967,0.3632668557671734,AAA-P1,synthetic_transfer,True
