player_id,player_name,season,league,team,role,age,pa,g,bb_pct,k_pct,iso,babip,hr_pct,avg,obp,slg,woba,home_pa,road_pa,home_woba,road_woba,park_id,source,is_synthetic
H-0501,CUBA Hitter 1,2015,CUBA,CUBA-T6,batter,31.0,512.0,135.53111245968122,0.02,0.1686216191142189,0.12050279220502663,0.2768329690885855,0.005,0.2253662862349,0.25,0.4481860891138852,0.30166807489376957,266.55353374960845,245.44646625039155,0.3102523118076262,0.29308383797991294,CUBA-P3,synthetic,True
H-0502,CUBA Hitter 2,2015,CUBA,CUBA-T5,batter,29.4,334.0,86.67194522822305,0.04525721075533767,0.09746897330078548,0.08179378396669736,0.30850290736311603,0.024620330940294977,0.2681645142660031,0.2832815289178007,0.41264407470300896,0.326800944133776,179.94679986466562,154.05320013533438,0.3412347710843584,0.31236711718319354,CUBA-P2,synthetic,True
H-0503,CUBA Hitter 3,2015,CUBA,CUBA-T2,batter,28.0,247.0,66.22464686309382,0.06847747037945319,0.14457800199360937,0.15387048342929546,0.288652465687664,0.02678206714075496,0.23117078833004276,0.2729156008124898,0.48273572999806186,0.3776952185690916,134.60248656072642,112.39751343927358,0.37026236692602144,0.3851280702121618,CUBA-P4,synthetic,True
H-0504,CUBA Hitter 4,2015,CUBA,CUBA-T4,batter,24.8,592.0,143.68336524191196,0.04743644936368406,0.15858636580987356,0.12967769607934465,0.32066902704037376,0.02668037157679408,0.2586059470870694,0.2765799515791793,0.46174459878338203,0.36077474128146386,290.6604211658678,301.3395788341322,0.3439034873575339,0.3776459952053938,CUBA-P4,synthetic,True
H-0505,CUBA Hitter 5,2015,CUBA,CUBA-T1,batter,31.0,643.0,170.44067229985401,0.03776051768980116,0.14081990239821424,0.09376844375280033,0.26486230248506343,0.00964543780917131,0.21900989691317752,0.25,0.4202546740013066,0.29938770634492734,298.2014908244668,344.7985091755332,0.2860527900454164,0.3127226226444383,CUBA-P2,synthetic,True
H-0506,CUBA Hitter 6,2015,CUBA,CUBA-T7,batter,26.4,336.0,86.18909891090233,0.05565732467226379,0.14937006985663637,0.12127614274127227,0.27908773898424855,0.014773881573976261,0.22408318925144274,0.2553377209860755,0.44918491663969706,0.33663920783935003,156.69710368755744,179.30289631244256,0.37956794977131914,0.2937104659073809,CUBA-P5,synthetic,True
H-0507,CUBA Hitter 7,2015,CUBA,CUBA-T4,batter,23.7,423.0,113.43583667063956,0.06415484606711608,0.1734199852410857,0.16141714770956592,0.2644250480801315,0.031170905520477868,0.2062799477169028,0.25,0.487859652517579,0.37429040528371865,191.77775121668174,231.22224878331826,0.3736975375505085,0.3748832730169288,CUBA-P5,synthetic,True
H-0508,CUBA Hitter 8,2015,CUBA,CUBA-T5,batter,29.1,197.0,48.89444639113109,0.07157265318593135,0.15735272931775715,0.15295763660676429,0.31619925526182324,0.029190137844931706,0.24819174048036868,0.2910045510091974,0.48457756213294656,0.39116842076594893,97.13848790339168,99.86151209660832,0.383448744411464,0.3988880971204339,CUBA-P2,synthetic,True
H-0509,CUBA Hitter 9,2015,CUBA,CUBA-T6,batter,27.4,267.0,72.58296601394282,0.09248297771596006,0.14878688051634098,0.10913316724311943,0.3204510418502702,0.02761146153081926,0.24727758364228522,0.3113052556873562,0.4411782714281465,0.3817695064102196,145.76858456128193,121.23141543871807,0.36621977555397184,0.3973192372664674,CUBA-P3,synthetic,True
H-0511,CUBA Hitter 11,2015,CUBA,CUBA-T3,batter,28.1,282.0,73.87198768098547,0.06580760749669252,0.13884478564048056,0.15175112700010654,0.26955250196305,0.03935406125394153,0.2202910465482905,0.2587567511208719,0.47870637719641157,0.3792904759133582,153.4588650708781,128.5411349291219,0.37756103935215646,0.3810199124745599,CUBA-P4,synthetic,True
H-0512,CUBA Hitter 12,2015,CUBA,CUBA-T2,batter,30.0,398.0,109.26894235686352,0.027750689552442483,0.09264024700978697,0.09186937067707457,0.3215523313725553,0.02595137877374471,0.28673305186090664,0.28230700009280296,0.4240246038143301,0.32585319343586533,179.2881918772703,218.7118081227297,0.3436714241888026,0.30803496268292807,CUBA-P4,synthetic,True
H-0513,CUBA Hitter 13,2015,CUBA,CUBA-T4,batter,27.5,459.0,116.6393513007819,0.07826165088006004,0.17147857522743906,0.07836463955352284,0.32316268738181836,0.014164535799816542,0.2445806451355485,0.29647201916907845,0.41068090829170467,0.34373873017395085,229.0008074298544,229.9991925701456,0.3523983168246518,0.3350791435232499,CUBA-P3,synthetic,True
H-0515,CUBA Hitter 15,2015,CUBA,CUBA-T3,batter,25.4,420.0,110.08171385602516,0.05293927256731535,0.10968898965964405,0.09940963645515948,0.2998297811815805,0.02204838313773016,0.2543762423747901,0.2789013589810329,0.4293926145733175,0.3365167590849687,206.80167013024453,213.19832986975547,0.3181599607241084,0.354873557445829,CUBA-P2,synthetic,True
H-0516,CUBA Hitter 16,2015,CUBA,CUBA-T2,batter,28.3,334.0,86.03099534588048,0.03152605488494606,0.1315954007516792,0.09921219797456728,0.31839735492422105,0.030651464097648455,0.27105763453277815,0.2713399783112639,0.43105193346698933,0.3356603392168352,160.99277095804018,173.00722904195982,0.3369026162098994,0.33441806222377096,CUBA-P5,synthetic,True
H-0518,CUBA Hitter 18,2015,CUBA,CUBA-T5,batter,24.3,575.0,154.478120786407,0.06270218365856642,0.15598543140856536,0.10951644600283253,0.3063195564146824,0.006420388922107761,0.24029432151224994,0.2781003205151068,0.4401484016443008,0.3371157686375902,308.5309354359952,266.4690645640048,0.3314416091317004,0.34278992814347997,CUBA-P3,synthetic,True
H-0519,CUBA Hitter 19,2015,CUBA,CUBA-T2,batter,27.0,276.0,77.04720147180362,0.06603387322747065,0.1428296251121822,0.11091988448704454,0.3115293067307884,0.010169986574642907,0.2479877038778656,0.2878498585299729,0.44207281516012337,0.3454178930000585,146.64733978328937,129.35266021671063,0.3361099461662756,0.35472583983384137,CUBA-P5,synthetic,True
H-0520,CUBA Hitter 20,2015,CUBA,CUBA-T1,batter,31.3,461.0,122.05213431619256,0.030470191453385753,0.14196058787768367,0.11452227460205767,0.35790077947579113,0.005,0.2969376691475832,0.2970390936862107,0.45031235254963675,0.33408165786502864,231.2912393173529,229.7087606826471,0.32944629618544935,0.3387170195446079,CUBA-P3,synthetic,True
H-0521,CUBA Hitter 21,2015,CUBA,CUBA-T7,batter,26.1,574.0,160.93172159850957,0.07150419922190582,0.07201818114685826,0.06553778978974471,0.27482979455690065,0.015481695829153317,0.23770782262020884,0.28335121064315805,0.3930207692454348,0.31622267818084693,263.8718017809019,310.1281982190981,0.32722782198242645,0.3052175343792674,CUBA-P4,synthetic,True
H-0522,CUBA Hitter 22,2015,CUBA,CUBA-T3,batter,24.1,385.0,102.84591932982063,0.04157231190371434,0.16538886052697807,0.059582087326107855,0.2704091835889503,0.016507209039378697,0.21692106327326155,0.25,0.3866230056850029,0.2913704687535328,211.1097460990059,173.8902539009941,0.3007825516814333,0.28195838582563226,CUBA-P1,synthetic,True
H-0523,CUBA Hitter 23,2015,CUBA,CUBA-T3,batter,24.1,347.0,84.90498383233522,0.04972288247358367,0.12152000540828145,0.09813196424600841,0.3106164229511265,0.013863769238957406,0.25950513504728434,0.28140589516888037,0.42919360654112104,0.3299717384147691,173.38632913496474,173.61367086503526,0.3459173779076031,0.31402609892193517,CUBA-P1,synthetic,True
H-0524,CUBA Hitter 24,2015,CUBA,CUBA-T2,batter,27.0,407.0,114.92097287411704,0.06612755778553543,0.15631539222680138,0.10429335301806088,0.3145096453605246,0.03682201717850528,0.2500724946159714,0.2862218306208115,0.4357443175541133,0.3668688259466466,184.92461294722108,222.07538705277892,0.3539706266913257,0.37976702520196753,CUBA-P3,synthetic,True
H-0525,CUBA Hitter 25,2015,CUBA,CUBA-T3,batter,30.3,587.0,162.03864553276983,0.05480234762531941,0.12378729305937591,0.029423283030088482,0.3304517562851832,0.010657803856609024,0.27303516644507714,0.29909519390524664,0.36246845865860683,0.2997945871750345,294.02309233784865,292.97690766215135,0.3073994613511984,0.2921897129988706,CUBA-P4,synthetic,True
H-0526,CUBA Hitter 26,2015,CUBA,CUBA-T1,batter,25.5,414.0,110.47173888889482,0.056191134736241384,0.09627824896931306,0.16259963105267958,0.2642275556528445,0.023227217447739642,0.22742502570159115,0.2577379835122286,0.489022386617964,0.362147731575804,221.73117457179467,192.26882542820533,0.3692977765640416,0.35499768658756636,CUBA-P3,synthetic,True
H-0527,CUBA Hitter 27,2015,CUBA,CUBA-T2,batter,27.7,229.0,61.03101895638064,0.10381091749568143,0.08369589219536988,0.09524190808538457,0.3006624458777608,0.012879978982322581,0.2462181867046619,0.3236684883672636,0.42530815267316063,0.3618745288352451,104.08274529456828,124.91725470543172,0.3788277666756659,0.3449212909948243,CUBA-P1,synthetic,True
H-0528,CUBA Hitter 28,2015,CUBA,CUBA-T4,batter,28.9,210.0,59.737416932244756,0.09172237541891046,0.131449710230572,0.09485694784308528,0.2435243296344999,0.005,0.18992649708357648,0.2619812227941293,0.41920938080653525,0.32611049947900916,114.21980533768328,95.78019466231672,0.3039721822143528,0.34824881674366553,CUBA-P1,synthetic,True
H-0529,CUBA Hitter 29,2015,CUBA,CUBA-T1,batter,24.5,208.0,50.03419024282082,0.03189318589406506,0.16203770663618636,0.1262439269052458,0.28874590256467964,0.005768574303050687,0.2336144381113159,0.25,0.4551185171617138,0.3180121726941142,104.75580914344603,103.24419085655397,0.33236902586569006,0.3036553195225383,CUBA-P2,synthetic,True
H-0530,CUBA Hitter 30,2015,CUBA,CUBA-T2,batter,27.4,488.0,130.25230318228898,0.06383785660458227,0.15884489365089452,0.08470105144855687,0.2846454688016592,0.013207003484031362,0.2232408834837509,0.26297170626961386,0.4131655983287228,0.32278429513612283,239.17412396237933,248.82587603762067,0.35167899207485454,0.29388959819739113,CUBA-P4,synthetic,True
H-0531,CUBA Hitter 31,2015,CUBA,CUBA-T5,batter,28.3,616.0,157.52886868204746,0.06971037379993603,0.11365386665597761,0.15766297452548253,0.2856192194555037,0.031522859509283,0.2379752971468268,0.27963255519832697,0.4862248964710329,0.3838491980167516,281.6770483712045,334.3229516287955,0.3785308187258189,0.3891675773076843,CUBA-P5,synthetic,True
H-0532,CUBA Hitter 32,2015,CUBA,CUBA-T1,batter,27.1,483.0,136.8572008698821,0.07952893434071259,0.10490529317328695,0.11743774123112966,0.2885392914313424,0.027504982268821636,0.23944851744908918,0.29131942743860195,0.44629167037426387,0.3660042477585294,222.51583459106774,260.48416540893226,0.38441795691092845,0.3475905386061304,CUBA-P5,synthetic,True
H-0533,CUBA Hitter 33,2015,CUBA,CUBA-T1,batter,26.9,228.0,59.011906067109884,0.0999087665447586,0.13503177443900102,0.15567466151903125,0.2973888817852347,0.029046534319944594,0.23187715716404803,0.3046769258592093,0.48541354969755474,0.40578518992958046,103.10022906699429,124.89977093300571,0.39462806297821473,0.4169423168809462,CUBA-P1,synthetic,True
H-0534,CUBA Hitter 34,2015,CUBA,CUBA-T1,batter,30.5,649.0,172.6399461231134,0.02026584287750885,0.1668854629378572,0.15192859249012258,0.31712718465342954,0.005812046375813201,0.25864822489236144,0.2522646190198994,0.48364131095546553,0.33397217225075587,296.4585197711155,352.5414802288845,0.33434573867864487,0.3335986058228669,CUBA-P2,synthetic,True
H-0536,CUBA Hitter 36,2015,CUBA,CUBA-T2,batter,23.8,552.0,133.6052582948376,0.06553796664634577,0.13500049028512,0.1417018449547659,0.3467997168436612,0.012002009898146263,0.279053338248286,0.3150656997335534,0.476381816639132,0.3759943011811763,250.59117169305117,301.40882830694886,0.35594246421232406,0.3960461381500286,CUBA-P5,synthetic,True
H-0537,CUBA Hitter 37,2015,CUBA,CUBA-T6,batter,28.7,239.0,59.62916666391552,0.05356372846809756,0.18152776983164667,0.14835491483216798,0.26540224377791255,0.01779135936506891,0.20567713654080946,0.25,0.4748951392099592,0.34799282183619207,123.94031478568432,115.05968521431568,0.34244867705102155,0.3535369666213626,CUBA-P5,synthetic,True
H-0538,CUBA Hitter 38,2015,CUBA,CUBA-T3,batter,30.1,581.0,163.89248297866956,0.04038418824604893,0.16621995585311677,0.09254083715664796,0.3197396028476559,0.014953211151526957,0.2559230575394378,0.2686962565260868,0.4245147974414135,0.32453314324144444,273.4461989985528,307.5538010014472,0.32209063437768054,0.32697565210520835,CUBA-P1,synthetic,True
H-0539,CUBA Hitter 39,2015,CUBA,CUBA-T3,batter,24.6,502.0,140.88115348701737,0.04679901414443132,0.13968856791257128,0.10410744120033294,0.2937262649698936,0.010285099635483151,0.24049272897434618,0.26185398177055264,0.4334800676973223,0.3220791849726827,257.3423741524729,244.65762584752707,0.33422091771042695,0.3099374522349384,CUBA-P5,synthetic,True
H-0540,CUBA Hitter 40,2015,CUBA,CUBA-T5,batter,29.8,203.0,55.522887551087706,0.04444769171746846,0.11027473517490757,0.11472341847268853,0.3011598909191085,0.005,0.25531370171346074,0.27355502325958314,0.4448394075645994,0.3241172261838946,108.07206157214652,94.92793842785348,0.32084599424980853,0.3273884581179807,CUBA-P4,synthetic,True
H-0503,CUBA Hitter 3,2016,CUBA,CUBA-T3,batter,28.1,573.0,148.66955025242854,0.09679334668064714,0.13153315322374945,0.1643472836734189,0.27657924408270523,0.02926651022054654,0.21781884986817934,0.28887933268223476,0.4920052080816894,0.4012889433242721,304.22634016513206,268.77365983486794,0.38272482670997426,0.41985305993857,CUBA-P3,synthetic,True
H-0505,CUBA Hitter 5,2016,CUBA,CUBA-T2,batter,31.1,252.0,62.27515349238417,0.04147975613332137,0.1439263145713404,0.05631968546917037,0.2602523652500399,0.005,0.21274999681743556,0.25,0.38234492199417436,0.27559998413888265,137.37286271219253,114.62713728780747,0.2737536171785882,0.2774463510991771,CUBA-P1,synthetic,True
H-0506,CUBA Hitter 6,2016,CUBA,CUBA-T5,batter,26.5,579.0,162.14248699471378,0.08817644798165122,0.13864179839255594,0.11936545972439633,0.28733583762266157,0.012049945400714301,0.22397031862273267,0.2881229921130142,0.44809904348666246,0.3587870104641482,286.4897822037293,292.5102177962707,0.36338767392518984,0.3541863470031065,CUBA-P3,synthetic,True
H-0507,CUBA Hitter 7,2016,CUBA,CUBA-T5,batter,23.8,484.0,123.14279777279842,0.046979105799273765,0.17426412421025816,0.1728363362751375,0.2946909578002926,0.04072488385000238,0.23560131101945353,0.2535224263970316,0.5023054320551668,0.38773958970592176,257.21136638684527,226.78863361315473,0.4147580055674132,0.3607211738444303,CUBA-P1,synthetic,True
H-0508,CUBA Hitter 8,2016,CUBA,CUBA-T5,batter,29.3,591.0,148.2222732639194,0.06149991716176795,0.10857108141534645,0.15623446128059595,0.3120920400357926,0.020512414885192426,0.2620910973717155,0.2946127287868109,0.4874436652841752,0.3766722831267659,304.7411247430603,286.2588752569397,0.37980438341444506,0.3735401828390868,CUBA-P5,synthetic,True
H-0510,CUBA Hitter 10,2016,CUBA,CUBA-T6,batter,24.8,413.0,107.10035597196014,0.04491826344821169,0.2104718081780814,0.12419110962370547,0.25492868264786095,0.005,0.1905724281268272,0.25,0.4496839778884915,0.3134729336335375,201.78001680064526,211.21998319935474,0.31491788975997725,0.31202797750709776,CUBA-P5,synthetic,True
H-0511,CUBA Hitter 11,2016,CUBA,CUBA-T3,batter,28.2,259.0,64.39778149782043,0.08456920619467093,0.16696162785221758,0.1571214276354196,0.27853316651592525,0.009705310741227227,0.2099292834436378,0.27219534434387926,0.48497474428701215,0.3718366174834287,132.98515545521204,126.01484454478796,0.39166671120677027,0.3520065237600872,CUBA-P3,synthetic,True
H-0512,CUBA Hitter 12,2016,CUBA,CUBA-T2,batter,30.1,470.0,120.35539152343479,0.04354899310290674,0.1154521659455972,0.044405658168199184,0.3328163026537644,0.005,0.2806481247815782,0.29545730540632714,0.37768728843357563,0.2958931130933618,236.223243431563,233.776756568437,0.286299215573733,0.3054870106129906,CUBA-P2,synthetic,True
H-0514,CUBA Hitter 14,2016,CUBA,CUBA-T4,batter,24.0,267.0,72.46246331024265,0.07374229006556274,0.10353461912815975,0.0568447791575944,0.294597973577914,0.01658249065748188,0.24485992896590975,0.29187758989612145,0.3863045765153858,0.3209177639265744,139.49258274358985,127.50741725641015,0.3425070178652719,0.2993285099878769,CUBA-P4,synthetic,True
H-0515,CUBA Hitter 15,2016,CUBA,CUBA-T4,batter,25.5,378.0,104.39897302576702,0.03610427929273379,0.10855838327335876,0.07166898822053486,0.2985137276181416,0.005,0.2560799369683719,0.2659012225642685,0.401520360982349,0.2936707436925574,191.45685260829438,186.54314739170562,0.30650146169623915,0.28084002568887567,CUBA-P4,synthetic,True
H-0516,CUBA Hitter 16,2016,CUBA,CUBA-T1,batter,28.5,466.0,125.3823579063534,0.04555868553772664,0.12803906774488336,0.1040586665310563,0.29382926889286193,0.013491559636557434,0.2448449019098728,0.26409773670567693,0.43344159342034244,0.32410599425389297,231.77941056187268,234.22058943812732,0.32014124643567476,0.3280707420721112,CUBA-P2,synthetic,True
H-0517,CUBA Hitter 17,2016,CUBA,CUBA-T6,batter,28.0,566.0,150.27612191084143,0.04811441285226783,0.1509303156781323,0.13364586648189197,0.29673389159018465,0.030696304590926215,0.2422750203814861,0.2620179300758303,0.4633192556409104,0.35866885175002633,300.1842236637875,265.8157763362125,0.3625763525289987,0.35476135097105393,CUBA-P5,synthetic,True
H-0518,CUBA Hitter 18,2016,CUBA,CUBA-T5,batter,24.5,437.0,111.37290117916353,0.08617735819570395,0.14897649986277134,0.09882853825434669,0.3123032153106684,0.01747862974604745,0.24148570380820514,0.30115487660737217,0.4300588597854135,0.35971673890706,236.1342006275377,200.8657993724623,0.34886907754647484,0.3705644002676452,CUBA-P5,synthetic,True
H-0519,CUBA Hitter 19,2016,CUBA,CUBA-T7,batter,27.2,347.0,92.99595289935712,0.06830870508632894,0.1318710835960263,0.14804695513356067,0.30546971391424643,0.01640753406480631,0.24678198124375406,0.2881974711069587,0.4785939265249853,0.3709230994122006,167.28472756203266,179.71527243796734,0.4126466958414061,0.32919950298299505,CUBA-P2,synthetic,True
H-0521,CUBA Hitter 21,2016,CUBA,CUBA-T5,batter,26.3,229.0,55.62249952035358,0.07363882938113148,0.08591489963699163,0.0578945913675652,0.3301314896541467,0.016569057242310017,0.2799431379998662,0.3233508308532992,0.39090774033297987,0.3338473787159832,119.25645511629565,109.74354488370435,0.3291623124045937,0.3385324450273727,CUBA-P3,synthetic,True
H-0522,CUBA Hitter 22,2016,CUBA,CUBA-T4,batter,24.3,222.0,59.49375476747297,0.06171600858154522,0.12570500406602036,0.09385172476551593,0.27096747556649964,0.03222213531566729,0.2250157971986219,0.25988023779268987,0.42094847232216587,0.3386581928604908,119.22490955589258,102.77509044410742,0.3396435985452491,0.3376727871757325,CUBA-P3,synthetic,True
H-0524,CUBA Hitter 24,2016,CUBA,CUBA-T4,batter,27.2,298.0,73.16363139881037,0.062404257839973554,0.13995676920247352,0.1269558242515664,0.33065097057759485,0.03617523172419132,0.26916638533755954,0.2997703483610113,0.4600209213093259,0.38179423208027335,144.25505147266833,153.74494852733167,0.3829357373815369,0.3806527267790098,CUBA-P5,synthetic,True
H-0525,CUBA Hitter 25,2016,CUBA,CUBA-T2,batter,30.5,574.0,146.3886892620441,0.042379673578736295,0.11236062992313801,0.034719458663265125,0.32316840050362855,0.007019202942667516,0.2742141045688819,0.2882247752934699,0.367036298713628,0.288187696594582,276.9470200715488,297.0529799284512,0.2796122349750551,0.29676315821410887,CUBA-P5,synthetic,True
H-0526,CUBA Hitter 26,2016,CUBA,CUBA-T4,batter,25.6,409.0,104.13108322747784,0.05677624937707273,0.09706807546469638,0.19509961768464867,0.298162644046086,0.023634840240052978,0.2558372394157871,0.283839061418874,0.5249158820892572,0.39267644592268547,221.6165478613688,187.3834521386312,0.4092540315828296,0.37609886026254136,CUBA-P2,synthetic,True
H-0527,CUBA Hitter 27,2016,CUBA,CUBA-T1,batter,27.9,472.0,117.5914268269413,0.09024396145137593,0.09669535308649299,0.12910031081220497,0.29305619163553703,0.03174139159569304,0.24303367678946533,0.30468918269647616,0.4584059299757587,0.38531286347123755,254.44926376795507,217.55073623204493,0.39481021135038874,0.37581551559208637,CUBA-P5,synthetic,True
H-0528,CUBA Hitter 28,2016,CUBA,CUBA-T3,batter,29.1,443.0,114.53832072310935,0.09771682362894014,0.10695695855028413,0.157462807747201,0.24775431600625972,0.02011254119557918,0.2000623842773687,0.2750577764171688,0.48223823934782695,0.3798216184794308,242.07874135546547,200.92125864453453,0.3471609767772541,0.4124822601816075,CUBA-P5,synthetic,True
H-0529,CUBA Hitter 29,2016,CUBA,CUBA-T2,batter,24.6,441.0,109.44052594425712,0.027933620398581716,0.1624616171154027,0.114251979534256,0.2991867452339985,0.017994427827232384,0.24492217798822027,0.25,0.4441706540576558,0.3233024688992566,236.19019627933358,204.80980372066642,0.3172274221296524,0.32937751566886087,CUBA-P3,synthetic,True
H-0530,CUBA Hitter 30,2016,CUBA,CUBA-T5,batter,27.5,470.0,128.89157973499846,0.05993150489854927,0.1450727823515872,0.07089323552544902,0.2804474828797521,0.017602207498304486,0.22559487766563935,0.26059059678535357,0.3989379838134242,0.3149419387243687,256.84323421188964,213.15676578811036,0.3085998372318579,0.3212840402168795,CUBA-P2,synthetic,True
H-0531,CUBA Hitter 31,2016,CUBA,CUBA-T7,batter,28.5,523.0,144.81305484574344,0.07996106947067151,0.10528397334761865,0.17687048578985717,0.299338067883369,0.04015648183952099,0.2499106469570982,0.29945952668372455,0.506804292578194,0.4141606732286396,242.33903988622177,280.66096011377823,0.4052590143379014,0.42306233211937777,CUBA-P5,synthetic,True
H-0533,CUBA Hitter 33,2016,CUBA,CUBA-T5,batter,27.1,571.0,139.80488212195604,0.07474631688921997,0.11597879462594014,0.13307836978650844,0.30667125595106254,0.03491501820019493,0.25341859919133114,0.29810952870439167,0.4637454953816147,0.3842739811680809,312.21714844599404,258.78285155400596,0.3895316094411623,0.3790163528949996,CUBA-P3,synthetic,True
H-0534,CUBA Hitter 34,2016,CUBA,CUBA-T1,batter,30.6,517.0,126.04921779810716,0.028958597437730604,0.16008872499439636,0.18974490752234838,0.2973313648546819,0.005,0.2418716664538145,0.25,0.5194780440078165,0.35319669504284174,252.51838706213516,264.48161293786484,0.3425198308211301,0.3638735592645534,CUBA-P1,synthetic,True
H-0537,CUBA Hitter 37,2016,CUBA,CUBA-T4,batter,28.9,385.0,104.61504106279808,0.04035536906493138,0.1440689674920394,0.1700659084431739,0.26646253606802933,0.04039712633564393,0.2233799285867417,0.25,0.4967121620499768,0.3714043093150874,200.5701520444817,184.4298479555183,0.35723963855004987,0.3855689800801249,CUBA-P3,synthetic,True
H-0538,CUBA Hitter 38,2016,CUBA,CUBA-T6,batter,30.2,309.0,85.8066055845222,0.05678435837552606,0.17639708344601404,0.0976865896500504,0.2981744667661257,0.008008656876942364,0.22984701322277296,0.2625655015976345,0.42750403632666295,0.32504552972778805,147.67631366879985,161.32368633120015,0.31188260906080495,0.33820845039477115,CUBA-P5,synthetic,True
H-0539,CUBA Hitter 39,2016,CUBA,CUBA-T3,batter,24.8,273.0,68.96739662392476,0.06081638042692131,0.14916404065911196,0.10117924164099693,0.24835359719126235,0.02400173685783588,0.19980446480348538,0.25,0.4260146013601232,0.32674537139038734,143.06623445577924,129.93376554422076,0.30945790973147846,0.3440328330492962,CUBA-P3,synthetic,True
H-0540,CUBA Hitter 40,2016,CUBA,CUBA-T3,batter,30.0,629.0,177.34984570286485,0.04008800503319427,0.14567301799350055,0.1287418440807061,0.30996480088338746,0.005,0.2531354223690236,0.2672348851653155,0.4597383241690448,0.33185729807680997,311.0471239215837,317.9528760784163,0.3298348272658547,0.3338797688877652,CUBA-P1,synthetic,True
H-0502,CUBA Hitter 2,2017,CUBA,CUBA-T3,batter,29.7,238.0,57.8114899159997,0.04372363875391776,0.10893607352522366,0.070438718015772,0.297051298309404,0.021016188910523086,0.2548559609139235,0.27025681807352825,0.4001438478467124,0.31223036646417923,122.38603218433991,115.61396781566009,0.3137624568260781,0.31069827610228035,CUBA-P2,synthetic,True
H-0503,CUBA Hitter 3,2017,CUBA,CUBA-T4,batter,28.3,352.0,89.55149928029053,0.07298392191792975,0.10934846631213327,0.1524702489885903,0.2764906829124945,0.024161540610475905,0.2297017074652697,0.2764536506542582,0.48011931727983975,0.37346450785507684,170.875273688904,181.124726311096,0.3716666265193158,0.3752623891908379,CUBA-P4,synthetic,True
H-0505,CUBA Hitter 5,2017,CUBA,CUBA-T5,batter,31.3,194.0,51.96281621260975,0.023468365324263378,0.1543340156495839,0.08036166050526913,0.25929301104937713,0.005,0.21394009631491978,0.25,0.40629096161020684,0.2758793228721644,93.48034100716107,100.51965899283893,0.26607722962140445,0.2856814161229243,CUBA-P5,synthetic,True
H-0506,CUBA Hitter 6,2017,CUBA,CUBA-T3,batter,26.7,496.0,135.70599169871585,0.058670694968279404,0.1361517958222584,0.11836178298352774,0.3028939080575985,0.005537692326000748,0.24471401629343714,0.27816572116836275,0.4486511737892876,0.33716525803229597,244.29744447786229,251.70255552213771,0.34234498437199523,0.3319855316925967,CUBA-P4,synthetic,True
H-0507,CUBA Hitter 7,2017,CUBA,CUBA-T6,batter,24.0,435.0,106.46914060667993,0.07379172972357152,0.15129525917946285,0.1777271992570369,0.28454823904839677,0.025726360579095692,0.22435908681019667,0.2722418491745706,0.5061820231618765,0.39214977858599537,199.1222042317916,235.8777957682084,0.35161090110773574,0.432688656064255,CUBA-P2,synthetic,True
H-0508,CUBA Hitter 8,2017,CUBA,CUBA-T5,batter,29.4,278.0,66.89647693162604,0.045125525678137754,0.15420606511515086,0.10899565138812571,0.3103010684057963,0.014442594273919772,0.2506146519566998,0.2687289622121884,0.4400257582287053,0.333139185026722,127.06475581348062,150.93524418651938,0.33133096019316616,0.3349474098602779,CUBA-P5,synthetic,True
H-0509,CUBA Hitter 9,2017,CUBA,CUBA-T7,batter,27.7,447.0,111.3959890412235,0.0768935583996844,0.124327783868729,0.07863290761614017,0.33818489637235627,0.02337159661678555,0.2736406170819243,0.3200149482301502,0.41245139725337576,0.35647274075408786,244.51260070170414,202.48739929829586,0.34867474188279,0.3642707396253857,CUBA-P4,synthetic,True
H-0511,CUBA Hitter 11,2017,CUBA,CUBA-T2,batter,28.4,415.0,117.5604888076293,0.07856853567087096,0.13040739172672774,0.15912281060680727,0.31811236688959976,0.04706299344510555,0.2586939890189663,0.30503962167285137,0.49093404729576723,0.4162115433153086,192.05828325220762,222.94171674779238,0.4056963553674026,0.42672673126321453,CUBA-P1,synthetic,True
H-0513,CUBA Hitter 13,2017,CUBA,CUBA-T7,batter,27.8,468.0,120.9201074709215,0.09462721681005107,0.14044619270069136,0.0738739046857885,0.2978663822438152,0.029191588861312907,0.23222465452032842,0.2996885413820694,0.40366054291017006,0.3573953631047363,228.72226472915958,239.27773527084042,0.3568934587808123,0.3578972674286603,CUBA-P4,synthetic,True
H-0514,CUBA Hitter 14,2017,CUBA,CUBA-T6,batter,24.2,525.0,141.80518330393664,0.0650631633515766,0.09989648800584536,0.06952356289252212,0.2784519514510328,0.027944539888964164,0.23671029560322127,0.2743299165094656,0.3973687580376254,0.32639044284491997,250.265816913446,274.734183086554,0.3222382817268371,0.33054260396300283,CUBA-P2,synthetic,True
H-0515,CUBA Hitter 15,2017,CUBA,CUBA-T3,batter,25.7,181.0,47.39847030854531,0.03862248317211429,0.12479972204561246,0.11726407816497841,0.2624357976987067,0.005,0.2202979609107108,0.25,0.4435076579348491,0.3078835104057655,89.79686523517977,91.20313476482023,0.3060629169159309,0.3097041038956001,CUBA-P2,synthetic,True
H-0516,CUBA Hitter 16,2017,CUBA,CUBA-T5,batter,28.6,634.0,158.37777994014047,0.06200485490058766,0.13223198228929567,0.0734643778299191,0.26365652942200146,0.022201094988868388,0.21577488329094077,0.2532051020389371,0.39983003077211926,0.3160695770245489,327.9414668420436,306.0585331579564,0.3221521988920733,0.3099869551570245,CUBA-P3,synthetic,True
H-0518,CUBA Hitter 18,2017,CUBA,CUBA-T5,batter,24.6,388.0,101.9755815328994,0.06508509888045819,0.1656934286257422,0.13999450898151727,0.3097083024265981,0.014600681281745416,0.2404243786284046,0.2794959476729867,0.47096533922417705,0.3640950681590355,211.91081528925676,176.08918471074324,0.37064584351823143,0.3575442927998395,CUBA-P2,synthetic,True
H-0519,CUBA Hitter 19,2017,CUBA,CUBA-T6,batter,27.3,565.0,134.97828564095994,0.05632629209575187,0.12027038075390015,0.1183107131280139,0.32592551830543937,0.012992843332432735,0.27031708267576526,0.29785763265406223,0.4509032649585578,0.3502667870935272,258.1625638118664,306.8374361881336,0.3457843837177148,0.3547491904693396,CUBA-P5,synthetic,True
H-0520,CUBA Hitter 20,2017,CUBA,CUBA-T3,batter,31.6,393.0,101.91367475732713,0.036675440650417584,0.13919922352653652,0.11966398908698037,0.347249005124929,0.01038431876105727,0.2877343507769593,0.2942344733169383,0.4543888895994732,0.34237104113180816,197.5476557526309,195.4523442473691,0.3097975689856407,0.3749445132779756,CUBA-P1,synthetic,True
H-0521,CUBA Hitter 21,2017,CUBA,CUBA-T7,batter,26.4,280.0,77.75122782644678,0.10037871097864894,0.08091137895595263,0.08598808795463797,0.32251707072349656,0.023511263444107058,0.2675746114832057,0.33802184074857966,0.4182397950269876,0.37159965791302524,144.3030861356097,135.6969138643903,0.36870158230967537,0.3744977335163751,CUBA-P2,synthetic,True
H-0522,CUBA Hitter 22,2017,CUBA,CUBA-T1,batter,24.4,446.0,113.24416070028309,0.041125053119162466,0.1587099429971765,0.06008449322402114,0.29861389312290276,0.01529759972229768,0.24123502690874726,0.2561714013745248,0.3899458825363114,0.3001167107997092,219.70273581288126,226.29726418711874,0.28631314290317583,0.31392027869624256,CUBA-P1,synthetic,True
H-0523,CUBA Hitter 23,2017,CUBA,CUBA-T4,batter,24.4,262.0,67.94803133812299,0.06798074462942072,0.12724969986939327,0.10915644852636174,0.31716513602616064,0.009523649331165849,0.25667339293992136,0.29770110561564256,0.4408729621289778,0.34720164993729896,125.97511074576744,136.02488925423256,0.3245870813550955,0.3698162185195024,CUBA-P5,synthetic,True
H-0524,CUBA Hitter 24,2017,CUBA,CUBA-T2,batter,27.3,536.0,128.04872770118763,0.04484240676073271,0.15206506292417868,0.11203510926311795,0.2977031574624415,0.02286070483526418,0.24251228773459305,0.2600172705691058,0.4418054250093621,0.3377797342908201,246.25809150479517,289.7419084952048,0.34561844678731823,0.32994102179432194,CUBA-P3,synthetic,True
H-0526,CUBA Hitter 26,2017,CUBA,CUBA-T7,batter,25.8,583.0,153.20411069756537,0.07106534554448984,0.09460494791365463,0.18267800616509663,0.27663225485576987,0.02291993235027137,0.23424049786636697,0.2787876027569335,0.5103412316506736,0.38766787358670973,315.81021038850486,267.18978961149514,0.3685444207366574,0.4067913264367621,CUBA-P3,synthetic,True
H-0527,CUBA Hitter 27,2017,CUBA,CUBA-T2,batter,28.0,364.0,92.97018421071392,0.09483813976857482,0.10561068274074323,0.11469541296844864,0.2768948567805102,0.021019858484094635,0.22454458755258486,0.2940905876705484,0.44238489864649966,0.36530024747951284,171.16787496832,192.83212503168,0.3824529248008723,0.3481475701581534,CUBA-P3,synthetic,True
H-0529,CUBA Hitter 29,2017,CUBA,CUBA-T4,batter,24.8,360.0,89.96209573314059,0.03458682584388419,0.17277974217869946,0.12557560035570953,0.31572161143316385,0.013255640152545465,0.25223985044259084,0.2598131798216223,0.4571477614990259,0.3357099984252574,180.46891151986821,179.53108848013179,0.35027898342574904,0.32114101342476575,CUBA-P4,synthetic,True
H-0530,CUBA Hitter 30,2017,CUBA,CUBA-T6,batter,27.7,514.0,130.85614553485325,0.06763959361482001,0.1606964008779375,0.07163120059205492,0.30074735556126775,0.024255085258575275,0.23571417182690504,0.2765079117491269,0.4017059361481817,0.3338360270351657,246.0998204011601,267.90017959883994,0.32471930621081463,0.34295274785951674,CUBA-P1,synthetic,True
H-0531,CUBA Hitter 31,2017,CUBA,CUBA-T5,batter,28.6,190.0,50.86189549175058,0.07799418035489165,0.11064229017263072,0.12729277377345766,0.28208570902674324,0.019013697647753035,0.23172611113684768,0.2839808311956079,0.45550134467613196,0.3604492778661637,99.33544843632512,90.66455156367488,0.337677818992343,0.3832207367399844,CUBA-P2,synthetic,True
H-0532,CUBA Hitter 32,2017,CUBA,CUBA-T5,batter,27.4,635.0,172.10848023665793,0.1034106152965241,0.09835384195759418,0.10909829502101388,0.3009717714191276,0.051049311104499034,0.24790376197561165,0.3196323440754672,0.43919547216292665,0.40367599295986833,288.6946669496036,346.3053330503964,0.41060924650152164,0.39674273941821503,CUBA-P4,synthetic,True
H-0533,CUBA Hitter 33,2017,CUBA,CUBA-T1,batter,27.2,259.0,73.89236304173853,0.0811752674120287,0.10453981760435958,0.1586682454299748,0.29517786398568385,0.020478417305224185,0.24343064447641027,0.2974982611045927,0.48818603182854314,0.38583305014459734,133.0230690768123,125.9769309231877,0.3991325242307662,0.3725335760584285,CUBA-P5,synthetic,True
H-0534,CUBA Hitter 34,2017,CUBA,CUBA-T2,batter,30.8,330.0,85.55374783234934,0.02,0.16788754047398785,0.13601694159375666,0.3138903079249671,0.016722706409909593,0.25742263595180875,0.25,0.46740597238625337,0.33372136141922326,160.1553663565272,169.8446336434728,0.312595614452417,0.3548471083860295,CUBA-P4,synthetic,True
H-0535,CUBA Hitter 35,2017,CUBA,CUBA-T7,batter,31.4,640.0,162.9876608049981,0.024925943612870136,0.18257982549641694,0.08912708822941212,0.27709596843846585,0.005,0.22034695639055926,0.25,0.4168366850732587,0.2879516480086488,339.23610441515336,300.76389558484664,0.2869559765332896,0.28894731948400804,CUBA-P1,synthetic,True
H-0536,CUBA Hitter 36,2017,CUBA,CUBA-T5,batter,24.1,456.0,120.98804434368981,0.058712130205815,0.1592146621526381,0.12050821450227614,0.3070201245993653,0.03125271415595843,0.24480012077932675,0.2748131224961547,0.4512102269622127,0.3629624954704628,249.10662704879078,206.89337295120922,0.38676904110110416,0.3391559498398214,CUBA-P3,synthetic,True
H-0537,CUBA Hitter 37,2017,CUBA,CUBA-T2,batter,29.0,375.0,105.9680146036811,0.047687843090425466,0.19087306955189112,0.1423300242321623,0.2824702341158049,0.015775672431511692,0.2174502281355764,0.25,0.47057704764374275,0.34472569061987934,180.1357239980749,194.8642760019251,0.3429530187313704,0.3464983625083883,CUBA-P4,synthetic,True
H-0538,CUBA Hitter 38,2017,CUBA,CUBA-T4,batter,30.4,326.0,81.40823986343841,0.03118266741519344,0.17986175068046958,0.08046357387017342,0.31405038353848697,0.018709796992763737,0.25057827264080174,0.2541772901978919,0.41186861222402205,0.3128392843511885,166.28671716418475,159.71328283581525,0.3206994023995539,0.3049791663028231,CUBA-P4,synthetic,True
H-0539,CUBA Hitter 39,2017,CUBA,CUBA-T5,batter,24.9,528.0,126.78159592500973,0.05109994184984208,0.1282336180973638,0.12739078441909502,0.2815833541911457,0.0326597108337132,0.23598496548722955,0.2590773498257974,0.45554911983820956,0.35378280444263466,239.98569402804898,288.014305971951,0.3465781147667965,0.3609874941184728,CUBA-P1,synthetic,True
H-0540,CUBA Hitter 40,2017,CUBA,CUBA-T5,batter,30.1,268.0,67.6357155201793,0.04068780092578838,0.14483937199436886,0.12431023791870882,0.29692303569123574,0.010527074096012137,0.24341480541897165,0.25833997079990123,0.45400254148783237,0.33024952068168517,137.39823147567614,130.60176852432386,0.3228660551984305,0.33763298616493986,CUBA-P3,synthetic,True
H-0501,CUBA Hitter 1,2018,CUBA,CUBA-T3,batter,31.5,291.0,75.8381902662761,0.02,0.18007101668249326,0.13994500134469334,0.29138494878550336,0.005,0.23383726583601147,0.25,0.4690834962232437,0.31745448281450755,147.16668107611247,143.83331892388753,0.2937013613768302,0.34120760425218494,CUBA-P4,synthetic,True
H-0502,CUBA Hitter 2,2018,CUBA,CUBA-T6,batter,29.8,497.0,139.47086854811394,0.03962481466257438,0.11218521495245455,0.09467329598499513,0.29547485214382324,0.01518538581848157,0.25289661396214536,0.2651817401430102,0.42422078119937745,0.3168907285425209,237.8868469524741,259.1131530475259,0.34299076305289344,0.2907906940321484,CUBA-P3,synthetic,True
H-0503,CUBA Hitter 3,2018,CUBA,CUBA-T6,batter,28.4,472.0,132.38800562321353,0.07866711166223768,0.15445760174924048,0.15784345115607668,0.27755183341500456,0.006454431984229991,0.21381580659093577,0.27022998927620884,0.4855986344975771,0.3648330067804671,252.51464423765503,219.48535576234497,0.38614868283761894,0.34351733072331525,CUBA-P1,synthetic,True
H-0504,CUBA Hitter 4,2018,CUBA,CUBA-T2,batter,25.2,345.0,85.67869962174193,0.05104031310017075,0.16805740970429225,0.1589390476455241,0.3210358540104722,0.0223406779152035,0.2540487311454722,0.27666817961254325,0.4910426330465713,0.3756138544025062,164.89192550951398,180.10807449048602,0.4165628758275967,0.3346648329774157,CUBA-P4,synthetic,True
H-0505,CUBA Hitter 5,2018,CUBA,CUBA-T2,batter,31.4,237.0,60.994288794968746,0.02,0.1662168163919267,0.07494001792923255,0.27143812659581323,0.005,0.22164178281375213,0.25,0.40208383058881386,0.27472035416961255,123.50939561073987,113.49060438926013,0.2878833444478898,0.26155736389133527,CUBA-P2,synthetic,True
H-0506,CUBA Hitter 6,2018,CUBA,CUBA-T7,batter,26.8,647.0,172.91162612452717,0.053427400409838455,0.14918208910748343,0.1374986571309786,0.30296397967767524,0.020456125606328805,0.24464902125399451,0.27084994258157913,0.4677950550987461,0.3574713476418074,335.5009840099226,311.4990159900774,0.3387340947763876,0.37620860050722715,CUBA-P5,synthetic,True
H-0507,CUBA Hitter 7,2018,CUBA,CUBA-T7,batter,24.1,557.0,149.73505258708641,0.0682823715653884,0.1586579794764131,0.19749660439170996,0.31427449777880806,0.039106696349642964,0.24881893738184593,0.2869400112018479,0.5289240541695908,0.42161289344847386,263.5273271641367,293.4726728358633,0.42004961228208815,0.42317617461485957,CUBA-P1,synthetic,True
H-0508,CUBA Hitter 8,2018,CUBA,CUBA-T5,batter,29.6,547.0,153.56804523861183,0.0570848287527042,0.13238266767495258,0.13921340334708263,0.29805536897626855,0.01018007899149417,0.2431105762682376,0.2745100367302663,0.46901894024470947,0.3500082022018271,282.4890363200774,264.5109636799226,0.3420100365766048,0.3580063678270494,CUBA-P1,synthetic,True
H-0509,CUBA Hitter 9,2018,CUBA,CUBA-T4,batter,27.9,382.0,100.78719446098643,0.07729395111535167,0.153221920878011,0.10170943553547475,0.29628969716703585,0.01678896684866233,0.2305085642892266,0.2824851484510862,0.4313384052521783,0.3488574194975159,190.21799764132507,191.78200235867493,0.34085299583912304,0.3568618431559088,CUBA-P2,synthetic,True
H-0510,CUBA Hitter 10,2018,CUBA,CUBA-T6,batter,25.1,261.0,72.55499197015659,0.04596106585745491,0.222746037029299,0.11638180976798751,0.26240940105203675,0.018438065432763474,0.19466384094001019,0.25,0.44262274987319117,0.32462029073031157,126.55019916093426,134.44980083906574,0.32936602534025616,0.31987455612036697,CUBA-P4,synthetic,True
H-0511,CUBA Hitter 11,2018,CUBA,CUBA-T6,batter,28.5,482.0,124.90540072563958,0.08000802417231438,0.15040963634110982,0.13966475563819888,0.29663420439139976,0.027276498905985793,0.2323759198231704,0.2854640246608597,0.46932817607733884,0.3811920530740066,217.1204998092374,264.8795001907626,0.391218346680276,0.3711657594677372,CUBA-P5,synthetic,True
H-0512,CUBA Hitter 12,2018,CUBA,CUBA-T7,batter,30.4,454.0,123.37898808960996,0.036928910961376106,0.13150809801760374,0.046203828687684835,0.326483960621306,0.013040228865913918,0.2734480131445293,0.2812716918945541,0.37885222474981545,0.29726793564796955,248.9448449977252,205.0551550022748,0.2941103342690788,0.3004255370268603,CUBA-P4,synthetic,True
H-0513,CUBA Hitter 13,2018,CUBA,CUBA-T5,batter,27.9,275.0,69.00915619638958,0.06549706194166645,0.1386592502261286,0.036824935378687654,0.3064604763698077,0.019545051872218718,0.24682639346979487,0.2850022340617323,0.3674709830156684,0.3109533712318742,124.16477210680279,150.8352278931972,0.30286448660031084,0.3190422558634376,CUBA-P5,synthetic,True
H-0514,CUBA Hitter 14,2018,CUBA,CUBA-T2,batter,24.3,212.0,59.578675683868596,0.06904108830866044,0.13358240505246746,0.08502235523389713,0.2726558236152564,0.02541851022136813,0.2212221246822829,0.26470950164283036,0.41228793759542276,0.3333972546592768,103.27128979637014,108.72871020362986,0.3337841185155825,0.33301039080297107,CUBA-P3,synthetic,True
H-0515,CUBA Hitter 15,2018,CUBA,CUBA-T2,batter,25.8,596.0,155.51926877137413,0.05410264654517735,0.09972162195381996,0.11805538325584237,0.27011188964308075,0.014407181187776046,0.23072320298401838,0.25980855977044415,0.44506657222015045,0.33030793781641415,309.04837796380616,286.95162203619384,0.33862295052112484,0.32199292511170347,CUBA-P1,synthetic,True
H-0516,CUBA Hitter 16,2018,CUBA,CUBA-T1,batter,28.8,276.0,77.92698858371371,0.07000395383145624,0.13884764674375905,0.08886823828724118,0.29384897441109165,0.034501955126017274,0.2376534390468523,0.27923428503161096,0.4182531357283503,0.3517791993972996,137.3238042746695,138.6761957253305,0.3524386366116791,0.3511197621829201,CUBA-P2,synthetic,True
H-0517,CUBA Hitter 17,2018,CUBA,CUBA-T1,batter,28.3,497.0,123.40065849934133,0.05769354039266486,0.16147591664988267,0.12040727474874338,0.30426286775374595,0.03461630486580791,0.2427701859598202,0.271513506599619,0.450833561524118,0.36425615747971246,232.50062451557076,264.49937548442927,0.3845534650461129,0.34395884991331205,CUBA-P1,synthetic,True
H-0518,CUBA Hitter 18,2018,CUBA,CUBA-T2,batter,24.8,222.0,61.407858144352,0.07174543739569589,0.13881856769662362,0.09268785391909792,0.30299384554194886,0.02367382667488837,0.24274532190754575,0.28702026051137713,0.4229872384732928,0.3485544157795726,101.95587832657273,120.04412167342727,0.3543254363400681,0.3427833952190771,CUBA-P4,synthetic,True
H-0520,CUBA Hitter 20,2018,CUBA,CUBA-T7,batter,31.7,431.0,102.74423872207578,0.02,0.09172669201385329,0.1157791557591622,0.3392184701670701,0.008705840984974678,0.30262458877304954,0.29118684136277306,0.4497010027758692,0.32424025711249094,235.6513100127927,195.3486899872073,0.30944734770119875,0.3390331665237831,CUBA-P5,synthetic,True
H-0521,CUBA Hitter 21,2018,CUBA,CUBA-T6,batter,26.6,468.0,121.64480625797725,0.08917132444386462,0.06763900090407016,0.1174625447335807,0.3073649427990182,0.02189426809018039,0.26245108633168185,0.32242157595020393,0.4481990390134825,0.3743068979749934,246.8963502792081,221.1036497207919,0.3544336943927919,0.3941801015571949,CUBA-P5,synthetic,True
H-0522,CUBA Hitter 22,2018,CUBA,CUBA-T7,batter,24.6,529.0,127.09013147306149,0.04592214045898979,0.14816756546901588,0.02,0.2732127622388037,0.032758879214204895,0.2250988094422269,0.25,0.34732127622388037,0.2882529563976586,269.3489762433589,259.6510237566411,0.27732281167822015,0.299183101117097,CUBA-P1,synthetic,True
H-0523,CUBA Hitter 23,2018,CUBA,CUBA-T5,batter,24.5,431.0,123.1389940684575,0.08171637423979874,0.1338296168567708,0.13203614321172455,0.28324150363021894,0.03647625558751087,0.22766137134868744,0.28168731394930346,0.46036029357474645,0.38178449703364403,229.13431263969719,201.86568736030281,0.4017626556135743,0.36180633845371374,CUBA-P3,synthetic,True
H-0524,CUBA Hitter 24,2018,CUBA,CUBA-T1,batter,27.5,581.0,143.85181700378715,0.053846828469454405,0.1512390493963417,0.12389844227763036,0.33320146252166266,0.03610019813230896,0.2702815777940867,0.29222672173627073,0.45721858852979663,0.3749476133829748,285.52723832671484,295.47276167328516,0.3789048852867892,0.3709903414791604,CUBA-P2,synthetic,True
H-0525,CUBA Hitter 25,2018,CUBA,CUBA-T7,batter,30.8,370.0,89.40446218523994,0.03441195618814826,0.10980011063385774,0.06938781283335876,0.3213008073957747,0.005,0.27571535388965074,0.28188077468883393,0.4015178935729362,0.2992069489785722,174.821896823599,195.178103176401,0.2902701121127134,0.308143785844431,CUBA-P3,synthetic,True
H-0527,CUBA Hitter 27,2018,CUBA,CUBA-T4,batter,28.2,507.0,134.41752067695447,0.08241504527888883,0.131750512905096,0.12330247018682064,0.294167736345959,0.02627423630786928,0.23510827433788778,0.2904654702814255,0.45271924382141654,0.37211241069614154,236.20650340099476,270.79349659900527,0.37009057535360596,0.3741342460386771,CUBA-P3,synthetic,True
H-0529,CUBA Hitter 29,2018,CUBA,CUBA-T7,batter,24.9,425.0,117.28521047546391,0.06458002368307428,0.16056733047081395,0.1233463960900367,0.2743027215636882,0.018664730478895625,0.21534389913824742,0.25586979429284606,0.4507766682464055,0.3458507444059691,228.5082470832586,196.4917529167414,0.33718945955136814,0.35451202926057,CUBA-P3,synthetic,True
H-0530,CUBA Hitter 30,2018,CUBA,CUBA-T5,batter,27.8,446.0,122.70510779284677,0.04539988506161091,0.15387028921553664,0.07837152470305474,0.2716787020424962,0.026709231685932804,0.2215476244919887,0.25,0.40553939490730434,0.3140101123620209,224.87539346185488,221.12460653814512,0.32389359383113436,0.3041266308929075,CUBA-P5,synthetic,True
H-0531,CUBA Hitter 31,2018,CUBA,CUBA-T1,batter,28.8,307.0,74.83305595538162,0.062072730732688756,0.09344312681022937,0.16094571028277108,0.2899600901050153,0.01586927387342799,0.24724708912012625,0.2824527589678896,0.4899417192932726,0.3677394301912467,162.93833283782953,144.06166716217047,0.3687579775433962,0.36672088283909726,CUBA-P3,synthetic,True
H-0532,CUBA Hitter 32,2018,CUBA,CUBA-T5,batter,27.5,622.0,162.81525349737674,0.09077830283671307,0.1166611136981611,0.09377715175292209,0.2961602399527071,0.024765566848779574,0.23843976760340616,0.3020307421551934,0.42339317574819274,0.36106733959715537,331.12471339925787,290.87528660074213,0.3734330963524388,0.3487015828418719,CUBA-P1,synthetic,True
H-0533,CUBA Hitter 33,2018,CUBA,CUBA-T4,batter,27.4,566.0,148.81424632937072,0.06231866199558099,0.11390781148652515,0.19149200618453938,0.3206136502638135,0.024762148106295546,0.2678273595435406,0.30002039559041765,0.5235533712109207,0.40344437768640407,264.3724661152648,301.6275338847352,0.40974083106304515,0.397147924309763,CUBA-P2,synthetic,True
H-0534,CUBA Hitter 34,2018,CUBA,CUBA-T2,batter,30.9,373.0,99.31168248926139,0.02218858624513207,0.1635291484890941,0.13034723527654293,0.32079609403699216,0.010149376370779273,0.26274097659647105,0.2572852993719008,0.46242684468024214,0.32863606142033963,177.97042514628706,195.02957485371294,0.33326444413944817,0.3240076787012311,CUBA-P2,synthetic,True
H-0535,CUBA Hitter 35,2018,CUBA,CUBA-T6,batter,31.6,199.0,48.59536376867995,0.02,0.17242779221765922,0.09314383739077929,0.2563043324696189,0.005,0.20773425563666922,0.25,0.4187742706377412,0.27943562692929524,106.57363459287203,92.42636540712797,0.2983830009871271,0.2604882528714634,CUBA-P1,synthetic,True
H-0536,CUBA Hitter 36,2018,CUBA,CUBA-T3,batter,24.2,604.0,160.2839242559414,0.05406645118367841,0.15464169723491417,0.14054336379758586,0.32845965117056974,0.022591570615702466,0.26329618113689873,0.28798315217376746,0.4733893289146428,0.37043865738107873,290.46297962375826,313.53702037624174,0.38463388416472355,0.3562434305974339,CUBA-P4,synthetic,True
H-0538,CUBA Hitter 38,2018,CUBA,CUBA-T3,batter,30.5,381.0,92.2333402209607,0.047307115696775565,0.16517824179473725,0.12789056937758808,0.2887868754223458,0.01228293473680948,0.22926633316989312,0.2519886193602101,0.4567692569198227,0.33558484180636594,208.45341799167335,172.54658200832665,0.34544111013390916,0.3257285734788227,CUBA-P1,synthetic,True
H-0539,CUBA Hitter 39,2018,CUBA,CUBA-T3,batter,25.1,264.0,66.1830473057225,0.06204485954210987,0.13001687706067083,0.13751280628399734,0.25419449269296246,0.011900317272633958,0.2071585045823843,0.25,0.4629322555532936,0.3387418031235829,120.16516868845815,143.83483131154185,0.32332659694992777,0.354157009297238,CUBA-P5,synthetic,True
H-0540,CUBA Hitter 40,2018,CUBA,CUBA-T3,batter,30.3,249.0,60.58291470232743,0.0560392860211521,0.1422906762253865,0.0993252491734671,0.2662629693582502,0.005,0.21420504469777718,0.25,0.42595154610929215,0.31154842653560094,119.87772523822119,129.1222747617788,0.3144926680986257,0.3086041849725762,CUBA-P1,synthetic,True
H-0502,CUBA Hitter 2,2019,CUBA,CUBA-T6,batter,30.0,439.0,104.99022647880103,0.044627621592428425,0.0790952933549173,0.057128268512240794,0.2746441777769704,0.03470371367583519,0.2458699565804619,0.2612255811686064,0.3845926862899378,0.31001868732662363,203.6805467205964,235.3194532794036,0.29440364307103367,0.3256337315822136,CUBA-P3,synthetic,True
H-0503,CUBA Hitter 3,2019,CUBA,CUBA-T2,batter,28.6,521.0,133.36096025778252,0.09582192608393846,0.13795595932975982,0.12654118756268004,0.31395302742222236,0.013469821530162589,0.24257822578175078,0.31232390338094224,0.45793649030490224,0.37867940039315506,264.1613812858493,256.8386187141507,0.37019788902783696,0.38716091175847317,CUBA-P2,synthetic,True
H-0504,CUBA Hitter 4,2019,CUBA,CUBA-T6,batter,25.4,357.0,99.63738087307057,0.04317477368142376,0.134535658298496,0.13557371935960072,0.3207516218154127,0.023265530512657614,0.2672405421212345,0.28055041497132605,0.467648881541142,0.3579899323215633,171.6994592347771,185.3005407652229,0.36417351641775997,0.3518063482253666,CUBA-P2,synthetic,True
H-0505,CUBA Hitter 5,2019,CUBA,CUBA-T2,batter,31.6,285.0,74.33671857133588,0.02,0.16663393488905148,0.06014278574366248,0.3291304165413964,0.005,0.268453511810603,0.26093316062954275,0.39305582739780215,0.28677417794850313,143.2596888821392,141.7403111178608,0.29772309590629736,0.2758252599907089,CUBA-P1,synthetic,True
H-0507,CUBA Hitter 7,2019,CUBA,CUBA-T7,batter,24.3,562.0,154.2024193756475,0.057024929334143264,0.1710042912192461,0.1898131775466671,0.2963700838343001,0.04511953492651491,0.2355569748611992,0.262935069494143,0.5194501859300971,0.4086518089604356,253.4317119764532,308.5682880235468,0.3970414058894592,0.42026221203141206,CUBA-P2,synthetic,True
H-0508,CUBA Hitter 8,2019,CUBA,CUBA-T6,batter,29.7,516.0,133.87722338900025,0.06430642289132463,0.12580666736172236,0.14955411911946437,0.30200233220675626,0.005,0.2453377355673025,0.2844353849018969,0.47975435234013997,0.3574700778119973,233.3903988328106,282.6096011671894,0.359684674687744,0.3552554809362506,CUBA-P3,synthetic,True
H-0509,CUBA Hitter 9,2019,CUBA,CUBA-T3,batter,28.0,286.0,76.45923663099985,0.053050842713354585,0.1626819138498501,0.08935128937765285,0.314680381414552,0.005,0.24754351529563007,0.27516500647942166,0.42081932751910806,0.3209169325521505,148.59593905289609,137.40406094710391,0.3246651352110985,0.31716872989320244,CUBA-P3,synthetic,True
H-0510,CUBA Hitter 10,2019,CUBA,CUBA-T1,batter,25.2,205.0,55.5992277006316,0.046733402281633,0.21310971204939522,0.1118819084186322,0.2757227724752611,0.023339549401733783,0.2075790409935638,0.25,0.4394541856661583,0.3317569960552926,110.26486787590895,94.73513212409105,0.3256906643450098,0.33782332776557533,CUBA-P5,synthetic,True
H-0512,CUBA Hitter 12,2019,CUBA,CUBA-T4,batter,30.6,209.0,56.5394409163455,0.024415247803203456,0.11017871522974336,0.07208310306829391,0.3332889133604697,0.018098663565373773,0.2911450372111457,0.2840024617119091,0.40541199440434084,0.30967629703480487,99.29845810648354,109.70154189351646,0.2978797310531177,0.321472863016492,CUBA-P3,synthetic,True
H-0513,CUBA Hitter 13,2019,CUBA,CUBA-T7,batter,28.1,526.0,130.25221061979,0.06350005597220476,0.1607303868683272,0.035982787952992486,0.33687311156469896,0.025420760826116703,0.26514901870139607,0.29870237009193545,0.36967009910946236,0.32502484634583884,248.6493528138301,277.3506471861699,0.3161273428451847,0.333922349846493,CUBA-P1,synthetic,True
H-0514,CUBA Hitter 14,2019,CUBA,CUBA-T4,batter,24.5,225.0,58.98626953472456,0.06432208300341802,0.11511158916876015,0.025412604080574393,0.29685170049396875,0.01936930034832209,0.24649190483602865,0.2835499418088203,0.35509777412997123,0.30033285583308744,105.2234489683262,119.7765510316738,0.30385939337521556,0.2968063182909593,CUBA-P4,synthetic,True
H-0516,CUBA Hitter 16,2019,CUBA,CUBA-T1,batter,28.9,281.0,72.71979790665685,0.05848273823817907,0.12115302723759208,0.06815461181741889,0.2824864084927406,0.03320842223508967,0.2367230096019092,0.26705030987816025,0.39640325266669296,0.32718077625034564,136.2091502305155,144.7908497694845,0.3120479904789667,0.3423135620217246,CUBA-P3,synthetic,True
H-0517,CUBA Hitter 17,2019,CUBA,CUBA-T2,batter,28.4,261.0,63.996683962630385,0.07421861504338521,0.16640338398276136,0.09819651876021693,0.25856821753124193,0.027351012614017702,0.20045366803634965,0.2509345295732075,0.4240533405133411,0.3410759033370395,137.69838236058774,123.30161763941226,0.34257654833304385,0.3395752583410352,CUBA-P1,synthetic,True
H-0519,CUBA Hitter 19,2019,CUBA,CUBA-T6,batter,27.6,298.0,72.30402033187997,0.0487146359013087,0.12067105902553152,0.11156259907595144,0.3526543281309929,0.030886277758694326,0.2975526713553709,0.3123423926237188,0.44682803188905074,0.3666863394513618,139.38740817750102,158.61259182249898,0.3464216837367075,0.3869509951660161,CUBA-P1,synthetic,True
H-0520,CUBA Hitter 20,2019,CUBA,CUBA-T5,batter,31.9,317.0,86.00926893222702,0.020858967567966097,0.13391216399971542,0.1179623607029794,0.35139254989957824,0.005,0.2977571273271675,0.28816538216241694,0.4531016156929372,0.32696796814906737,161.29015281474565,155.70984718525435,0.3224754894503806,0.3314604468477541,CUBA-P1,synthetic,True
H-0521,CUBA Hitter 21,2019,CUBA,CUBA-T6,batter,26.7,505.0,142.47069797607023,0.07592553552102406,0.1025252315965911,0.03355828764850833,0.28629091859196,0.021170536566526534,0.23837766503539698,0.28760741161640024,0.3621873795077043,0.31086023748845626,245.75724567524247,259.2427543247575,0.3425941354629735,0.279126339513939,CUBA-P2,synthetic,True
H-0522,CUBA Hitter 22,2019,CUBA,CUBA-T5,batter,24.7,525.0,133.81224737891574,0.07837229294202033,0.13692504356120816,0.09050061059838548,0.25843845743666505,0.031771161710874185,0.20756302015717923,0.2608899042525136,0.41634445634205197,0.3436834465311458,284.8434137104607,240.1565862895393,0.33695734887003126,0.35040954419226034,CUBA-P5,synthetic,True
H-0523,CUBA Hitter 23,2019,CUBA,CUBA-T6,batter,24.7,467.0,114.30083250310632,0.06052893007660637,0.12190824706638283,0.13346826006184462,0.32827512087583005,0.009699088020259372,0.26984039770000895,0.30207591112387944,0.4662957721494276,0.359403265612413,234.09105537683553,232.90894462316447,0.3534402334894211,0.36536629773540485,CUBA-P3,synthetic,True
H-0525,CUBA Hitter 25,2019,CUBA,CUBA-T1,batter,30.9,581.0,153.42948403264995,0.029431685589763272,0.1265610805969907,0.069792817132238,0.32909767161992354,0.01270343936274974,0.2796663313827241,0.27941641952024376,0.40270258429423034,0.30560550982901313,276.28938766871227,304.71061233128773,0.31474643075197967,0.2964645889060466,CUBA-P2,synthetic,True
H-0526,CUBA Hitter 26,2019,CUBA,CUBA-T5,batter,26.1,385.0,109.15873970997234,0.07213232307566884,0.10556945869746306,0.1854455729452698,0.2858422001167518,0.029097605292900997,0.23941217264398804,0.2836751017407165,0.514029792956945,0.39872030607734066,186.87762956486552,198.12237043513448,0.40405711517699877,0.39338349697768255,CUBA-P2,synthetic,True
H-0527,CUBA Hitter 27,2019,CUBA,CUBA-T6,batter,28.3,247.0,64.44214154811564,0.10843968607781773,0.1236610392977378,0.13294598066011498,0.3057058871585596,0.007626245634692999,0.23589526584268417,0.3197158821755499,0.4635165693759709,0.3828887511942552,122.24730230853874,124.75269769146126,0.3983361916481902,0.3674413107403202,CUBA-P5,synthetic,True
H-0528,CUBA Hitter 28,2019,CUBA,CUBA-T6,batter,29.5,340.0,83.41374702096726,0.08367124265757259,0.14418358803114012,0.14239447036259179,0.23938487634163885,0.018459801625011422,0.18760884611712803,0.2500271309436113,0.46633295799675567,0.3572853567418101,164.572352989137,175.427647010863,0.3310488735897184,0.3835218398939018,CUBA-P1,synthetic,True
H-0529,CUBA Hitter 29,2019,CUBA,CUBA-T7,batter,25.1,460.0,127.6234990202355,0.061287285285194455,0.16027477222032188,0.10612440535147186,0.2835114125053667,0.02004038393904638,0.22370209821523943,0.2599137218471387,0.43447554660200854,0.3385348625649657,235.01513419498968,224.98486580501032,0.3463752092392625,0.33069451589066884,CUBA-P2,synthetic,True
H-0530,CUBA Hitter 30,2019,CUBA,CUBA-T6,batter,28.0,482.0,128.39011444925603,0.05897626144085971,0.178340576075952,0.07660525341159713,0.3161637370325634,0.013547698755392247,0.2431649136358074,0.2759957443811084,0.40822162711485344,0.3262665092262304,218.774753191866,263.225246808134,0.3454321101832106,0.30710090826925024,CUBA-P4,synthetic,True
H-0531,CUBA Hitter 31,2019,CUBA,CUBA-T1,batter,28.9,403.0,96.54006972583674,0.08522592847920034,0.13410787150390727,0.17527249661420483,0.2840748191038975,0.005,0.22251760955032576,0.28481677707449354,0.5036799785245946,0.379984209759617,214.99605514963136,188.00394485036864,0.389165288240638,0.370803131278596,CUBA-P1,synthetic,True
H-0533,CUBA Hitter 33,2019,CUBA,CUBA-T1,batter,27.5,321.0,84.15666764360506,0.06845371619098325,0.09953030995468692,0.16260576996064977,0.2999580032915122,0.009089576808559966,0.25093328674527177,0.29306658139257225,0.49260157028980095,0.37051669509177887,172.56638110888446,148.43361889111554,0.3459318148150112,0.39510157536854656,CUBA-P4,synthetic,True
H-0534,CUBA Hitter 34,2019,CUBA,CUBA-T2,batter,31.1,350.0,94.95993414226841,0.027577802063847426,0.1533526368754008,0.13218841317532215,0.3382385995805173,0.005,0.27779094129221765,0.27691464922684333,0.46601227313337384,0.33489159854430145,166.50974886097632,183.49025113902368,0.3305480717707189,0.339235125317884,CUBA-P1,synthetic,True
H-0535,CUBA Hitter 35,2019,CUBA,CUBA-T4,batter,31.7,636.0,155.27141766501532,0.02,0.1734420061336853,0.08550649388659178,0.26590760018757703,0.005,0.21521990056109822,0.25,0.41209725390534946,0.27859623170327746,321.6092562739129,314.3907437260871,0.2776062143918496,0.2795862490147053,CUBA-P3,synthetic,True
H-0536,CUBA Hitter 36,2019,CUBA,CUBA-T3,batter,24.4,576.0,149.35282179720315,0.0578142181212522,0.10280795071277068,0.13251691990261028,0.31392305603445286,0.02081745771655582,0.2666226725846779,0.2949642666557273,0.46390922550605557,0.3619630401882709,281.2511789092842,294.7488210907158,0.37576565826627506,0.34816042211026677,CUBA-P4,synthetic,True
H-0537,CUBA Hitter 37,2019,CUBA,CUBA-T2,batter,29.3,436.0,112.37361942368366,0.03146482184884693,0.1632744486695357,0.14795443224176785,0.2547746975353967,0.007278142520146301,0.20625178016883394,0.25,0.4734319019953075,0.3191217854326857,209.25169007113968,226.74830992886032,0.32797539717403373,0.3102681736913377,CUBA-P3,synthetic,True
H-0538,CUBA Hitter 38,2019,CUBA,CUBA-T3,batter,30.7,404.0,111.08774916109493,0.046477926247605036,0.1732967629960341,0.10715487282770218,0.318332162627787,0.005,0.2491208105100095,0.2700116557066136,0.43898808909048087,0.32738598534828517,206.85028594569462,197.14971405430538,0.34928171767260596,0.3054902530239644,CUBA-P1,synthetic,True
H-0539,CUBA Hitter 39,2019,CUBA,CUBA-T1,batter,25.2,635.0,157.903155064019,0.04688256148778037,0.10403789808688817,0.12710230092637856,0.2604270904899747,0.005,0.22187331430753393,0.25,0.45314500997537605,0.31837354022244563,325.5356384224128,309.4643615775872,0.3088504016474058,0.32789667879748546,CUBA-P2,synthetic,True
H-0540,CUBA Hitter 40,2019,CUBA,CUBA-T4,batter,30.4,304.0,86.17959916160859,0.033638055352771506,0.12069274528784642,0.09489107749500189,0.23603866473199958,0.005,0.20036062862176768,0.25,0.4184949439682018,0.28285026402539093,138.22082715884056,165.77917284115944,0.2866931070771156,0.27900742097366626,CUBA-P3,synthetic,True
H-0502,CUBA Hitter 2,2020,CUBA,CUBA-T3,batter,30.1,350.0,97.07719484481821,0.0488995822451837,0.10042576921063047,0.08587744698288766,0.3010782949616451,0.016642036602754637,0.25861597824119337,0.27940728772088586,0.41598527647905215,0.32181753959127174,172.10547537396994,177.89452462603006,0.32441306419720545,0.31922201498533803,CUBA-P4,synthetic,True
H-0503,CUBA Hitter 3,2020,CUBA,CUBA-T6,batter,28.7,562.0,143.9389799210253,0.08182311113287452,0.15210396865239065,0.15822352634364306,0.30634417120989965,0.023985660126675187,0.2382798228485318,0.293036887579452,0.488857943464633,0.3931066713194884,301.8000040371639,260.1999959628361,0.40810241018398036,0.37811093245499644,CUBA-P5,synthetic,True
H-0504,CUBA Hitter 4,2020,CUBA,CUBA-T6,batter,25.5,523.0,128.03701736023007,0.04666431707716565,0.11311815037044709,0.08675768947005734,0.3092472660200119,0.021441137205687008,0.26305114538475916,0.28051579440068114,0.4176824160720585,0.3279153177546699,240.51877251831723,282.48122748168277,0.3337223236649806,0.32210831184435923,CUBA-P2,synthetic,True
H-0505,CUBA Hitter 5,2020,CUBA,CUBA-T1,batter,31.7,605.0,169.36249093127873,0.021329456320456422,0.15678061038494756,0.05169790463804204,0.2723511240671531,0.005,0.22459264719226069,0.25,0.37893301704475735,0.2631873603987462,314.23633598016636,290.76366401983364,0.24547227811050623,0.28090244268698616,CUBA-P2,synthetic,True
H-0506,CUBA Hitter 6,2020,CUBA,CUBA-T6,batter,27.1,294.0,71.71930786461617,0.04769329050469889,0.12328956708957053,0.10808839294316278,0.2965417861018774,0.017945973085367398,0.24853012008087494,0.2689476922109617,0.43774257155335056,0.3327749203845165,149.85146588585187,144.14853411414813,0.3282004336695328,0.33734940709950023,CUBA-P1,synthetic,True
H-0507,CUBA Hitter 7,2020,CUBA,CUBA-T5,batter,24.4,305.0,82.40233185462655,0.07105359916756106,0.17107822141298631,0.12227548012050207,0.3098761682866426,0.027153037187062953,0.2389182430829332,0.2824143579219474,0.45326309694916633,0.3698834258522504,142.42086660338342,162.57913339661658,0.37611502113038026,0.3636518305741206,CUBA-P2,synthetic,True
H-0508,CUBA Hitter 8,2020,CUBA,CUBA-T7,batter,29.9,271.0,65.10722116227576,0.06940950200664434,0.1208439978005109,0.100360312578779,0.30654696571083123,0.01606860737787714,0.25063562373576315,0.2928123013728178,0.4310150091498621,0.3455380079618598,143.85370813815734,127.14629186184266,0.3262314513430035,0.36484456458071607,CUBA-P4,synthetic,True
H-0509,CUBA Hitter 9,2020,CUBA,CUBA-T7,batter,28.2,332.0,89.75353379863581,0.0669400978787956,0.11942640872081135,0.12126214911813249,0.2819238837635591,0.025409808594683298,0.23319418570875344,0.2733845408563914,0.4494545374944884,0.35509443758259046,151.5964292486397,180.4035707513603,0.3532887196332797,0.35690015553190124,CUBA-P2,synthetic,True
H-0510,CUBA Hitter 10,2020,CUBA,CUBA-T2,batter,25.4,389.0,107.42864964521789,0.05243016541937313,0.2101422465631718,0.11243438550749837,0.2597426131368143,0.02888960289860308,0.19587480914562236,0.25,0.43840864682117975,0.3354505850293131,185.7254796823257,203.2745203176743,0.3632721433525592,0.30762902670606695,CUBA-P3,synthetic,True
H-0512,CUBA Hitter 12,2020,CUBA,CUBA-T6,batter,30.7,217.0,51.81117247984917,0.020612457383609215,0.14988779657473564,0.08083007274256399,0.3212137314165871,0.005,0.26719670863515144,0.26041449515524556,0.41295144588422267,0.29581006617274214,101.69905241223795,115.30094758776205,0.28133369518602036,0.3102864371594639,CUBA-P3,synthetic,True
H-0514,CUBA Hitter 14,2020,CUBA,CUBA-T1,batter,24.6,293.0,71.94876012676913,0.0703112485358679,0.09128288783810679,0.10351142536943433,0.2899126233236793,0.02058531044498629,0.24615223990052384,0.2890692475362662,0.4325026877018022,0.3461453554920718,145.33978355907655,147.66021644092345,0.3333725097777816,0.35891820120636203,CUBA-P1,synthetic,True
H-0516,CUBA Hitter 16,2020,CUBA,CUBA-T5,batter,29.1,562.0,160.45374454938985,0.062054908871394025,0.13363979950194746,0.08729311990085767,0.31424103406875437,0.022370517574313662,0.2561013041838792,0.289526062764353,0.41871722330773314,0.34156747989639386,269.00296938818076,292.99703061181924,0.3548030524699403,0.3283319073228474,CUBA-P1,synthetic,True
H-0517,CUBA Hitter 17,2020,CUBA,CUBA-T2,batter,28.6,380.0,94.98680502799255,0.046914198072740866,0.17266135256082693,0.11980451274571614,0.2744698165063874,0.021176085360541212,0.21737936821878426,0.25,0.44725149439635487,0.33385533326278516,190.83908848808687,189.16091151191313,0.3327492978758378,0.3349613686497325,CUBA-P2,synthetic,True
H-0518,CUBA Hitter 18,2020,CUBA,CUBA-T7,batter,25.1,485.0,137.95877796224164,0.0742970961916526,0.1289337773588568,0.10904019905529411,0.29933926825844026,0.031930396337791746,0.24329384673297594,0.28895095474572907,0.4389741258811381,0.3654861774090352,229.1640712097153,255.8359287902847,0.3787449350160502,0.3522274198020202,CUBA-P5,synthetic,True
H-0519,CUBA Hitter 19,2020,CUBA,CUBA-T1,batter,27.8,634.0,169.6682634141359,0.06905596028669292,0.16332605391295796,0.14136738741873894,0.3044612722943852,0.023597408487017257,0.23724955986588017,0.27939491402023775,0.47181351464817745,0.3738903482223418,300.9918359155378,333.0081640844622,0.3807325243163775,0.3670481721283061,CUBA-P4,synthetic,True
H-0520,CUBA Hitter 20,2020,CUBA,CUBA-T4,batter,32.0,291.0,79.23457051570026,0.025679513655723296,0.14493100618983368,0.10986104523799639,0.3140037194781662,0.005,0.2611813816645578,0.26006775715382535,0.441261417185813,0.3128005362572625,153.22990829993626,137.77009170006374,0.305003180538626,0.320597891975899,CUBA-P1,synthetic,True
H-0521,CUBA Hitter 21,2020,CUBA,CUBA-T3,batter,26.9,370.0,93.81281406554466,0.08282017078941185,0.06779301003821557,0.043421155939583185,0.309261626480687,0.009023378487552901,0.26403625598163805,0.31923464507706645,0.37434731858765186,0.31821836522639707,202.8027885039162,167.1972114960838,0.30242213041963256,0.3340146000331616,CUBA-P1,synthetic,True
H-0522,CUBA Hitter 22,2020,CUBA,CUBA-T1,batter,24.9,373.0,91.41748559267336,0.047073812647059954,0.1381150355405403,0.04269726348303879,0.3012259265584759,0.02288324120834971,0.24887473035612154,0.2679718324044421,0.37281985613888635,0.3024591551515946,181.8263777808991,191.1736222191009,0.2961927667462584,0.3087255435569308,CUBA-P3,synthetic,True
H-0526,CUBA Hitter 26,2020,CUBA,CUBA-T6,batter,26.2,363.0,98.64411114501657,0.07302240160636965,0.07692443557105436,0.16900322515278712,0.3111108847539167,0.033293804680146755,0.2694548622756188,0.3110371140226068,0.5001143136281788,0.40292068883449456,172.95325929551134,190.04674070448866,0.4236366122000983,0.3822047654688908,CUBA-P1,synthetic,True
H-0527,CUBA Hitter 27,2020,CUBA,CUBA-T7,batter,28.5,559.0,133.65854926784624,0.09514176802158088,0.1144205578732035,0.09797840274886901,0.31828438501153955,0.02168123298649596,0.2548361539405047,0.3215673401148581,0.42980684125002294,0.37140000356886976,305.0652238653889,253.93477613461113,0.3711768204215205,0.371623186716219,CUBA-P2,synthetic,True
H-0528,CUBA Hitter 28,2020,CUBA,CUBA-T3,batter,29.7,332.0,80.49938532468839,0.0791348960097237,0.12210983858902653,0.11443495679220747,0.24235753036031343,0.015919162525156093,0.195972227863717,0.25336081414617295,0.43867070982823875,0.3374860353412709,160.2032451481475,171.7967548518525,0.3593764970761488,0.315595573606393,CUBA-P3,synthetic,True
H-0529,CUBA Hitter 29,2020,CUBA,CUBA-T6,batter,25.2,371.0,101.57002139899262,0.03829756517612853,0.18181795626385688,0.12210506258625708,0.28832358496177696,0.008893084148334491,0.22619305133671966,0.25,0.4509374210824348,0.32288311051585433,169.3126218026706,201.6873781973294,0.3251036038434975,0.32066261718821115,CUBA-P3,synthetic,True
H-0530,CUBA Hitter 30,2020,CUBA,CUBA-T4,batter,28.1,584.0,158.45228255544603,0.05733341048999556,0.14892718147184197,0.035008484085686395,0.2852822336108895,0.005,0.2271897512301122,0.26112918659709655,0.36353670744677535,0.2837368353539357,271.56522314477274,312.43477685522726,0.29264119609232814,0.2748324746155432,CUBA-P1,synthetic,True
H-0531,CUBA Hitter 31,2020,CUBA,CUBA-T1,batter,29.1,377.0,94.958148033269,0.07396085859631268,0.12426090237476496,0.1797394639295478,0.28262929838155465,0.024294827628360858,0.23025024529859686,0.27790627763522113,0.5080023937677033,0.39141490547773905,178.98338532932036,198.01661467067964,0.4051351375980993,0.3776946733573788,CUBA-P2,synthetic,True
H-0533,CUBA Hitter 33,2020,CUBA,CUBA-T4,batter,27.7,571.0,147.14769722990178,0.08326794376223669,0.09367099840734579,0.16626412934495652,0.2966993534581613,0.02810400658985974,0.2484172847033541,0.30304945910562436,0.49593406469077267,0.3988712114145219,293.57492451135846,277.42507548864154,0.3763532194226695,0.4213892034063743,CUBA-P5,synthetic,True
H-0534,CUBA Hitter 34,2020,CUBA,CUBA-T7,batter,31.2,469.0,126.6978650529231,0.02,0.17136693046666457,0.12631037421921842,0.3395546002651876,0.005,0.27532507868660333,0.267117570817943,0.4602658342457372,0.3268148159133858,235.67208452260076,233.32791547739924,0.3183503037383342,0.3352793280884374,CUBA-P3,synthetic,True
H-0535,CUBA Hitter 35,2020,CUBA,CUBA-T5,batter,31.9,474.0,120.55013884830718,0.02,0.17292508245264324,0.07151679322916606,0.2922287139376287,0.005,0.2366004652061818,0.25,0.4007396646229289,0.2801142861542114,238.70956555847755,235.29043444152245,0.2738340684516344,0.28639450385678844,CUBA-P1,synthetic,True
H-0536,CUBA Hitter 36,2020,CUBA,CUBA-T1,batter,24.5,266.0,74.93211600962478,0.06134018210379044,0.15638651625808267,0.10842574851491467,0.31334082059676427,0.024256400728035817,0.24875661837543617,0.2819465245433982,0.43975983057459106,0.3540723370199561,142.25546918420406,123.74453081579594,0.33635244303957335,0.37179223100033887,CUBA-P4,synthetic,True
H-0537,CUBA Hitter 37,2020,CUBA,CUBA-T2,batter,29.5,348.0,94.06663805901381,0.039905341124007135,0.13834153580721767,0.1527621668089167,0.2803501075755833,0.017005317488821173,0.23292937407622585,0.25,0.480797177566475,0.3453802539231024,171.67133857427783,176.32866142572217,0.3400478875889558,0.350712620257249,CUBA-P2,synthetic,True
H-0538,CUBA Hitter 38,2020,CUBA,CUBA-T4,batter,30.8,530.0,136.04296182666977,0.04157141273406094,0.1720785891752631,0.08532652012252641,0.31364168911622575,0.013316184675690727,0.2486295693390541,0.2635403402079914,0.41669068903414896,0.31778873238003286,250.946334087798,279.053665912202,0.31742141732892554,0.3181560474311402,CUBA-P1,synthetic,True
H-0539,CUBA Hitter 39,2020,CUBA,CUBA-T3,batter,25.4,273.0,72.63563705707915,0.06319956575635982,0.17610195971958836,0.10108286099337858,0.2851804303539885,0.021330612481993354,0.22013591020669068,0.2584422522573123,0.42960090402877743,0.3388459714335001,128.26414616559416,144.73585383440584,0.31711585745007204,0.36057608541692815,CUBA-P5,synthetic,True
H-0540,CUBA Hitter 40,2020,CUBA,CUBA-T1,batter,30.6,582.0,144.22125996596145,0.022223627770696544,0.1749523921072113,0.09407837399039111,0.2943974591417127,0.005,0.2370993398859808,0.25,0.42351811990456234,0.29483875583380215,279.0762670725799,302.9237329274201,0.3213187685945001,0.2683587430731042,CUBA-P5,synthetic,True
H-0501,CUBA Hitter 1,2021,CUBA,CUBA-T1,batter,31.9,467.0,126.80543529712239,0.02,0.1696135349193587,0.08936234760480263,0.2829694386740263,0.005,0.23006460313289748,0.25,0.4176592914722052,0.2866885947185507,237.48834315004842,229.51165684995158,0.2702127229295363,0.30316446650756507,CUBA-P1,synthetic,True
H-0502,CUBA Hitter 2,2021,CUBA,CUBA-T1,batter,30.3,425.0,115.4533923720828,0.05696919597168661,0.11765248174482304,0.093025566766582,0.30696216575068735,0.02117666796328976,0.25653641756630247,0.28499312160631474,0.42372178334165067,0.33753825808150206,232.30726041066603,192.69273958933397,0.32772680500912016,0.34734971115388397,CUBA-P5,synthetic,True
H-0503,CUBA Hitter 3,2021,CUBA,CUBA-T4,batter,28.9,592.0,154.39109030068335,0.08400287641416149,0.1661457441613289,0.17423700548470403,0.27640492874287925,0.024484495838266677,0.2109352914733213,0.27053923180198464,0.501877498358992,0.39341013782094797,290.0320198114277,301.9679801885723,0.39446749953123106,0.3923527761106649,CUBA-P2,synthetic,True
H-0504,CUBA Hitter 4,2021,CUBA,CUBA-T2,batter,25.7,538.0,136.70806049239187,0.04316499501528645,0.165683170026445,0.1325751519255629,0.2684300855625142,0.029890284812253608,0.21685249747262617,0.25,0.45941816048181433,0.3439836163476683,277.19513038196015,260.80486961803985,0.3528810504691056,0.33508618222623093,CUBA-P3,synthetic,True
H-0505,CUBA Hitter 5,2021,CUBA,CUBA-T1,batter,31.9,204.0,50.752141991800784,0.02,0.17010171838395957,0.05101966303328766,0.26723133185397197,0.005,0.21718019646249773,0.25,0.37774279621868484,0.2600917808171984,94.9761102677715,109.0238897322285,0.2574265199343179,0.2627570417000789,CUBA-P1,synthetic,True
H-0506,CUBA Hitter 6,2021,CUBA,CUBA-T2,batter,27.3,483.0,130.83354751295505,0.05717161902362182,0.11017365596605598,0.0692903770264521,0.3064127924624882,0.0050786262730899145,0.25589785338846155,0.28679407252637007,0.3999316562727009,0.3099450816887357,243.90873713028213,239.09126286971787,0.30942505152747785,0.31046511184999354,CUBA-P1,synthetic,True
H-0507,CUBA Hitter 7,2021,CUBA,CUBA-T4,batter,24.6,519.0,141.2344187617829,0.08648837044114258,0.13586909621364313,0.18516279737732952,0.30349677727191443,0.04068697869417468,0.24211504954396604,0.2988991729069984,0.5155124751045209,0.4252235507362583,242.66475637077878,276.3352436292212,0.42587283554329186,0.4245742659292247,CUBA-P2,synthetic,True
H-0508,CUBA Hitter 8,2021,CUBA,CUBA-T7,batter,30.0,385.0,108.04175759778725,0.04400110878438947,0.11799389859674322,0.09794872718422257,0.3071550959238442,0.005,0.2581475038925085,0.27565886228764713,0.42866423677660703,0.3166768596737405,193.77601532666526,191.22398467333474,0.31654043284708483,0.31681328650039614,CUBA-P5,synthetic,True
H-0509,CUBA Hitter 9,2021,CUBA,CUBA-T7,batter,28.3,582.0,143.2885139265938,0.06695286837878994,0.13392789386613932,0.09586021181576757,0.30358998482079924,0.00976323595487436,0.2440690826533017,0.28529700591285345,0.4262192102978475,0.3346335314104918,295.7629507621295,286.2370492378705,0.3179255271699376,0.351341535651046,CUBA-P5,synthetic,True
H-0510,CUBA Hitter 10,2021,CUBA,CUBA-T6,batter,25.5,580.0,151.52095543206033,0.044428031522449236,0.2010447335480892,0.12859978405881628,0.2889770701861981,0.02955276946296746,0.22247398514505415,0.25,0.4574974910774361,0.3495689703799035,261.0315589758344,318.9684410241656,0.33511920859866323,0.3640187321611437,CUBA-P1,synthetic,True
H-0512,CUBA Hitter 12,2021,CUBA,CUBA-T3,batter,30.9,579.0,140.08373473246363,0.02,0.11585395208181681,0.06519964401022134,0.3464201653695756,0.005,0.3001076168232822,0.28942185514095403,0.39984166054717885,0.29560686208497317,296.226309116343,282.773690883657,0.29208242256557987,0.29913130160436646,CUBA-P4,synthetic,True
H-0513,CUBA Hitter 13,2021,CUBA,CUBA-T6,batter,28.4,196.0,55.13878003791536,0.08815776501340936,0.1724560808564422,0.07496451100991451,0.3191042595300798,0.026152420735160546,0.2398641343307686,0.30050490911185446,0.4068749369629225,0.3581645860620119,105.72319457032916,90.27680542967084,0.3787236589323569,0.33760551319166693,CUBA-P1,synthetic,True
H-0514,CUBA Hitter 14,2021,CUBA,CUBA-T6,batter,24.8,187.0,49.717930846622316,0.08076367980704874,0.09836183430831295,0.07701718961395104,0.28544322355125734,0.019634354976191107,0.23725821262832095,0.29164543325075176,0.40556151196907675,0.33647007787411926,88.56329860154649,98.43670139845351,0.325307254802152,0.3476329009460865,CUBA-P4,synthetic,True
H-0515,CUBA Hitter 15,2021,CUBA,CUBA-T6,batter,26.3,602.0,156.99765762559852,0.038116156997196574,0.09916210956565408,0.1468809228826592,0.282945618442482,0.008720112808817385,0.24541135133246691,0.2578091579672265,0.4751754847269074,0.3343448854663045,299.68482558409596,302.31517441590404,0.3106803135631818,0.35800945736942713,CUBA-P2,synthetic,True
H-0516,CUBA Hitter 16,2021,CUBA,CUBA-T3,batter,29.2,286.0,78.24770324939134,0.05344329352290194,0.109992710768052,0.09752591844960831,0.31055689204142367,0.01963302110872724,0.2627456676674653,0.28726393657394256,0.42858160765375064,0.33741419182566873,146.70053242737478,139.29946757262522,0.3366568312524424,0.33817155239889507,CUBA-P3,synthetic,True
H-0517,CUBA Hitter 17,2021,CUBA,CUBA-T6,batter,28.7,437.0,116.924957914218,0.057204409973439375,0.17377659633408346,0.10890789731449851,0.2954042351550293,0.02673476472804315,0.231181682360623,0.26165873085971425,0.4384483208300014,0.34739520106388083,218.05609390179842,218.94390609820158,0.3176977274442944,0.37709267468346724,CUBA-P2,synthetic,True
H-0520,CUBA Hitter 20,2021,CUBA,CUBA-T6,batter,32.2,446.0,119.4574565304848,0.02,0.14277184938416868,0.09509437710327186,0.3324786715754998,0.005,0.27911050332236403,0.2705244529901277,0.4283422442608218,0.3071694424582245,203.4666108975274,242.5333891024726,0.30736908025647014,0.3069698046599788,CUBA-P5,synthetic,True
H-0522,CUBA Hitter 22,2021,CUBA,CUBA-T7,batter,25.0,625.0,168.28013258093864,0.06280874218741977,0.16101621960282536,0.021176214875508647,0.2773503611603377,0.04897442732763985,0.22261859127026043,0.2565539266414228,0.3489112509915424,0.3167626487137176,295.0727574388933,329.9272425611067,0.31001949478200325,0.323505802645432,CUBA-P1,synthetic,True
H-0523,CUBA Hitter 23,2021,CUBA,CUBA-T6,batter,25.0,323.0,83.54735556703146,0.07426078351120362,0.128396633122228,0.14668927753384592,0.3091690898399569,0.032188555276463374,0.25134196408155146,0.29612309622227734,0.4776061865178416,0.38984053229425975,150.32346499772297,172.67653500227703,0.40590725019500534,0.37377381439351415,CUBA-P2,synthetic,True
H-0525,CUBA Hitter 25,2021,CUBA,CUBA-T2,batter,31.2,461.0,116.48349133884466,0.038354500768752825,0.1352074698426209,0.04164072404035424,0.32554970927157767,0.005,0.26979666019844284,0.2804964949473514,0.374195694967512,0.28819294700537396,209.03210918157217,251.96789081842783,0.27384957707555735,0.30253631693519056,CUBA-P3,synthetic,True
H-0526,CUBA Hitter 26,2021,CUBA,CUBA-T4,batter,26.4,297.0,78.49743392373645,0.07050240788414674,0.058873091306594176,0.16735417960504284,0.3078951018384927,0.030920619483533713,0.27269911226228377,0.3117573252899251,0.4981436897888921,0.39698832748032903,146.3945233062668,150.6054766937332,0.3859363604762827,0.40804029448437534,CUBA-P1,synthetic,True
H-0527,CUBA Hitter 27,2021,CUBA,CUBA-T2,batter,28.6,445.0,126.26281254397139,0.09128034949376833,0.12312829129860403,0.1730862876684911,0.3042283459596796,0.015330068132050597,0.2412986700317607,0.30637959332452613,0.5035091222644591,0.39937068526804137,229.72098270736004,215.27901729263996,0.42234630327991957,0.3763950672561632,CUBA-P2,synthetic,True
H-0529,CUBA Hitter 29,2021,CUBA,CUBA-T7,batter,25.4,300.0,72.87795788778324,0.060467773386247155,0.16535721911352017,0.12121282903288055,0.3284949946692514,0.034968917059746016,0.2595579525208185,0.2893491268519181,0.45406232849980566,0.3754397708264667,160.9471030354898,139.0528969645102,0.35108161935534216,0.3997979222975912,CUBA-P3,synthetic,True
H-0530,CUBA Hitter 30,2021,CUBA,CUBA-T2,batter,28.3,330.0,89.0627703616623,0.04939302317255882,0.15615303929418556,0.08465420607607979,0.2710014217662122,0.016444836224884518,0.21776487203301054,0.25,0.411754348252701,0.31078577978320543,173.64463568774588,156.35536431225412,0.32997401614317873,0.29159754342323213,CUBA-P4,synthetic,True
H-0531,CUBA Hitter 31,2021,CUBA,CUBA-T6,batter,29.2,638.0,168.02465798039697,0.0999501405692712,0.10044805563292301,0.12267664255185724,0.26673421456455126,0.027965477129347886,0.21747598066980833,0.29190318375963675,0.44935006400831234,0.37596315631601734,318.38469739454433,319.61530260545567,0.3742371528707783,0.3776891597612564,CUBA-P5,synthetic,True
H-0532,CUBA Hitter 32,2021,CUBA,CUBA-T2,batter,28.0,279.0,69.16606823308453,0.10491724646443948,0.11749231802743185,0.10310536276880417,0.3084396431463818,0.0363218395578036,0.24528799237583734,0.3207729912623896,0.43394932708344236,0.3907935527512068,128.2715202223238,150.7284797776762,0.3904694897033943,0.3911176157990193,CUBA-P2,synthetic,True
H-0533,CUBA Hitter 33,2021,CUBA,CUBA-T6,batter,27.8,333.0,83.3840115368074,0.0849919238263311,0.13489896403678817,0.18638499281121074,0.29726756929472875,0.03676271768271718,0.23741554720200708,0.29370294942097064,0.5161117497406836,0.4191361878921982,164.31996296961344,168.68003703038656,0.4213744925311207,0.4168978832532757,CUBA-P2,synthetic,True
H-0534,CUBA Hitter 34,2021,CUBA,CUBA-T1,batter,31.4,292.0,73.58326051488689,0.02,0.1729567745185655,0.13729704294661516,0.3354798263027112,0.005,0.2714967211032914,0.2636720489929623,0.4708450255768863,0.3314313128265873,157.60417091224798,134.39582908775202,0.33686052439986724,0.3260021012533073,CUBA-P3,synthetic,True
H-0535,CUBA Hitter 35,2021,CUBA,CUBA-T3,batter,32.0,629.0,160.38506544157806,0.02,0.17955940534412154,0.09657416237510572,0.26001038499280704,0.005,0.20887286718034637,0.25,0.4225752008743864,0.28261942405379065,319.4472193816532,309.5527806183468,0.25569731888564184,0.30954152922193945,CUBA-P3,synthetic,True
H-0536,CUBA Hitter 36,2021,CUBA,CUBA-T3,batter,24.7,185.0,45.74037676301186,0.06728131766311975,0.15903418433156474,0.10958587956472056,0.3078702172013961,0.01056158079837119,0.23977865156600525,0.2816562906647444,0.4403729012848602,0.34462915486380286,95.49511660074317,89.50488339925683,0.3766494267391724,0.3126088829884333,CUBA-P3,synthetic,True
H-0537,CUBA Hitter 37,2021,CUBA,CUBA-T2,batter,29.6,606.0,144.46040851916376,0.03354566174203646,0.138933172793167,0.1663804109267524,0.2773804384980288,0.0200800934025841,0.23255019775341274,0.25,0.4941184547765553,0.3501464267657751,297.08153594712246,308.91846405287754,0.36752835580767174,0.3327644977238785,CUBA-P2,synthetic,True
H-0538,CUBA Hitter 38,2021,CUBA,CUBA-T5,batter,31.0,484.0,116.59949731436106,0.053321401149018705,0.18703213033387397,0.10441741169520728,0.31481773559968973,0.005,0.2399001810748567,0.26855656411638973,0.43589918525517624,0.3294407646965685,244.25444653972332,239.74555346027668,0.3419379364419886,0.31694359295114843,CUBA-P3,synthetic,True
H-0539,CUBA Hitter 39,2021,CUBA,CUBA-T2,batter,25.5,560.0,151.5077725553425,0.0611271407056809,0.15397702824893722,0.10140586896897447,0.2584705403200881,0.010025094290324402,0.20437621368883307,0.25,0.4272529230009833,0.31804950040023544,264.1785281327235,295.8214718672765,0.3017489048000561,0.33435009600041476,CUBA-P5,synthetic,True
H-0540,CUBA Hitter 40,2021,CUBA,CUBA-T6,batter,30.7,463.0,114.74572326398885,0.030021393230990102,0.14807613017668916,0.060523572159368495,0.28101700313777983,0.005,0.2317185708434932,0.25,0.3886252724731465,0.2771588910475687,244.09895163531877,218.90104836468123,0.2781139803182542,0.2762038017768832,CUBA-P2,synthetic,True
H-0501,CUBA Hitter 1,2022,CUBA,CUBA-T2,batter,32.1,507.0,126.79974219563404,0.02,0.195538829241083,0.10251467465327108,0.29938367998446686,0.005,0.23560487210672781,0.25,0.43245304265171775,0.2996673590538625,276.55343997875343,230.44656002124657,0.2991127212406296,0.3002219968670954,CUBA-P2,synthetic,True
H-0502,CUBA Hitter 2,2022,CUBA,CUBA-T1,batter,30.4,594.0,157.99580822415558,0.036972986604361685,0.13181637073158312,0.0742431308427611,0.31833219711363975,0.013206826861929255,0.2665821341727786,0.275113985733502,0.40607635055412505,0.310017225752082,318.86041896443203,275.13958103556797,0.2998069503311429,0.3202275011730211,CUBA-P3,synthetic,True
H-0503,CUBA Hitter 3,2022,CUBA,CUBA-T3,batter,29.0,340.0,86.21149006764459,0.06816426510753085,0.14092762080632104,0.12627247174825965,0.29625406074013527,0.016734751747612617,0.23681995323248545,0.2790430315308401,0.4558978778222732,0.35591504286871306,157.75847493045322,182.24152506954678,0.372991161683764,0.3388389240536621,CUBA-P4,synthetic,True
H-0504,CUBA Hitter 4,2022,CUBA,CUBA-T7,batter,25.8,363.0,98.44858342863094,0.0344155977525934,0.12935148755704431,0.1211642097203417,0.31513221155631554,0.03910552107139033,0.2693897559432662,0.2715871327568953,0.45267743087597323,0.356222476781965,191.52766969995838,171.47233030004162,0.35167430525340854,0.36077064831052147,CUBA-P2,synthetic,True
H-0505,CUBA Hitter 5,2022,CUBA,CUBA-T6,batter,32.0,311.0,80.10783847291842,0.02,0.20131933618497116,0.06428224255451015,0.2761056060875214,0.005,0.215748096631282,0.25,0.39189280316326225,0.2704921955356131,157.50036699563697,153.49963300436303,0.2608343676623496,0.2801500234088766,CUBA-P5,synthetic,True
H-0506,CUBA Hitter 6,2022,CUBA,CUBA-T3,batter,27.4,387.0,107.8088938996646,0.0649209891647922,0.17085983723057552,0.14157996498358114,0.3055611912604031,0.020511329478512256,0.2365924204924491,0.27508513812839724,0.4721360841096214,0.36872028662812634,174.712924835904,212.287075164096,0.3621368418840567,0.37530373137219597,CUBA-P2,synthetic,True
H-0507,CUBA Hitter 7,2022,CUBA,CUBA-T7,batter,24.7,423.0,107.89928117735433,0.07435148546325751,0.12872889847105765,0.17460051565064386,0.2981007388289472,0.049767471781582764,0.245027447103699,0.288157579166073,0.5044105895335386,0.41720230662569036,203.68443853168296,219.31556146831704,0.4053471769767581,0.4290574362746226,CUBA-P3,synthetic,True
H-0508,CUBA Hitter 8,2022,CUBA,CUBA-T4,batter,30.2,575.0,159.92111528586108,0.06154905953530945,0.14599630000473202,0.16993386336080443,0.30837919335526637,0.015172851705454066,0.2466524505514978,0.28148793005142114,0.500771782696331,0.378136250732411,314.1322663182438,260.8677336817562,0.3749177816409085,0.38135471982391345,CUBA-P5,synthetic,True
H-0510,CUBA Hitter 10,2022,CUBA,CUBA-T7,batter,25.7,226.0,54.51768656643446,0.05488471255015378,0.23269896067045465,0.1128936961867674,0.27585168338829125,0.019913485593663467,0.1995082658544477,0.25,0.44047886452559654,0.3349810579080288,124.03345563135966,101.96654436864034,0.34499780746199143,0.32496430835406614,CUBA-P5,synthetic,True
H-0511,CUBA Hitter 11,2022,CUBA,CUBA-T5,batter,29.1,464.0,115.36585650675507,0.07156812738147833,0.18032513722346735,0.1535009619852807,0.2787347941272854,0.010594772478376594,0.21011259274733254,0.2592391665694968,0.4813744413980092,0.361615691434028,217.063318213687,246.936681786313,0.363186312785996,0.36004507008206,CUBA-P5,synthetic,True
H-0512,CUBA Hitter 12,2022,CUBA,CUBA-T3,batter,31.0,237.0,57.00343182052635,0.02,0.11367184045473172,0.05295010243682231,0.3425376281886342,0.005,0.29749999300366087,0.2870749937032948,0.38720386525568573,0.28751072620627427,114.79586130783414,122.20413869216586,0.29344049236554,0.28158096004700855,CUBA-P1,synthetic,True
H-0513,CUBA Hitter 13,2022,CUBA,CUBA-T7,batter,28.5,445.0,123.00932139306376,0.06379037608328862,0.1750058349410037,0.12015500420811231,0.3008827493410533,0.029790969683966766,0.23350173428843288,0.2699201560355427,0.4502432791422176,0.3628593505577026,225.7051181121832,219.2948818878168,0.35252353846593854,0.3731951626494666,CUBA-P3,synthetic,True
H-0514,CUBA Hitter 14,2022,CUBA,CUBA-T2,batter,24.9,470.0,127.25268488745789,0.062296344237753376,0.11539956495268472,0.051320013320447236,0.2869957741193961,0.024452487921665947,0.23966567229168634,0.2746943634308462,0.38001959073238684,0.3142892083639613,224.61975450363326,245.38024549636674,0.326864408107206,0.30171400862071657,CUBA-P2,synthetic,True
H-0515,CUBA Hitter 15,2022,CUBA,CUBA-T1,batter,26.4,559.0,142.38445645352104,0.04280883920946496,0.11726910718582889,0.07673313550711108,0.3041794879480981,0.009494735477440987,0.25691127050341067,0.27274719337308007,0.4071510843019209,0.30717749468706784,260.3020086117806,298.6979913882194,0.3181904155525477,0.296164573821588,CUBA-P2,synthetic,True
H-0516,CUBA Hitter 16,2022,CUBA,CUBA-T7,batter,29.4,456.0,120.16179188219516,0.0518909585047329,0.1350422306686589,0.06782227289806639,0.3127286988503479,0.02683540920946659,0.2582946372096271,0.2807333517501193,0.39909514278310115,0.3272328339333912,219.4394850369848,236.5605149630152,0.30207183093689693,0.35239383692988546,CUBA-P2,synthetic,True
H-0517,CUBA Hitter 17,2022,CUBA,CUBA-T1,batter,28.9,636.0,160.77355465533793,0.06758059935086178,0.1919795622434747,0.09148027532833476,0.31502234802102913,0.026948452600957074,0.23729736435300705,0.27751018616743894,0.42298251013043764,0.35213200012440893,342.3066264099029,293.6933735900971,0.3559335001935088,0.3483305000553091,CUBA-P2,synthetic,True
H-0518,CUBA Hitter 18,2022,CUBA,CUBA-T6,batter,25.4,640.0,170.69127235652223,0.0850672199829777,0.1337863883318187,0.12856153039109447,0.31334116316295774,0.016750159713529382,0.2472778429282185,0.3053560070570479,0.45989564670739025,0.37500044655239795,319.8976435098679,320.1023564901321,0.37741237589538235,0.37258851720941355,CUBA-P4,synthetic,True
H-0520,CUBA Hitter 20,2022,CUBA,CUBA-T1,batter,32.3,391.0,94.24570677784729,0.02,0.15599074269351987,0.09629022364336129,0.3388382447661877,0.005,0.2799558504168176,0.27128526537513586,0.43017404811998006,0.3100530086720144,200.33049125773303,190.66950874226697,0.297010280895991,0.3230957364480378,CUBA-P1,synthetic,True
H-0521,CUBA Hitter 21,2022,CUBA,CUBA-T5,batter,27.2,582.0,161.95092379400035,0.06991683381954844,0.0786569698155708,0.08142770196915804,0.28616470387354853,0.015554092254851703,0.24598123919116566,0.2892001466371925,0.4100441723565129,0.3278833491418293,298.5050226385916,283.4949773614084,0.3000746190442303,0.35569207923942836,CUBA-P5,synthetic,True
H-0522,CUBA Hitter 22,2022,CUBA,CUBA-T2,batter,25.2,275.0,68.86159790611774,0.04986622775775442,0.15155272181017473,0.10293187673948104,0.2650501859169343,0.032163807540079845,0.21648862701777305,0.25,0.42943689533117446,0.3332338834941415,133.41133675037662,141.58866324962338,0.3211589117759188,0.3453088552123642,CUBA-P1,synthetic,True
H-0524,CUBA Hitter 24,2022,CUBA,CUBA-T3,batter,28.1,281.0,74.56840224474053,0.053481327503275784,0.17983380289064707,0.08171260855838607,0.299123574804731,0.032767408887472996,0.23424863027838977,0.2598814945540177,0.4116249660388592,0.3365627831397869,131.1024392414014,149.8975607585986,0.3364866633463804,0.3366389029331934,CUBA-P3,synthetic,True
H-0526,CUBA Hitter 26,2022,CUBA,CUBA-T5,batter,26.5,585.0,161.9113447787889,0.07109102150754983,0.07955484503096215,0.13797803185716523,0.28042968710651794,0.022687443597529215,0.24158723042886215,0.2854567240078593,0.46602100056781703,0.36422072230178326,279.4808695357976,305.5191304642024,0.3658695651618715,0.362571879441695,CUBA-P4,synthetic,True
H-0527,CUBA Hitter 27,2022,CUBA,CUBA-T3,batter,28.8,511.0,135.4188738049965,0.08809171465331392,0.10167169321701958,0.13604462096848205,0.3040845216444801,0.005,0.24713040653660334,0.30983408053625694,0.46645307313293005,0.36741832436555283,267.58918626021,243.41081373979,0.39131991764432883,0.3435167310867768,CUBA-P5,synthetic,True
H-0528,CUBA Hitter 28,2022,CUBA,CUBA-T2,batter,30.0,324.0,80.43165374226082,0.07265047051942439,0.114097759103502,0.11352696987141844,0.23491867660147592,0.008358661365547216,0.1923018288456216,0.25,0.43701883753156606,0.3230394948323863,147.45911510722036,176.54088489277964,0.32205962469834354,0.3240193649664291,CUBA-P5,synthetic,True
H-0529,CUBA Hitter 29,2022,CUBA,CUBA-T7,batter,25.5,649.0,161.47263575941912,0.056212369949240226,0.16442670878134105,0.14688167642554703,0.2924624847960877,0.007211260172484444,0.22901552061329497,0.26135281837792035,0.47612792490515576,0.34898558483238573,332.6139555683403,316.3860444316597,0.3403716029572444,0.3575995667075271,CUBA-P4,synthetic,True
H-0530,CUBA Hitter 30,2022,CUBA,CUBA-T7,batter,28.4,263.0,66.24756113276027,0.04552110744387077,0.17824885482382508,0.07553228305129167,0.3203490206515292,0.021359251142160838,0.2518684200591674,0.2693191865929297,0.4075671851164446,0.32475301414489993,141.60375426449028,121.39624573550972,0.32893021897061897,0.3205758093191809,CUBA-P5,synthetic,True
H-0531,CUBA Hitter 31,2022,CUBA,CUBA-T2,batter,29.4,284.0,78.37525020151072,0.06357918197164036,0.09513258498488383,0.1319739912063917,0.31005640121031464,0.02194723080275262,0.2641388865384575,0.2983413036978805,0.46297963132742315,0.3653633706897512,136.5717009390988,147.4282990609012,0.35489628227486364,0.3758304591046388,CUBA-P1,synthetic,True
H-0532,CUBA Hitter 32,2022,CUBA,CUBA-T4,batter,28.1,259.0,62.930339575891985,0.10114143300841535,0.13203932426002202,0.085931659005675,0.278009807970012,0.02363111195564831,0.21672793721285902,0.29300637638597593,0.4137326398026762,0.35663284910859966,139.99006390166508,119.00993609833492,0.3672099376188552,0.34605576059834414,CUBA-P5,synthetic,True
H-0534,CUBA Hitter 34,2022,CUBA,CUBA-T2,batter,31.5,591.0,151.8884273726597,0.02,0.19305946478247613,0.1415391949575805,0.31430433161549337,0.005,0.24808881894268245,0.25,0.4729696281191298,0.32635307329209196,272.79603966253256,318.20396033746744,0.3517074191320222,0.3009987274521617,CUBA-P5,synthetic,True
H-0535,CUBA Hitter 35,2022,CUBA,CUBA-T1,batter,32.2,589.0,140.56308680357068,0.02,0.15873488714803166,0.0754922350619187,0.25395556183948037,0.005,0.20931484315348586,0.25,0.4008877912458667,0.2689051759278734,287.0100101177914,301.9899898822086,0.29704899335342616,0.2407613585023206,CUBA-P2,synthetic,True
H-0536,CUBA Hitter 36,2022,CUBA,CUBA-T7,batter,24.8,239.0,64.05344543817866,0.0677810482458641,0.1262190330922589,0.12819306486265822,0.3096821099289976,0.028384480776014,0.2538614275302126,0.29242442811829356,0.45916127585555794,0.37188769062012866,128.6745881198406,110.32541188015941,0.35587755638712487,0.38789782485313246,CUBA-P4,synthetic,True
H-0537,CUBA Hitter 37,2022,CUBA,CUBA-T6,batter,29.8,461.0,110.86969026080264,0.03503840312540879,0.1909929338825643,0.17841543801270765,0.2687721608682617,0.010927458347653995,0.20966034874883457,0.25,0.5052926540995338,0.34656034191155555,234.9715457792763,226.0284542207237,0.3260686833619874,0.3670520004611237,CUBA-P4,synthetic,True
H-0538,CUBA Hitter 38,2022,CUBA,CUBA-T5,batter,31.1,287.0,81.60720967119339,0.03918650196177156,0.16200555036135,0.11550027741945151,0.3164234122299893,0.005,0.25351153652035263,0.26667188483008897,0.4471426186424504,0.3262038982344347,141.25883246087372,145.74116753912628,0.3169738773848708,0.33543391908399856,CUBA-P2,synthetic,True
H-0539,CUBA Hitter 39,2022,CUBA,CUBA-T6,batter,25.7,436.0,120.04281386077733,0.062158427687962134,0.1599767949130571,0.11618071219806092,0.23948341832660547,0.022750425687259844,0.18969827974046094,0.25,0.44012905403072144,0.33170487062335274,203.1172209258757,232.8827790741243,0.3416171525372535,0.321792588709452,CUBA-P2,synthetic,True
H-0540,CUBA Hitter 40,2022,CUBA,CUBA-T5,batter,30.9,367.0,103.02645682281393,0.02,0.1386083176789918,0.08722683694032479,0.25607484719209,0.005,0.21620924647904768,0.25,0.41283432165953377,0.27610095683441016,185.46201047053174,181.53798952946826,0.2763113068850938,0.2758906067837265,CUBA-P2,synthetic,True
H-0501,CUBA Hitter 1,2023,CUBA,CUBA-T5,batter,32.2,219.0,56.53970631499118,0.02,0.1984800606207466,0.07415334250112651,0.28063430778145854,0.005,0.2200713072051042,0.25,0.4022167732792724,0.27750634609913005,116.27758428869484,102.72241571130516,0.26632646837637536,0.28868622382188475,CUBA-P2,synthetic,True
H-0502,CUBA Hitter 2,2023,CUBA,CUBA-T1,batter,30.6,506.0,134.81621790555928,0.02377794485190734,0.11762224384617455,0.07469652093961396,0.302932840903815,0.02063697427561863,0.26319362617851233,0.25786621688535993,0.40498980502999543,0.3023274190775148,227.88104537686453,278.11895462313544,0.31827203670723,0.28638280144779965,CUBA-P2,synthetic,True
H-0503,CUBA Hitter 3,2023,CUBA,CUBA-T4,batter,29.2,234.0,61.408912459382286,0.08960251995742774,0.13271231953890542,0.14408042090341672,0.2910051001273955,0.012649476461760645,0.22820776946922333,0.29328183315739104,0.47318093091615626,0.3752023093272516,105.64223044201982,128.3577695579802,0.3787228463898565,0.37168177226464677,CUBA-P2,synthetic,True
H-0504,CUBA Hitter 4,2023,CUBA,CUBA-T5,batter,26.0,293.0,76.86872436726925,0.043428680997153885,0.12229656648073153,0.1387780859384869,0.3007764453464611,0.029570457582187716,0.2553657631432283,0.269265856052464,0.468855730473133,0.3586131916594058,153.42516663149908,139.57483336850092,0.34830136112129,0.3689250221975216,CUBA-P1,synthetic,True
H-0505,CUBA Hitter 5,2023,CUBA,CUBA-T6,batter,32.2,592.0,143.12776025668526,0.02,0.14501093181187003,0.07082710492687853,0.2995510281042225,0.005,0.2508718338315411,0.25,0.4007822077373008,0.28229776754626107,324.640468689507,267.359531310493,0.269544776279881,0.29505075881264115,CUBA-P5,synthetic,True
H-0506,CUBA Hitter 6,2023,CUBA,CUBA-T2,batter,27.6,584.0,150.46232701804254,0.06669825271931955,0.14954260167758263,0.11230415145539421,0.29410651654155495,0.008717587477876272,0.23181631024259394,0.2741560576281408,0.44171480310954975,0.3392391697236234,266.1291259558462,317.8708740441538,0.33604456122323073,0.34243377822401605,CUBA-P4,synthetic,True
H-0507,CUBA Hitter 7,2023,CUBA,CUBA-T4,batter,24.9,503.0,121.92811103535374,0.050761822317857024,0.1799571420175002,0.2144735530369331,0.31498050546800743,0.044536196682663926,0.24898895896300102,0.2688394988323983,0.5459716035837339,0.42381948372101325,266.349362506005,236.65063749399502,0.4277505825380772,0.4198883849039493,CUBA-P4,synthetic,True
H-0508,CUBA Hitter 8,2023,CUBA,CUBA-T2,batter,30.3,552.0,154.94540571260293,0.055604893321705,0.10353962825265448,0.11094199358419106,0.2980363812981093,0.014278858913029172,0.25274735282162264,0.28114986490790644,0.44074563171400194,0.33710522827256306,270.39434483141406,281.60565516858594,0.35114907706408344,0.3230613794810427,CUBA-P5,synthetic,True
H-0509,CUBA Hitter 9,2023,CUBA,CUBA-T5,batter,28.6,316.0,76.92453062610443,0.05832906104377017,0.1274480459758607,0.07062970350638166,0.2923072577332259,0.020475069439352466,0.24107452144660846,0.2725319959714052,0.3998604292797042,0.32041178236119533,148.59477911020454,167.40522088979546,0.3354408844377735,0.3053826802846172,CUBA-P1,synthetic,True
H-0510,CUBA Hitter 10,2023,CUBA,CUBA-T2,batter,25.8,287.0,74.85561878908422,0.03391061124444413,0.22320409435071462,0.1374299967682827,0.26214724939723655,0.013701913213105816,0.19680062352785127,0.25,0.4636447217080063,0.32340718527449436,144.18166569710345,142.81833430289655,0.3136766149753751,0.33313775557361364,CUBA-P2,synthetic,True
H-0511,CUBA Hitter 11,2023,CUBA,CUBA-T7,batter,29.3,566.0,148.20573901599968,0.08007941976569562,0.1382817357399956,0.12210916424162235,0.27132536999016,0.007704861762440383,0.2132341779454655,0.27095002357868514,0.4492417012406384,0.3451138892516316,310.40029146811156,255.59970853188844,0.334098671802633,0.35612910670063025,CUBA-P1,synthetic,True
H-0513,CUBA Hitter 13,2023,CUBA,CUBA-T4,batter,28.7,192.0,52.19310930825763,0.07015536018323117,0.15487679518234282,0.0850556643922934,0.3342230311677708,0.016698898323973976,0.261516936839868,0.3032662520653759,0.41847796750907046,0.34789643694431954,102.51602636175215,89.48397363824785,0.3400655395078133,0.35572733438082577,CUBA-P5,synthetic,True
H-0514,CUBA Hitter 14,2023,CUBA,CUBA-T6,batter,25.1,543.0,135.89003478371055,0.07464241163611028,0.11852582814452751,0.03330807563824778,0.28865786718970027,0.021159181483772986,0.2360722123083987,0.28425091321335977,0.3621738623572178,0.31064264659810426,294.9302486503534,248.0697513496466,0.3315820672887115,0.28970322590749703,CUBA-P2,synthetic,True
H-0515,CUBA Hitter 15,2023,CUBA,CUBA-T7,batter,26.6,289.0,78.84630016174219,0.051763840862812265,0.0883911818513241,0.10627602237320936,0.31945650266176834,0.021715024876169085,0.277940323006455,0.2989786032103389,0.4382216726393862,0.3460397992294048,133.0535632587239,155.9464367412761,0.35559862524085145,0.33648097321795817,CUBA-P2,synthetic,True
H-0516,CUBA Hitter 16,2023,CUBA,CUBA-T6,batter,29.5,300.0,80.52326876639981,0.040142766311556256,0.16566389154052297,0.04917108874962049,0.27800593842193794,0.03298374340023571,0.22573802688232333,0.25,0.3769716825918143,0.30213148273827106,157.44926627048693,142.55073372951307,0.3017396714585608,0.30252329401798134,CUBA-P5,synthetic,True
H-0517,CUBA Hitter 17,2023,CUBA,CUBA-T5,batter,29.0,489.0,124.05004575898174,0.06238101214282364,0.1625181359391082,0.11688800072947605,0.29173093206754047,0.025475694547390265,0.22994224815851125,0.26588981672158607,0.4460610939362301,0.35298906021747883,249.13786100783287,239.86213899216713,0.35528481097898734,0.3506933094559703,CUBA-P3,synthetic,True
H-0518,CUBA Hitter 18,2023,CUBA,CUBA-T1,batter,25.5,313.0,81.05798347480243,0.09639107624451912,0.15143569034787097,0.10340581287354483,0.29394838365944786,0.017519597295736444,0.22372804578642802,0.2953811718173799,0.43280065123948963,0.36299652229858254,154.45629216626986,158.54370783373014,0.3731755173527384,0.35281752724442667,CUBA-P4,synthetic,True
H-0519,CUBA Hitter 19,2023,CUBA,CUBA-T6,batter,28.2,486.0,117.3425684027937,0.05748394585081617,0.14157647459633343,0.14835755737939962,0.2914847309545254,0.025820310925514237,0.2373347044956204,0.2675994379219301,0.4775060304748522,0.3670933543212878,263.8694382521469,222.1305617478531,0.3860746471462785,0.34811206149629714,CUBA-P5,synthetic,True
H-0522,CUBA Hitter 22,2023,CUBA,CUBA-T4,batter,25.3,582.0,153.69125589307237,0.07053499709347136,0.17418131795630656,0.09762165005412854,0.2917971458049855,0.01348301898425729,0.2224120763891853,0.2688856582808634,0.4268013646346271,0.33733012361277714,304.30185633072074,277.69814366927926,0.335919817436238,0.3387404297893163,CUBA-P5,synthetic,True
H-0524,CUBA Hitter 24,2023,CUBA,CUBA-T2,batter,28.2,644.0,153.63373606383558,0.05001953860490138,0.15622927467132677,0.07293319992092394,0.31660920575630885,0.019022673939708502,0.25416233388769727,0.27619757812196827,0.40459412049655485,0.32306056554038487,290.9378656919487,353.0621343080513,0.32859928014390594,0.3175218509368638,CUBA-P5,synthetic,True
H-0525,CUBA Hitter 25,2023,CUBA,CUBA-T7,batter,31.5,248.0,61.34939824458142,0.02,0.12527265433394108,0.02,0.309734621360363,0.01142663537957235,0.2664526460831607,0.2582647856986024,0.3509734621360363,0.26369108931774216,128.18190021333487,119.81809978666513,0.27289782968660337,0.25448434894888095,CUBA-P2,synthetic,True
H-0526,CUBA Hitter 26,2023,CUBA,CUBA-T7,batter,26.7,253.0,63.203761322096824,0.06806079860868189,0.08348002841010332,0.18576255606638092,0.2887009896325857,0.028865462617705263,0.24928082229517773,0.28851670122095163,0.5146326550296395,0.3968362275899266,136.17273997341377,116.82726002658623,0.37704159613614635,0.41663085904370684,CUBA-P4,synthetic,True
H-0527,CUBA Hitter 27,2023,CUBA,CUBA-T7,batter,28.9,480.0,117.17150789517727,0.09133844250606572,0.12675855991862112,0.1153224682279044,0.3226129077656194,0.005,0.2530019996384258,0.318365242180649,0.44758375900446634,0.36477878499756017,236.49290140866572,243.50709859133428,0.3915850564370857,0.33797251355803465,CUBA-P4,synthetic,True
H-0528,CUBA Hitter 28,2023,CUBA,CUBA-T3,batter,30.1,406.0,101.97949188940652,0.06858728078246916,0.15930016153309098,0.08072342058592033,0.25784275099873394,0.005,0.19983362595402462,0.25,0.40650769568579376,0.30715394071954144,210.5183428652175,195.4816571347825,0.3025609831349933,0.3117468983040896,CUBA-P4,synthetic,True
H-0529,CUBA Hitter 29,2023,CUBA,CUBA-T2,batter,25.7,340.0,87.7291810833962,0.0692208806459082,0.15510248724650688,0.0948045167832741,0.28936357338206975,0.03153767779434327,0.22918321372477138,0.27122818649596614,0.4237408741214811,0.3502582613815698,164.11459945642326,175.88540054357674,0.36760919795395874,0.33290732480918084,CUBA-P5,synthetic,True
H-0531,CUBA Hitter 31,2023,CUBA,CUBA-T4,batter,29.5,403.0,101.81924679626913,0.06776467829200628,0.1142599901805037,0.1574860307977652,0.25971507400619104,0.030204081124666902,0.21697113593160075,0.25896114967861694,0.4834575381983843,0.37213654065754237,208.7750844624827,194.2249155375173,0.35544530736898716,0.3888277739460976,CUBA-P3,synthetic,True
H-0532,CUBA Hitter 32,2023,CUBA,CUBA-T4,batter,28.3,310.0,85.37203002170601,0.10348614316133142,0.11501804033649446,0.11020992510536258,0.26947005076422326,0.02478746803317533,0.21430783754984528,0.2930168887717135,0.4371569301817849,0.36967899801821735,141.82898715455687,168.17101284544313,0.36742557031455264,0.37193242572188207,CUBA-P1,synthetic,True
H-0533,CUBA Hitter 33,2023,CUBA,CUBA-T5,batter,28.1,533.0,128.48935922212485,0.07796392113034015,0.10777741480505909,0.16752723997174362,0.3250106783517121,0.026979381469638852,0.2686896679818406,0.31614240581559544,0.5000283078069149,0.4047499075214713,246.16233602263037,286.83766397736963,0.4049284708089096,0.40457134423403296,CUBA-P3,synthetic,True
H-0535,CUBA Hitter 35,2023,CUBA,CUBA-T5,batter,32.3,540.0,146.64111142741865,0.02,0.19621997683611098,0.04188943666615012,0.26328897583721395,0.005,0.20711063958048814,0.25,0.3682183342498715,0.25369033170940747,276.5132603908305,263.4867396091695,0.2782871854593999,0.22909347795941506,CUBA-P3,synthetic,True
H-0536,CUBA Hitter 36,2023,CUBA,CUBA-T3,batter,25.0,473.0,134.78697097019028,0.08457387839806005,0.11308787017010184,0.08755499120983357,0.3064044834101664,0.02790663384717496,0.2500260325272648,0.30582991210322974,0.4181954395508502,0.3597144997000662,216.86700580254785,256.13299419745215,0.35316881557758156,0.3662601838225508,CUBA-P1,synthetic,True
H-0537,CUBA Hitter 37,2023,CUBA,CUBA-T1,batter,29.9,364.0,95.90627795412895,0.02,0.17213837049427974,0.14831216225850197,0.29631224800624295,0.011873406252026337,0.2411603064546305,0.25,0.47794338705912626,0.32996704167118485,175.62856743122546,188.37143256877454,0.34320911252897746,0.31672497081339224,CUBA-P2,synthetic,True
H-0538,CUBA Hitter 38,2023,CUBA,CUBA-T5,batter,31.3,476.0,134.65983583979371,0.051280870332250914,0.17814522498864935,0.11252875180190287,0.31368253540433516,0.005,0.2424655761361585,0.26882488885479355,0.44389700534233634,0.3320763101151395,219.54996567911846,256.4500343208815,0.33871816465091364,0.32543445557936534,CUBA-P2,synthetic,True
H-0501,CUBA Hitter 1,2024,CUBA,CUBA-T4,batter,32.4,539.0,129.14005716523923,0.02,0.19785289421898644,0.07524073182398361,0.28166647902302966,0.005,0.2210546213633912,0.25,0.40340737972628654,0.27846567016125134,287.9218494755484,251.0781505244516,0.2879128090158795,0.2690185313066232,CUBA-P5,synthetic,True
H-0502,CUBA Hitter 2,2024,CUBA,CUBA-T3,batter,30.7,187.0,47.37409282541175,0.02,0.10715789442366486,0.06734910100457783,0.3068560939490426,0.016693891691835362,0.27034100290518737,0.26105322723627084,0.39803471039948213,0.29346614095733453,92.82262117541717,94.17737882458283,0.28627591932868074,0.3006563625859883,CUBA-P5,synthetic,True
H-0503,CUBA Hitter 3,2024,CUBA,CUBA-T6,batter,29.3,484.0,136.4009025471524,0.09274253465083865,0.13537040063303202,0.11454207240807257,0.27623194932215356,0.021753319228555217,0.21648286642737496,0.28464041633962117,0.44216526734028794,0.3641770836484804,244.63582601061103,239.36417398938897,0.3909402050154008,0.33741396228156,CUBA-P4,synthetic,True
H-0504,CUBA Hitter 4,2024,CUBA,CUBA-T1,batter,26.1,480.0,135.937674457811,0.04080805085582084,0.15912841973590447,0.13823180058467902,0.30146211823893004,0.014114794082514016,0.2433060654135101,0.2578780125268405,0.468378012408572,0.3428081819785362,232.21112208694154,247.78887791305846,0.3479088068717508,0.3377075570853216,CUBA-P1,synthetic,True
H-0505,CUBA Hitter 5,2024,CUBA,CUBA-T7,batter,32.3,315.0,87.47277362069678,0.02,0.12894794298459417,0.055457339899676966,0.27636032514702064,0.005,0.2359470231938183,0.25,0.383093372414379,0.2657276507462796,170.78744700659544,144.21255299340456,0.27240609620372586,0.2590492052888333,CUBA-P5,synthetic,True
H-0507,CUBA Hitter 7,2024,CUBA,CUBA-T6,batter,25.0,349.0,90.7686056816357,0.0714065953915784,0.17830018212212032,0.20118811531276232,0.26938047699905615,0.03791706816051433,0.20780190638659596,0.2533095069378453,0.5281261630126679,0.40904660849025665,167.4304198422013,181.5695801577987,0.4064482449951328,0.41164497198538047,CUBA-P5,synthetic,True
H-0508,CUBA Hitter 8,2024,CUBA,CUBA-T1,batter,30.5,545.0,149.56043023290695,0.04987101052438096,0.13661605217041714,0.09709192231377428,0.31840589245390083,0.008209168976375143,0.2602586881719134,0.28299559206729236,0.42893251155916434,0.3271405790772454,279.3296024122992,265.6703975877008,0.34556319723071405,0.3087179609237768,CUBA-P2,synthetic,True
H-0509,CUBA Hitter 9,2024,CUBA,CUBA-T6,batter,28.8,629.0,174.13709765521597,0.07520784636911881,0.11264206052427797,0.08993274998474331,0.32245319746610196,0.01513164410534735,0.2641501409604187,0.31090020127927376,0.4221780697313535,0.3485856037579403,299.51665008022053,329.48334991977947,0.3135255887788722,0.38364561873700836,CUBA-P2,synthetic,True
H-0511,CUBA Hitter 11,2024,CUBA,CUBA-T4,batter,29.4,633.0,180.51116884026342,0.06822057259937064,0.1373935149111372,0.15318238267242382,0.28618971661349685,0.006120791903495829,0.22826319796264624,0.2728311438587804,0.4818013543337735,0.3576798248172627,296.12210552681324,336.87789447318676,0.3669870761894878,0.3483725734450376,CUBA-P3,synthetic,True
H-0513,CUBA Hitter 13,2024,CUBA,CUBA-T2,batter,28.8,269.0,64.28923735638037,0.0784730557350985,0.1313099788278804,0.07928000184590417,0.3387776100741215,0.02427287553606544,0.2713487463211885,0.3194100892267993,0.4131577628533163,0.3589528915382177,127.18358339625657,141.81641660374345,0.3534826529731685,0.3644231301032669,CUBA-P5,synthetic,True
H-0514,CUBA Hitter 14,2024,CUBA,CUBA-T1,batter,25.2,566.0,145.05956490907482,0.0689206546787117,0.09176603190787241,0.03383238904410531,0.29393122343190226,0.02809789626623864,0.25091507349422476,0.29095100482757175,0.36322551138729553,0.31501630709013667,308.790070046035,257.209929953965,0.32201097640664883,0.3080216377736245,CUBA-P3,synthetic,True
H-0515,CUBA Hitter 15,2024,CUBA,CUBA-T3,batter,26.7,381.0,104.85514424414626,0.07569974432035709,0.10282292940418455,0.15584321743793617,0.2957862517966109,0.02109558380625974,0.24614603684585834,0.29438327366778455,0.48542184261759724,0.38121480416956244,188.0440303439873,192.9559696560127,0.3569163744085747,0.40551323393055017,CUBA-P1,synthetic,True
H-0516,CUBA Hitter 16,2024,CUBA,CUBA-T6,batter,29.7,399.0,106.94499727194815,0.023622089899896254,0.14431176040892096,0.09052780482477282,0.29390755272814145,0.020074978606725427,0.24756177255467174,0.25,0.41991856009758693,0.3072608797844548,202.4530323082644,196.5469676917356,0.28293556476982845,0.3315861947990812,CUBA-P5,synthetic,True
H-0517,CUBA Hitter 17,2024,CUBA,CUBA-T3,batter,29.2,628.0,170.0987735068629,0.06028290260117354,0.18241219085201693,0.07463424492402236,0.2910835298902268,0.022280132383833716,0.22378100525840872,0.25867798946192383,0.40374259791304506,0.32517822113606354,333.7551802297708,294.2448197702292,0.29608360374500053,0.35427283852712654,CUBA-P3,synthetic,True
H-0518,CUBA Hitter 18,2024,CUBA,CUBA-T1,batter,25.7,241.0,58.05250005065445,0.09648131247618645,0.13291179678953866,0.13713509695263051,0.31079252764693005,0.030013220076442304,0.2440008464049133,0.3120302895302887,0.46821434971732356,0.39875050480250085,110.0067822611474,130.9932177388526,0.39305623949498686,0.40444477011001484,CUBA-P5,synthetic,True
H-0519,CUBA Hitter 19,2024,CUBA,CUBA-T5,batter,28.4,230.0,57.107494380568625,0.06526689603561076,0.12223716670324443,0.1310846614080706,0.2889520125759394,0.01976074828466031,0.23773644852408102,0.27656199868885456,0.4599798626656645,0.35670126885713943,125.86717834646295,104.13282165353705,0.3627277922647418,0.3506747454495371,CUBA-P3,synthetic,True
H-0520,CUBA Hitter 20,2024,CUBA,CUBA-T3,batter,32.6,623.0,168.570973257621,0.02,0.12917287413295125,0.07588868978064267,0.3683303042146187,0.005,0.3141354141046597,0.3020468726941938,0.4127217202021045,0.30915438585447,291.68803904128396,331.31196095871604,0.2960086390758823,0.32230013263305773,CUBA-P5,synthetic,True
H-0521,CUBA Hitter 21,2024,CUBA,CUBA-T1,batter,27.5,510.0,131.29829398582535,0.08157311005279619,0.07784836538472992,0.06914965153173788,0.3136449414643969,0.014849828699493639,0.26587067643755025,0.31885199197215974,0.40051414567817756,0.3382740607214964,262.28980639111313,247.71019360888687,0.36564882243499774,0.31089929900799507,CUBA-P3,synthetic,True
H-0522,CUBA Hitter 22,2024,CUBA,CUBA-T4,batter,25.5,329.0,88.34078365030281,0.06998533061133996,0.1467302069261276,0.07490429396155182,0.2679787793962378,0.04412923332038718,0.2165229991688058,0.2588985833650129,0.4017021719011756,0.34369597588382317,154.52582263629236,174.47417736370764,0.35703938469142515,0.3303525670762212,CUBA-P5,synthetic,True
H-0523,CUBA Hitter 23,2024,CUBA,CUBA-T1,batter,25.4,632.0,175.1109088580189,0.08137693144558807,0.11509658655704728,0.14366321773129734,0.29171181706654803,0.010336669507818674,0.23594867055071495,0.292335284557676,0.47283439943795214,0.3673807602944538,310.9658044445417,321.0341955554583,0.3891043980733373,0.34565712251557035,CUBA-P5,synthetic,True
H-0524,CUBA Hitter 24,2024,CUBA,CUBA-T5,batter,28.4,500.0,128.4680439733052,0.02592685819763803,0.18366417783152444,0.12552193623532742,0.2864780441348588,0.02521543501239273,0.23021712931688448,0.25,0.45416974064881327,0.33014707262613074,235.7224528712884,264.2775471287116,0.3430571890559494,0.3172369561963121,CUBA-P1,synthetic,True
H-0525,CUBA Hitter 25,2024,CUBA,CUBA-T5,batter,31.7,458.0,128.83285508569654,0.02,0.1187848657205911,0.05557620299537294,0.33339904152478866,0.005543354542314832,0.2879598034967443,0.27841547028385744,0.38891610714785185,0.2862455952692145,245.3281655578413,212.6718344421587,0.28344165539241234,0.28904953514601667,CUBA-P3,synthetic,True
H-0526,CUBA Hitter 26,2024,CUBA,CUBA-T3,batter,26.8,200.0,55.79661670531737,0.08548257545061728,0.09127638863381202,0.15655498474138074,0.3039659492713325,0.023363629664642394,0.25374178741088793,0.3106960941156897,0.486951579668514,0.39335839336633605,100.9224745292998,99.0775254707002,0.35714514543429865,0.42957164129837344,CUBA-P2,synthetic,True
H-0527,CUBA Hitter 27,2024,CUBA,CUBA-T7,batter,29.1,297.0,80.1756000021662,0.08675450208759232,0.11103061515482486,0.11549359936459387,0.2958548078985674,0.005,0.23808913003161644,0.30035971911604714,0.4450790801544506,0.3522988138763398,134.4421473542971,162.5578526457029,0.3574400117902851,0.34715761596239453,CUBA-P3,synthetic,True
H-0528,CUBA Hitter 28,2024,CUBA,CUBA-T3,batter,30.3,396.0,95.4477775688069,0.08279243539326288,0.1010858795742604,0.10568521285690968,0.2686879841788289,0.006723812774410275,0.22029066231216682,0.2801463167496676,0.43255401127479254,0.3361737978061437,216.79175334141328,179.20824665858672,0.3217751169086019,0.3505724787036855,CUBA-P4,synthetic,True
H-0529,CUBA Hitter 29,2024,CUBA,CUBA-T2,batter,25.8,214.0,51.522972107894056,0.06747533675359096,0.1703510251830627,0.11130554026045525,0.3082316637004161,0.026678805770302703,0.23892786935440943,0.2789087803935686,0.44212870663049686,0.36034279035918215,105.89593256736953,108.10406743263047,0.3360857900564874,0.3845997906618769,CUBA-P2,synthetic,True
H-0530,CUBA Hitter 30,2024,CUBA,CUBA-T1,batter,28.7,252.0,60.51432800890864,0.04926696705057034,0.1687173267351475,0.055025282824881554,0.26571284534008893,0.02007493628572953,0.21080285884169542,0.25,0.38159656735889047,0.2958177210152718,118.66886889859876,133.33113110140124,0.330694168880581,0.2609412731499626,CUBA-P5,synthetic,True
H-0531,CUBA Hitter 31,2024,CUBA,CUBA-T5,batter,29.7,214.0,60.85864991900325,0.06486674413943835,0.13744690616782085,0.17145842301181985,0.30888635246213403,0.02531356197764516,0.2501914612620718,0.2866217284083209,0.5023470582580333,0.39060128269573535,113.66602937427369,100.33397062572631,0.3591142084386071,0.4220883569528636,CUBA-P5,synthetic,True
H-0532,CUBA Hitter 32,2024,CUBA,CUBA-T1,batter,28.4,213.0,52.857192404260594,0.09007271976256263,0.1110636785788211,0.08121127972993343,0.2966129769055879,0.027414187919644086,0.24106543921742857,0.3033306996890964,0.4108725774204922,0.3562044187298927,114.14451557564357,98.85548442435643,0.34891851457540324,0.3634903228843822,CUBA-P2,synthetic,True
H-0533,CUBA Hitter 33,2024,CUBA,CUBA-T6,batter,28.3,476.0,127.3818243175127,0.05888189470032836,0.10697353354922173,0.1740388967842076,0.3298676519991258,0.02578832019137652,0.2790255593398438,0.3065234748803519,0.5070256619841201,0.39560188589347695,252.03288589107598,223.96711410892402,0.3982036063020742,0.3930001654848797,CUBA-P1,synthetic,True
H-0534,CUBA Hitter 34,2024,CUBA,CUBA-T6,batter,31.8,293.0,75.86120473730487,0.02,0.2038241539337072,0.1321197395610073,0.35616396141750356,0.005,0.2771958640915532,0.2688012776823979,0.4677361357027576,0.33582324325468027,134.00493373205757,158.99506626794243,0.3321436712320541,0.3395028152773064,CUBA-P3,synthetic,True
H-0535,CUBA Hitter 35,2024,CUBA,CUBA-T2,batter,32.5,189.0,53.6456119408642,0.02,0.197432751958047,0.07528096181600763,0.2555876269741916,0.005,0.20076450587476632,0.25,0.40083972451342675,0.26936019843977127,93.24543701050314,95.75456298949686,0.2678188979631758,0.2709014989163667,CUBA-P5,synthetic,True
H-0536,CUBA Hitter 36,2024,CUBA,CUBA-T3,batter,25.1,565.0,140.6660905513835,0.07620082458800409,0.118417086389127,0.1423586814634768,0.3240671154440281,0.03015434105144594,0.26552100157764347,0.31109888996593804,0.4747653930078796,0.39220024936822623,266.64640803900323,298.35359196099677,0.386386664385558,0.39801383435089444,CUBA-P5,synthetic,True
H-0538,CUBA Hitter 38,2024,CUBA,CUBA-T1,batter,31.4,312.0,83.38502862644737,0.031109918866365056,0.1913578288991414,0.07778995652771589,0.30180744350844857,0.005,0.2354150212922587,0.25,0.4079707008785607,0.29469402452465626,159.205775693654,152.794224306346,0.3220030978375255,0.267384951211787,CUBA-P1,synthetic,True
H-0539,CUBA Hitter 39,2024,CUBA,CUBA-T2,batter,26.0,390.0,102.77620599932803,0.04924924539504596,0.15707316089431314,0.14483487648820648,0.2477066305861378,0.006612264236836848,0.19759104214530201,0.25,0.46960553954682027,0.32678201236334714,183.17312551559309,206.82687448440691,0.3347487679361337,0.3188152567905606,CUBA-P3,synthetic,True
H-0540,CUBA Hitter 40,2024,CUBA,CUBA-T1,batter,31.2,454.0,112.90608413180153,0.02,0.16337063453781175,0.12070188862331169,0.2871833532957615,0.005,0.23527235957322112,0.25,0.44942022395288783,0.30540021239633797,243.24982976358748,210.75017023641252,0.29067292489215163,0.3201274999005243,CUBA-P2,synthetic,True
H-0501,CUBA Hitter 1,2025,CUBA,CUBA-T2,batter,32.5,358.0,100.70069085736515,0.02,0.20725334649956512,0.06573484818567363,0.2969680662776763,0.005,0.23023107941256968,0.25,0.3954316548134412,0.2785929896993072,170.63461284212445,187.36538715787555,0.25358757871964477,0.3035984006789696,CUBA-P5,synthetic,True
H-0502,CUBA Hitter 2,2025,CUBA,CUBA-T6,batter,30.9,483.0,134.4006472664473,0.02,0.12976553954276415,0.0466691367234348,0.3110062222808294,0.019750060717514797,0.2673907167074114,0.2579853868398057,0.37776975895151776,0.2862952576419428,231.16704193717536,251.83295806282464,0.2920876949161565,0.2805028203677291,CUBA-P3,synthetic,True
H-0504,CUBA Hitter 4,2025,CUBA,CUBA-T6,batter,26.3,347.0,86.2028581983274,0.04818790840423521,0.08996119793690395,0.15838369900082902,0.2861290792070079,0.03245568813952962,0.2514689558372762,0.2701284507589473,0.4869966069215298,0.37019786738145005,166.31174279185615,180.68825720814385,0.35508809460486473,0.38530764015803537,CUBA-P2,synthetic,True
H-0505,CUBA Hitter 5,2025,CUBA,CUBA-T5,batter,32.5,236.0,62.091444763532316,0.02,0.1854156863910626,0.047428157832780496,0.28988035761774295,0.005,0.2310843849864076,0.25,0.37641619359455475,0.2660436119742393,106.95961110845779,129.0403888915422,0.2719103177081987,0.26017690624027995,CUBA-P5,synthetic,True
H-0506,CUBA Hitter 6,2025,CUBA,CUBA-T7,batter,27.9,581.0,139.85820394375816,0.06368801758254568,0.1608257637199532,0.1517026410048559,0.2691707046853205,0.008605825205149907,0.2100290457413334,0.2515523723470505,0.47861971147338794,0.3499730541849498,319.30748778174313,261.69251221825687,0.354736801741877,0.34520930662802257,CUBA-P3,synthetic,True
H-0507,CUBA Hitter 7,2025,CUBA,CUBA-T4,batter,25.2,294.0,79.45024540499914,0.07828465812289861,0.15159767560734144,0.2084557692925609,0.28050173101395776,0.036127917887434524,0.22143852615621226,0.272702062748686,0.5365059423939567,0.42014066575051384,152.34418873635667,141.65581126364333,0.4202898431608318,0.4199914883401959,CUBA-P3,synthetic,True
H-0508,CUBA Hitter 8,2025,CUBA,CUBA-T1,batter,30.6,565.0,139.50707229149634,0.03532158503117972,0.14158794987554382,0.11969322400221308,0.33134141431932174,0.005,0.2734739588167545,0.2807731479662588,0.45282736543414526,0.3310258777348056,284.4104035787635,280.5895964212365,0.34852779553255225,0.3135239599370589,CUBA-P3,synthetic,True
H-0509,CUBA Hitter 9,2025,CUBA,CUBA-T3,batter,28.9,432.0,115.06910489645473,0.08316257292261972,0.1304314318316463,0.10608015913367755,0.30132254357942,0.018507014662362403,0.2397379069729042,0.2964282422188146,0.43621241349161954,0.3586770920182796,226.58711711670662,205.41288288329338,0.37691699426450803,0.3404371897720511,CUBA-P1,synthetic,True
H-0510,CUBA Hitter 10,2025,CUBA,CUBA-T3,batter,26.1,205.0,48.98374734831332,0.06298215958376395,0.2283550010504045,0.10904972923620489,0.2828855444681144,0.01836875076809748,0.20322578577353778,0.25,0.4373382836830163,0.33960667904367525,100.91631885047573,104.08368114952427,0.33734008165444906,0.34187327643290144,CUBA-P5,synthetic,True
H-0512,CUBA Hitter 12,2025,CUBA,CUBA-T5,batter,31.5,491.0,124.0684724086026,0.02,0.09309230788829684,0.026457775116803486,0.3197435516959679,0.006363086991477307,0.28453747855099154,0.27522471395204295,0.35843213028640025,0.2661887977001603,239.1520894581322,251.8479105418678,0.2586817526390704,0.2736958427612502,CUBA-P2,synthetic,True
H-0513,CUBA Hitter 13,2025,CUBA,CUBA-T6,batter,29.0,566.0,140.75322179127832,0.06696398090072858,0.17251219977821686,0.07694385190788772,0.30784881312193735,0.033714129189125974,0.23918347450731828,0.27767770051678303,0.40772873322008146,0.34728370604273967,260.935385849989,305.064614150011,0.3538840407560914,0.3406833713293879,CUBA-P4,synthetic,True
H-0514,CUBA Hitter 14,2025,CUBA,CUBA-T3,batter,25.4,479.0,135.51957060832848,0.061617289964134465,0.09011235114491564,0.07564866733876427,0.2732814555802419,0.019566530254579013,0.23475153794147982,0.27025219252709815,0.40297681289678844,0.31799725669342027,229.541651256617,249.458348743383,0.3335060117441585,0.30248850164268204,CUBA-P4,synthetic,True
H-0515,CUBA Hitter 15,2025,CUBA,CUBA-T4,batter,26.9,343.0,93.11131623289764,0.055009858917782886,0.09845678991587742,0.12659710031268867,0.30209281113777137,0.022262541496392566,0.2590710210001766,0.28516833471592884,0.4568063814264658,0.3539040776594001,181.00334820316712,161.99665179683288,0.34807166572376885,0.3597364895950313,CUBA-P4,synthetic,True
H-0516,CUBA Hitter 16,2025,CUBA,CUBA-T7,batter,29.8,607.0,157.67666500349944,0.038924370905029766,0.14250644887834737,0.06775286677902126,0.29750803236679124,0.03353862489526381,0.24856169989663437,0.2581021864511401,0.39750367001570036,0.3188237100960969,329.0449429906874,277.9550570093126,0.3345595677748737,0.30308785241732006,CUBA-P5,synthetic,True
H-0517,CUBA Hitter 17,2025,CUBA,CUBA-T5,batter,29.3,426.0,105.6705905889979,0.07222532240332517,0.18211995940025927,0.076144514218865,0.29954844303263944,0.028914148923619702,0.22769683221422077,0.2732490612914352,0.4060993585221289,0.3433018975953849,207.395382924745,218.604617075255,0.3213464965104276,0.3652572986803421,CUBA-P3,synthetic,True
H-0518,CUBA Hitter 18,2025,CUBA,CUBA-T1,batter,25.8,639.0,182.4607135924462,0.08949514486166765,0.17475067841057446,0.12633305580843868,0.3197584621302839,0.029518042573023616,0.23969133044235455,0.30123240651242855,0.45830890202146707,0.3906114821591292,343.84193422256175,295.15806577743825,0.392375846187878,0.3888471181303804,CUBA-P3,synthetic,True
H-0519,CUBA Hitter 19,2025,CUBA,CUBA-T2,batter,28.5,245.0,66.41556926519338,0.06950411973317192,0.14851679042930693,0.12687231177576763,0.3117389232030781,0.005,0.2445233194332719,0.28890010722311665,0.45804620409607544,0.3520412784109699,118.52919275625045,126.47080724374955,0.35509001203544255,0.3489925447864972,CUBA-P2,synthetic,True
H-0521,CUBA Hitter 21,2025,CUBA,CUBA-T1,batter,27.6,375.0,99.27201167743972,0.073238675856527,0.059695319387502874,0.07838859979928152,0.32911475488452835,0.012239327055651285,0.2872001146823161,0.33006646991809857,0.4113000752877344,0.3405863615488448,206.1009101232152,168.8990898767848,0.33001788245529473,0.3511548406423949,CUBA-P1,synthetic,True
H-0522,CUBA Hitter 22,2025,CUBA,CUBA-T5,batter,25.6,521.0,128.4707897202647,0.05043860999306293,0.15541751226899342,0.0840180970909454,0.2871458918962282,0.03495478108995986,0.23327836923048503,0.2556702468533549,0.4127326862805682,0.3334773455398078,236.8298280352982,284.1701719647018,0.34151582568805516,0.3254388653915604,CUBA-P3,synthetic,True
H-0523,CUBA Hitter 23,2025,CUBA,CUBA-T2,batter,25.6,238.0,62.38982348373656,0.07227172924042478,0.13836005870719134,0.15308349442969493,0.3294502285512548,0.02608531121115383,0.2639703345534262,0.3063235133250026,0.4860285172848204,0.39357049248760717,125.60558530838931,112.39441469161069,0.38951386173788183,0.3976271232373325,CUBA-P5,synthetic,True
H-0524,CUBA Hitter 24,2025,CUBA,CUBA-T1,batter,28.5,633.0,151.1221106042306,0.04177132528461794,0.1504344424481921,0.11175540662753967,0.3086821883718003,0.018283347718729314,0.2520941935281639,0.266187847517937,0.4426236254647197,0.3351991802213658,304.0061460063212,328.9938539936788,0.3242960801766568,0.3461022802660748,CUBA-P2,synthetic,True
H-0525,CUBA Hitter 25,2025,CUBA,CUBA-T6,batter,31.8,504.0,139.76896663779766,0.02,0.1440832964644806,0.02,0.30676827204449314,0.005,0.2571827227167201,0.25078945044504813,0.3506768272044493,0.2568688952155726,259.65260300860336,244.34739699139664,0.2398516327459766,0.2738861576851686,CUBA-P3,synthetic,True
H-0526,CUBA Hitter 26,2025,CUBA,CUBA-T1,batter,27.0,181.0,47.89144375373471,0.08340553351216855,0.0980250020368364,0.1721179947311051,0.28514085862891836,0.02585923406995271,0.23728648505146352,0.2934723734590421,0.5006320805939969,0.39612138174370465,90.45100624006255,90.54899375993745,0.3753555142642293,0.41688724922318,CUBA-P5,synthetic,True
H-0527,CUBA Hitter 27,2025,CUBA,CUBA-T4,batter,29.2,182.0,51.57818640653868,0.09168670670931652,0.11639977510651828,0.1089885604293267,0.2975031894900373,0.014090923209554782,0.23771043594149902,0.30372382442337575,0.4387388793783304,0.3609323501427636,87.96102164554318,94.03897835445682,0.3564908507514947,0.36537384953403246,CUBA-P3,synthetic,True
H-0528,CUBA Hitter 28,2025,CUBA,CUBA-T1,batter,30.4,501.0,128.82985563918015,0.04880132131065805,0.15187705054051337,0.12719233667835772,0.25188067361275895,0.014340983348285798,0.20348481763361706,0.25,0.4523804040396336,0.32518183086848024,256.2976884696616,244.70231153033842,0.3304090297332927,0.31995463200366775,CUBA-P3,synthetic,True
H-0529,CUBA Hitter 29,2025,CUBA,CUBA-T7,batter,26.0,348.0,85.17894695993992,0.07470472863051983,0.1892140217729222,0.09216879448381504,0.2664741540387695,0.029912203707732357,0.20063345884620298,0.25123669409155863,0.41881620988769197,0.34317308425799065,165.49747830755243,182.50252169244757,0.3323667420157821,0.3539794265001992,CUBA-P4,synthetic,True
H-0530,CUBA Hitter 30,2025,CUBA,CUBA-T2,batter,28.9,325.0,79.21152866035051,0.047194595123211516,0.13736923771992568,0.0426308417151839,0.3085848667132963,0.017885773910486298,0.2543141270418746,0.273662729982983,0.3734893283865135,0.3005850793986905,168.0294491236334,156.9705508763666,0.29894221468692295,0.30222794411045806,CUBA-P4,synthetic,True
H-0531,CUBA Hitter 31,2025,CUBA,CUBA-T2,batter,29.8,185.0,52.754659029507046,0.06552033984869905,0.09226813103589745,0.16186638808119921,0.28261696900553074,0.01694954067123816,0.24056570072079433,0.2797412825067968,0.49012808498175225,0.36906127709479897,89.17651098266434,95.82348901733566,0.3653305946130688,0.3727919595765291,CUBA-P5,synthetic,True
H-0532,CUBA Hitter 32,2025,CUBA,CUBA-T4,batter,28.6,227.0,58.476523805977806,0.09539337031183474,0.12454362311006059,0.10224328625221041,0.2869800963179884,0.03143922878536605,0.22857844107968897,0.2968696713975304,0.43094129588400926,0.3717475062751254,108.64012871450633,118.35987128549367,0.3907468314594452,0.3527481810908055,CUBA-P1,synthetic,True
H-0533,CUBA Hitter 33,2025,CUBA,CUBA-T4,batter,28.4,310.0,78.22864581874803,0.07072400396228143,0.12872898585211937,0.14621901850006885,0.30999619637405657,0.01991396037793698,0.2511536222328494,0.2940738793208244,0.4772186381374745,0.3763484960196979,163.31456686354008,146.68543313645992,0.36824428431170786,0.3844527077276879,CUBA-P1,synthetic,True
H-0534,CUBA Hitter 34,2025,CUBA,CUBA-T1,batter,32.0,615.0,156.83112738397318,0.02,0.19055577607349955,0.15086324968081266,0.3287808575981751,0.005,0.2603041489684806,0.2535987340716326,0.48374133544063014,0.33654808748380827,319.888050207876,295.111949792124,0.3464495979952442,0.3266465769723723,CUBA-P5,synthetic,True
H-0536,CUBA Hitter 36,2025,CUBA,CUBA-T2,batter,25.3,297.0,82.13798517454875,0.06213381100538427,0.1273309387706413,0.16857128021066772,0.31635221259816204,0.027105103398752505,0.2604803853069721,0.2929069688228276,0.500206501470484,0.3913257392878702,152.5762433034588,144.4237566965412,0.413867797510839,0.36878368106490134,CUBA-P3,synthetic,True
H-0537,CUBA Hitter 37,2025,CUBA,CUBA-T5,batter,30.2,220.0,62.593112947669766,0.025212908721273013,0.15448116293423608,0.16124739412241682,0.2791790918686092,0.005,0.22976226412965137,0.25,0.4891653033092777,0.32854778502623355,108.57441646218574,111.42558353781426,0.3360371951216841,0.321058374930783,CUBA-P5,synthetic,True
H-0538,CUBA Hitter 38,2025,CUBA,CUBA-T3,batter,31.6,577.0,156.9834285237531,0.03751524339689055,0.19736459717092372,0.04464906008823574,0.29564658368253366,0.005,0.2269551612427612,0.25,0.3742137184564891,0.2787939577152398,284.1658519969242,292.8341480030758,0.29842890771503416,0.2591590077154454,CUBA-P5,synthetic,True
H-0539,CUBA Hitter 39,2025,CUBA,CUBA-T1,batter,26.1,254.0,66.58141983888676,0.06352542612509432,0.14310151071218546,0.1683028348829513,0.24273907489513905,0.018348824570836655,0.19533496708446693,0.25,0.49257674237246524,0.35850697580024093,134.49089736018362,119.50910263981638,0.37413218812518534,0.34288176347529653,CUBA-P5,synthetic,True
H-0540,CUBA Hitter 40,2025,CUBA,CUBA-T1,batter,31.3,243.0,65.60417723883003,0.03887278001730375,0.1487703164185134,0.08168124058876636,0.27023972820955294,0.005,0.22028110882833876,0.25,0.40870521340972166,0.2912195332092777,124.98423397275766,118.01576602724234,0.3009350199263926,0.28150404649216276,CUBA-P4,synthetic,True
