player_id,player_name,season,league,team,role,age,pa,g,bb_pct,k_pct,iso,babip,hr_pct,avg,obp,slg,woba,home_pa,road_pa,home_woba,road_woba,park_id,source,is_synthetic
H-0001,Hitter 1,2015,MLB,MLB-T3,batter,33.3,244.0,58.118020677213295,0.02,0.223318174283982,0.10049906377791908,0.3250414271063298,0.005,0.24670294049615762,0.25,0.43300320648855206,0.30753898456507095,121.29123217834635,122.70876782165365,0.3149107734141648,0.3001671957159771,MLB-P1,synthetic,True
H-0002,Hitter 2,2015,MLB,MLB-T4,batter,32.7,233.0,56.17043667541563,0.02,0.26647729824994354,0.03676709999040452,0.274125877560003,0.008711727303005963,0.19690179587166942,0.25,0.3641796877464048,0.25800651671342895,123.46920354865061,109.53079645134939,0.23837009092760916,0.2776429424992487,MLB-P4,synthetic,True
H-0003,Hitter 3,2015,MLB,MLB-T6,batter,22.3,330.0,80.762770900393,0.03220534500798969,0.30955046864449204,0.11257172598832214,0.29185788223450426,0.015416781219409537,0.1944262714034725,0.25,0.44175751421177256,0.32048355267871503,176.90420094154072,153.09579905845928,0.33670417458777224,0.3042629307696578,MLB-P2,synthetic,True
H-0004,Hitter 4,2015,MLB,MLB-T2,batter,32.3,324.0,80.56300970968215,0.021350462612551996,0.2409372789193694,0.05341245391718499,0.2787465441608733,0.013650638492351985,0.20768233840694267,0.25,0.38128710833327234,0.27416903858266056,172.37139373099183,151.62860626900817,0.27354208016452786,0.27479599700079327,MLB-P1,synthetic,True
H-0005,Hitter 5,2015,MLB,MLB-T3,batter,29.7,646.0,174.3676238922828,0.05760747888089858,0.21005601568907842,0.1954269494805114,0.3186737516830909,0.020351505297070194,0.23642914747443025,0.26764625839278133,0.5272943246488204,0.39766222528735523,321.9801930224922,324.0198069775078,0.3949437597691547,0.4003806908055558,MLB-P3,synthetic,True
H-0006,Hitter 6,2015,MLB,MLB-T1,batter,23.8,557.0,155.10924147290802,0.11338079178404802,0.19390546076517418,0.09660790368854653,0.29579152630621597,0.03196000279617496,0.2096928570711904,0.2977897627706358,0.42618705631916814,0.38479193800126726,275.064218434387,281.935781565613,0.3914888533199451,0.37809502268258943,MLB-P3,synthetic,True
H-0007,Hitter 7,2015,MLB,MLB-T2,batter,31.5,298.0,75.81699682129923,0.02,0.20954375345771525,0.05563751287826234,0.2924807690766137,0.007838635295535919,0.22651943082289894,0.25,0.3848855897859237,0.27402367302584146,153.65021863082313,144.34978136917687,0.2541698485048206,0.2938774975468623,MLB-P1,synthetic,True
H-0008,Hitter 8,2015,MLB,MLB-T2,batter,25.0,598.0,156.72335239407946,0.04197149011220469,0.27270323135666413,0.12688208077125007,0.3128727899443564,0.020123998422330192,0.21743823167677767,0.25,0.4581693597656857,0.34678226256335276,306.2843207902976,291.7156792097024,0.3417582820042486,0.3518062431224569,MLB-P5,synthetic,True
H-0009,Hitter 9,2015,MLB,MLB-T1,batter,29.5,275.0,72.54064042843697,0.09113020734197384,0.23845704851314972,0.18786104036921067,0.2976935206093347,0.024556542132965917,0.20326101138579827,0.27074998440124187,0.5176303924301441,0.41340833747538397,150.2914082190785,124.7085917809215,0.4019953662996613,0.4248213086511066,MLB-P3,synthetic,True
H-0011,Hitter 11,2015,MLB,MLB-T5,batter,28.2,456.0,128.9496638363612,0.04204381664559435,0.28445146103602237,0.07153265596214808,0.2884546752041477,0.03858460113076115,0.20006327609442312,0.25,0.40037812348256285,0.32445890977023417,242.40200100289323,213.59799899710677,0.31206376211780057,0.3368540574226678,MLB-P4,synthetic,True
H-0012,Hitter 12,2015,MLB,MLB-T3,batter,26.5,608.0,170.8798596889173,0.10018213747138324,0.28083643808720055,0.1801958601648513,0.2992014320475159,0.037896999219689975,0.19088467848663648,0.2668622532146979,0.5101160033696028,0.42806301983498807,285.95149417017774,322.04850582982226,0.4389486395847689,0.41717740008520726,MLB-P3,synthetic,True
H-0013,Hitter 13,2015,MLB,MLB-T3,batter,29.5,254.0,66.95015236592657,0.03401263578567865,0.16353268672498006,0.062423555602460795,0.31752364510204434,0.029302248926561636,0.2591936715645853,0.2633311365887196,0.39417592011266517,0.3156471004509495,131.55805116571693,122.44194883428307,0.2955839450515561,0.3357102558503429,MLB-P2,synthetic,True
H-0015,Hitter 15,2015,MLB,MLB-T6,batter,27.6,614.0,157.4334325554754,0.07806433275086984,0.23187283299366881,0.08378571784068982,0.31522241602054807,0.021087033195647805,0.2206863287993407,0.273835279188864,0.4153079594427446,0.3500333532212631,330.2285244768829,283.7714755231171,0.3702432018454665,0.3298235045970597,MLB-P2,synthetic,True
H-0017,Hitter 17,2015,MLB,MLB-T3,batter,29.9,310.0,78.86846822483515,0.02,0.15210000380060185,0.03732082621640086,0.2960102028486341,0.03571991200266966,0.2504248326137677,0.25,0.36692184650126425,0.2902779462184451,150.2884034548032,159.7115965451968,0.26943509593517323,0.311120796501717,MLB-P2,synthetic,True
H-0019,Hitter 19,2015,MLB,MLB-T1,batter,28.5,458.0,117.38055238363539,0.06917455219914657,0.21822395480232026,0.19948149152240358,0.26649367973510807,0.03201453491747894,0.19470597429153277,0.25,0.5261308594959144,0.40022287620974345,207.23482668240115,250.76517331759885,0.3724319582843893,0.4280137941350976,MLB-P5,synthetic,True
H-0021,Hitter 21,2015,MLB,MLB-T7,batter,27.5,501.0,124.37771581685614,0.1217039314651995,0.21329889609332978,0.10058844447315515,0.2912305135325933,0.0463739813120009,0.20062356522465216,0.2960046526902663,0.42971149582641444,0.40418365940308343,263.444451057587,237.555548942413,0.43451529366588554,0.3738520251402813,MLB-P5,synthetic,True
H-0022,Hitter 22,2015,MLB,MLB-T4,batter,32.7,446.0,109.47985742250438,0.02,0.29665483110730206,0.16616078774957604,0.2604889792342418,0.005,0.17875388550950944,0.25,0.4922096856730002,0.32105957599425144,238.6562496287665,207.3437503712335,0.3171057237418778,0.3250134282466251,MLB-P4,synthetic,True
H-0023,Hitter 23,2015,MLB,MLB-T6,batter,27.3,555.0,153.43767320465005,0.059354355976894965,0.17630833591718933,0.19460916230805614,0.2847332794870064,0.010574969049503362,0.2192185137286933,0.255223397511036,0.5230824902567568,0.3777572084182626,281.5806853248189,273.4193146751811,0.3991036356609369,0.35641078117558833,MLB-P5,synthetic,True
H-0024,Hitter 24,2015,MLB,MLB-T6,batter,28.4,192.0,47.977047409488534,0.10116263242685543,0.2687420126329073,0.275930664336887,0.3836329573415083,0.04321720327661378,0.24820792491436264,0.31871544240743893,0.6142939600710379,0.5,96.2065245455715,95.7934754544285,0.5,0.4712684796264071,MLB-P2,synthetic,True
H-0025,Hitter 25,2015,MLB,MLB-T4,batter,21.8,297.0,79.3975160733532,0.02,0.26735783306755223,0.04981917206871948,0.28708342971746337,0.005,0.20533775744425217,0.25,0.37852751504046583,0.26637974503890793,155.96397069471334,141.03602930528666,0.24987126504345566,0.28288822503436023,MLB-P2,synthetic,True
H-0026,Hitter 26,2015,MLB,MLB-T2,batter,29.6,327.0,84.74165501071256,0.09637228585740353,0.24663208914422932,0.09787227739592007,0.25369340226074266,0.015395827157277352,0.1689848294498504,0.25,0.42324161762199436,0.34393928790074796,149.06015021143605,177.93984978856395,0.33363522357576025,0.35424335222573566,MLB-P2,synthetic,True
H-0027,Hitter 27,2015,MLB,MLB-T5,batter,24.3,338.0,84.64557342281933,0.06335630337704097,0.3125055860871647,0.12884340965436208,0.3285851007379641,0.006975378616737997,0.2061287907173172,0.25,0.4617019197281585,0.3564959136871795,178.88396839132903,159.11603160867097,0.395893187322733,0.31709864005162597,MLB-P1,synthetic,True
H-0028,Hitter 28,2015,MLB,MLB-T4,batter,25.4,347.0,96.67036966895985,0.03337305880655569,0.16796014876850945,0.28896784787621277,0.2676189918175187,0.037927573336932925,0.2194275377874325,0.25,0.6157297470579647,0.4300949206358772,188.34668042356572,158.65331957643428,0.41169338961760266,0.4484964516541517,MLB-P5,synthetic,True
H-0029,Hitter 29,2015,MLB,MLB-T5,batter,23.5,344.0,85.04636806820514,0.06425666576043235,0.265193326162787,0.11630484200723462,0.2963023573282063,0.01184337709705336,0.2004620546641559,0.25,0.44593507774005525,0.3433121935885019,177.2662982808639,166.7337017191361,0.3391383870616443,0.3474860001153595,MLB-P3,synthetic,True
H-0030,Hitter 30,2015,MLB,MLB-T2,batter,32.2,203.0,48.85705128809896,0.02,0.18817155420527346,0.02,0.3158519104725551,0.02106720950687771,0.25326060879681006,0.25,0.3515851910472555,0.27450865722158424,104.87182093742172,98.12817906257828,0.27520170635880853,0.27381560808435995,MLB-P2,synthetic,True
H-0031,Hitter 31,2015,MLB,MLB-T6,batter,26.0,555.0,139.44438726421876,0.07822617301190742,0.2564962427667025,0.23206921104410203,0.31497020542258336,0.029692749826230155,0.21399652983918577,0.26681452864063354,0.5635662315863603,0.4393594339241026,273.49366641964326,281.50633358035674,0.4283231540703478,0.45039571377785736,MLB-P5,synthetic,True
H-0032,Hitter 32,2015,MLB,MLB-T2,batter,23.0,314.0,79.75507426835006,0.048981542487041604,0.31381837844896476,0.11695400820110843,0.2925550163787676,0.005,0.18716607956711867,0.25,0.44620950983898516,0.3255060399841074,151.59424001999807,162.40575998000193,0.31414186411597367,0.3368702158522411,MLB-P4,synthetic,True
H-0033,Hitter 33,2015,MLB,MLB-T3,batter,25.3,403.0,108.97530101364426,0.11548642652140183,0.1904918846218541,0.15490219867011992,0.3256322329221027,0.024319875932938325,0.22964381362873112,0.31888267553631316,0.4874654219623302,0.4218958776959277,182.95965958098472,220.04034041901528,0.41241864235968595,0.4313731130321694,MLB-P4,synthetic,True
H-0034,Hitter 34,2015,MLB,MLB-T2,batter,24.3,214.0,56.964583561907425,0.07434095161723112,0.20817475542336641,0.11753183175192078,0.3018694015712969,0.014882319870195743,0.21881890213298924,0.26926885035444503,0.44771877190905046,0.35572955202874823,105.37396590055911,108.62603409944089,0.360275276272739,0.3511838277847575,MLB-P5,synthetic,True
H-0035,Hitter 35,2015,MLB,MLB-T1,batter,28.5,363.0,91.36357506006752,0.08954937826116732,0.26237017291709513,0.0740800741156455,0.31003839326780064,0.01535471964929469,0.2032330290083608,0.2703862172160373,0.40508391344242556,0.3457612908745176,180.40974380671452,182.59025619328548,0.352066722762157,0.33945585898687824,MLB-P2,synthetic,True
H-0036,Hitter 36,2015,MLB,MLB-T3,batter,23.0,245.0,68.36098877387325,0.02,0.2337736265296508,0.1622091982005892,0.23855375789794397,0.014879043128874947,0.18024696210323765,0.25,0.4860645739903836,0.32010001309059194,115.24038905246441,129.75961094753558,0.34037523368349354,0.29982479249769034,MLB-P3,synthetic,True
H-0037,Hitter 37,2015,MLB,MLB-T2,batter,33.0,649.0,169.69369768991882,0.02,0.2768250140467858,0.030128802725931617,0.3179156852871159,0.005,0.22430035753607416,0.25,0.36192037125464316,0.26634133134975296,351.40749095972734,297.59250904027266,0.2771743569842498,0.2555083057152561,MLB-P5,synthetic,True
H-0039,Hitter 39,2015,MLB,MLB-T4,batter,31.2,407.0,103.4555518124756,0.02372914954927134,0.27048881542516345,0.2368968368730933,0.3421345291737471,0.005,0.24222240425276084,0.25,0.5711102897904681,0.3911507501755027,204.44293600229628,202.55706399770372,0.40589449327242916,0.3764070070785763,MLB-P4,synthetic,True
H-0040,Hitter 40,2015,MLB,MLB-T4,batter,31.1,326.0,80.1173007055577,0.02,0.22187570421567937,0.13541023335014246,0.3255733225773047,0.005,0.2475750459050806,0.25,0.4679675656078729,0.326926291244635,163.9892475741138,162.0107524258862,0.34415742649197617,0.30969515599729386,MLB-P5,synthetic,True
H-0041,Hitter 41,2015,MLB,MLB-T3,batter,29.4,439.0,113.1036643610658,0.030025443159717058,0.2158100002969905,0.1141595721316799,0.3052437053648235,0.012889134009780416,0.23213735379556058,0.25,0.4446839426681622,0.3222410923707165,210.93560805800783,228.06439194199217,0.31840374535707777,0.32607843938435527,MLB-P2,synthetic,True
H-0042,Hitter 42,2015,MLB,MLB-T1,batter,31.3,490.0,120.09646461124949,0.02,0.16050380699237604,0.2575944512518463,0.26514704958881885,0.005,0.2180369977252407,0.25,0.5841091562107281,0.37297841554460204,247.9428163355753,242.0571836644247,0.3772055437748553,0.36875128731434875,MLB-P1,synthetic,True
H-0043,Hitter 43,2015,MLB,MLB-T2,batter,25.3,212.0,55.088000616380505,0.14699375410315346,0.1451491267056954,0.13589194256931672,0.31297938492915195,0.07126563983539201,0.2322345317574767,0.3463839713071045,0.4671898810622319,0.4713180568623876,102.66498942401003,109.33501057598997,0.46990827537061824,0.47272783835415694,MLB-P4,synthetic,True
H-0045,Hitter 45,2015,MLB,MLB-T1,batter,29.7,223.0,60.16085388384143,0.04945358312564385,0.19745948221939547,0.14746916819053923,0.28748971611810753,0.01600986430566386,0.21890622870206003,0.25,0.47621813980234995,0.3507558292091824,102.38223123300834,120.61776876699166,0.35091086265691773,0.3506007957614471,MLB-P3,synthetic,True
H-0046,Hitter 46,2015,MLB,MLB-T7,batter,22.1,242.0,65.03845279232783,0.023162470011713246,0.256263634296823,0.12764805275211455,0.2742657355616106,0.005,0.1983787295283146,0.25,0.4550746263082756,0.306913165468426,111.46526031898262,130.53473968101738,0.31163881101016855,0.30218751992668347,MLB-P3,synthetic,True
H-0047,Hitter 47,2015,MLB,MLB-T7,batter,26.0,240.0,66.63912669186227,0.07486332892342927,0.30788133096373044,0.215290423134385,0.31567239760370874,0.013167156680954946,0.1968255466492562,0.25022875475583095,0.5468576628947559,0.41314984314446973,111.44021333047924,128.55978666952075,0.3936225018611533,0.4326771844277862,MLB-P3,synthetic,True
H-0048,Hitter 48,2015,MLB,MLB-T5,batter,22.7,634.0,162.27812207660523,0.04030691342622215,0.21014577902187742,0.15498499487366696,0.30741088073234096,0.007123844559807722,0.23148757464905567,0.25,0.48572608294690106,0.34746185493901854,290.83734427555106,343.16265572444894,0.33657398162871144,0.35834972824932565,MLB-P2,synthetic,True
H-0049,Hitter 49,2015,MLB,MLB-T6,batter,29.3,290.0,81.54138489911949,0.08230241861309734,0.2597934647562071,0.06218841634818784,0.2676900371199517,0.04562290723979981,0.1829578134882099,0.25,0.38895742006018297,0.34656745152847435,158.90902875260434,131.09097124739566,0.35138314166594686,0.34175176139100183,MLB-P2,synthetic,True
H-0050,Hitter 50,2015,MLB,MLB-T6,batter,27.1,483.0,131.65483819154048,0.07535292940790721,0.19056827462793058,0.2012952941198532,0.27989093384232766,0.04867356076993429,0.21276303383175105,0.260268729152542,0.5292843875040859,0.4252274938892099,234.5986832818067,248.4013167181933,0.4455164025355581,0.4049385852428617,MLB-P2,synthetic,True
H-0051,Hitter 51,2015,MLB,MLB-T3,batter,26.6,433.0,122.6593356807086,0.05610918251693567,0.22546414323232183,0.1728720851380641,0.2809326935715656,0.01012002235310008,0.2033475440838878,0.25,0.5009653544952206,0.3617905374556282,202.3135009102319,230.6864990897681,0.36663678632469676,0.3569442885865597,MLB-P3,synthetic,True
H-0052,Hitter 52,2015,MLB,MLB-T2,batter,29.8,640.0,157.7315578200478,0.10514170142360049,0.16821588838907262,0.2008257201496346,0.2704604383862209,0.011022761390546738,0.19818143901786658,0.28201692375195664,0.5278717639882566,0.4086349757654888,308.1522226097602,331.8477773902398,0.4199637524051303,0.3973061991258473,MLB-P2,synthetic,True
H-0053,Hitter 53,2015,MLB,MLB-T1,batter,28.0,625.0,174.24935403048275,0.07587194412188056,0.30442475013408865,0.2006741615061301,0.3443293045868144,0.06307822891213279,0.22284374265381202,0.26791575160717346,0.5351070919648115,0.4607668123399925,321.2734381198541,303.7265618801459,0.45620170326622367,0.46533192141376134,MLB-P2,synthetic,True
H-0054,Hitter 54,2015,MLB,MLB-T1,batter,25.0,506.0,137.4305836651096,0.1290630913283529,0.24714373553754682,0.22065194407118313,0.2630355006820586,0.02960167161729145,0.16852000035997186,0.2767348659839932,0.5469554941393889,0.4504066628632805,274.4873011147182,231.5126988852818,0.48616457843300864,0.4146487472935524,MLB-P4,synthetic,True
H-0055,Hitter 55,2015,MLB,MLB-T2,batter,22.7,293.0,71.55486451349668,0.06392330953262944,0.1588919084512409,0.13322156724424156,0.30998232310405205,0.019687847877675975,0.24386672139212753,0.28074549932205795,0.46421979955464676,0.3642310548335001,144.99391577490206,148.00608422509794,0.3838739393812161,0.3445881702857841,MLB-P2,synthetic,True
H-0056,Hitter 56,2015,MLB,MLB-T5,batter,31.2,391.0,105.76369903743358,0.07618941375228497,0.2704424999021688,0.02,0.28265992335291845,0.005,0.1854309732076751,0.25,0.3482659923352919,0.28776356280012094,180.59418551303713,210.40581448696287,0.29105460284642953,0.28447252275381235,MLB-P4,synthetic,True
H-0057,Hitter 57,2015,MLB,MLB-T4,batter,28.6,506.0,127.95723073014184,0.11776210716053405,0.2605571840178152,0.11699711778093531,0.28582206967023516,0.03770376010414127,0.18334563088508427,0.2776831673430508,0.4455793247479588,0.40075299827019767,229.17102367694113,276.8289763230589,0.39691840269448075,0.4045875938459146,MLB-P3,synthetic,True
H-0058,Hitter 58,2015,MLB,MLB-T4,batter,27.8,399.0,101.47724321525097,0.059976430298186334,0.21975339090506182,0.22953909361120586,0.33316845484041613,0.005,0.24072130253734406,0.275950602581796,0.5628559390952474,0.4093389618890393,216.38661905725772,182.61338094274228,0.40476512932495184,0.41391279445312673,MLB-P1,synthetic,True
H-0059,Hitter 59,2015,MLB,MLB-T3,batter,23.0,214.0,54.380179425828665,0.048600194478687665,0.26116732715829827,0.1845011609014705,0.22961946414470397,0.005,0.15924081181698627,0.25,0.5074631073159409,0.3403625870815365,103.21663599514555,110.78336400485445,0.3444624059295896,0.3362627682334834,MLB-P4,synthetic,True
H-0060,Hitter 60,2015,MLB,MLB-T1,batter,29.6,497.0,120.02718644126438,0.021925276646180176,0.31102019770965605,0.14630285799711865,0.33865892424407235,0.019151354737221467,0.2287766712773757,0.25,0.4801687504215259,0.35158110829966605,259.03645103355296,237.96354896644704,0.37742355655020193,0.32573866004913016,MLB-P3,synthetic,True
H-0061,Hitter 61,2015,MLB,MLB-T4,batter,25.3,423.0,113.63058951396667,0.11295312079461975,0.23104628953361137,0.1683896013430976,0.3096892947211251,0.020727238453240353,0.20626544572007835,0.29579384475150283,0.4993585308152101,0.4187272330552476,215.2861177760667,207.7138822239333,0.3955899639382242,0.441864502172271,MLB-P3,synthetic,True
H-0062,Hitter 62,2015,MLB,MLB-T4,batter,30.3,199.0,48.113742541973174,0.054740602345055005,0.25303247625507175,0.18612566368118244,0.25517204679990585,0.013035006539570744,0.17859221136453882,0.25,0.511642868361173,0.36172925893176955,99.08754030769538,99.91245969230462,0.3508606515089509,0.3725978663545882,MLB-P4,synthetic,True
H-0063,Hitter 63,2015,MLB,MLB-T5,batter,33.4,523.0,128.91311586829156,0.02,0.23752113415588644,0.054478710020426646,0.3188421040517747,0.005,0.23748352379971252,0.25,0.3863629204256041,0.2800580269293558,280.11727284910677,242.88272715089323,0.26561856980306653,0.294497484055645,MLB-P2,synthetic,True
H-0064,Hitter 64,2015,MLB,MLB-T5,batter,23.0,226.0,61.49675379836008,0.05696264536213912,0.286849760346346,0.1628070258554355,0.3567031514802614,0.011271866138765518,0.23575496276684935,0.2676204099235702,0.49847734100346164,0.38440849851696735,111.53298316918386,114.46701683081614,0.3900444529811527,0.378772544052782,MLB-P3,synthetic,True
H-0065,Hitter 65,2015,MLB,MLB-T5,batter,25.1,432.0,111.72468715729973,0.12134598114323926,0.211393554054943,0.1575306915248619,0.3364128555271802,0.014026687052161257,0.22657900140219722,0.323373479653175,0.4911719770775799,0.4219525849203998,213.87994908405096,218.12005091594904,0.41252646823994676,0.4313787016008528,MLB-P2,synthetic,True
H-0066,Hitter 66,2015,MLB,MLB-T4,batter,22.9,367.0,91.8697195267868,0.02,0.20438114372353539,0.09168034831230357,0.3098107862314379,0.01238763018890223,0.24215323220727542,0.25,0.4226614269354474,0.3040068339227822,182.01538045130624,184.98461954869376,0.2857698594451491,0.32224380840041533,MLB-P2,synthetic,True
H-0067,Hitter 67,2015,MLB,MLB-T7,batter,33.5,647.0,180.26450365606618,0.02,0.2792108401959559,0.03527910796485717,0.3243939071279697,0.005,0.228081733621761,0.25,0.36771849867765416,0.2714413768754608,349.3034529341986,297.6965470658014,0.28683422189706376,0.2560485318538579,MLB-P4,synthetic,True
H-0068,Hitter 68,2015,MLB,MLB-T4,batter,24.4,625.0,160.80682285903504,0.04436570872995903,0.2480626120374621,0.22887565570577667,0.3066544395457188,0.026997240286120668,0.22102958277640772,0.25,0.5595410996603485,0.4085641768476586,286.2982349504596,338.7017650495404,0.3820949360618946,0.4350334176334226,MLB-P4,synthetic,True
H-0069,Hitter 69,2015,MLB,MLB-T1,batter,22.0,572.0,160.04162562352303,0.02,0.27605401302914045,0.13396299440725615,0.27848461306647676,0.019879709021891505,0.19902008215456263,0.25,0.46181145571390386,0.3230409996169601,269.1288942355261,302.8711057644739,0.33467728412370873,0.31140471511021145,MLB-P4,synthetic,True
H-0070,Hitter 70,2015,MLB,MLB-T5,batter,31.7,538.0,150.3028636294881,0.02,0.30360025524692047,0.02,0.2579464382535201,0.005,0.175224904994647,0.25,0.345794643825352,0.23978125338873205,261.29007262146166,276.70992737853834,0.2566854005369165,0.22287710624054757,MLB-P3,synthetic,True
H-0071,Hitter 71,2015,MLB,MLB-T6,batter,31.6,446.0,123.64951425423936,0.02,0.3002808625044515,0.06711695302249908,0.3102954416340856,0.025493462914654118,0.2147377693935191,0.25,0.39814649718590767,0.30246184535749315,201.32862118759877,244.67137881240123,0.31761280081046706,0.28731088990451925,MLB-P2,synthetic,True
H-0072,Hitter 72,2015,MLB,MLB-T1,batter,30.4,504.0,142.0913504340731,0.05946450133808999,0.2931708996587661,0.14262294550604807,0.27799530339742445,0.005,0.180714318108631,0.25,0.47042247584579056,0.341866127154088,263.7088484772579,240.2911515227421,0.3448909902936052,0.33884126401457076,MLB-P3,synthetic,True
H-0073,Hitter 73,2015,MLB,MLB-T4,batter,22.2,260.0,70.5689552594099,0.02833237844933191,0.24087839283129692,0.1285620147978342,0.36431966454595616,0.005,0.2669908866608393,0.26794917644408733,0.4649939812524298,0.3425536556444258,130.22862160811053,129.77137839188947,0.3724700830646419,0.3126372282242097,MLB-P5,synthetic,True
H-0075,Hitter 75,2015,MLB,MLB-T6,batter,28.4,187.0,48.88099515019796,0.06937286629355215,0.15694969964798608,0.11254065631172504,0.30230175695012573,0.03203075610322754,0.23868866104402217,0.2798685091592364,0.4427708320067376,0.36509166280238403,85.47116838491976,101.52883161508024,0.371931845534021,0.3582514800707471,MLB-P3,synthetic,True
H-0076,Hitter 76,2015,MLB,MLB-T4,batter,29.3,629.0,154.51311198431944,0.06415533146340668,0.29086857941312205,0.13750569747501912,0.24601464464841638,0.034595235620966114,0.16386284871558104,0.25,0.46210716193986073,0.3577777033214604,315.24362826210927,313.75637173789073,0.3653324576343212,0.3502229490085996,MLB-P4,synthetic,True
H-0077,Hitter 77,2015,MLB,MLB-T6,batter,23.0,621.0,177.16820011413068,0.056936383244088236,0.24733849088884358,0.09975910138847408,0.3148684311258659,0.04272493788752538,0.2254706195597381,0.2540920742330366,0.43124594450106063,0.3633793690273484,297.4033137621791,323.5966862378209,0.38144698230144075,0.34531175575325607,MLB-P5,synthetic,True
H-0078,Hitter 78,2015,MLB,MLB-T2,batter,29.2,347.0,97.49816269477316,0.07237629832646217,0.24080894541990971,0.2127336902655123,0.27334454218841353,0.027141059770347847,0.19180822408194698,0.25,0.5400681444843537,0.4077644820338131,190.6514699848797,156.3485300151203,0.4228125700780794,0.39271639398954683,MLB-P1,synthetic,True
H-0080,Hitter 80,2015,MLB,MLB-T5,batter,30.0,320.0,76.2246408043784,0.042704388714806724,0.33437810761316394,0.1609773753472168,0.2453348393317465,0.029494708888560907,0.15724757201359404,0.25,0.48551085928039145,0.35084306030715,159.09714304521685,160.90285695478315,0.35895220285135615,0.3427339177629439,MLB-P2,synthetic,True
H-0083,Hitter 83,2015,MLB,MLB-T4,batter,27.5,344.0,87.44782658515605,0.09411136476445423,0.20667175294644308,0.12601909890414295,0.31526675607540683,0.02631278493740536,0.22438675601305583,0.2925072192096547,0.4575457745116836,0.38921333080245385,163.69549156408888,180.30450843591112,0.3874120521264227,0.391014609478485,MLB-P5,synthetic,True
H-0084,Hitter 84,2015,MLB,MLB-T1,batter,25.6,499.0,140.91424721173817,0.11127864048366358,0.2505948743724339,0.2454992212145658,0.317301016833964,0.053762178984222676,0.2105425094524771,0.29350900482802295,0.5772293228979621,0.49236093698426353,234.60742968900217,264.3925703109978,0.49864290440727177,0.4860789695612553,MLB-P1,synthetic,True
H-0085,Hitter 85,2015,MLB,MLB-T7,batter,31.8,528.0,150.30908368203995,0.02,0.3191870247230872,0.02,0.277194870668169,0.005,0.1839239672177318,0.25,0.3477194870668169,0.24651820473385916,281.96525388914847,246.03474611085153,0.25551197253071484,0.2375244369370035,MLB-P1,synthetic,True
H-0086,Hitter 86,2015,MLB,MLB-T6,batter,33.1,646.0,158.23158759325742,0.02,0.32015089947733005,0.02,0.24670853892656366,0.005,0.16354040750195512,0.25,0.3446708538926564,0.2358479886242973,347.365528668078,298.634471331922,0.23907814552362852,0.23261783172496606,MLB-P3,synthetic,True
H-0088,Hitter 88,2015,MLB,MLB-T6,batter,23.5,265.0,72.20816090498492,0.04725618356701429,0.2408790026742164,0.1319136186264385,0.2967581139100575,0.03492523095587258,0.2164904441333676,0.25,0.46158943001744424,0.3609298664702566,132.13319519384297,132.86680480615703,0.3776934794242539,0.3441662535162593,MLB-P3,synthetic,True
H-0089,Hitter 89,2015,MLB,MLB-T4,batter,23.2,516.0,133.73317294044574,0.07642964380822226,0.31554831568582264,0.09164142217740129,0.2677403766801759,0.030112640572862198,0.16730894624084294,0.25,0.4184154598454189,0.34471404121696386,246.85470012292848,269.1452998770715,0.36208357700544713,0.3273445054284806,MLB-P1,synthetic,True
H-0090,Hitter 90,2015,MLB,MLB-T2,batter,27.2,257.0,70.26554641483075,0.12394224085204834,0.22558460468796535,0.2455274906365025,0.2974836971603675,0.04495326000298221,0.20024814789277084,0.2980968838551395,0.5752758603525393,0.4863769164553228,129.0653328470754,127.93466715292459,0.48070263819485975,0.4920511947157859,MLB-P3,synthetic,True
H-0091,Hitter 91,2015,MLB,MLB-T2,batter,25.1,432.0,109.16322587825279,0.07258189343504039,0.17166393945261305,0.12301253833790202,0.3366930761078456,0.005,0.25520719530637875,0.3015933692107813,0.45668184594868655,0.36080679812812033,227.24477804537727,204.75522195462273,0.3670145089153039,0.35459908734093676,MLB-P1,synthetic,True
H-0092,Hitter 92,2015,MLB,MLB-T6,batter,31.7,348.0,94.27845591958864,0.02,0.31126852817105527,0.02,0.2764145375148002,0.005,0.18559710050718942,0.25,0.34764145375148003,0.2462450881301801,182.58171354911823,165.41828645088177,0.24342221027441388,0.2490679659859463,MLB-P3,synthetic,True
H-0093,Hitter 93,2015,MLB,MLB-T1,batter,25.9,483.0,131.25306693641872,0.08193246652348858,0.21284832277101323,0.14902461606786782,0.2999145484340467,0.05312822254121554,0.21947473450693664,0.27228741753666746,0.47901607091127246,0.4121017576427796,253.21223275798658,229.78776724201342,0.41699624179425304,0.4072072734913062,MLB-P5,synthetic,True
H-0094,Hitter 94,2015,MLB,MLB-T2,batter,31.8,544.0,138.96889659866045,0.036752152425893206,0.2868924050494246,0.1148210933311525,0.32310899921534336,0.005,0.21928653014800073,0.25,0.4471319932526868,0.32646625775562926,278.17951021175645,265.82048978824355,0.3718229795449651,0.2811095359662934,MLB-P2,synthetic,True
H-0095,Hitter 95,2015,MLB,MLB-T6,batter,27.5,556.0,142.66827267001668,0.08312607369472046,0.19107808391267164,0.11761290594564987,0.2898694032221209,0.019678371643267946,0.21333776344193195,0.27247348062061805,0.446599846267862,0.3620401754630952,270.883408873613,285.116591126387,0.38959360301053036,0.33448674791566,MLB-P5,synthetic,True
H-0096,Hitter 96,2015,MLB,MLB-T5,batter,23.7,569.0,148.92789013877328,0.044863424870606884,0.17926817590132094,0.13143215126080174,0.30129355705276994,0.019466634173832178,0.23668414493433929,0.2552511596980449,0.46156150696607867,0.3466647963277842,307.9420971468173,261.0579028531827,0.31608563872919804,0.37724395392637033,MLB-P2,synthetic,True
H-0097,Hitter 97,2015,MLB,MLB-T5,batter,25.2,602.0,167.0234421988483,0.09261298561797117,0.26699170533766403,0.12985410170877945,0.24984946300627153,0.041839279160998076,0.16627831595061957,0.25,0.4548390480094066,0.3813515091695018,302.68438744140866,299.31561255859134,0.36413296604165163,0.39857005229735193,MLB-P4,synthetic,True
H-0099,Hitter 99,2015,MLB,MLB-T7,batter,33.1,454.0,114.6184109800733,0.02,0.33292962894907185,0.03147421714401441,0.3384067461771455,0.005,0.2197229788149828,0.25,0.36531489176172893,0.27425318059120884,211.16937509497458,242.83062490502542,0.2687076694130772,0.27979869176934047,MLB-P5,synthetic,True
H-0100,Hitter 100,2015,MLB,MLB-T5,batter,28.2,232.0,56.863471726971355,0.0779099675034826,0.16582018730559483,0.19374663354452987,0.36097457720261567,0.005,0.27374418761888086,0.32360473636047543,0.5298440912647914,0.41193872772284473,116.84261883156499,115.15738116843501,0.4385113669601459,0.38536608848554355,MLB-P3,synthetic,True
H-0101,Hitter 101,2015,MLB,MLB-T6,batter,30.5,635.0,171.53489485880598,0.05175946006084686,0.3123708504505579,0.03959034779814055,0.3353973366224309,0.045918155867394006,0.22015672367351607,0.25,0.3731300814603837,0.33672172143007556,335.01525602321766,299.98474397678234,0.32634149719159233,0.3471019456685588,MLB-P3,synthetic,True
H-0102,Hitter 102,2015,MLB,MLB-T4,batter,33.4,648.0,160.42020142960828,0.02,0.17396636380885455,0.02,0.2921456730593372,0.005,0.23622923915352712,0.25,0.3492145673059337,0.251750985570768,323.6053513564051,324.3946486435949,0.23432248224677085,0.26917948889476523,MLB-P3,synthetic,True
H-0103,Hitter 103,2015,MLB,MLB-T6,batter,28.2,188.0,50.47006318724298,0.0764681847873256,0.11446926111160223,0.18536822585628487,0.2785777261222797,0.046415544175581205,0.23234913823849776,0.2793163107382701,0.5132259984685128,0.4147564474729056,88.12905934205547,99.87094065794453,0.4135215623000146,0.4159913326457966,MLB-P3,synthetic,True
H-0104,Hitter 104,2015,MLB,MLB-T3,batter,22.1,586.0,164.63715690312816,0.02,0.25710360852990893,0.16069036497721673,0.3091751799929188,0.005,0.2242516219489969,0.25,0.4916078829765086,0.3350910137349908,308.4227630283613,277.5772369716387,0.3220882283361405,0.3480937991338411,MLB-P3,synthetic,True
H-0105,Hitter 105,2015,MLB,MLB-T5,batter,30.4,374.0,92.58739995858093,0.03756970508969462,0.2666861425776461,0.0739656938632775,0.2898321434830146,0.005,0.20239901898634768,0.25,0.40294890821157897,0.292921175406644,177.06531205531527,196.93468794468473,0.303834180811031,0.282008170002257,MLB-P2,synthetic,True
H-0106,Hitter 106,2015,MLB,MLB-T3,batter,21.6,227.0,54.14093549171612,0.02,0.27496007849251614,0.02,0.3442118836262958,0.005,0.24343311941382675,0.25,0.3544211883626296,0.26997415926920354,103.25475122488696,123.74524877511304,0.263630445431866,0.2763178731065411,MLB-P4,synthetic,True
H-0107,Hitter 107,2015,MLB,MLB-T4,batter,29.6,411.0,117.39028229584116,0.0746280812194364,0.16685604849899027,0.16738741867803908,0.27135974193910556,0.01942279146134311,0.20874408953552528,0.25987568495412783,0.49452339287194963,0.3767591591204227,187.84711867016938,223.15288132983062,0.3831228811822505,0.37039543705859485,MLB-P4,synthetic,True
H-0108,Hitter 108,2015,MLB,MLB-T7,batter,28.6,484.0,118.93444805519287,0.04329059168773676,0.09966186009103511,0.21065379286042235,0.3698252576357567,0.029635598513863333,0.3214031701040888,0.3285526389820451,0.547636318623998,0.42227387908963987,229.54306783664015,254.45693216335985,0.4182569604845121,0.42629079769476763,MLB-P1,synthetic,True
H-0109,Hitter 109,2015,MLB,MLB-T4,batter,25.7,255.0,67.91060616054178,0.07126192131314767,0.22470485667989634,0.13772198703612298,0.2869579096703145,0.045280284547441506,0.20881994440768875,0.25308703286616296,0.4664177780031544,0.38681796226637843,137.0967890696367,117.90321093036329,0.38209391265502124,0.39154201187773563,MLB-P5,synthetic,True
H-0110,Hitter 110,2015,MLB,MLB-T6,batter,23.2,491.0,123.66477911386916,0.02,0.30349709648292994,0.24186487833554673,0.2941237601283093,0.0122879338475563,0.2008187677972929,0.25,0.5712772543483777,0.3810281395922596,262.678054718918,228.32194528108198,0.39240060285068223,0.369655676333837,MLB-P3,synthetic,True
H-0111,Hitter 111,2015,MLB,MLB-T1,batter,23.2,541.0,148.30296497964142,0.06051051097035906,0.15899796121195173,0.13021994867951397,0.2806231625236163,0.054176778555514886,0.2271505176424162,0.25763211174353917,0.45828226493187557,0.38095553703621315,282.9332036295518,258.0667963704482,0.38737008031940934,0.37454099375301697,MLB-P5,synthetic,True
H-0112,Hitter 112,2015,MLB,MLB-T7,batter,29.2,482.0,129.38623293138997,0.105289595358388,0.15729317531297057,0.18677729705715515,0.2873892467012511,0.011108582172967799,0.21359206936722716,0.29602279919554175,0.5155162217272802,0.4070141904334158,248.31188017951564,233.68811982048436,0.3995109675520719,0.4145174133147597,MLB-P5,synthetic,True
H-0113,Hitter 113,2015,MLB,MLB-T5,batter,25.0,582.0,157.26576136660904,0.11085251106369015,0.19950975080454392,0.10000339834203834,0.31080418742195604,0.00718432223242908,0.2154199451504236,0.3037605781976934,0.43108381708423393,0.367845982439575,289.08046840144823,292.91953159855177,0.37692886051793967,0.35876310436121034,MLB-P1,synthetic,True
H-0114,Hitter 114,2015,MLB,MLB-T7,batter,30.5,613.0,168.5640332141082,0.03960395514764301,0.15402152672012065,0.06744017703048283,0.3241884332139221,0.007947587279024716,0.2626094297087748,0.27487951760287205,0.39985902035187504,0.3054336461461106,282.5483224778079,330.4516775221921,0.28958997125613267,0.3212773210360886,MLB-P1,synthetic,True
H-0115,Hitter 115,2015,MLB,MLB-T7,batter,23.4,304.0,83.90616716531277,0.07646338826496824,0.23508376550106574,0.08603240400694706,0.2699099091747122,0.022628714570831057,0.18921455238370652,0.25,0.41302339492441825,0.33567650531419585,147.1470588554478,156.8529411445522,0.34930530733839305,0.32204770328999865,MLB-P2,synthetic,True
H-0116,Hitter 116,2015,MLB,MLB-T7,batter,27.3,505.0,132.04018639108622,0.14427697978513482,0.24660989170571287,0.1658832416563121,0.3003375198745518,0.03829357082225374,0.188683561962806,0.308922553490656,0.4959169936437673,0.45181201445668756,238.11132831189488,266.8886716881051,0.4558970154736125,0.4477270134397626,MLB-P2,synthetic,True
H-0117,Hitter 117,2015,MLB,MLB-T6,batter,22.8,576.0,144.71305487365711,0.06289567384410953,0.18032853370532045,0.1144767962250227,0.29007226832100796,0.013504709603112473,0.22154537716703204,0.2604633774980182,0.4434840230571235,0.34066874216979315,292.27952378681584,283.72047621318416,0.33050564197618965,0.35083184236339665,MLB-P5,synthetic,True
H-0118,Hitter 118,2015,MLB,MLB-T7,batter,33.1,364.0,97.99338978480525,0.02,0.25937507569476714,0.07951539516877616,0.3057284464809498,0.005,0.2210655386032909,0.25,0.41008823981687115,0.28923842361115937,173.76269483790617,190.23730516209383,0.29890064866843913,0.2795761985538796,MLB-P5,synthetic,True
H-0119,Hitter 119,2015,MLB,MLB-T3,batter,27.7,196.0,55.48332648343738,0.06768807107354557,0.18347892828936171,0.02,0.2785924145663576,0.02558168886836811,0.21245644708471367,0.25544534545255815,0.34785924145663577,0.2989125148312384,105.34285407212161,90.65714592787839,0.2854382141247733,0.3123868155377034,MLB-P4,synthetic,True
H-0120,Hitter 120,2015,MLB,MLB-T2,batter,29.9,522.0,138.0964852837882,0.09021346515884288,0.22717427365530166,0.10862473844357337,0.3040150314651107,0.03069125558236645,0.2121280764002432,0.2769854144154423,0.43902624159008447,0.37692042279207394,272.850221694209,249.14977830579102,0.3883346056802907,0.36550623990385717,MLB-P2,synthetic,True
H-0001,Hitter 1,2016,MLB,MLB-T2,batter,33.4,301.0,77.43909218819067,0.02,0.24620948183474134,0.06696926634072783,0.33236878432810985,0.005,0.24463906247408082,0.25,0.4002061447735388,0.29166217100223873,147.01466089645524,153.98533910354476,0.2845990628065023,0.29872527919797515,MLB-P2,synthetic,True
H-0002,Hitter 2,2016,MLB,MLB-T3,batter,32.8,522.0,130.2032670233495,0.02,0.2400949643773351,0.08066676520676107,0.2831503703532865,0.005,0.2102543848628192,0.25,0.40898180224208974,0.2819693504873689,252.18860903528423,269.81139096471577,0.270485531788044,0.29345316918669373,MLB-P3,synthetic,True
H-0004,Hitter 4,2016,MLB,MLB-T1,batter,32.4,193.0,46.333482501444195,0.02230423691786676,0.29793898803546937,0.06975893219767948,0.30490437428080547,0.005,0.2080108141587413,0.25,0.40024936962576,0.2851969095495124,104.84671059078624,88.15328940921376,0.29115683417345534,0.2792369849255694,MLB-P2,synthetic,True
H-0005,Hitter 5,2016,MLB,MLB-T4,batter,29.9,564.0,138.2017377097383,0.061036656198679706,0.23766080403428935,0.2025234125689807,0.31115539315394086,0.02611606703321505,0.22213147753605,0.25742931693164073,0.5336389518843748,0.40652238418578807,295.0663449875833,268.9336550124167,0.41721842341356186,0.3958263449580143,MLB-P2,synthetic,True
H-0006,Hitter 6,2016,MLB,MLB-T7,batter,24.0,312.0,83.2793180866793,0.10929217499896254,0.21302093406363828,0.13336226243266802,0.2910412389685786,0.0411405431220004,0.20340591383948473,0.2868035241330288,0.46246638632952586,0.40874468928604407,148.84083641498498,163.15916358501502,0.41916501712200216,0.398324361450086,MLB-P4,synthetic,True
H-0007,Hitter 7,2016,MLB,MLB-T4,batter,31.7,432.0,109.30722423315648,0.02,0.23543422916351817,0.0981792403462688,0.3040505063995183,0.017337027090766607,0.22898615373419495,0.25,0.42858429098622064,0.3100195838119692,217.31326010287938,214.68673989712062,0.3158339703846904,0.304205197239248,MLB-P1,synthetic,True
H-0009,Hitter 9,2016,MLB,MLB-T6,batter,29.7,247.0,69.23348468165739,0.07466574957542094,0.2538748091005929,0.19527471474652264,0.30641398604449915,0.03762897049572102,0.21138890945765323,0.25983585707038653,0.5259161133509725,0.4207780863751057,114.64241767352082,132.3575823264792,0.4225966945452614,0.41895947820495005,MLB-P2,synthetic,True
H-0011,Hitter 11,2016,MLB,MLB-T3,batter,28.3,477.0,136.2771446434511,0.07228383822235729,0.2786823138739443,0.07484932306761195,0.2831558239838192,0.037105369287251576,0.18934351938964827,0.25,0.4031649054659939,0.34426518519569976,241.98668594199034,235.01331405800966,0.33186069754249564,0.3566696728489039,MLB-P2,synthetic,True
H-0012,Hitter 12,2016,MLB,MLB-T6,batter,26.6,475.0,129.5690123981002,0.10173057533090052,0.2534651869717166,0.1444127576926106,0.28091677683780725,0.04873343929058227,0.18844634403889546,0.26475327066167786,0.4725044353763913,0.4128193867173227,228.59902571975147,246.40097428024853,0.4171950518537343,0.40844372158091113,MLB-P5,synthetic,True
H-0013,Hitter 13,2016,MLB,MLB-T4,batter,29.6,332.0,92.76590135903315,0.03220475389634388,0.20054224173103943,0.11307509011236666,0.3170356440400804,0.02613318154272621,0.24716652761436808,0.2511266492410071,0.44477865451637466,0.33921696609172414,155.08400408248175,176.91599591751825,0.3403538393411894,0.3380800928422589,MLB-P4,synthetic,True
H-0014,Hitter 14,2016,MLB,MLB-T1,batter,23.7,393.0,105.39079044073014,0.05560289192587546,0.23947627985173892,0.15866659426714924,0.3071534857107398,0.03535428283032894,0.22182203196315675,0.2504698925106221,0.4893819428382232,0.38551122574109986,197.96145516505243,195.03854483494757,0.39120160953610655,0.37982084194609317,MLB-P2,synthetic,True
H-0015,Hitter 15,2016,MLB,MLB-T1,batter,27.7,231.0,58.16492976725652,0.0717597659189779,0.1877156160882292,0.09833463906526616,0.3362404619601698,0.01581659559820666,0.251366828986506,0.29585467160107537,0.4319586852612831,0.35623498535362635,109.71477090481345,121.28522909518655,0.34664790288313946,0.36582206782411325,MLB-P2,synthetic,True
H-0016,Hitter 16,2016,MLB,MLB-T3,batter,29.3,573.0,154.50939346144384,0.08602433276992533,0.2676462488756313,0.14763872551262303,0.31536291096264846,0.018469353733298503,0.20659872987304748,0.26946982690167276,0.47917501660888784,0.388417769167786,305.95974408059703,267.04025591940297,0.388492119622922,0.38834341871264993,MLB-P2,synthetic,True
H-0017,Hitter 17,2016,MLB,MLB-T5,batter,30.1,465.0,111.2412703766616,0.02,0.14574818167144377,0.08021027094698482,0.28672707735680486,0.03691164068118598,0.24473933175112494,0.25,0.40888297868266527,0.31169060270879073,234.85482792810222,230.14517207189778,0.32559899999412256,0.2977822054234589,MLB-P4,synthetic,True
H-0018,Hitter 18,2016,MLB,MLB-T5,batter,25.0,287.0,76.88149708117146,0.07273054651270386,0.28728077018054793,0.11057082772231408,0.3325822255533221,0.005199413092333555,0.2136287725869486,0.2642945210734926,0.4438290502776463,0.35280858853292835,154.37741149383805,132.62258850616195,0.36354165930848836,0.34207551775736833,MLB-P2,synthetic,True
H-0020,Hitter 20,2016,MLB,MLB-T4,batter,29.2,495.0,136.1434371191694,0.07813272786483647,0.13252890090853325,0.1600252924921499,0.2704646568798906,0.03919662149133692,0.21936762495964277,0.2702720464271845,0.4870717581801389,0.3926464096262329,255.53230578964872,239.46769421035128,0.382526686353498,0.40276613289896773,MLB-P5,synthetic,True
H-0023,Hitter 23,2016,MLB,MLB-T6,batter,27.5,288.0,76.40889147183917,0.061242462750155185,0.16243917585010978,0.19498499212091486,0.31187045442275113,0.006919304373348234,0.24314865580246312,0.27914214688197,0.52617203756319,0.3854935025755881,151.26158224307304,136.73841775692696,0.40493279289985207,0.3660542122513242,MLB-P3,synthetic,True
H-0024,Hitter 24,2016,MLB,MLB-T2,batter,28.6,332.0,81.89860329278218,0.10310781438231766,0.25011613770682006,0.24302096296127906,0.3813970745914436,0.022714127744672897,0.2500856117507192,0.3251184577124341,0.5811606704204234,0.47976869077353673,169.77529871530055,162.22470128469945,0.4891315874867971,0.4704057940602764,MLB-P3,synthetic,True
H-0026,Hitter 26,2016,MLB,MLB-T4,batter,29.8,641.0,154.9323859425301,0.08728185801927822,0.22470733036505935,0.14382447101143,0.28621035363757624,0.010210778209938676,0.1984474344304854,0.2645060939483734,0.47244550637518756,0.3695640838318777,292.76419092988266,348.23580907011734,0.3651069127734256,0.37402125489032984,MLB-P3,synthetic,True
H-0027,Hitter 27,2016,MLB,MLB-T4,batter,24.5,437.0,110.45970689976933,0.06703160899048584,0.30213645540262923,0.13456548729678552,0.3340996272908508,0.02494624406149512,0.2145026511786505,0.25671625210296944,0.4679754500258706,0.38031963351371545,227.7157917352787,209.2842082647213,0.39037884817131174,0.37026041885611916,MLB-P4,synthetic,True
H-0028,Hitter 28,2016,MLB,MLB-T3,batter,25.5,310.0,88.38761589097385,0.06224785737433509,0.1990263245485878,0.30290019788081246,0.26890714290364337,0.036340790301062256,0.20409976767342275,0.25,0.6297909121711768,0.4569928202837126,159.3910160462606,150.6089839537394,0.42167456106933415,0.492311079498091,MLB-P5,synthetic,True
H-0029,Hitter 29,2016,MLB,MLB-T3,batter,23.7,465.0,129.91540893311148,0.07865250538211699,0.24681760575367287,0.135806308294514,0.30982988274397066,0.005,0.2097395163741018,0.2667430701188086,0.46678929656891105,0.36269068228985435,228.81412500917295,236.18587499082705,0.3293102344833846,0.3960711300963241,MLB-P4,synthetic,True
H-0030,Hitter 30,2016,MLB,MLB-T6,batter,32.4,476.0,133.8249512586842,0.02,0.19458815729628084,0.02,0.3068814064210221,0.018521860312455875,0.24380656995551228,0.25,0.3506881406421022,0.26907816652856803,232.07663898097738,243.92336101902262,0.2459620715810471,0.29219426147608896,MLB-P5,synthetic,True
H-0031,Hitter 31,2016,MLB,MLB-T2,batter,26.2,384.0,94.58999313931001,0.08078576087942957,0.25667347413955327,0.24454391819131152,0.290671795836366,0.03326426796600615,0.19757155416673286,0.25410948345407836,0.5736110977749481,0.44272215733295567,180.5921196695629,203.4078803304371,0.4306311452386822,0.45481316942722916,MLB-P1,synthetic,True
H-0032,Hitter 32,2016,MLB,MLB-T5,batter,23.2,646.0,163.13053740042068,0.05633533690911947,0.32201002760341363,0.12567256797858647,0.26882647793223796,0.005,0.16786722614834493,0.25,0.45255521577181024,0.32714391550088945,307.3113755993213,338.6886244006787,0.32964064816011285,0.32464718284166605,MLB-P4,synthetic,True
H-0033,Hitter 33,2016,MLB,MLB-T3,batter,25.4,571.0,141.75411229743,0.09853977419442393,0.22322138532772426,0.11414400923926889,0.3385246529544898,0.017636008454365904,0.23224596936117523,0.30518028547814224,0.44799647453471786,0.38611308316069537,266.36666983155186,304.63333016844814,0.3680528294531545,0.40417333686823625,MLB-P2,synthetic,True
H-0034,Hitter 34,2016,MLB,MLB-T1,batter,24.5,536.0,129.9574253754716,0.09153864446145002,0.2150410191123259,0.12522402254104328,0.306693251917753,0.02909057022898647,0.21703092345880895,0.2829392485934649,0.4558933477328186,0.3864744148978902,251.66685685907322,284.3331431409268,0.3838804182052913,0.3890684115904891,MLB-P2,synthetic,True
H-0036,Hitter 36,2016,MLB,MLB-T6,batter,23.2,436.0,122.19563654064343,0.02,0.24949641867324304,0.21691858027869435,0.27355149272454654,0.005,0.20058034511256156,0.25,0.5442737295511489,0.3535482416068732,198.54198992033187,237.45801007966813,0.36118500514263774,0.34591147807110867,MLB-P1,synthetic,True
H-0037,Hitter 37,2016,MLB,MLB-T5,batter,33.2,471.0,112.46139468884591,0.02,0.26581690249040413,0.027630928618304573,0.3016117252627862,0.005,0.21615599619338985,0.25,0.35779210114458315,0.2592611145820427,248.32379469107133,222.67620530892867,0.2653397159516392,0.2531825132124462,MLB-P5,synthetic,True
H-0039,Hitter 39,2016,MLB,MLB-T7,batter,31.4,502.0,121.7804730733159,0.035337575464227174,0.2823573212621087,0.21294850011983604,0.3386407212596504,0.005,0.23180629229173386,0.25,0.546812572245801,0.38488223033174646,229.1305849421703,272.8694150578297,0.3966292783608332,0.3731351823026597,MLB-P5,synthetic,True
H-0040,Hitter 40,2016,MLB,MLB-T7,batter,31.3,459.0,127.17743201968158,0.02,0.23172935379817933,0.13415412113664812,0.33706353639260334,0.005,0.2529647501875642,0.25,0.4678604747759084,0.33025700436256766,237.79975699543826,221.20024300456174,0.3345895796374583,0.32592442908767705,MLB-P3,synthetic,True
H-0041,Hitter 41,2016,MLB,MLB-T4,batter,29.5,627.0,157.69448752613096,0.02,0.22709330579806183,0.09102090291557347,0.2678471583456411,0.010568112804998028,0.2032491354621494,0.25,0.41780561875013755,0.28731930354903806,331.5420954728957,295.4579045271043,0.290761150665708,0.2838774564323681,MLB-P1,synthetic,True
H-0042,Hitter 42,2016,MLB,MLB-T6,batter,31.5,317.0,80.73055352679512,0.02,0.19876972967164103,0.22616370389519153,0.26195287133614936,0.005,0.2053955124872298,0.25,0.5523589910288065,0.35457354211000763,166.51647997595325,150.48352002404675,0.3616637884935868,0.34748329572642844,MLB-P2,synthetic,True
H-0043,Hitter 43,2016,MLB,MLB-T5,batter,25.4,247.0,62.827252289174,0.1333107362878449,0.1578737566076823,0.16371267633366673,0.31457361964386193,0.022091960046533278,0.22628845373653353,0.3339879300444431,0.49517003829805295,0.43334301830223976,121.35832472413428,125.64167527586572,0.4621154842216713,0.4045705523828082,MLB-P2,synthetic,True
H-0045,Hitter 45,2016,MLB,MLB-T7,batter,29.9,221.0,54.3232206661811,0.06565530902738119,0.18920556601329547,0.12162445042156733,0.2734273034025645,0.016986196270172553,0.2062893110379002,0.25,0.4489671807618238,0.34383929688508164,118.88089143557981,102.11910856442019,0.3497405339627895,0.3379380598073738,MLB-P3,synthetic,True
H-0046,Hitter 46,2016,MLB,MLB-T4,batter,22.2,490.0,129.72219494163247,0.02,0.2692482062978352,0.060165312530563134,0.29501817748297926,0.005,0.21043469882077112,0.25,0.389667130278861,0.27484728401085246,264.9558277515926,225.0441722484074,0.27851091015931106,0.27118365786239385,MLB-P5,synthetic,True
H-0047,Hitter 47,2016,MLB,MLB-T6,batter,26.2,374.0,92.8392977080115,0.07961219897736324,0.33042266647360646,0.2379436685412767,0.29994478006671893,0.02673685152531778,0.1809674902581388,0.25,0.5679381465479485,0.4356413963779941,199.3549718389472,174.6450281610528,0.44143359989287695,0.42984919286311124,MLB-P3,synthetic,True
H-0049,Hitter 49,2016,MLB,MLB-T3,batter,29.4,337.0,82.35855433645436,0.07430655214648989,0.25717514242393075,0.09668800411326801,0.3009569336004787,0.025993403761106183,0.20509422982204037,0.2553822494785769,0.42678369747331585,0.35392197891000343,165.46870229807445,171.53129770192555,0.340795334277083,0.3670486235429239,MLB-P3,synthetic,True
H-0050,Hitter 50,2016,MLB,MLB-T6,batter,27.3,518.0,139.66549007370162,0.09121346696617876,0.22393322768818283,0.13428642763772117,0.33098307802594845,0.054162162654514616,0.23479917939772135,0.2952208364657685,0.467384735440316,0.4222969857752169,274.11678587748463,243.88321412251537,0.443855871981758,0.4007380995686758,MLB-P2,synthetic,True
H-0052,Hitter 52,2016,MLB,MLB-T7,batter,29.9,446.0,126.82747509317407,0.10411538739479458,0.14422042478279687,0.19979931731150602,0.24480829714076496,0.02427504065566663,0.18765488594084997,0.26972765425304457,0.5242801470255825,0.4103008362870523,245.07081860228197,200.92918139771803,0.38767523547707455,0.43292643709703,MLB-P2,synthetic,True
H-0054,Hitter 54,2016,MLB,MLB-T1,batter,25.2,447.0,112.56274850270393,0.12314251542031063,0.24932434246384333,0.21216450218580138,0.29283698679770837,0.05634692420975758,0.19221695308436607,0.2885309384279228,0.5414482008655722,0.47609541416438794,230.02672406149657,216.97327593850343,0.45043839342078884,0.5,MLB-P3,synthetic,True
H-0056,Hitter 56,2016,MLB,MLB-T6,batter,31.3,412.0,116.73301303148523,0.08242903056065029,0.30139551301486284,0.042324410414563925,0.3081314113097147,0.005,0.19061301300248473,0.25330574226288655,0.3731375515455354,0.3133247410788655,224.94432991699935,187.05567008300065,0.2908088495745428,0.3358406325831882,MLB-P2,synthetic,True
H-0057,Hitter 57,2016,MLB,MLB-T3,batter,28.8,302.0,74.67840823022293,0.11651259812672012,0.2733907423354685,0.14350845530518327,0.2615712892145831,0.03264287565480446,0.1644802011290366,0.26013799092945444,0.46966558422664156,0.401417008420983,161.48998879705945,140.51001120294055,0.3985933028456795,0.40424071399628647,MLB-P1,synthetic,True
H-0058,Hitter 58,2016,MLB,MLB-T6,batter,28.0,547.0,138.6635398303118,0.07105366913563624,0.2280808797980731,0.2584810862065154,0.31000756924831807,0.005,0.21802359485518677,0.26659990450530435,0.5894818431313472,0.42490481504544014,271.57845047502667,275.42154952497333,0.42333004445085193,0.42647958564002836,MLB-P1,synthetic,True
H-0059,Hitter 59,2016,MLB,MLB-T7,batter,23.1,473.0,116.54397446707648,0.04148448693446832,0.2797368147264993,0.25180727692611404,0.25318019981187273,0.005,0.1726033264735191,0.25,0.5771252969073013,0.38064621309764596,225.34385338740282,247.65614661259718,0.40030265561011874,0.3609897705851732,MLB-P4,synthetic,True
H-0060,Hitter 60,2016,MLB,MLB-T4,batter,29.8,326.0,80.05715877811625,0.02,0.2974136465087726,0.15953270246069112,0.34770084953263686,0.019340593370008208,0.24023694399378573,0.25,0.4943027874139548,0.36084481772281046,152.2191891938341,173.7808108061659,0.38146604797127026,0.34022358747435066,MLB-P4,synthetic,True
H-0062,Hitter 62,2016,MLB,MLB-T2,batter,30.5,592.0,144.91269507937227,0.035417119003192436,0.26296842239766344,0.22460784574512965,0.27661693318431163,0.009001715501987643,0.19542869714076458,0.25,0.5522695390635608,0.37324376902835393,289.71126163490396,302.28873836509604,0.36619363824312373,0.38029389981358414,MLB-P4,synthetic,True
H-0063,Hitter 63,2016,MLB,MLB-T5,batter,33.5,432.0,115.41785746892988,0.02,0.23737809522746622,0.02758573936227046,0.3188605957551195,0.005,0.23754286297657173,0.25,0.35947179893778236,0.26527336516354055,210.31363076803981,221.68636923196019,0.2722707574147832,0.2582759729122979,MLB-P2,synthetic,True
H-0064,Hitter 64,2016,MLB,MLB-T1,batter,23.2,394.0,112.24737482780809,0.0581224275689171,0.28826245392271455,0.14315889291371253,0.364768281880302,0.012572940521035185,0.24030400486744283,0.2726986849792759,0.47963572110174274,0.37840763552782125,203.62140583605793,190.37859416394207,0.3584681546839943,0.3983471163716482,MLB-P1,synthetic,True
H-0065,Hitter 65,2016,MLB,MLB-T5,batter,25.2,343.0,97.091131052062,0.12093561673396538,0.21621884013222553,0.21171379172848034,0.32687080457170326,0.005,0.2174148559909158,0.31593398712578963,0.5444008721856506,0.4400022987645361,181.76312184261548,161.23687815738452,0.44303707147291144,0.4369675260561608,MLB-P4,synthetic,True
H-0066,Hitter 66,2016,MLB,MLB-T2,batter,23.0,431.0,111.15520094452782,0.02,0.19240936386126367,0.13893596875735537,0.2917042947508526,0.010808916636618357,0.23136490856271819,0.25,0.4681063982324406,0.32223931095230035,222.6509235959675,208.3490764040325,0.32206994824788787,0.32240867365671283,MLB-P5,synthetic,True
H-0067,Hitter 67,2016,MLB,MLB-T4,batter,33.7,628.0,150.44202364640836,0.02,0.31152847503467784,0.02,0.3109340363586304,0.005,0.20860054944827658,0.25,0.35109340363586306,0.25832691272552066,289.39687143335533,338.60312856664467,0.23650749876997912,0.2801463266810622,MLB-P3,synthetic,True
H-0068,Hitter 68,2016,MLB,MLB-T2,batter,24.6,606.0,171.05738253480712,0.05080194645136585,0.25267770879505363,0.2118861714629561,0.3237178413830348,0.0438826874095032,0.23205846559442178,0.2537304026860625,0.5442579556012596,0.424894419973197,300.3018685335693,305.6981314664307,0.4321339524650336,0.41765488748136037,MLB-P3,synthetic,True
H-0069,Hitter 69,2016,MLB,MLB-T1,batter,22.1,612.0,172.82926340373436,0.022721830250962513,0.27226756201438657,0.17534735714346522,0.2928149228734073,0.026882303834963178,0.2104699723040003,0.25,0.504628849430806,0.35902562406173905,313.7174614827237,298.2825385172763,0.3398347727429166,0.37821647538056147,MLB-P5,synthetic,True
H-0070,Hitter 70,2016,MLB,MLB-T6,batter,31.9,253.0,61.56077087879764,0.023052160701552527,0.314760087509578,0.02,0.26215532478730624,0.005,0.1743460451403872,0.25,0.3462155324787306,0.24339087616664395,136.073083345402,116.92691665459799,0.2551286488767299,0.23165310345655798,MLB-P1,synthetic,True
H-0072,Hitter 72,2016,MLB,MLB-T7,batter,30.5,352.0,96.33091154444189,0.04384832612784403,0.31864758135183363,0.16664990693302262,0.30903937915443347,0.017041509692382464,0.19957009541474827,0.25,0.49755384484846593,0.36585241852984923,190.51429511314245,161.48570488685755,0.3744934610832701,0.3572113759764284,MLB-P5,synthetic,True
H-0073,Hitter 73,2016,MLB,MLB-T2,batter,22.4,380.0,99.93967849316505,0.02,0.22955872097264768,0.1371807182043771,0.34505063555783255,0.005,0.2596902402772206,0.2530462162494986,0.47168578176016035,0.3347171174576488,181.11414909783247,198.88585090216753,0.33550629859631953,0.3339279363189781,MLB-P3,synthetic,True
H-0074,Hitter 74,2016,MLB,MLB-T6,batter,22.8,291.0,76.93934184064351,0.022327810866281245,0.27323710685076974,0.11702918401685042,0.25192409952126116,0.026696819753909473,0.18146869673840388,0.25,0.44222159396897653,0.3121960914266245,156.7560528330664,134.2439471669336,0.31426239681078144,0.3101297860424676,MLB-P2,synthetic,True
H-0075,Hitter 75,2016,MLB,MLB-T3,batter,28.6,252.0,71.28224699072302,0.0813412284475067,0.2108630238331462,0.10081361146507137,0.2918051929517321,0.020811669398553737,0.20966022514344262,0.26722585570780033,0.4299941307602445,0.35324866621084855,116.83904814647578,135.16095185352424,0.3666853738764074,0.33981195854528967,MLB-P1,synthetic,True
H-0076,Hitter 76,2016,MLB,MLB-T6,batter,29.5,230.0,58.96086003431917,0.06851496279980263,0.29167735219118646,0.12884657950713033,0.23931530949577892,0.03241174361973159,0.157977535698669,0.25,0.45277811045670824,0.3517570202700645,107.91356825888437,122.08643174111563,0.3554373444986507,0.3480766960414783,MLB-P4,synthetic,True
H-0078,Hitter 78,2016,MLB,MLB-T2,batter,29.3,219.0,55.797881222398765,0.042862524764832086,0.25442162362826426,0.1662603578060366,0.291508647559691,0.024844724992804684,0.20857445626960572,0.25,0.4954112225620057,0.3658352432681186,101.10092548893729,117.89907451106271,0.41395765697686604,0.3177128295593712,MLB-P5,synthetic,True
H-0079,Hitter 79,2016,MLB,MLB-T2,batter,22.1,530.0,139.44651536158528,0.02,0.22026874447166322,0.02,0.25012214893714535,0.005,0.1907756142474631,0.25,0.34501221489371453,0.23704275212800088,283.27069306769664,246.72930693230336,0.255667311071482,0.21841819318451977,MLB-P5,synthetic,True
H-0080,Hitter 80,2016,MLB,MLB-T1,batter,30.1,634.0,167.365780635517,0.0477181652108407,0.3601154069755306,0.21544817248678302,0.26397553651966277,0.024896399081846002,0.1600519103533117,0.25,0.5418457261387493,0.38669740747086256,301.8583101266519,332.1416898733481,0.40959195547065913,0.363802859471066,MLB-P4,synthetic,True
H-0081,Hitter 81,2016,MLB,MLB-T5,batter,26.9,242.0,65.01028303243781,0.07733996022595503,0.24885785048819206,0.19598728940022295,0.285593578833427,0.04641902893385779,0.19939643300402363,0.2505301810235055,0.5245466472835657,0.42366585996046263,117.16924394603677,124.83075605396323,0.41241023033556545,0.4349214895853598,MLB-P3,synthetic,True
H-0083,Hitter 83,2016,MLB,MLB-T5,batter,27.6,295.0,70.74642480408345,0.05760328960470864,0.22059907325451086,0.12160926071988101,0.3035359336305812,0.023079839143349674,0.22255349555337672,0.2547856573183955,0.4519628540829391,0.3542168281189487,142.4612132964244,152.5387867035756,0.3223587043206234,0.38607495191727403,MLB-P1,synthetic,True
H-0084,Hitter 84,2016,MLB,MLB-T5,batter,25.7,304.0,81.53520909459502,0.08565459162529322,0.23372925028293146,0.21874650194592263,0.3333648995843111,0.029833749601725912,0.23136859963798317,0.2898587751032451,0.5520829919043537,0.4437968797040249,156.56495191309017,147.43504808690983,0.442996735270324,0.44459702413772584,MLB-P4,synthetic,True
H-0085,Hitter 85,2016,MLB,MLB-T2,batter,32.0,611.0,173.07807689354436,0.02,0.28890449783759864,0.02,0.28878271464143035,0.005,0.20032643519094076,0.25,0.348878271464143,0.2505739501245006,280.8785550285882,330.1214449714118,0.2611425963803639,0.24000530386863736,MLB-P1,synthetic,True
H-0086,Hitter 86,2016,MLB,MLB-T5,batter,33.2,579.0,145.1497795152248,0.02,0.33782962623372415,0.02,0.2784044705112652,0.005,0.1795331028864213,0.25,0.34784044705112654,0.24694156467894285,295.4337076815079,283.5662923184921,0.24474081522701405,0.24914231413087165,MLB-P4,synthetic,True
H-0087,Hitter 87,2016,MLB,MLB-T1,batter,26.4,641.0,168.61508511615756,0.14514893873822143,0.2327136589180747,0.15286328832259777,0.2785931537028293,0.013733291142656107,0.17538321462681686,0.30113983759809804,0.48072260369288067,0.4155466315185645,311.47372319439893,329.52627680560107,0.4371457786050744,0.39394748443205463,MLB-P1,synthetic,True
H-0088,Hitter 88,2016,MLB,MLB-T2,batter,23.7,241.0,58.95517721899147,0.05160690130270636,0.24027746491953153,0.15554465239168502,0.31997748792665703,0.045664785623831215,0.23343077950137564,0.25552985679472723,0.4875424011843507,0.3947648175630992,123.46127923025213,117.53872076974787,0.374593646368353,0.41493598875784543,MLB-P2,synthetic,True
H-0089,Hitter 89,2016,MLB,MLB-T3,batter,23.4,243.0,63.04901929131418,0.06321069487157568,0.33335537451784436,0.07442819270134035,0.26682004777727675,0.03237960329083715,0.16586521068957039,0.25,0.401110197479068,0.3277116520796405,120.52675430755757,122.47324569244243,0.35755204545836466,0.2978712587009163,MLB-P3,synthetic,True
H-0090,Hitter 90,2016,MLB,MLB-T1,batter,27.3,614.0,152.5470315676264,0.12621015663590857,0.1899854369386175,0.21638320332136177,0.29977893775636727,0.047517713090585355,0.21211781555493964,0.3107012993681252,0.5463610970969985,0.4750464414681403,328.24750052675887,285.75249947324113,0.47737840513367746,0.4727144778026031,MLB-P2,synthetic,True
H-0091,Hitter 91,2016,MLB,MLB-T2,batter,25.2,359.0,98.32423178832185,0.08271504235338259,0.18308474107886197,0.14578246577016205,0.32209747731988325,0.005,0.237234037604186,0.29555067619715,0.4779922135021503,0.3753150028829161,177.21528621282906,181.78471378717094,0.35905655853883134,0.3915734472270008,MLB-P3,synthetic,True
H-0093,Hitter 93,2016,MLB,MLB-T7,batter,26.1,396.0,108.25715971495602,0.06283070424993364,0.24308771066867516,0.1320119033457609,0.32679756955458283,0.025240002702205,0.2306101754825218,0.2669724618194056,0.46469166030121917,0.37368319159121055,197.60144975827595,198.39855024172405,0.379115066230351,0.3682513169520701,MLB-P3,synthetic,True
H-0095,Hitter 95,2016,MLB,MLB-T4,batter,27.7,345.0,95.38484583825156,0.08852630290774166,0.23253183711526346,0.11219850922905059,0.27747572380125607,0.0053127519409577285,0.18918679680723136,0.25807719852222055,0.43994608160917614,0.34557557218869855,156.53360831905366,188.46639168094634,0.3377928924894809,0.3533582518879162,MLB-P1,synthetic,True
H-0096,Hitter 96,2016,MLB,MLB-T4,batter,23.8,397.0,95.80476044100546,0.0335824036402647,0.20560975172945128,0.13043908053193606,0.30348842477398763,0.015026440162078861,0.23315034034684945,0.25,0.4607879230093348,0.33499392165751674,192.8235867703239,204.1764132296761,0.3396050831549271,0.33038276016010637,MLB-P5,synthetic,True
H-0098,Hitter 98,2016,MLB,MLB-T2,batter,33.5,485.0,136.5335390392801,0.02,0.27551485701315215,0.04778070847041732,0.27969571001204513,0.005,0.19779147226064353,0.25,0.3757502794716218,0.2626728881629454,240.23437463595542,244.76562536404458,0.2844542101435351,0.24089156618235566,MLB-P5,synthetic,True
H-0102,Hitter 102,2016,MLB,MLB-T7,batter,33.5,306.0,76.42774679892007,0.02,0.17925125986856957,0.02,0.28910240140588656,0.005,0.23224838369473472,0.25,0.3489102401405887,0.25068584049206033,147.93587625418454,158.06412374581546,0.24863873481388504,0.2527329461702356,MLB-P5,synthetic,True
H-0103,Hitter 103,2016,MLB,MLB-T2,batter,28.4,539.0,140.01080938540318,0.10506744688511303,0.13340483214795762,0.20424248842906578,0.2787930644825123,0.04720286616543019,0.21938907694156828,0.29614522920019143,0.5321217948773169,0.44594073357333175,294.57149184076616,244.42850815923384,0.46524711747253544,0.42663434967412805,MLB-P5,synthetic,True
H-0104,Hitter 104,2016,MLB,MLB-T1,batter,22.3,425.0,103.857022528244,0.02,0.2627125896989855,0.13234796662022316,0.3376548687568012,0.005,0.24294558638609484,0.25,0.4661134534959032,0.3294705857060032,221.40038436546604,203.59961563453396,0.32415386576635896,0.3347873056456474,MLB-P5,synthetic,True
H-0105,Hitter 105,2016,MLB,MLB-T5,batter,30.6,481.0,117.15510637760654,0.02,0.2520037992627992,0.04596211085285135,0.33537174510420004,0.008125295080996981,0.24536815053261207,0.25,0.3794992853632713,0.28397203732843557,227.55633903368727,253.44366096631273,0.2829702071460034,0.28497386751086773,MLB-P2,synthetic,True
H-0106,Hitter 106,2016,MLB,MLB-T7,batter,21.8,231.0,57.428519891394174,0.02,0.2553401844994559,0.0859616903288143,0.3399436454596652,0.005,0.24709349939938338,0.25,0.4199560548747808,0.30475920559173064,115.71273459307766,115.28726540692234,0.2656487226557034,0.3438696885277579,MLB-P2,synthetic,True
H-0107,Hitter 107,2016,MLB,MLB-T7,batter,29.8,223.0,56.505097039310634,0.04946759635706865,0.19472042299249437,0.18590843081144992,0.2648918914552828,0.019237838530568763,0.20309414091864317,0.25,0.5123976199569782,0.3669031710831064,110.42477879436726,112.57522120563274,0.3634511281864318,0.37035521397978094,MLB-P5,synthetic,True
H-0108,Hitter 108,2016,MLB,MLB-T1,batter,28.8,628.0,150.96388947439263,0.047230228962304846,0.0972982521206057,0.233222325837117,0.37645929554961766,0.02858110906922954,0.32633737173467336,0.33707541379916484,0.5708682553920787,0.43881719108870054,313.99256854501834,314.00743145498166,0.42402993885020196,0.4536044433271991,MLB-P3,synthetic,True
H-0109,Hitter 109,2016,MLB,MLB-T3,batter,25.8,603.0,155.1173784453102,0.06462670183316659,0.21001512510090262,0.14734305263615283,0.27122022371440213,0.028499385272171072,0.20100671376283744,0.25,0.47446507500759305,0.3668538952780953,297.4344793264767,305.5655206735233,0.3822449748303983,0.3514628157257923,MLB-P1,synthetic,True
H-0110,Hitter 110,2016,MLB,MLB-T6,batter,23.3,509.0,137.4200036932203,0.02,0.2932297189119524,0.24736587402640114,0.3074289967953862,0.01595629339719704,0.21352654255336342,0.25,0.5781087737059397,0.3920120436503831,244.12087505951902,264.879124940481,0.39188652923459977,0.39213755806616646,MLB-P3,synthetic,True
H-0111,Hitter 111,2016,MLB,MLB-T2,batter,23.3,424.0,116.44679262596212,0.07443786682995998,0.149126465096658,0.13283459063555925,0.3016193215732448,0.04251073266704105,0.2405646093496187,0.2852070663345663,0.4629965227928837,0.3889919535815022,196.24323415599628,227.75676584400372,0.40239922888486596,0.3755846782781384,MLB-P3,synthetic,True
H-0112,Hitter 112,2016,MLB,MLB-T7,batter,29.3,244.0,59.95712289989826,0.1192725450697885,0.17135053308456613,0.214458443066538,0.3056369279290543,0.012027573593047994,0.2186159191756291,0.3144031498927932,0.5450221358594434,0.43924066624436003,113.59450746469946,130.40549253530054,0.4194910448144899,0.45899028767423017,MLB-P1,synthetic,True
H-0113,Hitter 113,2016,MLB,MLB-T2,batter,25.1,232.0,66.04785141644062,0.10431627211858018,0.20187347104572922,0.094267124245054,0.32282858633144773,0.026173994161079524,0.22790788352068655,0.3058998780754523,0.4265499828781988,0.3814149087787641,119.45905067291396,112.54094932708604,0.4086209498334849,0.3542088677240433,MLB-P2,synthetic,True
H-0114,Hitter 114,2016,MLB,MLB-T5,batter,30.6,536.0,143.3589310867345,0.05398430070120959,0.14567014350042193,0.04955688647612122,0.325950071926394,0.005,0.26162269147844797,0.2887697230318128,0.3821518936687606,0.30362782322695125,288.26236901600043,247.73763098399957,0.28691197843119054,0.32034366802271197,MLB-P3,synthetic,True
H-0115,Hitter 115,2016,MLB,MLB-T4,batter,23.6,240.0,63.006414872496315,0.06600935699014529,0.24158797470852428,0.09494583242599826,0.2498748037995475,0.033271785368047965,0.17800474869728528,0.25,0.419933312805953,0.3358275458884855,111.27507912513236,128.72492087486762,0.3327878109889824,0.3388672807879886,MLB-P2,synthetic,True
H-0116,Hitter 116,2016,MLB,MLB-T5,batter,27.4,231.0,55.82919943384036,0.17506702170090366,0.23942773332134948,0.1814857629851273,0.30698090674878115,0.060155852651772146,0.18876230890720183,0.33683205960939605,0.5121838536600054,0.5,117.23284746023243,113.76715253976757,0.46766589682124676,0.5,MLB-P5,synthetic,True
H-0118,Hitter 118,2016,MLB,MLB-T5,batter,33.2,308.0,76.98870544087488,0.02,0.22866791333579187,0.039714004480160256,0.2955353511213431,0.005,0.22279519204103815,0.25,0.3692675395922946,0.26378007535655823,145.52902203210834,162.47097796789166,0.28733822936734343,0.24022192134577303,MLB-P2,synthetic,True
H-0119,Hitter 119,2016,MLB,MLB-T7,batter,27.9,539.0,152.6133322255384,0.07184735689450518,0.21353815965172174,0.02,0.2707166078612594,0.03019457989958588,0.1979871958740694,0.25,0.34707166078612595,0.30321908448722174,273.1887764731513,265.8112235268487,0.3215411674903353,0.2848970014841082,MLB-P5,synthetic,True
H-0120,Hitter 120,2016,MLB,MLB-T7,batter,30.1,551.0,133.67451025202845,0.10200580869231529,0.2511870469822158,0.0837926072652853,0.29059046873017325,0.02916408220279699,0.19233060357798243,0.2711662008151219,0.4128516541383026,0.36544433811860555,288.4443999416512,262.5556000583488,0.344867704751741,0.3860209714854701,MLB-P2,synthetic,True
H-0001,Hitter 1,2017,MLB,MLB-T7,batter,33.6,182.0,44.927706648947066,0.02,0.23545606843426822,0.06827573901519365,0.3311132065549722,0.005,0.2472783286017752,0.25,0.4013870596706908,0.2919412787525968,93.24515063433394,88.75484936566606,0.29311832992525194,0.29076422757994164,MLB-P4,synthetic,True
H-0002,Hitter 2,2017,MLB,MLB-T2,batter,33.0,268.0,69.31068779062667,0.02,0.24537018583469625,0.07915794018560467,0.2592798760006369,0.005,0.19122472712315086,0.25,0.4050859277856684,0.27278482370230545,126.3312463422208,141.6687536577792,0.30305880685918823,0.24251084054542266,MLB-P4,synthetic,True
H-0003,Hitter 3,2017,MLB,MLB-T5,batter,22.6,243.0,66.79973693911087,0.03624861514329457,0.3093020408507426,0.15065971592983823,0.2863037491217462,0.025786589453050228,0.19123928921713212,0.25,0.47929009084201285,0.3516511170620736,116.7128101049984,126.2871898950016,0.3811206498603199,0.32218158426382726,MLB-P2,synthetic,True
H-0004,Hitter 4,2017,MLB,MLB-T4,batter,32.6,628.0,154.1465492331006,0.02,0.2864316716535711,0.06330313673541031,0.29889311525394013,0.005,0.20805279830093176,0.25,0.39319244826080435,0.2779293155433547,300.8051969940075,327.1948030059925,0.30161436221720306,0.25424426886950635,MLB-P1,synthetic,True
H-0005,Hitter 5,2017,MLB,MLB-T5,batter,30.0,398.0,101.33386550767734,0.04559099257927345,0.22247413953584427,0.16824267233769896,0.3235534598148697,0.024341212678458884,0.24047124076506207,0.2587290455562374,0.5005980183191859,0.37959796693704323,199.55475574586683,198.44524425413317,0.3973163684032681,0.36187956547081834,MLB-P3,synthetic,True
H-0007,Hitter 7,2017,MLB,MLB-T4,batter,31.8,617.0,174.38184642160007,0.02,0.2315734013439494,0.0742199043652297,0.31423812423201813,0.01798528453819325,0.23788196316775576,0.25,0.4056437167884315,0.3009910469664566,279.03241720174674,337.96758279825326,0.2905948386866335,0.31138725524627975,MLB-P5,synthetic,True
H-0008,Hitter 8,2017,MLB,MLB-T1,batter,25.3,330.0,81.89012066175542,0.03668936221804906,0.2261692390454137,0.13979220735191122,0.29760235674270463,0.03510892101956797,0.2246413556695424,0.25,0.46955244302618165,0.3583271213737433,156.40111864583355,173.59888135416645,0.338693254220941,0.3779609885265456,MLB-P2,synthetic,True
H-0009,Hitter 9,2017,MLB,MLB-T1,batter,29.8,541.0,133.31070948847167,0.09518099928441397,0.22323616029304555,0.18634531697921497,0.3171623333621278,0.02584761439444793,0.22004954620716694,0.2897361629276137,0.5180615503154278,0.42338629346940587,293.89717177849656,247.10282822150344,0.4285585496377527,0.41821403730105905,MLB-P5,synthetic,True
H-0010,Hitter 10,2017,MLB,MLB-T1,batter,23.2,234.0,58.78011357057616,0.02,0.2429013627341566,0.10243667292083,0.2616157241956714,0.008571724464430927,0.19412235246161075,0.25,0.4285982453403971,0.2896202255929293,120.4205925454758,113.5794074545242,0.2724512220261271,0.30678922915973156,MLB-P1,synthetic,True
H-0011,Hitter 11,2017,MLB,MLB-T4,batter,28.5,340.0,83.93094865988351,0.05832705099687619,0.24707053238726698,0.08119908439103615,0.29078024003950126,0.038229248108703706,0.2077110446518821,0.25,0.4102771083949862,0.341667839424542,168.38321157341045,171.61678842658955,0.33010517002767487,0.3532305088214091,MLB-P4,synthetic,True
H-0012,Hitter 12,2017,MLB,MLB-T1,batter,26.8,239.0,57.18274007172865,0.10068946482464747,0.25340956897109496,0.1403516801353756,0.3260570769659898,0.0416118365608252,0.21684235653419257,0.2902299877697094,0.4729573878319746,0.41924667929454895,111.67303531098881,127.32696468901119,0.46865449092007117,0.36983886766902674,MLB-P3,synthetic,True
H-0013,Hitter 13,2017,MLB,MLB-T3,batter,29.8,435.0,117.76634057461426,0.020604936579010826,0.18867282013966727,0.09140562366697616,0.305832080859003,0.03830844756891432,0.24757449617956262,0.25,0.4219888317528765,0.3262153797348184,237.86001949541966,197.13998050458034,0.3327391749276176,0.3196915845420192,MLB-P4,synthetic,True
H-0014,Hitter 14,2017,MLB,MLB-T5,batter,23.9,380.0,105.77591975068019,0.04596798199409685,0.26980066476036596,0.1835911814797397,0.2954460747535682,0.029014479670171053,0.20650563949024178,0.25,0.5131357889550965,0.3826718950766274,195.41046856519395,184.58953143480605,0.36390331329270253,0.4014404768605523,MLB-P5,synthetic,True
H-0015,Hitter 15,2017,MLB,MLB-T3,batter,27.9,188.0,52.352257031881585,0.07706851223482712,0.20234867354945674,0.11844994375443035,0.32212099773562547,0.028180235303591355,0.23634189036185002,0.28597188179450733,0.4506620435279929,0.3771999886100168,93.56260400112252,94.43739599887748,0.37507162363144964,0.37932835358858397,MLB-P1,synthetic,True
H-0016,Hitter 16,2017,MLB,MLB-T5,batter,29.4,197.0,49.758387870634245,0.09498587689563122,0.2718539086357993,0.189683753463171,0.29592536057080354,0.02486678417093685,0.19109818239133924,0.2636172251847601,0.5192762895202514,0.4167701601853103,91.43281167535004,105.56718832464996,0.41391681641046385,0.4196235039601568,MLB-P3,synthetic,True
H-0017,Hitter 17,2017,MLB,MLB-T6,batter,30.2,572.0,154.2298180421891,0.02,0.17249791988002286,0.05486327386815103,0.2857208746031111,0.01793661827493917,0.23341069331695222,0.25,0.3834353613284621,0.2803200631860172,309.6711383189831,262.3288616810169,0.264239286600412,0.2964008397716224,MLB-P1,synthetic,True
H-0018,Hitter 18,2017,MLB,MLB-T5,batter,25.1,574.0,153.09066477806857,0.07746180221184151,0.2817217798825186,0.13278573670212662,0.3032574541979291,0.022340238939813243,0.19768339134327254,0.25236092216391204,0.46311148212191955,0.3735017407495658,282.74106673917265,291.25893326082735,0.38458592931141755,0.3624175521877141,MLB-P2,synthetic,True
H-0020,Hitter 20,2017,MLB,MLB-T2,batter,29.4,281.0,72.78369043992042,0.037547757376661856,0.1506059447295885,0.14994411724833356,0.2736331701209702,0.03521582922714759,0.22743045052771244,0.25,0.4773074342604306,0.35621855049701917,133.60907725857206,147.39092274142794,0.36487183015599894,0.3475652708380394,MLB-P3,synthetic,True
H-0022,Hitter 22,2017,MLB,MLB-T1,batter,33.0,521.0,127.54297302679755,0.02,0.27691579733262817,0.15027083014594772,0.26520408744830004,0.005,0.18721080436771598,0.25,0.47679123889077774,0.3139703871871763,265.4492067947418,255.55079320525817,0.31968441138990483,0.30825636298444775,MLB-P3,synthetic,True
H-0023,Hitter 23,2017,MLB,MLB-T5,batter,27.6,276.0,76.01822840343281,0.09241245216344522,0.14743060390756715,0.21751314072245154,0.2803117176181411,0.015689630104602097,0.21543434312778184,0.2841852609143276,0.5455443124842657,0.4165507121722513,137.90080020309048,138.09919979690952,0.3997268469974545,0.43337457734704815,MLB-P5,synthetic,True
H-0024,Hitter 24,2017,MLB,MLB-T1,batter,28.7,480.0,134.73066819060412,0.09312256795797141,0.2587764552221484,0.23667762603469825,0.36573376241236216,0.029099713227462912,0.24139736565958134,0.30645173576588713,0.5732510022759345,0.46955505063870745,216.4638265804919,263.5361734195081,0.46496489879225533,0.47414520248515957,MLB-P3,synthetic,True
H-0025,Hitter 25,2017,MLB,MLB-T3,batter,22.1,348.0,88.11061902101503,0.02,0.27035499676780056,0.07625953320247401,0.3065864257793076,0.005,0.21831752511310523,0.25,0.4069181757804048,0.2877479922841184,158.28318643173048,189.71681356826952,0.2940656785390818,0.28143030602915503,MLB-P2,synthetic,True
H-0026,Hitter 26,2017,MLB,MLB-T7,batter,29.9,524.0,128.90843576086485,0.09228441879817857,0.26855210412454944,0.14097768510632497,0.2826040018654148,0.005,0.18138015646825037,0.25485155961960393,0.4692380852928664,0.36554822062009895,264.01659353879774,259.98340646120226,0.350296826997521,0.3807996142426769,MLB-P5,synthetic,True
H-0027,Hitter 27,2017,MLB,MLB-T7,batter,24.6,233.0,64.25572704330146,0.059154198957602294,0.3342349824770138,0.13546068978779932,0.3178572006127313,0.028953235251303347,0.19715860193828588,0.25,0.4672464098490724,0.3732192505942402,104.93112882185146,128.06887117814853,0.3497952949173423,0.39664320627113814,MLB-P4,synthetic,True
H-0028,Hitter 28,2017,MLB,MLB-T4,batter,25.7,390.0,102.70754939057808,0.04938851551527896,0.20221793435538643,0.3015157513165021,0.2667011846622168,0.043320785913694426,0.20609556430010983,0.25,0.6281858697827238,0.45273974603887235,194.2255562843203,195.7744437156797,0.4567941702394898,0.4486853218382549,MLB-P2,synthetic,True
H-0029,Hitter 29,2017,MLB,MLB-T2,batter,23.8,606.0,172.39628211234387,0.07876569431791648,0.25682389892129637,0.11495530004823452,0.29065336098136785,0.009111344778097864,0.1944798195127352,0.25256750033433495,0.4440206361463713,0.3482902876928373,273.88472828156415,332.11527171843585,0.3417075475936381,0.35487302779203656,MLB-P5,synthetic,True
H-0030,Hitter 30,2017,MLB,MLB-T4,batter,32.5,519.0,134.76743757333506,0.02,0.19379197266912723,0.02,0.29147297013759393,0.02569069822350374,0.23301199360567365,0.25,0.3491472970137594,0.27013716794931125,267.8953098114962,251.1046901885038,0.26288870732982933,0.2773856285687932,MLB-P3,synthetic,True
H-0031,Hitter 31,2017,MLB,MLB-T5,batter,26.3,524.0,133.59744544955143,0.07133286094173757,0.2307958015185636,0.1777706591397335,0.2885645144074435,0.039881954463829715,0.20736319680559076,0.2525756742141523,0.5066271105804778,0.4045982042461217,268.3675652200494,255.6324347799506,0.4243837942848502,0.3848126142073932,MLB-P3,synthetic,True
H-0033,Hitter 33,2017,MLB,MLB-T1,batter,25.6,472.0,123.44795168540388,0.13345766917776197,0.21504326889983952,0.18961967037452135,0.33105963766589375,0.031126771659432825,0.2203540591286139,0.327574208219491,0.5227256341411107,0.46159615480697247,215.19242971469052,256.80757028530945,0.4870465308654593,0.43614577874848565,MLB-P5,synthetic,True
H-0034,Hitter 34,2017,MLB,MLB-T5,batter,24.6,258.0,68.36437354083328,0.07158818351461067,0.21887351734991137,0.14361579778898279,0.29669942238473923,0.035915760576753636,0.21590696759985967,0.26105582667662264,0.47328574002745666,0.385269399597905,118.9614363346375,139.03856366536252,0.40457088965726085,0.3659679095385492,MLB-P1,synthetic,True
H-0035,Hitter 35,2017,MLB,MLB-T7,batter,28.8,396.0,94.66236353733396,0.09099823314193631,0.25561125641622023,0.02,0.2996389541535504,0.018970023241776872,0.19862675268891494,0.2672013574243199,0.34996389541535505,0.31664541807069724,193.38865511858734,202.61134488141266,0.3112301415498029,0.3220606945915916,MLB-P3,synthetic,True
H-0036,Hitter 36,2017,MLB,MLB-T5,batter,23.3,438.0,119.84197297797466,0.02,0.2165029809051517,0.1952090277680865,0.26622643962991,0.01594443530378428,0.20565475835723848,0.25,0.5218316717310775,0.34889421091632195,226.50208278580232,211.49791721419768,0.3558372132501455,0.3419512085824984,MLB-P4,synthetic,True
H-0037,Hitter 37,2017,MLB,MLB-T3,batter,33.3,214.0,57.72807016539161,0.02,0.23495370165950213,0.02,0.3219941347286282,0.005,0.24065053816691598,0.25,0.3521994134728628,0.2621979471550199,98.87468894656188,115.12531105343812,0.24200000895800775,0.282395885352032,MLB-P5,synthetic,True
H-0039,Hitter 39,2017,MLB,MLB-T4,batter,31.5,595.0,142.11233634920694,0.02211095517250443,0.2781764967971073,0.22682823363709065,0.35736607850306745,0.005,0.25080352936900907,0.25,0.5625648414873974,0.3898113245972265,289.1270615867763,305.8729384132237,0.38845145196116887,0.39117119723328414,MLB-P5,synthetic,True
H-0042,Hitter 42,2017,MLB,MLB-T2,batter,31.6,192.0,50.42589444136579,0.02,0.1876513345364307,0.22477954085253016,0.25635191909988586,0.005,0.20387010098781944,0.25,0.5504147327625188,0.35185191915385167,105.55567307442568,86.44432692557432,0.3296319682425996,0.37407187006510373,MLB-P1,synthetic,True
H-0043,Hitter 43,2017,MLB,MLB-T1,batter,25.6,354.0,90.30614166226124,0.1326164507723336,0.15573356158833232,0.08510979737166743,0.312152699460355,0.06435859756848772,0.23179725434781956,0.33254556901362536,0.4163250673177029,0.4268180867178138,184.21119718478045,169.78880281521955,0.4197572278840412,0.4338789455515864,MLB-P5,synthetic,True
H-0044,Hitter 44,2017,MLB,MLB-T1,batter,23.2,245.0,60.67590350017909,0.03408112116545978,0.2688347466755005,0.13835518490502807,0.2716398434281497,0.013454272985215898,0.1913739654637115,0.25,0.46551916924784303,0.32713492740013395,118.15467349142467,126.84532650857533,0.33014091990733835,0.32412893489292954,MLB-P1,synthetic,True
H-0045,Hitter 45,2017,MLB,MLB-T3,batter,30.0,528.0,141.78607818245754,0.04840161957762748,0.21784933728728872,0.17023840920416752,0.2753252861817712,0.03921486606336835,0.207901895196273,0.25,0.4977709378223446,0.3791694883872828,275.9438100367849,252.0561899632151,0.3904612549477484,0.3678777218268172,MLB-P4,synthetic,True
H-0048,Hitter 48,2017,MLB,MLB-T4,batter,23.0,412.0,105.53597294289158,0.05620450404986222,0.17498607434286081,0.16901398017942665,0.3144420860934334,0.009763297242756274,0.24321053292489153,0.2737759385544925,0.50045818878877,0.37114253958477056,214.32087100099028,197.67912899900972,0.3743092007390875,0.3679758784304536,MLB-P2,synthetic,True
H-0050,Hitter 50,2017,MLB,MLB-T1,batter,27.4,234.0,58.705969284482684,0.06614933695792909,0.22651992850488378,0.12090744223912105,0.29891367397375745,0.059535894281995135,0.2203612127173664,0.2564370826754895,0.45079880963649677,0.3910057198466777,112.95546586407819,121.04453413592181,0.3823804243998615,0.39963101529349393,MLB-P2,synthetic,True
H-0052,Hitter 52,2017,MLB,MLB-T2,batter,30.1,404.0,99.91385831697356,0.11023719105639483,0.14553939615205,0.1821553715659224,0.29846506007563295,0.01665864844003649,0.22462348287452955,0.3101494081040665,0.5120018775734857,0.41680704272323804,212.57516885501218,191.42483114498782,0.42863972842052217,0.4049743570259539,MLB-P1,synthetic,True
H-0053,Hitter 53,2017,MLB,MLB-T3,batter,28.3,246.0,65.46905473918346,0.06545233979090656,0.3058074463580217,0.2019644321415077,0.3279633126419126,0.051668816307761906,0.2139540457719463,0.25103569078411037,0.5347607634056989,0.43818616963311896,121.79148251826564,124.20851748173436,0.4295770671776277,0.4467952720886102,MLB-P4,synthetic,True
H-0054,Hitter 54,2017,MLB,MLB-T4,batter,25.3,204.0,49.29868936711953,0.08984461217838492,0.24036082292017658,0.20457491480578946,0.29956507429260737,0.0394020636732591,0.20655736814647294,0.2704269649143206,0.5345314222350501,0.43571706497639945,97.21347760844503,106.78652239155497,0.4157353035352515,0.4556988264175474,MLB-P3,synthetic,True
H-0055,Hitter 55,2017,MLB,MLB-T3,batter,23.0,637.0,169.33237817702476,0.05067514513225574,0.2078214222270712,0.15049363355910772,0.29853188400772146,0.02435440662667044,0.2250155777384133,0.25,0.4803468219598799,0.3646492254167941,318.3271197422411,318.6728802577589,0.37869092229073975,0.3506075285428485,MLB-P2,synthetic,True
H-0057,Hitter 57,2017,MLB,MLB-T6,batter,28.9,495.0,137.04200148182053,0.11390035835886038,0.2465722709306299,0.082109000002607,0.26264066645395845,0.02390904303850851,0.17155225131473228,0.2650696637319208,0.4083730666480028,0.35833257284617925,228.2635627894248,266.7364372105752,0.34012853117409214,0.37653661451826637,MLB-P1,synthetic,True
H-0058,Hitter 58,2017,MLB,MLB-T3,batter,28.1,428.0,112.50204745174412,0.06311634046875045,0.24935435502500844,0.21554736516448716,0.321734924704383,0.005,0.22195218901737226,0.2621983105843855,0.5477208576349255,0.3998397128151273,208.56570065323564,219.43429934676436,0.4055029156186151,0.3941765100116395,MLB-P4,synthetic,True
H-0059,Hitter 59,2017,MLB,MLB-T6,batter,23.3,533.0,129.85939995098994,0.06033456735210068,0.25447809428298807,0.21286456997519027,0.25733858645494256,0.019201622649717556,0.17920538450910833,0.25,0.5385984286206845,0.3866596762768008,263.1841785558405,269.8158214441595,0.36418749551057095,0.4091318570430307,MLB-P2,synthetic,True
H-0060,Hitter 60,2017,MLB,MLB-T2,batter,29.9,206.0,54.114923021576374,0.05131399487002446,0.311329717298903,0.1320582149761661,0.3182260460211904,0.005980992027950766,0.2037205201874186,0.25,0.46388081957828514,0.3453138235784808,95.83193969850817,110.16806030149183,0.3392749795371617,0.3513526676197999,MLB-P2,synthetic,True
H-0061,Hitter 61,2017,MLB,MLB-T4,batter,25.6,196.0,48.14105291298774,0.10901419350668025,0.23110485840506967,0.18618672538782002,0.313824590104784,0.021412308972130836,0.21029871439757092,0.2953923747532564,0.5175691843982985,0.4278223190295693,98.15068048282099,97.84931951717901,0.4378756408844432,0.4177689971746954,MLB-P4,synthetic,True
H-0062,Hitter 62,2017,MLB,MLB-T5,batter,30.6,608.0,147.14521063407562,0.057476262631262674,0.25150849615705695,0.1838028322820942,0.2797452241116257,0.008741075691113532,0.19461937487097763,0.25,0.5117773546932568,0.36710273815810684,325.6963691983026,282.3036308016974,0.3617949578450591,0.3724105184711546,MLB-P5,synthetic,True
H-0063,Hitter 63,2017,MLB,MLB-T3,batter,33.7,574.0,155.26734840800935,0.02,0.2650023444437306,0.05195175320299711,0.2821166122865794,0.005,0.2024627163783813,0.25,0.380163414431655,0.2658142785619512,312.374687912736,261.625312087264,0.2656022496737918,0.26602630745011063,MLB-P3,synthetic,True
H-0065,Hitter 65,2017,MLB,MLB-T7,batter,25.4,478.0,120.13563527801283,0.11717501970051118,0.21726543918316,0.1814574020674983,0.34274445033526796,0.005,0.2288668390853093,0.3224801748772896,0.5157318471010252,0.4262846425448257,219.3144355109748,258.6855644890252,0.41941612313279186,0.4331531619568595,MLB-P3,synthetic,True
H-0066,Hitter 66,2017,MLB,MLB-T4,batter,23.2,375.0,89.80758017267037,0.020887349586347984,0.1878607341731534,0.16605937372789198,0.3148810008918671,0.013860857546050605,0.2512293239753236,0.25,0.4975474738170787,0.3486369223643832,177.11209808693977,197.88790191306023,0.3484306066702447,0.3488432380585217,MLB-P3,synthetic,True
H-0067,Hitter 67,2017,MLB,MLB-T1,batter,33.8,505.0,125.78671809339761,0.02,0.2706482714468838,0.02,0.31137814786427814,0.005,0.2216266274211935,0.25,0.3511378147864278,0.25848235175249734,248.07770942571963,256.9222905742804,0.2559742491978423,0.2609904543071524,MLB-P2,synthetic,True
H-0068,Hitter 68,2017,MLB,MLB-T4,batter,24.7,507.0,125.28654709718461,0.05230311557040491,0.22849732323075853,0.21128231065037792,0.2978571067307461,0.022929302509745886,0.2176580958371695,0.25,0.5410680213234524,0.3977038113715237,239.4469650546885,267.55303494531154,0.4101857937933805,0.38522182894966694,MLB-P4,synthetic,True
H-0069,Hitter 69,2017,MLB,MLB-T3,batter,22.3,339.0,87.19444230527755,0.02,0.2607118126727648,0.14588946707691341,0.27767816644942844,0.00949189369362339,0.2011544090598032,0.25,0.4736572837218562,0.3199692694738634,171.3330101846167,167.6669898153833,0.2946647758947353,0.3452737630529915,MLB-P4,synthetic,True
H-0071,Hitter 71,2017,MLB,MLB-T3,batter,31.9,558.0,139.3908379044281,0.02,0.2812160157203773,0.08767007428684916,0.32333109877940064,0.005,0.2266885934465778,0.25,0.4200031841647892,0.29988442543055727,269.9350805655229,288.0649194344771,0.2977823985041372,0.30198645235697735,MLB-P4,synthetic,True
H-0072,Hitter 72,2017,MLB,MLB-T2,batter,30.7,181.0,49.58228378189758,0.04276786371763439,0.30684414358921563,0.14196370226013355,0.270822736740899,0.005,0.1768898561245787,0.25,0.4690459759342234,0.3273054987047322,90.63007371417673,90.36992628582327,0.33076709062906134,0.32384390678040303,MLB-P1,synthetic,True
H-0073,Hitter 73,2017,MLB,MLB-T1,batter,22.5,510.0,124.72145487554367,0.02,0.2242842659710445,0.16603410844940167,0.3410272989850397,0.005,0.2584696955763913,0.2519477260187522,0.5001368383479056,0.34917831429193485,239.54042143678274,270.4595785632173,0.38131954239116606,0.31703708619270365,MLB-P4,synthetic,True
H-0074,Hitter 74,2017,MLB,MLB-T5,batter,23.0,576.0,163.15744890122218,0.02,0.2687301951189282,0.08360311889428468,0.2511532203583872,0.01931910393189685,0.18153556762934742,0.25,0.4087184409301234,0.2852725360559993,299.1869026380283,276.8130973619717,0.28096608393306577,0.2895789881789328,MLB-P5,synthetic,True
H-0078,Hitter 78,2017,MLB,MLB-T7,batter,29.5,395.0,104.81861035386036,0.06241424071305077,0.25481836518872203,0.19070356118181378,0.288660994003894,0.02679035346266835,0.20110686767324293,0.25,0.5195696605822032,0.39371959316689753,181.82398468284578,213.17601531715422,0.3891908949506438,0.39824829138315126,MLB-P4,synthetic,True
H-0079,Hitter 79,2017,MLB,MLB-T3,batter,22.3,488.0,117.07294611595378,0.02,0.20325696518693953,0.02,0.23971875941528564,0.005,0.18694987668985086,0.25,0.34397187594152856,0.23340156579534999,265.72407725203504,222.27592274796496,0.22288967663156586,0.2439134549591341,MLB-P1,synthetic,True
H-0080,Hitter 80,2017,MLB,MLB-T3,batter,30.3,507.0,121.11027388982546,0.05672251225210321,0.3313507021970645,0.16021994241838655,0.2563477836096155,0.025501791314420718,0.16069134390447545,0.25,0.4858547207793481,0.36050006335292895,272.4300492548255,234.56995074517448,0.3556804146948607,0.36531971201099717,MLB-P4,synthetic,True
H-0082,Hitter 82,2017,MLB,MLB-T6,batter,32.9,595.0,163.93496072530203,0.02,0.3977561764598683,0.06905498329966049,0.3215426891437517,0.005,0.18796624475843401,0.25,0.40120925221403564,0.28902018201512636,318.0599062319633,276.9400937680367,0.2743597727197321,0.3036805913105206,MLB-P3,synthetic,True
H-0084,Hitter 84,2017,MLB,MLB-T3,batter,25.9,204.0,55.8846915005103,0.09042475417955413,0.26374872994566484,0.17443394937617712,0.3157588960071503,0.009007124572516177,0.2052765363506426,0.2739576750778428,0.5060098389768921,0.3978580258003525,96.18032762874694,107.81967237125306,0.40719245539122817,0.38852359620947685,MLB-P1,synthetic,True
H-0085,Hitter 85,2017,MLB,MLB-T5,batter,32.1,472.0,119.23097845700536,0.02,0.2757518004568069,0.02,0.2962812564040348,0.005,0.20940554138093664,0.25,0.34962812564040346,0.2531984397414122,225.94469780810218,246.05530219189782,0.25655430211630526,0.24984257736651916,MLB-P4,synthetic,True
H-0086,Hitter 86,2017,MLB,MLB-T1,batter,33.4,376.0,102.12931541906734,0.02,0.31658977246396275,0.02,0.2836974143504928,0.005,0.18895776620564583,0.25,0.3483697414350493,0.2487940950226725,204.58438880127557,171.41561119872443,0.252476948737598,0.24511124130774697,MLB-P2,synthetic,True
H-0087,Hitter 87,2017,MLB,MLB-T4,batter,26.5,504.0,139.8051792312227,0.14235624972204008,0.25799530528643494,0.13444296043711126,0.2949943845181986,0.03162981618514372,0.18163739638534132,0.30155988128385286,0.46394239888893113,0.42530787219383814,228.95863195432196,275.04136804567804,0.42433737097059526,0.426278373417081,MLB-P3,synthetic,True
H-0089,Hitter 89,2017,MLB,MLB-T3,batter,23.5,502.0,120.06739568074124,0.06937098310374691,0.30257038122414764,0.12377182486224671,0.27450774484143536,0.04194967126556964,0.1786994103963738,0.25,0.4512225993463902,0.37046660668037357,270.88842013217146,231.11157986782854,0.36363495174032884,0.3772982616204183,MLB-P4,synthetic,True
H-0090,Hitter 90,2017,MLB,MLB-T3,batter,27.5,541.0,144.7540076080841,0.131114029951678,0.1802710876125399,0.22551258532060475,0.28981053841882504,0.05006530053101806,0.20707764492158262,0.3107250948094149,0.5544936391624873,0.4823042018170123,290.19043597982613,250.80956402017387,0.49073869948790433,0.47386970414612023,MLB-P1,synthetic,True
H-0091,Hitter 91,2017,MLB,MLB-T1,batter,25.4,368.0,94.80030253482998,0.05419328130981698,0.1899008152589142,0.1092389910561433,0.3171887479319771,0.008367947712636138,0.24102003922064957,0.2699816436671957,0.44095786584934105,0.3365639567153152,194.14410413556834,173.85589586443166,0.32255889494904666,0.3505690184815837,MLB-P2,synthetic,True
H-0092,Hitter 92,2017,MLB,MLB-T2,batter,32.0,563.0,139.5379608956811,0.02,0.324218960357716,0.02,0.28734289379097455,0.005,0.18918402162406767,0.25,0.34873428937909745,0.2500700128268411,253.47715797518046,309.5228420248195,0.26500650030179407,0.23513352535188814,MLB-P4,synthetic,True
H-0093,Hitter 93,2017,MLB,MLB-T2,batter,26.2,386.0,96.24326324798629,0.08941884904251923,0.221981417143654,0.1468322377313589,0.3133036631652885,0.033749182952693184,0.2208031965014185,0.2835855861951823,0.47816260404788774,0.40338147184728573,192.50237832798507,193.49762167201493,0.4076125517906952,0.39915039190387624,MLB-P2,synthetic,True
H-0094,Hitter 94,2017,MLB,MLB-T7,batter,32.1,632.0,164.39231547600716,0.02,0.3106006306547277,0.11248956948508697,0.3105157573790847,0.005,0.20860905216132886,0.25,0.4435411452229954,0.3090497782994775,339.13727812592026,292.86272187407974,0.30619134358262245,0.31190821301633254,MLB-P1,synthetic,True
H-0095,Hitter 95,2017,MLB,MLB-T2,batter,27.8,545.0,140.29290676195598,0.08649374558122525,0.21162557005713883,0.09528098352396465,0.28305307943550717,0.020320255508290384,0.20171752743110585,0.26529628577560127,0.42358629146751536,0.35030697060492705,284.23018923253505,260.76981076746495,0.3249185605013529,0.37569538070850117,MLB-P3,synthetic,True
H-0096,Hitter 96,2017,MLB,MLB-T4,batter,24.0,505.0,126.3530015828622,0.044929973854301974,0.18572878760906372,0.1546582994117963,0.2918361650447311,0.013758274772329751,0.2265853378811445,0.25,0.48384191591626935,0.351038151435252,256.39544074277364,248.60455925722636,0.3456332376238622,0.3564430652466418,MLB-P5,synthetic,True
H-0097,Hitter 97,2017,MLB,MLB-T1,batter,25.5,197.0,47.05825878811172,0.09324834924198908,0.2732726842851499,0.14943646034464522,0.2996168068438592,0.03847046314355193,0.19557151460887956,0.2640691998656012,0.47939814102903117,0.4069531968834947,96.78498754558825,100.21501245441175,0.4068474987754624,0.407058894991527,MLB-P1,synthetic,True
H-0098,Hitter 98,2017,MLB,MLB-T5,batter,33.6,379.0,90.40281650126725,0.02,0.29395534343328433,0.03456647855813766,0.29028282843624187,0.005,0.1998969833417564,0.25,0.36359476140176183,0.25911055315966036,179.7417933964989,199.2582066035011,0.24179953726584724,0.2764215690534735,MLB-P2,synthetic,True
H-0099,Hitter 99,2017,MLB,MLB-T2,batter,33.4,279.0,74.6508666271019,0.02,0.3533247358268572,0.02908260708262371,0.30189114379541293,0.005,0.18993771228952264,0.25,0.359271721462165,0.2601573342238376,138.4596695037956,140.5403304962044,0.24912474860919204,0.2711899198384831,MLB-P4,synthetic,True
H-0100,Hitter 100,2017,MLB,MLB-T6,batter,28.5,210.0,57.70285108751464,0.09140756520201411,0.16181811368792576,0.21100380904430727,0.36616537322768944,0.009862243209763687,0.2749222344875841,0.33750617340752176,0.5476203463670761,0.4370712901342575,103.99451564097426,106.00548435902574,0.4481917880982211,0.4259507921702939,MLB-P1,synthetic,True
H-0101,Hitter 101,2017,MLB,MLB-T5,batter,30.8,270.0,73.32729916309671,0.021058972325539854,0.3317180786510273,0.05418180367756158,0.3037936467430443,0.026556461564217634,0.20060568917424876,0.25,0.384561168351866,0.29476986441839814,137.7592628597689,132.2407371402311,0.28468498041618084,0.30485474842061544,MLB-P5,synthetic,True
H-0102,Hitter 102,2017,MLB,MLB-T7,batter,33.7,624.0,159.79016849263465,0.02,0.2210062010617585,0.02,0.2642856401138487,0.005,0.20134116199483493,0.25,0.3464285640113849,0.24199997403984708,326.06524144600337,297.93475855399663,0.24222007154738362,0.24177987653231053,MLB-P4,synthetic,True
H-0103,Hitter 103,2017,MLB,MLB-T4,batter,28.5,638.0,157.13517332376483,0.07877528664614888,0.11013290208288976,0.20184336673686806,0.27463231237801944,0.059392741914484744,0.231660930967393,0.27925210435834713,0.52930659797467,0.4357313294129247,328.55354217119054,309.44645782880946,0.44090380505508037,0.430558853770769,MLB-P1,synthetic,True
H-0104,Hitter 104,2017,MLB,MLB-T5,batter,22.4,567.0,153.3109699887501,0.02,0.2895083157775217,0.1446230946212963,0.3090626123994406,0.005,0.21415516376588875,0.25,0.47552935586124034,0.3262146163815172,271.17319762492554,295.82680237507446,0.32684722186863446,0.3255820108944,MLB-P2,synthetic,True
H-0105,Hitter 105,2017,MLB,MLB-T4,batter,30.7,461.0,111.89442382779582,0.03399650705320105,0.2522227838041901,0.05857748699151713,0.3052323919706225,0.005,0.21861899319408568,0.25,0.3891007261885794,0.28734650997229305,231.44785630012564,229.55214369987436,0.29748989166833195,0.27720312827625415,MLB-P2,synthetic,True
H-0106,Hitter 106,2017,MLB,MLB-T7,batter,21.9,473.0,129.38905075787744,0.04545809749154643,0.2546479874063291,0.08493454693699283,0.3222681701642627,0.005,0.22630353132906347,0.25,0.4171613639534191,0.31582852861692046,239.00666919055402,233.99333080944598,0.30352561191820737,0.32813144531563354,MLB-P2,synthetic,True
H-0107,Hitter 107,2017,MLB,MLB-T5,batter,29.9,510.0,143.54643651657145,0.06365374914720748,0.21159401608110884,0.19473965250242742,0.28469440225653364,0.029966619010467613,0.2108278971139816,0.25,0.5232090927280808,0.39827743117858794,259.70620476592296,250.29379523407704,0.4056141462222337,0.3909407161349422,MLB-P5,synthetic,True
H-0108,Hitter 108,2017,MLB,MLB-T1,batter,28.9,599.0,158.49218526373193,0.03923418055550694,0.11034064315089427,0.2372533943038513,0.3626443946055668,0.022762718081333656,0.31181633092652455,0.316795911448399,0.573517833764408,0.42536527764112175,300.0730943139236,298.9269056860764,0.41984978332242684,0.43088077195981667,MLB-P5,synthetic,True
H-0109,Hitter 109,2017,MLB,MLB-T1,batter,26.0,201.0,52.02665821332735,0.07711586463200182,0.18619278018111424,0.1405212336939431,0.2645791673832997,0.05837343809661602,0.20366920108831285,0.2525377314684402,0.46697915043227306,0.3964065866451793,109.03431032170485,91.96568967829515,0.4001324976208774,0.3926806756694812,MLB-P4,synthetic,True
H-0110,Hitter 110,2017,MLB,MLB-T6,batter,23.5,473.0,125.81677382958314,0.022876916158816443,0.26665610265852857,0.2345933611440026,0.2763374778286443,0.012272248165561953,0.19816949088538008,0.25,0.562227108926867,0.3728033305294042,240.90402301086763,232.09597698913237,0.37000759413999645,0.3755990669188119,MLB-P2,synthetic,True
H-0111,Hitter 111,2017,MLB,MLB-T5,batter,23.5,571.0,139.3922382483438,0.06432048678471629,0.13384072505800765,0.11868293598873383,0.3075593828016072,0.04864882953294286,0.25391036722198196,0.28627222529755275,0.44943887426889456,0.3817296861033161,270.48862993771854,300.51137006228146,0.37013710549621964,0.39332226671041254,MLB-P1,synthetic,True
H-0112,Hitter 112,2017,MLB,MLB-T2,batter,29.5,449.0,112.56891629948771,0.10354278110703279,0.15996897898378765,0.18843132366127296,0.3221592794723189,0.02017592236272287,0.24029290906338607,0.3170826497451127,0.5206472516085049,0.4270312527303853,214.08171266311044,234.91828733688956,0.4290106122503239,0.4250518932104467,MLB-P1,synthetic,True
H-0113,Hitter 113,2017,MLB,MLB-T7,batter,25.3,610.0,157.8660845538303,0.10831698587209972,0.22097016198316413,0.03882173175070585,0.297591827211768,0.005874891797448908,0.20047989697378577,0.2879557827558513,0.3685809144718826,0.32661838471518084,281.22373749559534,328.77626250440466,0.31950711298597634,0.33372965644438535,MLB-P3,synthetic,True
H-0114,Hitter 114,2017,MLB,MLB-T4,batter,30.8,494.0,139.10875769555474,0.03537567135247239,0.16136688888029574,0.02,0.29739954349201353,0.014784318552526255,0.24110604367621724,0.25037522765647685,0.34973995434920135,0.273158696866209,230.5856787735013,263.4143212264987,0.2787734702767605,0.26754392345565753,MLB-P2,synthetic,True
H-0116,Hitter 116,2017,MLB,MLB-T6,batter,27.6,432.0,110.84943168520566,0.1447652115599393,0.23200286030820125,0.20869685161036353,0.3186501928898189,0.057811954245396716,0.20726476725112028,0.323498888262819,0.5405618708993454,0.4996772428099511,205.1784085118375,226.8215914881625,0.5,0.49677461850500915,MLB-P3,synthetic,True
H-0118,Hitter 118,2017,MLB,MLB-T3,batter,33.4,352.0,91.63654706056563,0.02,0.2659599252419127,0.03737099111621976,0.3033668978408629,0.005,0.21736612241341877,0.25,0.36770768090030603,0.2652324593582229,184.13867467065714,167.86132532934286,0.27586032016987017,0.2546045985465757,MLB-P1,synthetic,True
H-0119,Hitter 119,2017,MLB,MLB-T7,batter,28.0,542.0,138.4332163973842,0.052382375390826956,0.1816234009741884,0.07398880388488446,0.2851660477218837,0.039481967592278025,0.22435784047062302,0.25,0.4025054086570728,0.3327033924459748,261.3220552077638,280.6779447922362,0.3510652739835024,0.3143415109084472,MLB-P3,synthetic,True
H-0120,Hitter 120,2017,MLB,MLB-T1,batter,30.2,364.0,87.40773617043493,0.09191873052831134,0.23259364270937083,0.09133530077292511,0.2925396733011367,0.04482498072574855,0.2043306767608709,0.2697649672151191,0.42058926810303876,0.3773088951034983,172.8924582332225,191.1075417667775,0.3928116424770483,0.3618061477299483,MLB-P3,synthetic,True
H-0001,Hitter 1,2018,MLB,MLB-T7,batter,33.7,440.0,124.60759572321881,0.02,0.23132994995863954,0.06554369588148101,0.3349361141376152,0.005,0.2515066373320672,0.25,0.3990373072952425,0.2917766726829799,222.66951383242184,217.33048616757816,0.2650425615218713,0.31851078384408854,MLB-P5,synthetic,True
H-0003,Hitter 3,2018,MLB,MLB-T3,batter,22.8,232.0,65.12396246519904,0.047178064009114035,0.2858978291475247,0.1015865000504781,0.2805179705518637,0.01032905330966264,0.18863355496026343,0.25,0.4296382971056645,0.3163746575059914,127.42066234519805,104.57933765480195,0.32426188549331414,0.3084874295186687,MLB-P3,synthetic,True
H-0004,Hitter 4,2018,MLB,MLB-T1,batter,32.7,270.0,65.19077530383663,0.02,0.2859696409858822,0.07974470470929332,0.280677654532968,0.005,0.1955488133427563,0.25,0.40781247016259015,0.2805967666766501,144.0406712558762,125.95932874412381,0.29910362279385366,0.2620899105594466,MLB-P3,synthetic,True
H-0005,Hitter 5,2018,MLB,MLB-T5,batter,30.2,404.0,108.45109052375143,0.06297543466959797,0.19646963633751707,0.1380041209508786,0.32327437487658117,0.02241445833360506,0.24276460048198656,0.2784376232283492,0.4703315584385367,0.37330411449874973,195.82157413654565,208.17842586345435,0.39622368217959497,0.3503845468179045,MLB-P4,synthetic,True
H-0006,Hitter 6,2018,MLB,MLB-T3,batter,24.3,617.0,172.24091581429786,0.13671640589618136,0.2104618967816599,0.14503557503163345,0.29306018496294467,0.02892305396323679,0.19565450545954083,0.30890084852473115,0.47434159352792793,0.4240728636986691,306.44608448942967,310.55391551057033,0.44601062368796873,0.40213510370936945,MLB-P5,synthetic,True
H-0009,Hitter 9,2018,MLB,MLB-T6,batter,30.0,277.0,70.66386452796678,0.06668054213915175,0.23748755181888712,0.15636699409850635,0.2941926077748823,0.025460358331209305,0.20852765676113283,0.25091828484945805,0.4857862548759946,0.3785599614708819,130.81666717793007,146.18333282206993,0.40215764690398137,0.3549622760377824,MLB-P3,synthetic,True
H-0010,Hitter 10,2018,MLB,MLB-T6,batter,23.4,299.0,82.11885980209793,0.02,0.25011056191579273,0.0904843954553558,0.2813536734640796,0.0169153569993159,0.20789437817752196,0.25,0.4186197628017638,0.2974640245122579,156.3856790126892,142.6143209873108,0.30621423050472696,0.28871381851978883,MLB-P3,synthetic,True
H-0011,Hitter 11,2018,MLB,MLB-T1,batter,28.6,391.0,108.34948724039418,0.054152121315665235,0.25952280384242793,0.11495833791395743,0.26872744001752613,0.021980250452124834,0.18773141794992135,0.25,0.44183108191571,0.3349704001866888,192.90625467654738,198.09374532345262,0.359345190909349,0.31059560946402853,MLB-P3,synthetic,True
H-0012,Hitter 12,2018,MLB,MLB-T7,batter,26.9,247.0,62.89554542746809,0.09775660462869105,0.23157244977500688,0.16314335530783236,0.26523273528455055,0.037632782328436656,0.18352880672564867,0.2578521050674359,0.4896666288362874,0.4048594301045772,134.82440200810836,112.17559799189164,0.4024749084811389,0.4072439517280155,MLB-P2,synthetic,True
H-0013,Hitter 13,2018,MLB,MLB-T6,batter,29.9,312.0,79.23455950768115,0.02,0.18480086780538565,0.105305584710841,0.32583938464769796,0.026641060031399617,0.26310335491138653,0.25319647631600894,0.4378895231756108,0.32993881024591654,162.09777340256227,149.90222659743773,0.34029391266645426,0.3195837078253788,MLB-P2,synthetic,True
H-0015,Hitter 15,2018,MLB,MLB-T2,batter,28.0,397.0,110.92520381242315,0.08173639626520814,0.18117923197598793,0.0822626036652103,0.3072427187495641,0.039331124003266466,0.2323634749274793,0.2855538219594985,0.41298687554016666,0.3653928725667986,196.5752272911045,200.4247727088955,0.3856630788980859,0.3451226662355113,MLB-P1,synthetic,True
H-0017,Hitter 17,2018,MLB,MLB-T1,batter,30.4,382.0,105.52984010223715,0.02,0.1446902973525436,0.08150905660848556,0.28270445883886536,0.010322566613728445,0.23769416244186195,0.25,0.4097795024923721,0.2870668516806255,178.1087677898858,203.8912322101142,0.30263669103093715,0.27149701233031387,MLB-P2,synthetic,True
H-0019,Hitter 19,2018,MLB,MLB-T5,batter,29.0,498.0,139.50050627500462,0.04900600867210071,0.18547601825231022,0.23331161625569272,0.27188025895500967,0.03312587069557048,0.21309810535884086,0.25,0.5604996421511936,0.4075969692713683,225.90224096550463,272.09775903449537,0.41298928019206593,0.40220465835067065,MLB-P3,synthetic,True
H-0020,Hitter 20,2018,MLB,MLB-T5,batter,29.5,403.0,104.29270206977846,0.05027301473068055,0.13975248188694836,0.12707690153071124,0.3114485214776781,0.02938000322037302,0.25667236199611204,0.27731184009243104,0.458221753678479,0.36053239156889055,200.0518610050469,202.9481389949531,0.35157736519107485,0.36948741794670625,MLB-P4,synthetic,True
H-0021,Hitter 21,2018,MLB,MLB-T3,batter,27.9,301.0,78.9433442131646,0.12453291283454028,0.21482206998712086,0.13691742671782733,0.29465342408983275,0.019071931190964387,0.1975221060981286,0.2997280976120758,0.4663827691268106,0.40277106018229264,140.3420402159496,160.6579597840504,0.3863150845992643,0.419227035765321,MLB-P2,synthetic,True
H-0023,Hitter 23,2018,MLB,MLB-T3,batter,27.8,544.0,155.23105629147418,0.0734657433649307,0.16554101295708662,0.16206044448518703,0.27041458987443584,0.02350527715296628,0.20930946745934323,0.25867105166268917,0.4891019034726306,0.37635912071602656,252.13725811983016,291.86274188016984,0.3595868282944216,0.3931314131376315,MLB-P4,synthetic,True
H-0024,Hitter 24,2018,MLB,MLB-T7,batter,28.9,529.0,149.67457390767981,0.10972913088286791,0.27435895540073335,0.24175059447328975,0.3348416866927634,0.02254691738176687,0.20961502165023171,0.29533881652153793,0.575234763142566,0.46726003456437426,255.69847734215557,273.30152265784443,0.45182215691530814,0.4826979122134404,MLB-P5,synthetic,True
H-0025,Hitter 25,2018,MLB,MLB-T5,batter,22.3,555.0,149.45122543391568,0.02,0.26102628540504064,0.05836393513901868,0.2802015012459196,0.005,0.2022075141858629,0.25,0.3863840852636106,0.26867068976253217,300.2182972462757,254.7817027537243,0.30064476936091095,0.23669661016415341,MLB-P2,synthetic,True
H-0026,Hitter 26,2018,MLB,MLB-T7,batter,30.1,349.0,91.13242718237088,0.0886837993221706,0.23111634784716295,0.13676004406617356,0.28443637515107734,0.005,0.19422358051745103,0.26281002178787655,0.4652036815812813,0.36134941506479196,170.10272243337545,178.89727756662455,0.38276911160141874,0.33992971852816517,MLB-P2,synthetic,True
H-0027,Hitter 27,2018,MLB,MLB-T6,batter,24.8,330.0,79.90299739375162,0.054267435924187674,0.33645989611418387,0.1366705325029917,0.3161034009895755,0.02449255190907499,0.1962670452590244,0.25,0.4682808726019493,0.3658354850880957,155.40793022360194,174.59206977639806,0.35814731192292976,0.37352365825326167,MLB-P2,synthetic,True
H-0028,Hitter 28,2018,MLB,MLB-T4,batter,25.8,364.0,88.84498451211196,0.09095206110898016,0.1921681553986284,0.2524402618634562,0.26001770805980545,0.04283565874983246,0.19282678707057604,0.25871335554127123,0.5784420326694367,0.45206687749696817,189.80609779066347,174.19390220933653,0.4590801243765995,0.4450536306173368,MLB-P5,synthetic,True
H-0029,Hitter 29,2018,MLB,MLB-T1,batter,24.0,188.0,50.545016094205444,0.07348830953984606,0.25117935358162613,0.1425048158452807,0.3123617602531616,0.02167552544609918,0.2141993263201729,0.2633415072927783,0.4737409918705968,0.3786540543828924,100.69342081747166,87.30657918252834,0.3686774318024733,0.3886306769633115,MLB-P5,synthetic,True
H-0030,Hitter 30,2018,MLB,MLB-T2,batter,32.7,615.0,162.56276613684207,0.02,0.1936677492694895,0.020454372287629224,0.264544230744832,0.014066634044595391,0.21012965548604456,0.25,0.3469087953621124,0.2505003561590231,330.4109707016531,284.5890292983469,0.2418547274457665,0.2591459848722797,MLB-P1,synthetic,True
H-0031,Hitter 31,2018,MLB,MLB-T1,batter,26.5,539.0,151.1338077501279,0.07630925673624149,0.22444823790884127,0.21474742343825745,0.3014194907607705,0.026171706966548042,0.21469107592734674,0.2659980446303696,0.5448893725143344,0.4205789206425736,292.8948202484373,246.10517975156267,0.42574117388545146,0.4154166673996957,MLB-P2,synthetic,True
H-0032,Hitter 32,2018,MLB,MLB-T6,batter,23.5,550.0,139.25088451367156,0.042688075844549034,0.2973414117244448,0.14051848591741636,0.28553087903625624,0.005,0.18919196055243365,0.25,0.46907157382104203,0.331602628008453,298.5431677792063,251.45683222079367,0.3110992673681978,0.35210598864870823,MLB-P2,synthetic,True
H-0033,Hitter 33,2018,MLB,MLB-T3,batter,25.7,559.0,139.1151952415347,0.12273105773394702,0.2352951730635739,0.15011323698972037,0.325134729468803,0.017222929274214264,0.21131140716684796,0.31058622873209124,0.4826267099366007,0.41777181241898304,294.96545549090433,264.03454450909567,0.4255019147300744,0.41004171010789164,MLB-P1,synthetic,True
H-0035,Hitter 35,2018,MLB,MLB-T1,batter,29.0,312.0,82.87056118151679,0.08389517866490351,0.2652001409846277,0.04474461336302236,0.31278199026470704,0.00952558647620919,0.20502009936406398,0.2671273139182729,0.3760228123894931,0.3213828868363305,159.15642612318064,152.84357387681936,0.27345358656791846,0.3693121871047425,MLB-P4,synthetic,True
H-0036,Hitter 36,2018,MLB,MLB-T1,batter,23.5,264.0,72.52423930591675,0.02,0.21211850589067732,0.18313581285666952,0.2513926398612762,0.02020117018860873,0.1960699314330549,0.25,0.5082750768427972,0.34089317419236276,118.91156445181477,145.08843554818523,0.3498205442886156,0.33196580409610993,MLB-P4,synthetic,True
H-0038,Hitter 38,2018,MLB,MLB-T4,batter,23.3,252.0,62.467107885005994,0.02149411342170532,0.2115975093413909,0.13374922243081294,0.31500108548321537,0.013454491436364333,0.2435951450112506,0.25,0.46524933097913446,0.3309673739439941,129.29176774860386,122.70823225139614,0.3346841498266973,0.3272505980612909,MLB-P1,synthetic,True
H-0039,Hitter 39,2018,MLB,MLB-T7,batter,31.7,303.0,77.66133366591363,0.026556576606056675,0.27094050934701247,0.22995759353820078,0.34858601995811056,0.005,0.24563269481659425,0.25,0.5648161955340119,0.39157138705558875,157.47490461263533,145.52509538736467,0.4107929135174386,0.3723498605937389,MLB-P2,synthetic,True
H-0040,Hitter 40,2018,MLB,MLB-T4,batter,31.6,636.0,164.75666252354324,0.02,0.2465941932195586,0.1277307717007979,0.3169872539050973,0.005,0.23323029268938453,0.25,0.4594294970913076,0.31969746330222293,345.2197442435253,290.7802557564747,0.3038268572815336,0.3355680693229123,MLB-P5,synthetic,True
H-0041,Hitter 41,2018,MLB,MLB-T3,batter,29.8,596.0,150.17597180073182,0.030984865865928513,0.22732711293601066,0.08673212996460855,0.3046267799797195,0.006969927236599347,0.22698352273258512,0.25,0.41719480796258046,0.30228438509252586,280.7861444327656,315.2138555672344,0.2772683991587811,0.32730037102627063,MLB-P3,synthetic,True
H-0042,Hitter 42,2018,MLB,MLB-T4,batter,31.8,486.0,126.46414798867303,0.02,0.16784349757719216,0.21372511542878125,0.2584689270443835,0.005,0.21066721977334238,0.25,0.5395720081332196,0.34651293795136395,253.1865823316378,232.8134176683622,0.3170315516783287,0.3759943242243992,MLB-P4,synthetic,True
H-0043,Hitter 43,2018,MLB,MLB-T4,batter,25.7,239.0,61.76652696186937,0.14977067022001314,0.14298242323408494,0.17450192745988663,0.3410160276949978,0.05002268542833543,0.24868593348410914,0.36683494782288606,0.5086035302293864,0.485191555835698,117.1495102027485,121.8504897972515,0.47078549985574525,0.49959761181565077,MLB-P5,synthetic,True
H-0046,Hitter 46,2018,MLB,MLB-T5,batter,22.5,295.0,80.94816343653497,0.040182134293614405,0.21872156621947275,0.09863632827351507,0.2993138184152535,0.005,0.22257036321284215,0.25,0.42856771011504036,0.3116373110013021,157.34897533485267,137.65102466514733,0.2904567183081094,0.3328179036944948,MLB-P4,synthetic,True
H-0047,Hitter 47,2018,MLB,MLB-T4,batter,26.5,455.0,109.27455037058685,0.08326539130508989,0.31750325934978746,0.2346796858103156,0.3091434719540078,0.024821124389523837,0.18897162849866475,0.25,0.5655940330057163,0.4378988282437107,212.82836812866393,242.17163187133607,0.43438972887853483,0.44140792760888653,MLB-P4,synthetic,True
H-0048,Hitter 48,2018,MLB,MLB-T3,batter,23.2,357.0,87.91546672066195,0.03646621235628912,0.17985859482930153,0.18964366152435114,0.3083793859413479,0.03621541714442916,0.24710158730923934,0.2539685596201066,0.5204816001184859,0.3903570229972535,194.28587793586183,162.71412206413817,0.3904533265751188,0.3902607194193882,MLB-P3,synthetic,True
H-0049,Hitter 49,2018,MLB,MLB-T2,batter,29.7,493.0,133.5461172785982,0.08788343795444373,0.24257449718348006,0.09972302843328684,0.26002873903191076,0.03415585110800316,0.17922355652110797,0.25,0.4257259023364779,0.35811639686479,265.09789565480725,227.90210434519275,0.3508104662973237,0.36542232743225633,MLB-P1,synthetic,True
H-0050,Hitter 50,2018,MLB,MLB-T5,batter,27.6,450.0,126.48655596403998,0.10911126339415732,0.23358334575557715,0.14017522177862168,0.3132607901668409,0.061999316126737765,0.215207903537689,0.29442846890096785,0.4715013007953058,0.4389149174266103,206.865324508261,243.134675491739,0.4379657034928585,0.4398641313603621,MLB-P5,synthetic,True
H-0051,Hitter 51,2018,MLB,MLB-T5,batter,27.0,351.0,88.93084677832347,0.08480523905162568,0.22945148598044918,0.2081251504707986,0.2695316236558226,0.02746648201764876,0.18894947061581338,0.2511517875334751,0.535078312836381,0.412888402190499,170.50740724890008,180.49259275109992,0.3824509464080751,0.4433258579729229,MLB-P4,synthetic,True
H-0052,Hitter 52,2018,MLB,MLB-T7,batter,30.2,381.0,107.09820670322708,0.09616871064706589,0.1560092045313277,0.16006540412348175,0.29827671171062303,0.015902549935683893,0.22544329489552395,0.29692083181172013,0.48989307529454407,0.3940632137616947,205.1613582597754,175.8386417402246,0.3795935024186958,0.4085329251046935,MLB-P1,synthetic,True
H-0055,Hitter 55,2018,MLB,MLB-T5,batter,23.1,255.0,65.39662620189956,0.04729070414084428,0.20460381632544697,0.16263965119640075,0.2945760840969966,0.021954482071408533,0.22366715496325704,0.25,0.4920972596061004,0.3654159643548279,129.52333815680754,125.47666184319246,0.365372390350867,0.36545953835878886,MLB-P1,synthetic,True
H-0056,Hitter 56,2018,MLB,MLB-T2,batter,31.6,399.0,106.33162782720717,0.05038970578279968,0.27162253169885553,0.029615355726653247,0.298277295850453,0.005,0.20297835642367099,0.25,0.35944308531169855,0.2804582932452776,216.77597221992826,182.22402778007174,0.27875023495934836,0.28216635153120684,MLB-P2,synthetic,True
H-0058,Hitter 58,2018,MLB,MLB-T1,batter,28.3,323.0,79.33968912093329,0.06379072688201896,0.23608289631575505,0.21484108338047736,0.30903013955694897,0.005,0.21711015193069294,0.2585148636196426,0.5457440973361722,0.39547665352160793,161.78946350176224,161.21053649823776,0.38343593791578673,0.40751736912742914,MLB-P2,synthetic,True
H-0059,Hitter 59,2018,MLB,MLB-T7,batter,23.4,396.0,111.17261178658524,0.05056785715109461,0.25177193977158563,0.1962944456685736,0.25795624201271294,0.005,0.18071580418765157,0.25,0.522090069869845,0.35814412982793126,187.5387185872761,208.4612814127239,0.33691301120308653,0.379375248452776,MLB-P1,synthetic,True
H-0060,Hitter 60,2018,MLB,MLB-T7,batter,30.1,643.0,178.44166663491401,0.024530030751023835,0.3131430814874067,0.11817730445418446,0.32351597208929556,0.008044579518393834,0.21548001386282092,0.25,0.450528901663114,0.32263925077332606,334.2675331666704,308.7324668333296,0.32496129712294597,0.32031720442370615,MLB-P5,synthetic,True
H-0062,Hitter 62,2018,MLB,MLB-T4,batter,30.8,260.0,72.25992542811365,0.030068206727867502,0.2541890346467809,0.17875598300941647,0.25677698001138877,0.013274842796864507,0.18577749044436784,0.25,0.5044336810105553,0.34118283688585044,134.53801793246063,125.46198206753937,0.33412424959568665,0.3482414241760142,MLB-P3,synthetic,True
H-0063,Hitter 63,2018,MLB,MLB-T3,batter,33.8,206.0,52.04499697299294,0.02,0.23988801296808848,0.06657265049240152,0.3273382286005573,0.005,0.24301694680106453,0.25,0.3993064733524572,0.2896833377810159,105.72562286002001,100.27437713997999,0.27428103572941326,0.30508563983261855,MLB-P3,synthetic,True
H-0064,Hitter 64,2018,MLB,MLB-T1,batter,23.5,466.0,127.42087450789576,0.07276355932479,0.27327172816496936,0.14806666099793925,0.3496605296218018,0.036830384032495465,0.2341902053351744,0.27856264228206007,0.48303271396011943,0.4078996860730961,242.93152239535635,223.06847760464365,0.3839007065087136,0.43189866563747864,MLB-P3,synthetic,True
H-0065,Hitter 65,2018,MLB,MLB-T3,batter,25.5,567.0,136.98049577305034,0.13153874079400052,0.21141743591993822,0.1602473046571472,0.32883207286495514,0.00923451122530001,0.2174422590580658,0.32599011493084423,0.4931305119436427,0.42361542172273564,296.2229628515313,270.7770371484687,0.429574840206661,0.4176560032388103,MLB-P4,synthetic,True
H-0067,Hitter 67,2018,MLB,MLB-T2,batter,34.0,623.0,176.17637465418588,0.02,0.3361738840991435,0.02,0.32586233717877755,0.005,0.2105486828641876,0.25,0.3525862337178778,0.26355181801257216,319.791857920001,303.208142079999,0.30208063079892494,0.22502300522621937,MLB-P3,synthetic,True
H-0070,Hitter 70,2018,MLB,MLB-T6,batter,32.2,531.0,141.5010262766886,0.02,0.29390742144025844,0.02,0.24765035482112993,0.005,0.17066107052046398,0.25,0.344765035482113,0.2361776241873955,276.1578380122505,254.84216198774948,0.25895165787887725,0.21340359049591373,MLB-P2,synthetic,True
H-0071,Hitter 71,2018,MLB,MLB-T6,batter,32.1,626.0,168.87994268628512,0.02,0.2730369790016723,0.11487287275571181,0.2899202450011527,0.011427096427390177,0.20667695671869876,0.25,0.4438648972558271,0.30893655255069613,283.2247778588789,342.7752221411211,0.3195911898301948,0.29828191527119746,MLB-P4,synthetic,True
H-0073,Hitter 73,2018,MLB,MLB-T2,batter,22.7,291.0,71.66307415867594,0.02,0.21290586159114283,0.18887841266855915,0.33163149496725797,0.005,0.25514257590114997,0.25,0.522041562165285,0.3584541502062479,144.26865036516148,146.73134963483852,0.3453377240700835,0.37157057634241225,MLB-P2,synthetic,True
H-0074,Hitter 74,2018,MLB,MLB-T5,batter,23.1,256.0,63.49741067429068,0.02,0.2518577504117793,0.12674197305134727,0.2424825959240361,0.018966559505836637,0.17940680680799462,0.25,0.4509902326437509,0.3056468973069066,125.33465896571039,130.6653410342896,0.320539480487351,0.2907543141264622,MLB-P2,synthetic,True
H-0075,Hitter 75,2018,MLB,MLB-T2,batter,28.9,437.0,112.80153504182496,0.049746399673047496,0.15257573521940943,0.1479438508700926,0.31865570786434766,0.020028865930072096,0.25718893464307657,0.2785125439512567,0.47980942165652735,0.36574707483927077,238.8925334469207,198.1074665530793,0.35245915659356014,0.3790349930849814,MLB-P1,synthetic,True
H-0077,Hitter 77,2018,MLB,MLB-T7,batter,23.4,368.0,102.26132004160027,0.08773798633551899,0.2683500243751367,0.11176831389610631,0.31768626061910116,0.042363712753873906,0.21091654895821962,0.27184377917614366,0.4435369399580164,0.3922066957728937,200.8494649870324,167.1505350129676,0.3982708865186425,0.38614250502714487,MLB-P1,synthetic,True
H-0078,Hitter 78,2018,MLB,MLB-T6,batter,29.6,377.0,100.05429748793031,0.05187372890689026,0.26584549514741534,0.19456563559117515,0.2577662395435816,0.02371672966959869,0.1794264593788384,0.25,0.5203422595455334,0.3748859503528619,171.83809841310574,205.16190158689426,0.3593115560976641,0.3904603446080597,MLB-P5,synthetic,True
H-0079,Hitter 79,2018,MLB,MLB-T3,batter,22.4,398.0,110.89518959196394,0.027586474064061964,0.19007115769985594,0.02,0.2867857684793183,0.005,0.22511465728851462,0.25,0.34867857684793185,0.2551855508126048,190.23551510475465,207.76448489524535,0.24601023026987906,0.26436087135533054,MLB-P4,synthetic,True
H-0080,Hitter 80,2018,MLB,MLB-T6,batter,30.4,384.0,104.19969254056713,0.047798936584659495,0.3201457786239861,0.1659600492888468,0.28150065394721235,0.013280559904832793,0.17991605998528273,0.25,0.4941101146835681,0.35521501551400114,172.86622633944265,211.13377366055735,0.32779637723324295,0.38263365379475933,MLB-P4,synthetic,True
H-0081,Hitter 81,2018,MLB,MLB-T2,batter,27.2,220.0,59.97530551184253,0.07530975427610984,0.25707954895856233,0.21729080625584,0.27560815030942226,0.03474485084009313,0.18921067688829055,0.25,0.5448516212867822,0.4199599897983705,112.3283249984437,107.6716750015563,0.40164111075591497,0.43827886884082606,MLB-P2,synthetic,True
H-0083,Hitter 83,2018,MLB,MLB-T3,batter,27.9,472.0,114.39754111575722,0.08199752161555947,0.21427501825143935,0.11537636182027057,0.30212926637194704,0.017973786286949005,0.2153127291988196,0.273352516745759,0.44558928845746526,0.36277691502047604,249.81783909150482,222.18216090849518,0.3723636816159763,0.35319014842497576,MLB-P5,synthetic,True
H-0085,Hitter 85,2018,MLB,MLB-T6,batter,32.3,640.0,174.32606388605333,0.02,0.2881816113573572,0.02,0.26847708421413824,0.005,0.18648738378850022,0.25,0.3468477084214138,0.2434669794749484,321.57438492855186,318.42561507144814,0.24084022518487588,0.2460937337650209,MLB-P3,synthetic,True
H-0087,Hitter 87,2018,MLB,MLB-T4,batter,26.7,594.0,157.9052742238756,0.14919199406709735,0.23044550276450637,0.12411107392252009,0.31163687836085274,0.006342997682851625,0.19427928359195137,0.3231870446126686,0.4552747617586053,0.4074770918452191,308.49046775501387,285.50953224498613,0.42225590048411143,0.3926982832063267,MLB-P4,synthetic,True
H-0088,Hitter 88,2018,MLB,MLB-T5,batter,24.0,564.0,146.0481483472114,0.05568252702649574,0.23826348456630825,0.20023745192485337,0.3491456496700096,0.02771732093647677,0.2506732766250034,0.2775466376625744,0.5351520168918543,0.4162549337045488,299.73931464010843,264.26068535989157,0.4060216829202259,0.4264881844888717,MLB-P2,synthetic,True
H-0089,Hitter 89,2018,MLB,MLB-T3,batter,23.7,490.0,136.6964667142019,0.07599089847159912,0.31505484251174776,0.10923032598238733,0.2778899647201813,0.028655375698200095,0.1735205839090719,0.25,0.43701932245440545,0.35632163400087596,264.74420231700134,225.25579768299866,0.32495539135382656,0.38768787664792537,MLB-P1,synthetic,True
H-0091,Hitter 91,2018,MLB,MLB-T1,batter,25.5,333.0,83.00231518275419,0.04957915662127648,0.17266080371081519,0.12635388069698783,0.3256460775052765,0.013541886595705889,0.2553057891475585,0.27752621216365886,0.4589184884475155,0.3503638690812189,170.0811411614736,162.9188588385264,0.3448425624419204,0.3558851757205174,MLB-P2,synthetic,True
H-0092,Hitter 92,2018,MLB,MLB-T3,batter,32.1,285.0,80.53494154121364,0.02,0.29418814709104374,0.02,0.2818555535282157,0.005,0.1940498794178651,0.25,0.3481855553528216,0.24814944373487552,139.12442505635707,145.87557494364293,0.24899017792930841,0.24730870954044262,MLB-P5,synthetic,True
H-0093,Hitter 93,2018,MLB,MLB-T7,batter,26.4,620.0,164.4517542587091,0.0948534226878461,0.21114061120970856,0.14310232396820197,0.29477861672003347,0.05026604005284996,0.21211802469105678,0.27897372950266247,0.47258018564020526,0.41351562596358005,312.0945037983917,307.9054962016083,0.3879039625936426,0.43912728933351747,MLB-P3,synthetic,True
H-0094,Hitter 94,2018,MLB,MLB-T3,batter,32.2,201.0,55.535955565053534,0.021877052601286945,0.3084089843342348,0.11700014048291524,0.3306075895141655,0.006382509037203055,0.2223698953483065,0.25,0.4500608994343318,0.32112092854994484,107.52601092338949,93.47398907661051,0.3185755310514511,0.3236663260484386,MLB-P3,synthetic,True
H-0095,Hitter 95,2018,MLB,MLB-T2,batter,28.0,423.0,112.11612886864198,0.0956071740215975,0.22532290724376733,0.16331764446352126,0.2834912429404521,0.016705695103542324,0.19501622957108486,0.26886651179659565,0.49166676875756643,0.3910067868924013,213.74559803185352,209.25440196814648,0.38271923653933154,0.3992943372454711,MLB-P2,synthetic,True
H-0097,Hitter 97,2018,MLB,MLB-T2,batter,25.7,357.0,92.41606573251734,0.1117098235071612,0.21869581517225337,0.15567246363139234,0.3017144430706706,0.055614310629764845,0.21036843640356653,0.2935334843353528,0.48584390793845944,0.43946966609380167,184.18106356230885,172.81893643769115,0.46474291143253976,0.4141964207550636,MLB-P3,synthetic,True
H-0098,Hitter 98,2018,MLB,MLB-T1,batter,33.8,450.0,110.44161311989389,0.02,0.2738522250469204,0.029823785988278895,0.26082533674666375,0.005,0.18493123119504432,0.25,0.3559063196629453,0.2461919501548857,237.876769745246,212.123230254754,0.23769169380232635,0.25469220650744506,MLB-P2,synthetic,True
H-0101,Hitter 101,2018,MLB,MLB-T7,batter,31.0,601.0,150.29587430766713,0.037419850533842516,0.3286209313987473,0.04039472601411827,0.32052397631004287,0.04354766063780461,0.20973127848904252,0.25,0.37244712364512256,0.31978728096399395,284.0015995990069,316.9984004009931,0.30285341562409895,0.33672114630388894,MLB-P3,synthetic,True
H-0102,Hitter 102,2018,MLB,MLB-T1,batter,33.8,352.0,95.73318579241533,0.02,0.1989966334029762,0.02,0.3003236384501343,0.005,0.23530377269822228,0.25,0.35003236384501346,0.25461327345754703,180.71693998903376,171.28306001096624,0.25325306078842913,0.25597348612666493,MLB-P5,synthetic,True
H-0103,Hitter 103,2018,MLB,MLB-T1,batter,28.7,333.0,94.37367687794244,0.06564971725987032,0.1402572642552973,0.14157528273377187,0.2810449738890756,0.059450664729086077,0.23209345135492987,0.2665079837408806,0.46967978012267947,0.39569254670283766,167.63486436591805,165.36513563408195,0.4113278876887168,0.3800572057169585,MLB-P1,synthetic,True
H-0105,Hitter 105,2018,MLB,MLB-T2,batter,30.9,316.0,85.03594200858302,0.02,0.2511629968170644,0.034776993410813056,0.3061319868891386,0.005,0.22387031990271755,0.25,0.3653901920997269,0.26477354178714574,167.04912121915274,148.95087878084726,0.24624608220451355,0.2833010013697779,MLB-P1,synthetic,True
H-0106,Hitter 106,2018,MLB,MLB-T6,batter,22.1,337.0,87.90656211336643,0.02,0.2673988567092088,0.07010735041183673,0.3370597128644615,0.005,0.24093913674448106,0.25,0.4038133216982829,0.29502994222907175,168.0440818204562,168.9559181795438,0.3071848324805996,0.2828750519775439,MLB-P1,synthetic,True
H-0108,Hitter 108,2018,MLB,MLB-T5,batter,29.1,529.0,140.63879010043982,0.03332561743061042,0.14091452530196039,0.21576201278140972,0.3650383616270613,0.012654299136253273,0.30333217026473636,0.30461624028547896,0.5522658489441159,0.401149335023302,238.86953435349199,290.130465646508,0.39914311769692185,0.4031555523496822,MLB-P4,synthetic,True
H-0109,Hitter 109,2018,MLB,MLB-T5,batter,26.1,491.0,120.09824742228604,0.06988011137549309,0.22143097252154537,0.1893757419693085,0.28906185197201834,0.032877394329660456,0.20978653971021347,0.25424954888018103,0.5182819271665103,0.40383403913286564,226.38634503696088,264.61365496303915,0.417359615352701,0.3903084629130303,MLB-P1,synthetic,True
H-0111,Hitter 111,2018,MLB,MLB-T4,batter,23.6,229.0,61.268416882242974,0.06334463181906615,0.17346639543622966,0.15325688567151602,0.29990927257439287,0.03566844741786603,0.2342377167653423,0.2693433365064623,0.4832478129289553,0.385702377469797,122.1034699239149,106.8965300760851,0.37365640030561936,0.3977483546339747,MLB-P2,synthetic,True
H-0112,Hitter 112,2018,MLB,MLB-T3,batter,29.6,190.0,49.522557696548375,0.11651075436834732,0.12882245210826404,0.16995634314389715,0.3245174911935738,0.019107089985323494,0.24776863801910737,0.3369230714375253,0.5024080922632544,0.4258110196915285,88.64159239499341,101.35840760500659,0.3877655371135113,0.4638565022695457,MLB-P1,synthetic,True
H-0113,Hitter 113,2018,MLB,MLB-T4,batter,25.4,518.0,139.12719268615942,0.11959869841695896,0.20046567312507507,0.08328586503958844,0.2963044484771562,0.019628160182728664,0.2044121754176155,0.3009198546681445,0.41291630988730404,0.3708982157951054,283.83012897210494,234.16987102789506,0.380235605143704,0.3615608264465068,MLB-P4,synthetic,True
H-0114,Hitter 114,2018,MLB,MLB-T6,batter,30.9,440.0,121.58301218968664,0.03503480952408736,0.16170844687633631,0.025413869791567692,0.340337045874922,0.005537527753654417,0.2742086563588376,0.2810750340002979,0.3594475743790599,0.282603736086735,209.67931875989666,230.32068124010334,0.29764738412095615,0.26756008805251386,MLB-P5,synthetic,True
H-0115,Hitter 115,2018,MLB,MLB-T3,batter,23.9,313.0,80.17822520741451,0.056895899121852805,0.22155530071636467,0.09830602846926828,0.2641141364833154,0.037436069485661395,0.19618664870815072,0.25,0.4247174421175998,0.34002785534965013,168.3714614844004,144.6285385155996,0.34875582936646327,0.331299881332837,MLB-P4,synthetic,True
H-0116,Hitter 116,2018,MLB,MLB-T4,batter,27.7,328.0,82.80539955313733,0.14689958514169574,0.2136021799353571,0.18981730776479822,0.2737918110338292,0.04341639002767745,0.18160183839664246,0.3044800270449375,0.5171964888681811,0.46213111375657595,148.08993177068604,179.91006822931396,0.4374462104007114,0.4868160171124405,MLB-P1,synthetic,True
H-0118,Hitter 118,2018,MLB,MLB-T4,batter,33.5,224.0,57.42720025856119,0.02,0.26070690915982514,0.11457304822619843,0.27366902853710234,0.005,0.19759824140368037,0.25,0.4419399510799087,0.297299336512395,119.00710714359863,104.99289285640137,0.2920929387806672,0.30250573424412275,MLB-P4,synthetic,True
H-0119,Hitter 119,2018,MLB,MLB-T5,batter,28.2,614.0,169.68647393909922,0.0557590634169508,0.1619984725337719,0.03167002115942596,0.2701799881645226,0.019728199936859862,0.21430548966914972,0.25,0.35868801997587824,0.28876823183030664,295.41254403092734,318.58745596907266,0.2852492841846412,0.2922871794759721,MLB-P4,synthetic,True
H-0120,Hitter 120,2018,MLB,MLB-T1,batter,30.4,486.0,119.51400475413614,0.0716269078863647,0.23607294628073228,0.10554985240988474,0.2957574110692667,0.025431983808672353,0.208567696385716,0.25590451681933835,0.4351255935168114,0.3545951336479404,265.22259535514576,220.77740464485424,0.3498623336292396,0.3593279336666412,MLB-P3,synthetic,True
H-0001,Hitter 1,2019,MLB,MLB-T2,batter,33.9,530.0,137.00501044253386,0.02,0.22100215706283932,0.07486781454910285,0.33936809462851225,0.005,0.258329651784735,0.25182168660626153,0.40880462401195405,0.2984561311219859,272.897453077507,257.102546922493,0.27623385661409794,0.3206784056298738,MLB-P5,synthetic,True
H-0002,Hitter 2,2019,MLB,MLB-T7,batter,33.3,467.0,116.80705030811552,0.02,0.2648755011814009,0.057794958693315454,0.2902600540293122,0.005,0.20832207566477137,0.25,0.38682096409624667,0.2718782461915828,213.81759759668574,253.18240240331426,0.2916234692096527,0.2521330231735129,MLB-P1,synthetic,True
H-0003,Hitter 3,2019,MLB,MLB-T7,batter,22.9,465.0,114.54609863134618,0.033342833884322826,0.30229448460743863,0.10296373421267958,0.2859380854310979,0.02581001207765444,0.19383809499398413,0.25,0.43155754275578934,0.323277378306773,242.10902501010685,222.89097498989315,0.31136132734576566,0.33519342926778034,MLB-P3,synthetic,True
H-0004,Hitter 4,2019,MLB,MLB-T1,batter,32.9,418.0,105.22717243162667,0.02,0.2855225774692447,0.029833383073871705,0.28630104560764114,0.005,0.19957961222145484,0.25,0.35846348763463576,0.25511372665330384,214.46644820765573,203.53355179234427,0.268079859443335,0.24214759386327267,MLB-P3,synthetic,True
H-0005,Hitter 5,2019,MLB,MLB-T1,batter,30.3,281.0,67.2055532844433,0.0395926940795648,0.21539961666323257,0.12332141677097445,0.329232127282581,0.02181633063425468,0.24855291597116708,0.2603451138179908,0.45624462949923256,0.35040760719946384,127.89927838904279,153.1007216109572,0.3317278745637118,0.3690873398352159,MLB-P3,synthetic,True
H-0007,Hitter 7,2019,MLB,MLB-T2,batter,32.1,393.0,109.95864010472808,0.02,0.23394810998173676,0.06313746829538294,0.2942735932620229,0.019560703060056195,0.22247747589460626,0.25,0.39256482762158523,0.28932599795821917,190.0304839829052,202.9695160170948,0.2870388692180954,0.29161312669834294,MLB-P5,synthetic,True
H-0009,Hitter 9,2019,MLB,MLB-T5,batter,30.1,588.0,158.12007766212915,0.07991047363874336,0.2646686152941674,0.15262217171175357,0.3041283414509482,0.026954669774690167,0.20337527510130676,0.2593093408103363,0.4830350058568484,0.3905836482936378,270.7220311083179,317.2779688916821,0.3953662938957446,0.38580100269153095,MLB-P3,synthetic,True
H-0010,Hitter 10,2019,MLB,MLB-T7,batter,23.5,624.0,157.57922071617554,0.02,0.23460666064711588,0.09774628773252006,0.2801067943092124,0.019400338753176025,0.21169978959855168,0.25,0.4257569671634413,0.3032581411389688,325.1270202123612,298.8729797876388,0.332179233592236,0.27433704868570163,MLB-P5,synthetic,True
H-0011,Hitter 11,2019,MLB,MLB-T4,batter,28.8,486.0,121.43795082920832,0.04085522717230683,0.2875759164711888,0.02230315170487813,0.28283408139121896,0.03280271912410302,0.19486296844715884,0.25,0.350586559844,0.2893797681569171,244.312973557827,241.687026442173,0.2826034293108248,0.29615610700300943,MLB-P2,synthetic,True
H-0012,Hitter 12,2019,MLB,MLB-T2,batter,27.1,245.0,63.57464039194186,0.09807677978855259,0.24051641232999113,0.16165540251115584,0.28469506842722864,0.032133796653428415,0.19311932592606032,0.26754611057379407,0.4901249093538787,0.4061279081707381,129.57544865543406,115.42455134456594,0.4205750227683639,0.39168079357311225,MLB-P5,synthetic,True
H-0014,Hitter 14,2019,MLB,MLB-T3,batter,24.2,362.0,87.10156890366807,0.06987663329381015,0.24017812557166485,0.18636605897765376,0.2841732418563501,0.035218557100111944,0.20134675944157598,0.25,0.5147833831632888,0.40257231178319997,180.07373106429512,181.92626893570488,0.3956412985974205,0.40950332496897945,MLB-P5,synthetic,True
H-0015,Hitter 15,2019,MLB,MLB-T3,batter,28.2,504.0,120.59509331335342,0.06574591601251055,0.21371418664735764,0.13149884243136314,0.31176065231558975,0.03388186227224654,0.22971826775500456,0.26791830558526136,0.46267490766292213,0.3779564089014854,264.9385583119063,239.06144168809368,0.38921114274123936,0.36670167506173146,MLB-P1,synthetic,True
H-0016,Hitter 16,2019,MLB,MLB-T4,batter,29.7,625.0,173.9767108461397,0.06475204694770459,0.26828671538174037,0.19876913384281666,0.2894823088872554,0.005,0.19382347901917382,0.25,0.5277173647315422,0.3804682645874818,324.32467636401066,300.67532363598934,0.3886860772545867,0.37225045192037687,MLB-P3,synthetic,True
H-0017,Hitter 17,2019,MLB,MLB-T3,batter,30.5,648.0,169.82201440998566,0.02,0.1716585936326296,0.0728616083746271,0.2774548145553632,0.02632521848227389,0.22822699777342131,0.25,0.40060708983016347,0.2948757663344685,331.00235295774405,316.99764704225595,0.30047171276509543,0.28927981990384155,MLB-P5,synthetic,True
H-0018,Hitter 18,2019,MLB,MLB-T4,batter,25.4,283.0,78.99326484242468,0.058374802183804274,0.2765509693346411,0.13096521104397446,0.32127984783372504,0.016258531600443285,0.21611372666475243,0.2506822544160216,0.463093195827347,0.3599738527850517,147.48434957470954,135.51565042529046,0.3430280522703259,0.37691965329977745,MLB-P5,synthetic,True
H-0019,Hitter 19,2019,MLB,MLB-T6,batter,29.1,374.0,92.69596705868128,0.04669363036465447,0.24447080184863054,0.22971299731566658,0.2421435182383467,0.03609658101579687,0.1770544253887208,0.25,0.5539273491395013,0.3962648440765133,199.26618146660576,174.73381853339424,0.37830275511205763,0.41422693304096897,MLB-P1,synthetic,True
H-0020,Hitter 20,2019,MLB,MLB-T6,batter,29.7,435.0,110.03625978526588,0.05526808531658866,0.15339905827366704,0.14782018511091172,0.2703554946730518,0.016979002132245954,0.2164880361655324,0.25,0.4748557345782169,0.34989428658720306,200.96623859184746,234.03376140815254,0.3596330036041265,0.34015556957027965,MLB-P2,synthetic,True
H-0021,Hitter 21,2019,MLB,MLB-T4,batter,28.1,290.0,80.6577008677641,0.10907071950226783,0.2346806706423905,0.098763151474276,0.31470448066119466,0.04526888474720926,0.2133147106612376,0.29494265965650845,0.4302335995403955,0.4015578014663458,145.48590201296733,144.51409798703267,0.409859819987168,0.3932557829455236,MLB-P5,synthetic,True
H-0022,Hitter 22,2019,MLB,MLB-T1,batter,33.3,502.0,130.54107204291444,0.02,0.28917186979620385,0.12791260952402284,0.2840807563252007,0.005,0.19700097771901864,0.25,0.4563206851565429,0.3082801999520328,226.9251718984458,275.0748281015542,0.31791212439480054,0.2986482755092651,MLB-P5,synthetic,True
H-0023,Hitter 23,2019,MLB,MLB-T4,batter,27.9,365.0,89.16754434284269,0.07425681155203492,0.1664654514085736,0.18431228184195522,0.2744154204823609,0.015564990327374914,0.2106922680216663,0.261778579077339,0.5117538238901913,0.3834054115629636,180.88355828145035,184.11644171854965,0.39091354050366117,0.375897282622266,MLB-P3,synthetic,True
H-0024,Hitter 24,2019,MLB,MLB-T5,batter,29.0,633.0,172.13172996935185,0.055337985661067776,0.26196662162586154,0.28951767746171064,0.36792170092249027,0.03587105598184274,0.2565591084962168,0.28139859075011414,0.6263098475539596,0.4790278582732183,313.25373446487635,319.74626553512365,0.4532807555623085,0.5,MLB-P1,synthetic,True
H-0025,Hitter 25,2019,MLB,MLB-T2,batter,22.4,218.0,57.51611902300807,0.02,0.25927365393463314,0.042563488289625084,0.2740998914401372,0.005,0.19830101321456378,0.25,0.3699734774336388,0.2578448805633418,118.50280853377501,99.49719146622499,0.25007719204620377,0.26561256908047987,MLB-P2,synthetic,True
H-0026,Hitter 26,2019,MLB,MLB-T3,batter,30.2,451.0,108.02703096047048,0.07801723799138595,0.23798681417381165,0.11086735166734561,0.2764343500239293,0.005,0.18982997525871506,0.25,0.43851078666973853,0.3368411325193855,221.79408864520678,229.20591135479322,0.3346791202578917,0.33900314478087934,MLB-P1,synthetic,True
H-0027,Hitter 27,2019,MLB,MLB-T2,batter,24.9,189.0,47.48113328353088,0.061438842131329524,0.2990415057402777,0.1795826864407622,0.31859054828194106,0.022891900754519676,0.2071787017218388,0.25,0.5114417412689563,0.39388706961209696,99.28150751244682,89.71849248755318,0.4044808004384568,0.3832933387857371,MLB-P4,synthetic,True
H-0028,Hitter 28,2019,MLB,MLB-T7,batter,26.0,270.0,73.64732526481258,0.04910317681564777,0.2054728415886455,0.2564025712800348,0.27229581721134893,0.037233487448260306,0.20856085535477953,0.25,0.5836321530011697,0.424207312702379,137.41141589242454,132.58858410757546,0.41780584786745095,0.43060877753730703,MLB-P4,synthetic,True
H-0029,Hitter 29,2019,MLB,MLB-T4,batter,24.1,611.0,154.02045796320152,0.09005583924875217,0.2634936182942191,0.14083591286473504,0.2883663753801247,0.009113874983403427,0.1877816810383593,0.2578289790605161,0.46967255040274747,0.3696295584178375,327.44050033720464,283.55949966279536,0.35729498821099087,0.38196412862468415,MLB-P5,synthetic,True
H-0030,Hitter 30,2019,MLB,MLB-T6,batter,32.8,467.0,130.63814527214834,0.02,0.21291307542034768,0.024458731055502184,0.31993583305895695,0.026713488919799043,0.2494256175819942,0.25,0.35645231436139785,0.2834719836789803,228.15631262734937,238.84368737265063,0.2795640402220372,0.2873799271359234,MLB-P3,synthetic,True
H-0031,Hitter 31,2019,MLB,MLB-T4,batter,26.6,219.0,52.54158622680649,0.08814460133412982,0.21740549547316612,0.2369300673026453,0.3085625568034055,0.02974732007502847,0.21874333571227247,0.28099771526504624,0.5677863229829858,0.4467822408990634,113.36246200577028,105.63753799422972,0.47753685458373357,0.4160276272143932,MLB-P3,synthetic,True
H-0032,Hitter 32,2019,MLB,MLB-T2,batter,23.6,328.0,81.05321019550993,0.06819455214744047,0.2858407095061355,0.1294519165941857,0.2496929042806737,0.005,0.16204281158062409,0.25,0.4544212070222531,0.33082725712824623,153.56291787268574,174.43708212731426,0.3029675581723409,0.3586869560841516,MLB-P5,synthetic,True
H-0033,Hitter 33,2019,MLB,MLB-T6,batter,25.9,345.0,86.72657152623202,0.12860484186712579,0.19526798825224836,0.13261033513163314,0.35987767088183803,0.02220703168806014,0.2466541258697775,0.3475956058720374,0.46859810221981696,0.42890258695728367,156.13570767760334,188.86429232239666,0.42537594973116144,0.4324292241834059,MLB-P3,synthetic,True
H-0037,Hitter 37,2019,MLB,MLB-T5,batter,33.6,575.0,143.41179366739956,0.02,0.24947260406889854,0.02,0.3356999489074541,0.005,0.24598800948956623,0.25,0.3535699948907454,0.2669949821176089,259.2639479210385,315.7360520789615,0.2645181436675196,0.26947182056769825,MLB-P3,synthetic,True
H-0039,Hitter 39,2019,MLB,MLB-T2,batter,31.8,550.0,140.31225988973242,0.02375398734546423,0.28289823435179484,0.1975044616679085,0.3450187778472474,0.005,0.23996800309311592,0.25,0.5320063394526332,0.37051181730571126,286.07082245305537,263.92917754694463,0.3849901567403078,0.3560334778711147,MLB-P2,synthetic,True
H-0041,Hitter 41,2019,MLB,MLB-T2,batter,30.0,431.0,120.32039304785309,0.02255230649695076,0.23460427208892307,0.09217234119991483,0.28057126809281435,0.008890431013897998,0.20975408539265097,0.25,0.42022946800919625,0.2926827339528119,209.19259134723737,221.80740865276263,0.2986808692238155,0.28668459868180834,MLB-P4,synthetic,True
H-0042,Hitter 42,2019,MLB,MLB-T6,batter,31.9,490.0,136.71508607632072,0.02,0.15717578338308957,0.1915165242765211,0.26017658801647275,0.005,0.21482959721671482,0.25,0.5175341830781683,0.3348958941578521,225.29962282860149,264.7003771713985,0.3057270347992987,0.3640647535164055,MLB-P4,synthetic,True
H-0043,Hitter 43,2019,MLB,MLB-T1,batter,25.9,636.0,171.02826295034603,0.13967483833836916,0.17827650177032964,0.14361348357122913,0.3076168776056884,0.04352962408865834,0.21633912274420494,0.32850354955618477,0.47437517133179796,0.44360237164281785,325.3894771337388,310.6105228662612,0.44005819211057,0.4471465511750657,MLB-P2,synthetic,True
H-0044,Hitter 44,2019,MLB,MLB-T6,batter,23.5,217.0,61.063531473916136,0.05881882619541836,0.2775464863899649,0.15173284249508473,0.29208081655828844,0.015546998417786975,0.19616701115913382,0.25,0.48094092415091355,0.3608468260804987,105.71151576001971,111.28848423998029,0.35806423010765287,0.3636294220533445,MLB-P3,synthetic,True
H-0046,Hitter 46,2019,MLB,MLB-T7,batter,22.7,327.0,81.37996016496935,0.0302985354738387,0.25056885804314677,0.0983036240088972,0.3291417384236759,0.005,0.23744655625496863,0.25,0.4312177978512648,0.31497557648486707,148.92953493880944,178.07046506119056,0.3374831231891355,0.29246802978059866,MLB-P1,synthetic,True
H-0047,Hitter 47,2019,MLB,MLB-T7,batter,26.6,458.0,119.76432621088476,0.08269392236490498,0.2937156078018014,0.2438221125384692,0.3189697554002038,0.022270354694401893,0.2022470528367841,0.26170977203426643,0.5757190880784896,0.4436706411666246,235.64474765677753,222.35525234322247,0.42920887058134977,0.4581324117518994,MLB-P2,synthetic,True
H-0048,Hitter 48,2019,MLB,MLB-T2,batter,23.3,547.0,149.43156832802384,0.0513015654417198,0.18870273356148456,0.16473908034517976,0.3162073533777703,0.036178891339526204,0.2457430628916089,0.2675861717133318,0.4963598156829568,0.3897511658868459,272.0879380743127,274.9120619256873,0.3978364995265215,0.38166583224717027,MLB-P5,synthetic,True
H-0049,Hitter 49,2019,MLB,MLB-T5,batter,29.9,346.0,88.88084775849019,0.08131576894639768,0.26508630014997864,0.08662778357996706,0.2787301504196559,0.028854593163480796,0.186505638569265,0.25,0.4145007986219327,0.3480910057254726,157.8445416312801,188.1554583687199,0.35134493600672734,0.3448370754442178,MLB-P4,synthetic,True
H-0051,Hitter 51,2019,MLB,MLB-T3,batter,27.2,602.0,159.03982373504118,0.08214421259695354,0.23513226581619903,0.19932012489573786,0.2778378002445583,0.005,0.1904364014129079,0.2528619738685707,0.5271039049201937,0.3888702475961187,278.99340665598675,323.00659334401325,0.3893222130348932,0.3884182821573442,MLB-P5,synthetic,True
H-0053,Hitter 53,2019,MLB,MLB-T3,batter,28.6,324.0,88.52466615227831,0.06946034149606622,0.2756376552269191,0.2251930933459581,0.35615242478958137,0.04528594132922012,0.24003782766604617,0.27938078431606306,0.5608083358249162,0.4578891362601749,175.98185169482497,148.01814830517503,0.44985500253128846,0.46592326998906136,MLB-P5,synthetic,True
H-0054,Hitter 54,2019,MLB,MLB-T7,batter,25.6,508.0,131.94380210351005,0.12860184640745545,0.2565895683848094,0.25288349305463065,0.2814512093971244,0.044551483565364224,0.17972134238925674,0.28433660427646235,0.5810286139943431,0.48771147216308697,265.9229079492786,242.07709205072138,0.48591166461557267,0.48951127971060127,MLB-P3,synthetic,True
H-0055,Hitter 55,2019,MLB,MLB-T1,batter,23.3,644.0,170.25269280992663,0.07805096322658069,0.18529119250182513,0.15201390764000908,0.2930066425362665,0.031898995701023954,0.22063049100317728,0.27231204070980203,0.4813145718936357,0.38950474447922634,290.49655908620485,353.50344091379515,0.4061522059128268,0.3728572830456259,MLB-P3,synthetic,True
H-0056,Hitter 56,2019,MLB,MLB-T5,batter,31.8,267.0,71.49683228498714,0.06418613850553843,0.30739571480354294,0.04436469010347101,0.3249464508013568,0.005,0.20495224638638043,0.25,0.37685933518360665,0.30756213429126084,126.76432253419102,140.23567746580898,0.3140103578886831,0.3011139106938386,MLB-P5,synthetic,True
H-0057,Hitter 57,2019,MLB,MLB-T5,batter,29.2,420.0,100.73015307391823,0.11088536494672668,0.24638493638072773,0.12327837044312515,0.2669009380401497,0.020340334364335674,0.17459620963661548,0.2652760084804953,0.4499684642471401,0.37714448844838194,229.39665590089194,190.60334409910806,0.39314666884238325,0.36114230805438063,MLB-P3,synthetic,True
H-0058,Hitter 58,2019,MLB,MLB-T2,batter,28.4,647.0,173.5353124283045,0.07758363150347783,0.24323047675755527,0.15504681871630943,0.3515331145404935,0.005,0.23950633187496148,0.2924643301909432,0.4902001301703588,0.38712088243557735,330.7985271505944,316.2014728494056,0.39410192484525114,0.38013984002590356,MLB-P2,synthetic,True
H-0059,Hitter 59,2019,MLB,MLB-T3,batter,23.6,271.0,76.80799022874717,0.05465342713310461,0.27964360405897437,0.19790469290245621,0.23749868315758477,0.018426732698952012,0.16086758837081877,0.25,0.5216545612182146,0.36681357862373565,123.40308884854245,147.59691115145756,0.3606551799162196,0.3729719773312517,MLB-P1,synthetic,True
H-0060,Hitter 60,2019,MLB,MLB-T6,batter,30.2,589.0,158.57689780305668,0.02,0.3126588657319372,0.15707080327419776,0.33853449543477887,0.025745089812565652,0.22977975764419653,0.25,0.49092425281767565,0.36204659603429046,292.1598940126702,296.8401059873298,0.35981557717278234,0.3642776148957986,MLB-P3,synthetic,True
H-0061,Hitter 61,2019,MLB,MLB-T6,batter,25.9,474.0,113.61300815564533,0.11645318747234089,0.24272917671451705,0.170818555797572,0.318561514579677,0.03039781136465643,0.20869950833870088,0.3001790404429431,0.5026747072555396,0.43432199725038095,233.87569869397439,240.12430130602561,0.43384180142293,0.4348021930778319,MLB-P1,synthetic,True
H-0063,Hitter 63,2019,MLB,MLB-T4,batter,34.0,398.0,108.26425012716908,0.02,0.23095082659752375,0.02,0.3247589117417139,0.005,0.24401039439521852,0.25,0.3524758911741714,0.26316561910959985,200.33298855625972,197.66701144374028,0.252314315034561,0.2740169231846387,MLB-P2,synthetic,True
H-0064,Hitter 64,2019,MLB,MLB-T7,batter,23.6,245.0,61.62204381925419,0.06957964092068611,0.286313221426778,0.14304993655453274,0.3333249749022936,0.005,0.2154469954924197,0.2628069368638638,0.4763824340447621,0.36854695496527606,120.73465579901578,124.26534420098422,0.348770680820699,0.3883232291098531,MLB-P5,synthetic,True
H-0065,Hitter 65,2019,MLB,MLB-T2,batter,25.7,320.0,80.54160909045872,0.11716581810915268,0.23165684297322892,0.17344213146266702,0.3272229178093792,0.007153799600962787,0.21415321879211452,0.3089379520759258,0.5061644232436049,0.41837568585502294,163.65859759552453,156.34140240447547,0.4104128817428643,0.4263384899671816,MLB-P3,synthetic,True
H-0066,Hitter 66,2019,MLB,MLB-T6,batter,23.5,355.0,92.05617678600224,0.02,0.19195309564215626,0.1315748624471339,0.3292165487238309,0.0164602920752395,0.2619071258964741,0.25349427387666934,0.46449651731951697,0.33640622926698,193.3735069166865,161.6264930833135,0.31234484924165157,0.3604676092923084,MLB-P5,synthetic,True
H-0067,Hitter 67,2019,MLB,MLB-T5,batter,34.1,348.0,97.97562025723468,0.02,0.3131537756778266,0.02,0.35946877293966323,0.005,0.24046039399653907,0.25,0.35594687729396635,0.2753140705288822,185.65053303095652,162.34946696904348,0.27165522916416296,0.2789729118936014,MLB-P4,synthetic,True
H-0070,Hitter 70,2019,MLB,MLB-T1,batter,32.3,596.0,160.00552692527341,0.02,0.30919869695010227,0.02,0.24533987366468823,0.005,0.16532430694437014,0.25,0.34453398736646884,0.2353689557826409,313.21183138246494,282.78816861753506,0.24482125707406566,0.22591665449121612,MLB-P2,synthetic,True
H-0071,Hitter 71,2019,MLB,MLB-T5,batter,32.2,381.0,91.31730367556702,0.02,0.3030714031130809,0.0635135517188327,0.30083426810616054,0.009937207659515453,0.2051339001535338,0.25,0.39359697852944875,0.28316793417607805,192.1454774890952,188.8545225109048,0.2715855628424445,0.2947503055097116,MLB-P4,synthetic,True
H-0073,Hitter 73,2019,MLB,MLB-T5,batter,22.8,352.0,88.95805006210014,0.02,0.2465576153602267,0.14354144288067955,0.33460850405014114,0.005,0.24616605913128276,0.25,0.47700229328569366,0.33456077000192314,175.74452420853618,176.25547579146382,0.3285210476296201,0.3406004923742262,MLB-P2,synthetic,True
H-0074,Hitter 74,2019,MLB,MLB-T3,batter,23.3,328.0,92.20748184419347,0.027831396453283586,0.25838300749060555,0.0960696842883355,0.23692059824600376,0.028323135202723525,0.17335898071740272,0.25,0.4197617441129359,0.3007333349444355,158.7969970936122,169.2030029063878,0.3121324561751482,0.2893342137137228,MLB-P2,synthetic,True
H-0076,Hitter 76,2019,MLB,MLB-T6,batter,29.9,205.0,55.46509052572371,0.08995342858192154,0.29448269686929035,0.10100198622690715,0.24006765633053478,0.052081289584396895,0.15558917012233042,0.25,0.4250087518599606,0.3694153327737884,94.79060080433685,110.20939919566315,0.355546336644775,0.38328432890280184,MLB-P3,synthetic,True
H-0077,Hitter 77,2019,MLB,MLB-T1,batter,23.6,545.0,145.16632913313856,0.064915111663113,0.22720790151904957,0.16671673555455765,0.3134049966549585,0.05036215611598381,0.22940650810316401,0.26458207788030286,0.49805723522005346,0.4121524720528067,254.52843338988168,290.4715666101183,0.3894393838026919,0.4348655603029215,MLB-P5,synthetic,True
H-0078,Hitter 78,2019,MLB,MLB-T3,batter,29.8,187.0,50.38802030031857,0.0607645616389986,0.23401945941142696,0.18981341263313345,0.2705922470635016,0.020556524881688555,0.19390945514130567,0.25,0.5168726373394836,0.3801407289612677,95.61214451349497,91.38785548650503,0.3823119346687789,0.37796952325375655,MLB-P3,synthetic,True
H-0080,Hitter 80,2019,MLB,MLB-T2,batter,30.6,633.0,166.5160579981561,0.044608603536981234,0.32910669347795657,0.13884078149639117,0.28618923477607766,0.011190723834478944,0.1809145484744299,0.25,0.4674597049739989,0.33782633592156025,307.2092430372575,325.7907569627425,0.3319954381583405,0.34365723368478,MLB-P3,synthetic,True
H-0081,Hitter 81,2019,MLB,MLB-T7,batter,27.3,288.0,71.88269185924054,0.08087393600688872,0.23536884773004313,0.1600149528559215,0.2867556629949013,0.048998090042064193,0.20342096738337387,0.2573380644962465,0.4886905191554116,0.40908274236165215,152.40553066373192,135.59446933626808,0.4014893024430482,0.4166761822802561,MLB-P4,synthetic,True
H-0082,Hitter 82,2019,MLB,MLB-T4,batter,33.2,424.0,104.30081927405229,0.02,0.42001046782133145,0.026636729926228037,0.3116200711709952,0.005,0.175253977872529,0.25,0.3577987370433276,0.26221722636927375,197.7605397611777,226.2394602388223,0.27232223043610476,0.25211222230244273,MLB-P5,synthetic,True
H-0084,Hitter 84,2019,MLB,MLB-T1,batter,26.2,575.0,160.00948832770143,0.11263012506324407,0.2797461915949943,0.23302150428913865,0.31412858105298325,0.040329822713273566,0.19692143886932578,0.2844148939793454,0.564434362394437,0.4732447587137874,274.64327767269936,300.35672232730064,0.467380635756553,0.47910888167102184,MLB-P5,synthetic,True
H-0085,Hitter 85,2019,MLB,MLB-T6,batter,32.4,309.0,79.62462831183396,0.02,0.32635663424556133,0.02,0.3130532517602512,0.005,0.20537518114094228,0.25,0.35130532517602514,0.25906863811608793,157.37350296083508,151.62649703916492,0.24109401698983984,0.277043259242336,MLB-P1,synthetic,True
H-0086,Hitter 86,2019,MLB,MLB-T5,batter,33.7,387.0,92.24533101267886,0.02,0.319226535470939,0.02,0.2794268234543727,0.005,0.18538783021629615,0.25,0.3479426823454373,0.24729938820903047,197.1052610618817,189.8947389381183,0.25325166011374733,0.2413471163043136,MLB-P2,synthetic,True
H-0087,Hitter 87,2019,MLB,MLB-T4,batter,26.8,439.0,117.58982892464584,0.14169807502576878,0.23341914908328854,0.11484172037167886,0.32584084874872576,0.015177600790369773,0.20588897418332,0.3249491756840569,0.44742580524655146,0.4100557364958483,219.2739612086814,219.7260387913186,0.41270005287934547,0.40741142011235115,MLB-P5,synthetic,True
H-0088,Hitter 88,2019,MLB,MLB-T6,batter,24.1,359.0,86.90960289688941,0.047282115331217525,0.22312211979658259,0.22751900890717228,0.28160498455452837,0.022814415479885865,0.20887996641986806,0.25,0.5556795073626252,0.39732765415677923,176.72713300432198,182.27286699567802,0.42386899774699827,0.3707863105665602,MLB-P4,synthetic,True
H-0089,Hitter 89,2019,MLB,MLB-T6,batter,23.8,255.0,60.77921923597965,0.07255561468414712,0.3175713899805774,0.07354318156818446,0.2886716486879022,0.027294812534877408,0.18014726493389488,0.25,0.40241034643697465,0.33683808846355984,118.0027807938196,136.9972192061804,0.3336172754345469,0.3400589014925728,MLB-P4,synthetic,True
H-0092,Hitter 92,2019,MLB,MLB-T4,batter,32.3,487.0,131.23690725278828,0.02,0.3147888047097918,0.02,0.26607101883940387,0.005,0.17774342047424335,0.25,0.3466071018839404,0.24262485659379138,251.96869163653423,235.03130836346577,0.253247144965651,0.23200256822193177,MLB-P3,synthetic,True
H-0093,Hitter 93,2019,MLB,MLB-T2,batter,26.5,278.0,72.06458629116321,0.08443112264288632,0.21923664334458906,0.13016916861502378,0.2974746069293544,0.02593469032822044,0.21103136115434806,0.27085816448748984,0.4599166293079592,0.378152162308956,129.03251630252612,148.96748369747388,0.36094650374597503,0.39535782087193694,MLB-P4,synthetic,True
H-0094,Hitter 94,2019,MLB,MLB-T5,batter,32.4,270.0,69.08796422067103,0.02,0.2824437615955499,0.07132777085824554,0.33015452344812285,0.005,0.23105134746868636,0.25,0.4043432232030578,0.2932843571788781,137.43526692914887,132.56473307085113,0.30700503288615205,0.2795636814716041,MLB-P2,synthetic,True
H-0095,Hitter 95,2019,MLB,MLB-T4,batter,28.1,344.0,92.1205707192976,0.08398657749381064,0.22213049224615694,0.1324573516403186,0.2535760236159386,0.006858100176590766,0.17698078933680328,0.25,0.45781495400191247,0.3465660460723529,162.131380074148,181.868619925852,0.33449687422737323,0.3586352179173326,MLB-P4,synthetic,True
H-0097,Hitter 97,2019,MLB,MLB-T5,batter,25.8,536.0,140.33593380761175,0.09738806707056588,0.24585797354985564,0.15749570635725443,0.2850750600791204,0.04491068234100795,0.19396077677848475,0.2658898240551661,0.48600321236516647,0.4149901705804853,278.83215864323154,257.16784135676846,0.41773110686364995,0.4122492342973207,MLB-P3,synthetic,True
H-0098,Hitter 98,2019,MLB,MLB-T6,batter,33.9,494.0,128.14751473350765,0.02,0.2837810625383362,0.04320109909246175,0.27636216284633036,0.005,0.19315857137147943,0.25,0.3708373153770948,0.25898736149706963,236.9440186830643,257.0559813169357,0.2748529920550389,0.24312173093910042,MLB-P2,synthetic,True
H-0100,Hitter 100,2019,MLB,MLB-T7,batter,28.8,275.0,67.58334631726962,0.054521552184702005,0.17516476181620688,0.2008927762321322,0.3367156795206932,0.018140153216443987,0.2620977192077405,0.2879605787874485,0.5345643441842015,0.4028327391840063,138.34384948241498,136.65615051758502,0.4132598755967758,0.3924056027712368,MLB-P2,synthetic,True
H-0101,Hitter 101,2019,MLB,MLB-T1,batter,31.1,461.0,117.30692519145498,0.05072066578529639,0.32572738710448185,0.07720329379527713,0.31384009453316936,0.03546812446374634,0.20101582069697574,0.25,0.40858730324859405,0.33973162274109087,228.77644831583368,232.22355168416632,0.34681027280845905,0.3326529726737227,MLB-P5,synthetic,True
H-0103,Hitter 103,2019,MLB,MLB-T4,batter,28.8,205.0,52.78720947034742,0.08997754233888508,0.1467929679482356,0.16636691075610602,0.2556330534093578,0.0446211263918882,0.20179985386615262,0.2655735587555176,0.4919302160970418,0.40411666299905247,112.41015630456837,92.58984369543163,0.3911675036159121,0.4170658223821928,MLB-P3,synthetic,True
H-0104,Hitter 104,2019,MLB,MLB-T2,batter,22.7,235.0,56.28664952127867,0.02,0.2649612367404229,0.17682930519188705,0.3198948954174381,0.005,0.22948725039233672,0.25,0.5088187947336309,0.34771933125164123,125.912345313636,109.087654686364,0.347971153707767,0.34746750879551547,MLB-P3,synthetic,True
H-0105,Hitter 105,2019,MLB,MLB-T3,batter,31.0,235.0,56.01669095127086,0.02,0.23930216211525698,0.02046571194030601,0.280466899125055,0.005,0.20849122578016657,0.25,0.3485124018528115,0.2479195562609376,119.36464430126556,115.63535569873444,0.24097933693516904,0.25485977558670614,MLB-P2,synthetic,True
H-0106,Hitter 106,2019,MLB,MLB-T7,batter,22.2,182.0,46.70138335042833,0.0389332521932062,0.2630248574462608,0.07329941435124611,0.3404886943798026,0.005,0.2384253718712672,0.2528410868773467,0.40734828378922633,0.31123899746136063,83.98289877472698,98.01710122527302,0.2950131676907597,0.3274648272319616,MLB-P3,synthetic,True
H-0107,Hitter 107,2019,MLB,MLB-T2,batter,30.2,494.0,137.07868850332196,0.047071108385029536,0.18784993839023603,0.1645351122839462,0.30162872802485224,0.01739665313885458,0.23337928947059025,0.2547639207348154,0.49469798508643137,0.36467113025935843,245.70346105224138,248.29653894775862,0.3702784086408161,0.35906385187790074,MLB-P5,synthetic,True
H-0109,Hitter 109,2019,MLB,MLB-T3,batter,26.3,388.0,110.2950146875985,0.07493326909896249,0.20477169917270724,0.18565844960049072,0.27185897225471045,0.043462166808654334,0.2023379920671361,0.25117006944021664,0.5128443468259618,0.4088320260664812,199.78117121618317,188.21882878381683,0.3965269212253348,0.42113713090762767,MLB-P5,synthetic,True
H-0110,Hitter 110,2019,MLB,MLB-T1,batter,23.8,180.0,51.344986988701336,0.02464776845882933,0.26146589056240527,0.2513388769324903,0.3089169958318912,0.02497724471023063,0.22427821052711594,0.25,0.5822305765156794,0.4060902890144197,93.58695021415895,86.41304978584105,0.40892043123981253,0.40326014678902683,MLB-P4,synthetic,True
H-0111,Hitter 111,2019,MLB,MLB-T2,batter,23.8,578.0,150.41948887385502,0.07469443206837,0.15545893575486944,0.16747790370232524,0.29008801348362806,0.04369960723586771,0.2298782213005979,0.27568538426206596,0.49648670505068804,0.4052594007156886,298.77825727701634,279.22174272298366,0.421534168741948,0.38898463268942923,MLB-P1,synthetic,True
H-0112,Hitter 112,2019,MLB,MLB-T1,batter,29.8,339.0,86.31300458859381,0.09890512470409607,0.17791433187943723,0.17903723449380948,0.2995828819169626,0.021165670719472854,0.2198273619509011,0.29389238491277825,0.5089955226855057,0.4116071785829249,175.40437059781345,163.59562940218655,0.3982238342530948,0.42499052291275496,MLB-P3,synthetic,True
H-0113,Hitter 113,2019,MLB,MLB-T4,batter,25.6,182.0,49.64423399131073,0.10082836713110438,0.22921820002425658,0.11071950330363538,0.3147032051402776,0.028927091485702956,0.2151755563337951,0.2905812104809501,0.44218982381766314,0.38765608794500234,95.08326780224942,86.91673219775058,0.3925917147621662,0.3827204611278385,MLB-P5,synthetic,True
H-0114,Hitter 114,2019,MLB,MLB-T7,batter,31.1,202.0,55.690452350831826,0.04088229575960713,0.18129544055437236,0.030692037175999533,0.30735295410831115,0.006272791385671148,0.24000688922296287,0.2560416692232081,0.3614273325868307,0.27871727366353766,96.67196594522328,105.32803405477672,0.25896499441412507,0.29846955291295024,MLB-P2,synthetic,True
H-0117,Hitter 117,2019,MLB,MLB-T7,batter,23.4,599.0,144.70580931183446,0.0895894079621275,0.22646712914296216,0.0989435701285955,0.27032396025575917,0.02435095467825304,0.188538948682528,0.2559870828948385,0.42597596615417144,0.35366079444416015,307.58440124042636,291.41559875957364,0.35529726511093995,0.35202432377738035,MLB-P2,synthetic,True
H-0118,Hitter 118,2019,MLB,MLB-T3,batter,33.7,583.0,162.47110385159027,0.02,0.25063674477734027,0.09842243816665389,0.2895980727099336,0.005,0.21197219301792564,0.25,0.42738224543764725,0.2939916664401364,272.6122399343523,310.3877600656477,0.2878298087541283,0.30015352412614454,MLB-P2,synthetic,True
H-0119,Hitter 119,2019,MLB,MLB-T5,batter,28.3,359.0,85.54208614485563,0.06330688904349258,0.15884654524753744,0.0786249891900436,0.2878036021654558,0.0236799476040474,0.2274190356836776,0.26478722823225603,0.4074053494065892,0.32960177998652096,180.6533783951081,178.3466216048919,0.35044195679859674,0.3087616031744452,MLB-P1,synthetic,True
H-0120,Hitter 120,2019,MLB,MLB-T4,batter,30.5,573.0,145.9404943259588,0.08742486237184835,0.24197422337934343,0.08661258897849755,0.2858636785340092,0.040025892202108615,0.1977043280057503,0.25995526212973896,0.41519895683189845,0.3649099180672684,270.26528922908307,302.73471077091693,0.3467511405901706,0.38306869554436623,MLB-P4,synthetic,True
H-0001,Hitter 1,2020,MLB,MLB-T6,batter,34.0,616.0,165.60651649613118,0.02,0.24733985504226375,0.0796163810430229,0.3134608015106712,0.005,0.23041023627337653,0.25,0.41096246119408997,0.29200029010239753,316.070208974052,299.929791025948,0.28921239957003464,0.2947881806347604,MLB-P2,synthetic,True
H-0002,Hitter 2,2020,MLB,MLB-T4,batter,33.4,578.0,156.51781652455014,0.02,0.26622634717169696,0.05343386811943607,0.2870395464551157,0.005,0.2056312655794473,0.25,0.3821378227649476,0.2683524687249803,292.30009331935895,285.69990668064105,0.2972774628919869,0.23942747455797372,MLB-P5,synthetic,True
H-0003,Hitter 3,2020,MLB,MLB-T4,batter,23.1,392.0,97.61396764819818,0.04328764206801359,0.30237605209160623,0.1528881563403616,0.2899669266250532,0.006497138327495558,0.1907104583328502,0.25,0.48188484900286693,0.341725684248323,187.12944934297641,204.87055065702359,0.33585278159354737,0.34759858690309864,MLB-P4,synthetic,True
H-0004,Hitter 4,2020,MLB,MLB-T5,batter,33.0,337.0,87.6961850847711,0.02,0.25051241574265626,0.02,0.29660077673975094,0.005,0.21711658411273266,0.25,0.3496600776739751,0.25331027185891286,178.17201866687643,158.82798133312357,0.24667385823721852,0.2599466854806072,MLB-P3,synthetic,True
H-0005,Hitter 5,2020,MLB,MLB-T3,batter,30.5,493.0,137.1941036666395,0.02488940471292378,0.2253383016581824,0.1456879293631609,0.3119116423195815,0.024092988622842215,0.23747665576493412,0.25,0.4768790935951191,0.34840370902119666,231.33041109790565,261.66958890209435,0.343245200159508,0.35356221788288533,MLB-P4,synthetic,True
H-0007,Hitter 7,2020,MLB,MLB-T5,batter,32.3,537.0,144.05697919178408,0.02,0.22846300164661004,0.02,0.31152822206818165,0.005,0.23487498491548953,0.25,0.35115282220681815,0.2585348777238636,253.55772193300388,283.4422780669961,0.23745812959283616,0.27961162585489097,MLB-P3,synthetic,True
H-0008,Hitter 8,2020,MLB,MLB-T7,batter,25.8,341.0,94.75570543315044,0.04182294728012444,0.26306513830482325,0.1460654828744811,0.316635100964783,0.0412333310821725,0.22628183086495954,0.25,0.4777289929709594,0.37754436198868097,162.793123400344,178.206876599656,0.3678231428106769,0.387265581166685,MLB-P2,synthetic,True
H-0011,Hitter 11,2020,MLB,MLB-T5,batter,28.9,614.0,159.11912769859183,0.03700675110074425,0.2675619671988356,0.06164028470041848,0.2929772804235788,0.041696481270850336,0.21000003782470036,0.25,0.39093801274277634,0.31987576364776904,333.63449476390696,280.36550523609304,0.3289959951819619,0.3107555321135762,MLB-P1,synthetic,True
H-0012,Hitter 12,2020,MLB,MLB-T2,batter,27.2,559.0,148.37447857580688,0.10243084024667802,0.26279706265567565,0.1336031816185357,0.28570594232051616,0.057279736735606435,0.18995012067039418,0.26565318439072594,0.46217377585058733,0.41673218093709563,290.5485382993478,268.4514617006522,0.4012838612944692,0.43218050057972207,MLB-P5,synthetic,True
H-0013,Hitter 13,2020,MLB,MLB-T5,batter,30.2,590.0,160.28787115343658,0.02,0.20084052332962535,0.08670419225970054,0.3151076750180673,0.005,0.2462691311618958,0.25,0.41821495976150724,0.29647499199915883,295.78014489560655,294.21985510439345,0.28650126957856853,0.30644871441974914,MLB-P1,synthetic,True
H-0014,Hitter 14,2020,MLB,MLB-T3,batter,24.3,425.0,118.46950308519386,0.055826716221710794,0.2567892683355805,0.16991018530122157,0.2792524234704374,0.029525735561109868,0.19638251250138342,0.25,0.49783542764826527,0.3768408134905214,232.60799575986633,192.39200424013367,0.3584460309010623,0.3952355960799805,MLB-P5,synthetic,True
H-0015,Hitter 15,2020,MLB,MLB-T7,batter,28.3,481.0,129.31024619652266,0.06397524674922639,0.20712818277150064,0.08875312971819474,0.3036690576934161,0.037559592976118515,0.2269772736598213,0.2631842479912896,0.41912003548753635,0.3536846979406679,253.99875250898324,227.00124749101676,0.3796545641044872,0.3277148317768486,MLB-P1,synthetic,True
H-0016,Hitter 16,2020,MLB,MLB-T7,batter,29.9,624.0,152.3580124794512,0.06490538663210998,0.2569936905113322,0.17819108325634664,0.27846241457276905,0.009369952614725102,0.19023111319486885,0.25,0.5060373247136235,0.36933366888718944,333.4546656502161,290.5453343497839,0.36662246676546606,0.3720448710089128,MLB-P2,synthetic,True
H-0017,Hitter 17,2020,MLB,MLB-T7,batter,30.7,414.0,111.63709417419699,0.02,0.1776735536975216,0.05704616995509289,0.2616254310874136,0.017598239980582416,0.21254873838380586,0.25,0.3832087130638342,0.27278271033842005,219.33435638037466,194.66564361962534,0.3130483594403651,0.23251706123647503,MLB-P3,synthetic,True
H-0018,Hitter 18,2020,MLB,MLB-T3,batter,25.6,359.0,96.29390054987577,0.05595059768434344,0.2990474296832605,0.1546125473684318,0.31144637426131505,0.02762173784048113,0.2050267864438279,0.25,0.4857571847945633,0.37806811447957117,166.15381660616399,192.84618339383601,0.3896895255104982,0.36644670344864416,MLB-P4,synthetic,True
H-0020,Hitter 20,2020,MLB,MLB-T3,batter,29.8,594.0,147.14220455151568,0.0447031200163327,0.17232174989781035,0.1344560079800842,0.2933588032074526,0.017834373530318165,0.23236780313273425,0.25142650240920056,0.46379188830082946,0.343969505700374,268.22516357064063,325.77483642935937,0.32593784431782646,0.3620011670829215,MLB-P3,synthetic,True
H-0021,Hitter 21,2020,MLB,MLB-T2,batter,28.2,227.0,61.540599463048004,0.1098118295860385,0.20925133445991892,0.15196859966681558,0.2943932196133154,0.04000057210089292,0.2064632733049485,0.2902286983268716,0.4814079216281471,0.41948915228243955,119.84841461160156,107.15158538839844,0.4106463537784564,0.4283319507864227,MLB-P4,synthetic,True
H-0023,Hitter 23,2020,MLB,MLB-T5,batter,28.1,302.0,84.54356391243317,0.07146150214996448,0.16642654043276187,0.19435717241383585,0.31080204898486713,0.01580607993878122,0.23923686991197365,0.2846408642790053,0.5254373773123225,0.3999256854221914,164.05820763171894,137.94179236828106,0.39263172969177035,0.4072196411526125,MLB-P4,synthetic,True
H-0025,Hitter 25,2020,MLB,MLB-T2,batter,22.6,341.0,86.33294862289333,0.02,0.2870274307149302,0.04294502467891567,0.3015220534414545,0.005,0.20969651206943485,0.25,0.37309723002306105,0.2676524822779127,162.9104991372915,178.0895008627085,0.26403595368836047,0.27126901086746497,MLB-P3,synthetic,True
H-0026,Hitter 26,2020,MLB,MLB-T7,batter,30.4,488.0,135.18999437225082,0.09172132923818173,0.24983358425265936,0.15733407757394852,0.2755032443216919,0.005,0.18215375754095034,0.25498471102503706,0.4848844020061177,0.3716648086449911,244.75818469209,243.24181530791,0.36342673917361057,0.3799028781163716,MLB-P2,synthetic,True
H-0028,Hitter 28,2020,MLB,MLB-T7,batter,26.1,421.0,108.6520292670078,0.06712621445743326,0.18458784768328712,0.21014623716808223,0.3046393852917909,0.043996858574269354,0.23455689691808257,0.2722878457761812,0.5406101756972613,0.42878973813161775,198.81715550093423,222.18284449906577,0.4237430495966131,0.4338364266666224,MLB-P3,synthetic,True
H-0029,Hitter 29,2020,MLB,MLB-T2,batter,24.3,380.0,96.41145913792639,0.09131468211307166,0.28083903564503104,0.15130746562801078,0.3158199096179327,0.011022868592293893,0.19993978640043517,0.26977240261350366,0.48288945658980403,0.387596933673897,180.35724231095978,199.64275768904022,0.3856242784724316,0.38956958887536247,MLB-P1,synthetic,True
H-0031,Hitter 31,2020,MLB,MLB-T5,batter,26.8,239.0,60.09696901897998,0.0904394543955177,0.25071575182416184,0.2315081854405804,0.2875572048224155,0.02640130215421968,0.19341576263440266,0.2609494649756604,0.5602639059228219,0.4350433136958248,128.6399120339278,110.3600879660722,0.4388743603648961,0.43121226702675347,MLB-P3,synthetic,True
H-0032,Hitter 32,2020,MLB,MLB-T4,batter,23.8,251.0,69.22314155987628,0.06704878741164312,0.2943842172048299,0.13785769137187295,0.2755359188809815,0.011487934192278794,0.1776713339689094,0.25,0.46541128325997105,0.34953259382407476,122.90612966027349,128.0938703397265,0.3577951968307964,0.3412699908173531,MLB-P4,synthetic,True
H-0033,Hitter 33,2020,MLB,MLB-T6,batter,26.0,208.0,50.4247258942472,0.1372549744356109,0.23315901379592807,0.15215087042463077,0.37193816605091806,0.012042846418092711,0.23597349355118705,0.34800533436523673,0.48934468702972256,0.4407783807325793,100.3049163466576,107.6950836533424,0.4608841907279801,0.4206725707371785,MLB-P3,synthetic,True
H-0034,Hitter 34,2020,MLB,MLB-T1,batter,25.1,392.0,106.82297983930161,0.07887068658799126,0.20348929805078728,0.11057995605737654,0.2932389328841498,0.02786610426330524,0.21461990793898525,0.2682666796575318,0.4399038493457915,0.36374157678957814,207.38200437555105,184.61799562444895,0.407596227153648,0.31988692642550826,MLB-P4,synthetic,True
H-0035,Hitter 35,2020,MLB,MLB-T3,batter,29.3,305.0,82.43157328289901,0.07974890026613307,0.2548810000017755,0.050552513734616895,0.30292177306297197,0.005,0.20230509035393165,0.2611484815846716,0.38084469104091406,0.31415073331237264,137.9268850112387,167.0731149887613,0.31564177123209913,0.31265969539264615,MLB-P5,synthetic,True
H-0037,Hitter 37,2020,MLB,MLB-T5,batter,33.8,466.0,121.62159267189948,0.02,0.2902218916685341,0.02,0.33335531435881877,0.005,0.23069119814066713,0.25,0.35333553143588187,0.2661743600255866,235.39374703637912,230.60625296362088,0.2751757033545256,0.25717301669664755,MLB-P4,synthetic,True
H-0038,Hitter 38,2020,MLB,MLB-T1,batter,23.6,528.0,134.50641722978168,0.049715503935356266,0.19634389230920193,0.10066239252072806,0.3027131136656564,0.005,0.22897770768177467,0.25512044084895347,0.4309337038872937,0.32061475842412956,273.331717168364,254.66828283163602,0.3166708497662954,0.32455866708196374,MLB-P5,synthetic,True
H-0039,Hitter 39,2020,MLB,MLB-T3,batter,32.0,631.0,162.8720395078193,0.02,0.26331978079340157,0.22439910471804408,0.3480194334390466,0.005,0.2501686438452521,0.25,0.5592010480619487,0.3837263092985906,292.0966915687856,338.9033084312144,0.3666343459513584,0.40081827264582276,MLB-P2,synthetic,True
H-0040,Hitter 40,2020,MLB,MLB-T7,batter,31.9,610.0,151.07957854693382,0.02,0.23607196388434754,0.09026969491836018,0.3159115229493059,0.005,0.235765438853982,0.25,0.42186084721329076,0.2987173652373552,311.93895051311614,298.06104948688386,0.30116613963542826,0.29626859083928214,MLB-P3,synthetic,True
H-0041,Hitter 41,2020,MLB,MLB-T3,batter,30.1,331.0,93.93130697835943,0.02,0.2600190104204844,0.07239100115772718,0.2715880833770786,0.0058848846402312915,0.19642098972386773,0.25,0.399549809495435,0.2741672759949356,176.38589495199216,154.61410504800784,0.3131968871673122,0.23513766482255907,MLB-P5,synthetic,True
H-0042,Hitter 42,2020,MLB,MLB-T2,batter,32.1,212.0,60.16014443264812,0.02,0.20102814010121559,0.15995146607962046,0.25067146837629367,0.005,0.1960160199446408,0.25,0.4850186129172498,0.31420832027549406,110.08579552021095,101.91420447978905,0.30859056568095194,0.31982607487003617,MLB-P4,synthetic,True
H-0043,Hitter 43,2020,MLB,MLB-T3,batter,26.0,378.0,92.47029231186839,0.13892181525409714,0.17388993351196647,0.13975193977096273,0.3224121516823038,0.052947390919889446,0.22949995132911644,0.3383238736761168,0.4719931549391931,0.45460574246860436,203.63601866339894,174.36398133660106,0.43956921039879815,0.46964227453841056,MLB-P4,synthetic,True
H-0044,Hitter 44,2020,MLB,MLB-T6,batter,23.7,435.0,115.08530161071089,0.03834877267681371,0.27039085482346426,0.11607219770207092,0.2850363494119915,0.024706269239465128,0.20074027345641396,0.25,0.4445758326432701,0.33268221421962424,221.20460696499873,213.79539303500127,0.3313783851642171,0.3339860432750314,MLB-P3,synthetic,True
H-0045,Hitter 45,2020,MLB,MLB-T4,batter,30.5,424.0,102.81786760223224,0.06363025799250693,0.22719949169677459,0.19232918772927718,0.27591408395649447,0.014017932180992721,0.19777274981082868,0.25,0.5199205961249266,0.37950830219352377,207.27690881914927,216.72309118085073,0.4141893004615682,0.34482730392547933,MLB-P4,synthetic,True
H-0046,Hitter 46,2020,MLB,MLB-T3,batter,22.8,388.0,110.71852251354359,0.047911400297922284,0.2787346236517068,0.10557364963759899,0.27186534808612806,0.005,0.18381161308411242,0.25,0.43276018444621184,0.31125635933936985,184.0896321986304,203.9103678013696,0.3215884776076119,0.3009242410711278,MLB-P2,synthetic,True
H-0050,Hitter 50,2020,MLB,MLB-T4,batter,27.9,418.0,100.16707909198682,0.07266382759000088,0.19362364190472958,0.12040754367591566,0.27797417976897315,0.06465414570522349,0.2136512607092035,0.2562216525580789,0.448204961652813,0.39256852238859596,192.60893332938318,225.39106667061682,0.3816128540206049,0.403524190756587,MLB-P1,synthetic,True
H-0051,Hitter 51,2020,MLB,MLB-T4,batter,27.3,545.0,147.41485150809564,0.09164170058072679,0.2499910213767136,0.16140384769182894,0.285727351468006,0.005,0.18886353864830083,0.26094388536419755,0.48997658283862955,0.3774258796508168,253.15866287742688,291.8413371225731,0.37904331686242965,0.37580844243920397,MLB-P2,synthetic,True
H-0053,Hitter 53,2020,MLB,MLB-T7,batter,28.7,434.0,107.24295451112492,0.06562047422636752,0.2845551833409105,0.16658810515999364,0.33415701959728433,0.05946820016793289,0.22606359555427338,0.2610495032025426,0.500003807119722,0.4280341268066429,210.4902584148258,223.5097415851742,0.42873995512019575,0.42732829849309,MLB-P4,synthetic,True
H-0055,Hitter 55,2020,MLB,MLB-T7,batter,23.4,568.0,140.34431008364967,0.06653666694461965,0.1850544312918848,0.17527003566918478,0.3278243229166698,0.03579609574982891,0.2507160558479007,0.28734864428150336,0.5080524679608518,0.40992918567496583,304.84054993336355,263.15945006663645,0.427374471887546,0.39248389946238565,MLB-P4,synthetic,True
H-0056,Hitter 56,2020,MLB,MLB-T6,batter,31.9,271.0,66.03788823003464,0.053121205057737306,0.3035384138381584,0.02,0.29836653307376537,0.005,0.19270123909638656,0.25,0.34983665330737657,0.277113130116234,131.61146702776267,139.38853297223733,0.27823797459492644,0.2759882856375416,MLB-P2,synthetic,True
H-0059,Hitter 59,2020,MLB,MLB-T3,batter,23.7,406.0,107.10427206899107,0.050596689226231596,0.23478623627321976,0.18294912939431934,0.2938188169553074,0.021986154793392953,0.2132658666248229,0.25,0.51233101108985,0.37866382887364897,215.19524817668966,190.80475182331034,0.3788064748800958,0.37852118286720216,MLB-P2,synthetic,True
H-0063,Hitter 63,2020,MLB,MLB-T6,batter,34.1,225.0,54.190689586541666,0.02,0.2665847192883243,0.02,0.3223034234346239,0.005,0.2306861873039463,0.25,0.3522303423434624,0.26230619820211837,113.41307296425845,111.58692703574155,0.26611837961747264,0.2584940167867641,MLB-P5,synthetic,True
H-0066,Hitter 66,2020,MLB,MLB-T4,batter,23.6,617.0,175.36632014038153,0.02,0.20772786638525353,0.13905004109856756,0.3123092094041398,0.017778693606291376,0.2438545035350134,0.25,0.4702809620389815,0.33578657014132335,323.93432775614036,293.06567224385964,0.3272773675326582,0.3442957727499885,MLB-P5,synthetic,True
H-0067,Hitter 67,2020,MLB,MLB-T5,batter,34.3,288.0,75.98085742005719,0.02,0.2781695929522119,0.02,0.3088403248980978,0.005,0.2175035309360031,0.25,0.3508840324898098,0.25759411371433427,155.7813192349388,132.2186807650612,0.27507216109124777,0.24011606633742077,MLB-P3,synthetic,True
H-0068,Hitter 68,2020,MLB,MLB-T4,batter,25.2,387.0,106.64183046831425,0.06368797277976082,0.2378810029389525,0.21799227328688348,0.3165514699562661,0.034492912997493366,0.2262633043489259,0.2626684034391325,0.5496474202825101,0.4263139674360557,185.19030832750124,201.80969167249876,0.4255676552221332,0.4270602796499782,MLB-P2,synthetic,True
H-0069,Hitter 69,2020,MLB,MLB-T1,batter,22.7,432.0,115.27795494856417,0.02,0.2869186418259679,0.138298935625381,0.3187083751917028,0.01874400406877913,0.22370243414962124,0.25,0.47016977314455133,0.33848194957295674,199.51860198942347,232.48139801057653,0.3385519830065975,0.338411916139316,MLB-P2,synthetic,True
H-0070,Hitter 70,2020,MLB,MLB-T5,batter,32.5,290.0,81.31723216351365,0.02,0.29237649830603973,0.02,0.2867605157085715,0.005,0.1979332699590938,0.25,0.3486760515708571,0.24986618049800002,138.32639363588785,151.67360636411215,0.24531997396515273,0.25441238703084734,MLB-P1,synthetic,True
H-0071,Hitter 71,2020,MLB,MLB-T6,batter,32.4,401.0,98.2950174812311,0.02,0.28755597580351844,0.05198493240349028,0.29423868836073225,0.019645787373789164,0.20669068954886824,0.25,0.3814088012395635,0.2832564623845862,180.84924886763818,220.15075113236182,0.2792331835789444,0.287279741190228,MLB-P1,synthetic,True
H-0072,Hitter 72,2020,MLB,MLB-T6,batter,31.1,180.0,44.90211691975406,0.03149038647383698,0.3192832181907574,0.11068921133144076,0.276221223465102,0.005,0.1800801092253837,0.25,0.43831133367795094,0.304099764976764,90.65634496145162,89.34365503854838,0.29747804682152085,0.31072148313200715,MLB-P2,synthetic,True
H-0073,Hitter 73,2020,MLB,MLB-T5,batter,23.0,349.0,87.96753376644558,0.02,0.23580455735572556,0.17057055039260904,0.33239835837869103,0.005,0.24811934344786013,0.25,0.5038103862304781,0.3486532281484768,175.08636886879378,173.91363113120622,0.35914129852174226,0.3381651577752114,MLB-P2,synthetic,True
H-0074,Hitter 74,2020,MLB,MLB-T6,batter,23.4,487.0,125.32137448655726,0.02,0.28067487322031015,0.11616032511900168,0.24179019981131922,0.024236750813449854,0.1727254747591548,0.25,0.4403393451001336,0.3043278244815176,254.93154178415105,232.06845821584895,0.28915079492533874,0.3195048540376964,MLB-P4,synthetic,True
H-0075,Hitter 75,2020,MLB,MLB-T1,batter,29.2,360.0,85.83177442081342,0.034221238362213934,0.14910637944286861,0.14197368592953416,0.31995667222729635,0.01472525573039691,0.263508566066584,0.269391038298536,0.47396935315226374,0.3472779595517045,166.72454974113867,193.27545025886133,0.32933604356935314,0.3652198755340558,MLB-P1,synthetic,True
H-0076,Hitter 76,2020,MLB,MLB-T1,batter,30.1,253.0,66.84926926870065,0.07130752525678849,0.31349119070390663,0.08813045293245242,0.2639470832262608,0.0345311781903807,0.167560261247782,0.25,0.4145251612550785,0.3418465562931347,133.11687120590304,119.88312879409696,0.33866983178862264,0.34502328079764677,MLB-P2,synthetic,True
H-0077,Hitter 77,2020,MLB,MLB-T3,batter,23.7,258.0,69.03501082208042,0.0840979860197314,0.23293787222080287,0.13583902980023393,0.30200982524613534,0.04488004649582569,0.2129938880765269,0.2697336790116691,0.4660400123248475,0.3996755372863311,120.36385847184985,137.63614152815015,0.3876781837135881,0.4116728908590741,MLB-P4,synthetic,True
H-0078,Hitter 78,2020,MLB,MLB-T2,batter,29.9,273.0,74.69097520960833,0.059758379409101545,0.25114713400465166,0.1799589887870999,0.27183617659111303,0.029691135212408584,0.19177448082548265,0.25,0.5071426064462111,0.3826729929173333,139.85158916566772,133.14841083433228,0.3859894786188565,0.3793565072158101,MLB-P4,synthetic,True
H-0079,Hitter 79,2020,MLB,MLB-T7,batter,22.7,391.0,98.80916062232087,0.04236410214366513,0.18154172333047336,0.028824630718551146,0.23051641569400355,0.005,0.17965244735269803,0.25,0.3518762722879515,0.25068916388866996,185.33634866025753,205.66365133974247,0.2685246680212728,0.23285365975606714,MLB-P1,synthetic,True
H-0080,Hitter 80,2020,MLB,MLB-T6,batter,30.7,604.0,165.04370002427433,0.025222558339093232,0.3406664508572122,0.17182190948470122,0.29914742984121845,0.017934960617273156,0.1923829172255847,0.25,0.501736652468823,0.3530009060539232,287.3100765954714,316.6899234045286,0.3321733540330926,0.3738284580747538,MLB-P3,synthetic,True
H-0081,Hitter 81,2020,MLB,MLB-T2,batter,27.5,489.0,135.60735242879247,0.07235197921698784,0.2345112466031327,0.225572381983722,0.293693078457517,0.05976994351066675,0.2125349645276016,0.2555645049178893,0.5549416898294737,0.4512967221626696,266.1847616834095,222.81523831659052,0.44215092331247,0.46044252101286914,MLB-P3,synthetic,True
H-0082,Hitter 82,2020,MLB,MLB-T5,batter,33.4,329.0,81.59201503385388,0.02,0.4122944653230066,0.0726182464257078,0.3273803905104337,0.005,0.18660565963748865,0.25,0.4053562854767512,0.29302317221279106,158.64665327867695,170.35334672132305,0.303185617401661,0.2828607270239211,MLB-P1,synthetic,True
H-0083,Hitter 83,2020,MLB,MLB-T7,batter,28.2,229.0,59.3728936427842,0.08102755829776637,0.21825552033717585,0.09489908241468088,0.3178762977680316,0.009968150113749748,0.22423652326399995,0.2814947289700101,0.426686712191484,0.3491418254576968,108.88844628772377,120.11155371227623,0.3381807796882047,0.36010287122718887,MLB-P4,synthetic,True
H-0084,Hitter 84,2020,MLB,MLB-T1,batter,26.3,302.0,84.65169164295483,0.10456177218459412,0.24253197434977838,0.2635937175495886,0.30752110283097167,0.020620855753043957,0.2038755794739443,0.28526597818448307,0.5943458278326859,0.4643609413500692,137.1475277229952,164.8524722770048,0.48157464832054375,0.4471472343795947,MLB-P1,synthetic,True
H-0086,Hitter 86,2020,MLB,MLB-T6,batter,33.8,306.0,76.20429844793374,0.02,0.34817620495232354,0.02,0.29837602453425754,0.005,0.1892710721724732,0.25,0.34983760245342577,0.25393160858699015,164.91297383141463,141.08702616858537,0.287849211516112,0.22001400565786833,MLB-P1,synthetic,True
H-0087,Hitter 87,2020,MLB,MLB-T4,batter,27.0,557.0,133.28552361081623,0.13872890757265727,0.22931897321398734,0.12134652760088675,0.33401757434664725,0.009632327550004852,0.21252796309536898,0.3287037101392387,0.4547482850355515,0.4094260712976787,251.97788865516762,305.0221113448324,0.4210418731015302,0.39781026949382725,MLB-P2,synthetic,True
H-0088,Hitter 88,2020,MLB,MLB-T4,batter,24.3,592.0,142.47668364738388,0.06252483334391337,0.21790763413750786,0.169762736887982,0.3119998577564968,0.0357856203528116,0.22987281084491168,0.2645793043567043,0.5009627226636316,0.3985438971614338,268.54302151038587,323.45697848961413,0.38551467904863057,0.411573115274237,MLB-P4,synthetic,True
H-0089,Hitter 89,2020,MLB,MLB-T2,batter,24.0,606.0,152.97974092715603,0.07248250685996835,0.31133353059083213,0.12689001892108226,0.2768579020555971,0.0323738916390232,0.1754514828975295,0.25,0.45457580912664197,0.36656403340315297,286.1231683996174,319.8768316003826,0.35948510686627666,0.3736429599400293,MLB-P3,synthetic,True
H-0090,Hitter 90,2020,MLB,MLB-T6,batter,27.9,428.0,113.41178320855681,0.1115824946256016,0.22014380538885517,0.21416162451335713,0.2988935496344041,0.048770677332293344,0.20705829991583985,0.2913509231099979,0.5440509794767975,0.464402991691373,197.1335856750866,230.8664143249134,0.46036588495280273,0.4684400984299433,MLB-P1,synthetic,True
H-0091,Hitter 91,2020,MLB,MLB-T7,batter,25.8,466.0,128.08030711086113,0.05529209726344778,0.16315434277992724,0.15455310291941624,0.28716058101609937,0.014146936135472162,0.2265534147926661,0.25728033419855856,0.48326916102102613,0.3569471205676521,237.9733854194349,228.0266145805651,0.38716297406568145,0.32673126706962274,MLB-P5,synthetic,True
H-0092,Hitter 92,2020,MLB,MLB-T3,batter,32.4,624.0,165.51948101815725,0.02,0.31460396190320317,0.02,0.27179537156699957,0.005,0.1816015634137283,0.25,0.34717953715669997,0.24462838004844986,296.01065706476,327.98934293524,0.24133497502458995,0.24792178507230977,MLB-P4,synthetic,True
H-0093,Hitter 93,2020,MLB,MLB-T6,batter,26.7,551.0,132.05140455799412,0.09277692252932017,0.19753085576022456,0.1156982735277137,0.3063255425871842,0.030962494557051794,0.2220412290689172,0.28843409192614367,0.4463308277864321,0.3836580812176277,257.7576269824763,293.2423730175237,0.4046193835000662,0.36269677893518915,MLB-P3,synthetic,True
H-0095,Hitter 95,2020,MLB,MLB-T2,batter,28.3,367.0,93.09511410794924,0.08176050338223301,0.20165086975258112,0.10118493022045631,0.2739375958771968,0.014269734825774249,0.19844102590025675,0.25843101249098455,0.428578689808176,0.34160498388902977,167.42821851364073,199.57178148635927,0.3520524827534617,0.33115748502459785,MLB-P2,synthetic,True
H-0096,Hitter 96,2020,MLB,MLB-T4,batter,24.4,198.0,49.819928151402216,0.0379019963023665,0.19262268038201788,0.14418009000060014,0.3158113509476408,0.015744779089728295,0.24537075824063648,0.25661013354182605,0.47576122509536417,0.35053472092441634,90.18240255749501,107.81759744250499,0.3462147675594294,0.35485467428940326,MLB-P1,synthetic,True
H-0097,Hitter 97,2020,MLB,MLB-T3,batter,26.0,216.0,56.6589685057054,0.12706051228346707,0.24930143454903372,0.18836993885605868,0.2809099896072914,0.054343517450533105,0.18333768665157363,0.2847280554140613,0.5164609378167878,0.45977348703729104,98.31216789986613,117.68783210013387,0.46005603271549156,0.4594909413590905,MLB-P3,synthetic,True
H-0098,Hitter 98,2020,MLB,MLB-T2,batter,34.1,562.0,136.71314546175523,0.02,0.29309821689338733,0.052619353923959666,0.26692879781202183,0.005,0.1841038671795823,0.25,0.3793122337051618,0.26086572389238544,261.2268418119107,300.7731581880893,0.26213397713860215,0.2595974706461687,MLB-P1,synthetic,True
H-0100,Hitter 100,2020,MLB,MLB-T4,batter,28.9,343.0,93.11470114059077,0.08212412461365233,0.18717206322114588,0.19526067222091606,0.3384852205279073,0.005129213533133432,0.24810182303129089,0.3047233215148411,0.5291091942737068,0.40796637631564814,175.6006143461932,167.3993856538068,0.3928180947745652,0.4231146578567311,MLB-P3,synthetic,True
H-0102,Hitter 102,2020,MLB,MLB-T5,batter,34.1,262.0,70.99831959634702,0.02,0.20539458682656161,0.02,0.309325640736193,0.005,0.24035531574759733,0.25,0.3509325640736193,0.25776397425766756,121.41361902850731,140.5863809714927,0.2677833128370913,0.24774463567824384,MLB-P2,synthetic,True
H-0103,Hitter 103,2020,MLB,MLB-T7,batter,29.0,564.0,148.7655336532083,0.09116448068990328,0.13691263623470118,0.1782202244832242,0.2751663129491359,0.03849888289662037,0.2181820060514166,0.28233093694513445,0.5057368557781378,0.4127934640878615,272.98464100089683,291.01535899910317,0.4013518140536147,0.4242351141221083,MLB-P3,synthetic,True
H-0104,Hitter 104,2020,MLB,MLB-T6,batter,22.9,462.0,117.92142279236568,0.02,0.26669155216259005,0.14542135689374344,0.3092690904747636,0.005,0.2213542548906411,0.25,0.47634826594121976,0.32672592795772615,212.79449944828883,249.20550055171117,0.3023523182072476,0.3510995377082047,MLB-P1,synthetic,True
H-0106,Hitter 106,2020,MLB,MLB-T6,batter,22.4,549.0,153.51978767490687,0.040160731507016795,0.28814824233748526,0.0903995760028174,0.35219472062391133,0.005,0.2373160333024239,0.2530701614791983,0.4256190480652085,0.3256004310748302,261.4892290685302,287.5107709314698,0.3210216292113199,0.33017923293834056,MLB-P5,synthetic,True
H-0107,Hitter 107,2020,MLB,MLB-T3,batter,30.4,232.0,57.26682781148881,0.054416792979659546,0.22551347689121695,0.14209368976355724,0.2590916742940527,0.019956497204157733,0.18955754656824497,0.25,0.46800285719296253,0.34488621794237856,110.87233375841606,121.12766624158394,0.34797806355413496,0.34179437233062215,MLB-P1,synthetic,True
H-0108,Hitter 108,2020,MLB,MLB-T2,batter,29.4,208.0,58.62682097885239,0.04743615145528163,0.096023767971442,0.2343835983984201,0.3411499492644235,0.03289400135711876,0.29714270523408626,0.3104238959827482,0.5684985933248624,0.4311233686017833,108.47478149993803,99.52521850006197,0.42592677102043813,0.43631996618312846,MLB-P4,synthetic,True
H-0110,Hitter 110,2020,MLB,MLB-T2,batter,23.9,499.0,125.96116096417606,0.02,0.2802251086000096,0.22176001994223493,0.3238564099187716,0.020147342643303538,0.22964868547659473,0.25,0.5541456609341121,0.3874503628187725,243.06529456016423,255.93470543983577,0.3795142122968213,0.39538651334072367,MLB-P4,synthetic,True
H-0111,Hitter 111,2020,MLB,MLB-T1,batter,23.9,553.0,154.15013146343878,0.06032676359163937,0.12685241575567885,0.15560023538806553,0.2945319542318922,0.04926179242760253,0.2467909736113451,0.2757882978641236,0.48505343081125474,0.39523066114358807,285.2094748172533,267.7905251827467,0.3979905465102152,0.39247077577696093,MLB-P3,synthetic,True
H-0112,Hitter 112,2020,MLB,MLB-T1,batter,29.9,554.0,151.5340031279101,0.11296022487606573,0.17322815665119892,0.1584128867887211,0.26507841563240725,0.01777252620120899,0.1918819318149384,0.2832546724723471,0.48492072835196176,0.3949719641994733,252.22545143455898,301.774548565441,0.3868145446603259,0.4031293837386207,MLB-P1,synthetic,True
H-0113,Hitter 113,2020,MLB,MLB-T4,batter,25.7,284.0,69.09996026790155,0.1094619595707443,0.21666309705648948,0.07717312629545493,0.3140623118198111,0.021941452694540002,0.21492994049727623,0.29993680990453003,0.408579357477436,0.36873770772404113,145.24683714218187,138.75316285781813,0.35022252416657923,0.38725289128150303,MLB-P1,synthetic,True
H-0115,Hitter 115,2020,MLB,MLB-T7,batter,24.2,240.0,61.066039859681,0.07887214988425403,0.23649808340892958,0.0661002947059392,0.2800327011846414,0.031082297239618962,0.19638106746826348,0.25141900047834265,0.39410356482440334,0.3375511799375259,131.81935074325102,108.18064925674898,0.32646012113700823,0.3486422387380436,MLB-P4,synthetic,True
H-0116,Hitter 116,2020,MLB,MLB-T1,batter,28.0,583.0,166.34778336971448,0.14379528581894432,0.2541257424018005,0.17678890407817568,0.30839654240557035,0.052233690715504454,0.19351412675914895,0.3109064516555853,0.5076285583187327,0.4728397088021613,306.17299455511045,276.82700544488955,0.4552156074625694,0.4904638101417532,MLB-P1,synthetic,True
H-0117,Hitter 117,2020,MLB,MLB-T6,batter,23.5,302.0,76.72202548655335,0.08171125607391388,0.21061894624604832,0.08102288263697338,0.28302732486682414,0.026230143892945732,0.20422441131036959,0.2619721568276988,0.4093256151236558,0.3444271579091147,142.84601136976158,159.15398863023842,0.3477289331017752,0.3411253827164542,MLB-P4,synthetic,True
H-0119,Hitter 119,2020,MLB,MLB-T2,batter,28.5,460.0,117.1779439891022,0.05106287923864395,0.1791889949983882,0.02123514710582507,0.2770005568496003,0.02645027150901159,0.21718820019663,0.25,0.3489352027907851,0.2881787856307251,250.8814665663879,209.1185334336121,0.31409817750003677,0.2622593937614134,MLB-P2,synthetic,True
H-0120,Hitter 120,2020,MLB,MLB-T1,batter,30.7,236.0,59.935748102964425,0.07855429278858685,0.21764531998688544,0.06308654874274808,0.2953271749907499,0.03350359052293843,0.21287691869485642,0.26562053489336096,0.39261926624182303,0.34320334947792924,119.86299240933799,116.13700759066201,0.32432039753841796,0.3620863014174405,MLB-P4,synthetic,True
H-0002,Hitter 2,2021,MLB,MLB-T3,batter,33.6,497.0,123.746243959489,0.02,0.2615374954235806,0.02,0.28594070326748466,0.005,0.20618767382989978,0.25,0.3485940703267485,0.24957924614361965,245.77982156412497,251.22017843587503,0.2457298331118064,0.2534286591754329,MLB-P5,synthetic,True
H-0003,Hitter 3,2021,MLB,MLB-T2,batter,23.2,283.0,68.18255746293646,0.04448034879452261,0.290081422643447,0.12466713668267354,0.2787091256077219,0.02289486168514773,0.18889793608124705,0.25,0.4525380492434457,0.3378567388109719,152.76510558393417,130.23489441606583,0.3624277216183542,0.3132857560035896,MLB-P5,synthetic,True
H-0004,Hitter 4,2021,MLB,MLB-T1,batter,33.2,183.0,46.68848669186185,0.02,0.2752378189639444,0.06757171137812298,0.26950589321779367,0.005,0.19068756110624258,0.25,0.3945223006999023,0.26999150388419546,96.45952556987677,86.54047443012323,0.2644557091036638,0.27552729866472714,MLB-P4,synthetic,True
H-0005,Hitter 5,2021,MLB,MLB-T5,batter,30.6,583.0,153.0345473417484,0.03748412280959384,0.21357862531371288,0.15871179721142764,0.2949209895345517,0.018594979030351396,0.2236665622773149,0.25,0.4882038961648828,0.35348820189741026,317.2719638530571,265.7280361469429,0.3322890981289427,0.3746873056658778,MLB-P1,synthetic,True
H-0007,Hitter 7,2021,MLB,MLB-T1,batter,32.4,369.0,92.50940550117036,0.02,0.20761425150851842,0.045623171901905055,0.33061453054329576,0.005,0.25611195163584327,0.25,0.3786846249562346,0.2793078302362013,194.60069806850709,174.39930193149291,0.2730585247383396,0.28555713573406305,MLB-P5,synthetic,True
H-0008,Hitter 8,2021,MLB,MLB-T2,batter,25.9,354.0,88.95340429066881,0.030639777977832697,0.24238466724004215,0.1282429869958202,0.3127499024830061,0.021149415627810444,0.23053394620981046,0.25,0.4595179772441208,0.34047842736626555,171.22171080442277,182.77828919557723,0.36008027361064643,0.32087658112188466,MLB-P4,synthetic,True
H-0009,Hitter 9,2021,MLB,MLB-T2,batter,30.4,435.0,111.5203586378889,0.07543258872855603,0.2364705007184171,0.1685203138440049,0.2870085662960247,0.007754251384642162,0.19865284547824452,0.2531733257220494,0.49722117047360737,0.3729208091739785,207.21751971949715,227.78248028050285,0.36791454625540676,0.3779270720925503,MLB-P2,synthetic,True
H-0010,Hitter 10,2021,MLB,MLB-T7,batter,23.8,352.0,94.86143164089975,0.029785183404875647,0.21038807472734208,0.1122406466738615,0.2900610375338644,0.011345287649543873,0.22209792623957625,0.25,0.4412467504272479,0.3143141060754788,162.99886636462708,189.00113363537292,0.3055599509772301,0.32306826117372756,MLB-P5,synthetic,True
H-0011,Hitter 11,2021,MLB,MLB-T4,batter,29.1,451.0,117.79129039775466,0.05331999975685939,0.2719349669860835,0.0767054999640128,0.286153767294361,0.02550957286183747,0.19690726915894138,0.25,0.4053208766934489,0.32262445893868863,240.78863547917092,210.21136452082908,0.3150154053565531,0.33023351252082417,MLB-P4,synthetic,True
H-0012,Hitter 12,2021,MLB,MLB-T7,batter,27.4,549.0,153.98358423862655,0.1176594172926469,0.26460071662340795,0.14748331275752524,0.27445033057805035,0.05359533464465185,0.1775782106546771,0.27024443670482834,0.4749283458153303,0.42777083100399604,291.83778863576936,257.16221136423064,0.41797962133778044,0.43756204067021165,MLB-P4,synthetic,True
H-0013,Hitter 13,2021,MLB,MLB-T2,batter,30.4,269.0,75.3046672363425,0.02,0.18248708854890602,0.07769815270256476,0.31483447358669114,0.005390227076920655,0.25189309171683266,0.25,0.40918160006123383,0.2917772541109811,133.77038238422685,135.22961761577315,0.29601096093748835,0.28754354728447384,MLB-P3,synthetic,True
H-0014,Hitter 14,2021,MLB,MLB-T1,batter,24.5,616.0,147.7470987481314,0.052441129693595004,0.2670211296345125,0.17248468738240666,0.290653793827031,0.03883981987832794,0.2036268491505109,0.25,0.5015500667651098,0.38826003457579616,315.8705296848418,300.1294703151582,0.38503515802295607,0.39148491112863626,MLB-P5,synthetic,True
H-0015,Hitter 15,2021,MLB,MLB-T5,batter,28.5,334.0,91.87413321543109,0.06811880623764022,0.19893065776545676,0.11713438935262294,0.3071273727214519,0.03460046489552808,0.23029924218983797,0.2707170614475981,0.4478471266247681,0.3707420773687742,160.7948287632854,173.2051712367146,0.37782267861510044,0.3636614761224479,MLB-P3,synthetic,True
H-0016,Hitter 16,2021,MLB,MLB-T2,batter,30.0,556.0,142.27170077090972,0.0701113689363648,0.24864794078419727,0.16836943408622007,0.31165932479441244,0.019177829496632343,0.21519168797946392,0.261194881135837,0.49953536656566133,0.3880219572278899,261.9642252753909,294.0357747246091,0.3720005106030133,0.4040434038527665,MLB-P2,synthetic,True
H-0017,Hitter 17,2021,MLB,MLB-T6,batter,30.8,551.0,133.86738094639256,0.02,0.1820399777105101,0.04196713752934298,0.26423499957272306,0.016980930418525064,0.21339610571149223,0.25,0.36839063748661527,0.2648470128682643,301.7975842469994,249.2024157530006,0.2796148574631876,0.250079168273341,MLB-P1,synthetic,True
H-0018,Hitter 18,2021,MLB,MLB-T4,batter,25.7,210.0,51.610715274458826,0.07118949691792956,0.29347021833671516,0.15413150601502332,0.3257519750664104,0.012295780915169988,0.2088077197323306,0.25745651425347915,0.48670670352166434,0.3796843702477101,95.62373581984181,114.37626418015819,0.37535545032241935,0.3840132901730009,MLB-P4,synthetic,True
H-0019,Hitter 19,2021,MLB,MLB-T7,batter,29.4,507.0,126.41752328509865,0.04742438717374878,0.191602418921672,0.18490792991614236,0.25405270216140186,0.034327338720179026,0.1984763969918776,0.25,0.5103132001322825,0.3747094830801542,278.75616283653454,228.24383716346546,0.38250535052066287,0.3669136156396456,MLB-P1,synthetic,True
H-0020,Hitter 20,2021,MLB,MLB-T1,batter,30.0,428.0,111.47560425877633,0.0423132072781052,0.1647879719218486,0.1739776870947145,0.26277029926454143,0.032202695508579,0.213180664754417,0.25,0.5002547170211686,0.36625900369707726,202.91687890606275,225.08312109393725,0.38716467092933704,0.3453533364648175,MLB-P2,synthetic,True
H-0021,Hitter 21,2021,MLB,MLB-T4,batter,28.4,329.0,88.56045694941164,0.1322525617321774,0.2271424295567997,0.09939960238424275,0.2990856526010939,0.02875480797523034,0.19590898828615028,0.30468875211305657,0.42930816764435215,0.3978058801119478,169.65286531370208,159.34713468629792,0.38552112719118675,0.4100906330327088,MLB-P2,synthetic,True
H-0022,Hitter 22,2021,MLB,MLB-T5,batter,33.6,523.0,132.13327784069193,0.02,0.29258918764834496,0.0995700168830023,0.2933056716590206,0.005,0.20237149002247515,0.25,0.42890058404890435,0.29592049436630846,283.2287847541515,239.7712152458485,0.29329361729527764,0.2985473714373393,MLB-P1,synthetic,True
H-0023,Hitter 23,2021,MLB,MLB-T7,batter,28.2,273.0,74.5766326470335,0.0732176892802368,0.1266334956318035,0.22804739186743406,0.3163566359839788,0.005,0.2538823874277936,0.3010368379652511,0.5596830554658319,0.4119032706176471,147.08935866225494,125.91064133774506,0.39051532130017774,0.43329121993511643,MLB-P2,synthetic,True
H-0024,Hitter 24,2021,MLB,MLB-T5,batter,29.3,429.0,114.35107832149184,0.06857530118333868,0.26823255276074504,0.27416228541708315,0.3679979694556008,0.03538361979501911,0.24936090607673234,0.2882233279800702,0.6109620823626433,0.4794365149327103,228.11750245983035,200.88249754016965,0.4710958031701978,0.4877772266952228,MLB-P4,synthetic,True
H-0025,Hitter 25,2021,MLB,MLB-T7,batter,22.7,601.0,154.6519053645821,0.02,0.2769251017403089,0.06364288880103047,0.26815500963149974,0.005,0.18928305611449314,0.25,0.39045838976418046,0.2673578422115917,281.6497937310717,319.3502062689283,0.26940971855282614,0.26530596587035726,MLB-P1,synthetic,True
H-0027,Hitter 27,2021,MLB,MLB-T7,batter,25.2,283.0,68.59992498107731,0.0767140802776657,0.29398066733301176,0.16997229612704026,0.34270222705965,0.023827565970090673,0.21923844638966958,0.2708119606224061,0.5042425188330053,0.4085752079081973,135.4384455822256,147.5615544177744,0.38369266825826936,0.4334577475581252,MLB-P5,synthetic,True
H-0028,Hitter 28,2021,MLB,MLB-T6,batter,26.3,486.0,129.77951999189884,0.07860698633195526,0.19645393726623542,0.23390584372027767,0.252881394641777,0.038874099573158766,0.1891547196067851,0.25,0.5591939831844555,0.4271682822189863,266.9831889982103,219.01681100178968,0.4405321078772717,0.41380445656070086,MLB-P2,synthetic,True
H-0029,Hitter 29,2021,MLB,MLB-T1,batter,24.4,301.0,82.42357489954176,0.07592689458198136,0.25443647511867934,0.13335740589948655,0.2954608539893862,0.028178923357347598,0.20207824915441983,0.2539931641677173,0.4629034912984252,0.3752677293700026,160.33627005249096,140.66372994750904,0.3514466094528634,0.3990888492871418,MLB-P1,synthetic,True
H-0030,Hitter 30,2021,MLB,MLB-T5,batter,33.1,396.0,100.36690975503251,0.02,0.20779973340010613,0.02,0.31737974559177157,0.005,0.2458307241593725,0.25,0.35173797455917716,0.26058291095712005,206.72782454190178,189.27217545809822,0.2612625133093912,0.2599033086048489,MLB-P5,synthetic,True
H-0032,Hitter 32,2021,MLB,MLB-T1,batter,23.9,219.0,52.39256224660601,0.06243358707181435,0.3088883547349993,0.15392812593685423,0.262658740914142,0.012526918610141508,0.16700682499689123,0.25,0.4801940000282684,0.3515687662846169,108.6631748080065,110.3368251919935,0.35631036304098274,0.3468271695282511,MLB-P4,synthetic,True
H-0035,Hitter 35,2021,MLB,MLB-T4,batter,29.4,201.0,55.89500032181077,0.07289763754636995,0.24864519844813895,0.054108471485917714,0.3316198311188383,0.01850594849447975,0.22776574242303893,0.2753885026803502,0.38727045459780157,0.33351030013633887,105.42612477954036,95.57387522045964,0.3057716029319832,0.36124899734069454,MLB-P4,synthetic,True
H-0036,Hitter 36,2021,MLB,MLB-T3,batter,23.9,528.0,130.65507042303395,0.03770845205991556,0.18631939314132626,0.18080837979131684,0.2840503183976313,0.014622631983869839,0.22260853243586376,0.25,0.50921341163108,0.358418505551819,270.1661290702286,257.8338709297714,0.3563289290194828,0.36050808208415513,MLB-P3,synthetic,True
H-0037,Hitter 37,2021,MLB,MLB-T2,batter,33.9,465.0,112.97666150989535,0.02,0.27649775633301016,0.02,0.31116014096355865,0.005,0.2196518573076003,0.25,0.35111601409635584,0.25840604933724554,222.00512822628573,242.99487177371427,0.2804267472664865,0.2363853514080046,MLB-P2,synthetic,True
H-0038,Hitter 38,2021,MLB,MLB-T5,batter,23.7,615.0,168.13462589996595,0.04710073981996629,0.19908054930589014,0.13105344570996078,0.3164279808234554,0.021802582248797088,0.24179971992616495,0.2617771391499271,0.4626962437923063,0.3554220303265816,309.6672357631313,305.3327642368687,0.3602307482228459,0.3506133124303173,MLB-P2,synthetic,True
H-0039,Hitter 39,2021,MLB,MLB-T4,batter,32.1,392.0,110.11060894951207,0.02,0.2553759402253152,0.23532008508178684,0.349085527482812,0.005,0.2537057721331825,0.25,0.570228637830068,0.39010598141396696,188.13811991028726,203.86188008971274,0.4059659170587549,0.374246045769179,MLB-P2,synthetic,True
H-0040,Hitter 40,2021,MLB,MLB-T4,batter,32.0,540.0,142.44679047121045,0.02,0.22750015063513473,0.09181230275914395,0.298195250865828,0.005,0.22514188135785376,0.25,0.4216318278457267,0.29336510432056895,287.01082577874666,252.98917422125334,0.27997060859036116,0.30675960005077674,MLB-P5,synthetic,True
H-0041,Hitter 41,2021,MLB,MLB-T3,batter,30.3,392.0,109.41856512094922,0.02,0.2161937236055269,0.07702756601891284,0.2859992066266842,0.014514093531589799,0.22062510309503963,0.25,0.4056274866815813,0.28952756780817235,201.87033039768895,190.12966960231105,0.26470492108305355,0.31435021453329115,MLB-P1,synthetic,True
H-0042,Hitter 42,2021,MLB,MLB-T6,batter,32.2,566.0,161.53181054304184,0.02,0.19546795342225273,0.17386143231916218,0.2553337008220399,0.005,0.20106747086618518,0.25,0.49939480240136613,0.3234905830632532,296.1430098237152,269.8569901762848,0.32169897149010074,0.3252821946364056,MLB-P3,synthetic,True
H-0044,Hitter 44,2021,MLB,MLB-T6,batter,23.8,431.0,114.96943374881732,0.04804767199053099,0.3010392953091456,0.15479107117314794,0.27487577000014307,0.007044203338792352,0.17997685156744855,0.25,0.48227864817316224,0.34131476204356626,234.57440929157744,196.42559070842256,0.3450138091733043,0.3376157149138282,MLB-P5,synthetic,True
H-0045,Hitter 45,2021,MLB,MLB-T7,batter,30.6,200.0,48.477771297768356,0.04022638863070664,0.2212471974193027,0.1716940333641901,0.28868915713096754,0.03799573324174378,0.2189039279484404,0.25,0.5005629490772868,0.3778275553052073,91.96555223355509,108.03444776644491,0.3992086441398945,0.3564464664705201,MLB-P3,synthetic,True
H-0046,Hitter 46,2021,MLB,MLB-T3,batter,23.0,306.0,86.30215611435646,0.049253747993591786,0.2698935119347089,0.11241748603917845,0.2976204624201846,0.008937132767703967,0.20397627725534448,0.25,0.4421795322811969,0.32851782225506054,153.82984304504345,152.17015695495655,0.317361437639736,0.3396742068703851,MLB-P3,synthetic,True
H-0047,Hitter 47,2021,MLB,MLB-T1,batter,26.9,374.0,95.44951892070094,0.0907305502938603,0.3328504299963549,0.2327525894304266,0.33310405352168154,0.011849411186758712,0.1937849236703372,0.26353731108695133,0.5660629947825947,0.4387761981931082,177.53162011297283,196.46837988702717,0.44355948615679064,0.43399291022942577,MLB-P4,synthetic,True
H-0048,Hitter 48,2021,MLB,MLB-T2,batter,23.6,545.0,136.87777569870246,0.05336507606192516,0.16684949293553233,0.15929406275102714,0.3428004230558343,0.017874221044255213,0.2699919087970859,0.29394477413832804,0.4935741050566106,0.3810342347657842,271.1238868503767,273.8761131496233,0.35646583276436744,0.40560263676720093,MLB-P1,synthetic,True
H-0049,Hitter 49,2021,MLB,MLB-T3,batter,30.2,325.0,78.22282009209917,0.07436926736622662,0.25797211454235586,0.07067606009994196,0.2872819126732157,0.017884769467203535,0.19448896023813897,0.25,0.3994042513672635,0.32757528216743537,155.9448449948854,169.0551550051146,0.3184151101042539,0.33673545423061685,MLB-P5,synthetic,True
H-0050,Hitter 50,2021,MLB,MLB-T6,batter,28.0,496.0,139.3476990418769,0.06535049463253279,0.1984204762277978,0.14623400518857457,0.33614337677690487,0.04733994144609056,0.25457950315310435,0.2880811553751045,0.4798483428662651,0.4064301782698871,223.71976603316148,272.2802339668385,0.40480054565920986,0.4080598108805643,MLB-P1,synthetic,True
H-0051,Hitter 51,2021,MLB,MLB-T3,batter,27.5,230.0,63.53493862895732,0.0869220596566981,0.23797368879762257,0.19706392895246416,0.3144682229615787,0.018990156513122657,0.21514735777434482,0.2779910105243369,0.528510751248622,0.4163856215819069,126.41486980225439,103.58513019774561,0.43464574080301477,0.398125502360799,MLB-P5,synthetic,True
H-0052,Hitter 52,2021,MLB,MLB-T3,batter,30.7,641.0,171.224081291473,0.10678334409616183,0.14910123215918114,0.17874706200250345,0.2815708142504233,0.017878815490236018,0.21220300808361722,0.2953524112802355,0.5069041434275458,0.4076999438975507,294.2635783239126,346.7364216760874,0.38654487110632935,0.4288550166887721,MLB-P4,synthetic,True
H-0053,Hitter 53,2021,MLB,MLB-T7,batter,28.9,482.0,136.86950056128268,0.08559155692063597,0.2845396396454008,0.19042874882588456,0.3448118506208374,0.04897083073212106,0.2245318523702155,0.2810591619049936,0.5249099338879682,0.44940779707488376,246.4800957052899,235.5199042947101,0.45036490346109,0.44845069068867754,MLB-P2,synthetic,True
H-0054,Hitter 54,2021,MLB,MLB-T3,batter,25.9,260.0,65.48562645347639,0.10896832063881413,0.23262613286212724,0.1778893979157057,0.2655862441669155,0.03130493668129793,0.1795591967355451,0.26634543124882953,0.5044480223323973,0.4152466217723966,123.20049539596164,136.79950460403836,0.42468764595332753,0.4058055975914656,MLB-P3,synthetic,True
H-0055,Hitter 55,2021,MLB,MLB-T1,batter,23.6,400.0,113.67394043473352,0.08879113087381565,0.18443378014497064,0.17770707199179855,0.2762633390668713,0.043573794935330895,0.20731738207287223,0.269494312423131,0.5053334058984856,0.41580126532236295,183.80845483787064,216.19154516212936,0.4206455513080655,0.41095697933666037,MLB-P3,synthetic,True
H-0057,Hitter 57,2021,MLB,MLB-T6,batter,29.5,298.0,77.5893059085997,0.1100440138820235,0.2656769160133575,0.13091568310365492,0.28022060401066334,0.01897076380790088,0.17778147266711672,0.26748628616836195,0.4589377435047213,0.3841853342552696,147.2560922828888,150.7439077171112,0.3813882831059928,0.3869823854045463,MLB-P2,synthetic,True
H-0058,Hitter 58,2021,MLB,MLB-T4,batter,28.7,561.0,150.62003328430464,0.060517604452289056,0.21962145357556256,0.2182742413388039,0.3033689273590552,0.00922906925298957,0.21976780220171815,0.2570627020846818,0.5486111340747095,0.39689844275630437,273.1463232351223,287.8536767648777,0.40266570775625615,0.3911311777563526,MLB-P5,synthetic,True
H-0059,Hitter 59,2021,MLB,MLB-T6,batter,23.9,214.0,52.71930437405326,0.06794454069456937,0.25432215401669395,0.23195882956212494,0.23848199160069988,0.013559762938286157,0.16366115286012597,0.25,0.5558070287221949,0.39081101845006977,112.84163176299029,101.15836823700971,0.38287086300447015,0.3987511738956694,MLB-P3,synthetic,True
H-0060,Hitter 60,2021,MLB,MLB-T3,batter,30.5,631.0,160.8252320596528,0.02,0.3212464761057502,0.1377845741323996,0.29936872670083975,0.018817202107609694,0.20003278397405425,0.25,0.46772144680248356,0.3314960520149624,319.6629540868406,311.3370459131594,0.32850460181516783,0.334487502214757,MLB-P1,synthetic,True
H-0061,Hitter 61,2021,MLB,MLB-T3,batter,26.2,228.0,55.10868371818108,0.11704469829440678,0.234211195362589,0.1945832335568988,0.2976210578089173,0.03820905369737605,0.19881126523171205,0.2908166147538019,0.5243453393377906,0.44750758582313865,113.41092841807794,114.58907158192206,0.47380385853888507,0.42121131310739224,MLB-P1,synthetic,True
H-0063,Hitter 63,2021,MLB,MLB-T2,batter,34.3,552.0,136.28487925490924,0.02,0.26366389495695275,0.02,0.3146502495093611,0.005,0.22614533418435873,0.25,0.3514650249509361,0.2596275873282764,265.2113976147085,286.7886023852915,0.24739229297582585,0.271862881680727,MLB-P5,synthetic,True
H-0064,Hitter 64,2021,MLB,MLB-T7,batter,23.9,384.0,96.75210071757502,0.07664463421811407,0.3040493624912625,0.15893046167945485,0.32630735264069244,0.028789510416888126,0.20640252897078448,0.25852032638554023,0.49156119694352407,0.4011811306758217,207.41028716061425,176.58971283938575,0.39921597415752086,0.4031462871941225,MLB-P5,synthetic,True
H-0065,Hitter 65,2021,MLB,MLB-T4,batter,26.0,579.0,141.48731693150998,0.12259056056309771,0.1725658849806522,0.17391457552142528,0.3508313426520358,0.010700460550228504,0.24888627965205382,0.3451436500756653,0.5089977097866288,0.4338877933543705,270.85546918754363,308.14453081245637,0.420128009438582,0.447647577270159,MLB-P1,synthetic,True
H-0066,Hitter 66,2021,MLB,MLB-T2,batter,23.8,184.0,47.086138154810754,0.02,0.19798974163684444,0.14684191225415838,0.2977985947289871,0.01505194913723296,0.23513934837478478,0.25,0.4766217717270571,0.33253931411844223,84.64549855527441,99.35450144472559,0.3362520069555187,0.32882662128136575,MLB-P5,synthetic,True
H-0069,Hitter 69,2021,MLB,MLB-T6,batter,22.9,564.0,138.24358233691194,0.040128340616733774,0.2670757552582857,0.1299216024933385,0.2984060800437933,0.025450311352217432,0.21055205672316374,0.25,0.4597622104977178,0.3468941280353731,282.1723377124534,281.8276622875466,0.3431993816257738,0.35058887444497244,MLB-P5,synthetic,True
H-0071,Hitter 71,2021,MLB,MLB-T6,batter,32.5,498.0,132.56182825922693,0.02,0.30525937682882015,0.0486428146887847,0.3049849089611947,0.005,0.20653570753028205,0.25,0.3791413055849041,0.2719982662152497,255.2802763079537,242.7197236920463,0.255507963617895,0.2884885688126044,MLB-P3,synthetic,True
H-0072,Hitter 72,2021,MLB,MLB-T1,batter,31.3,436.0,117.0668714576653,0.030796138239179996,0.3279251497611174,0.13224203032028264,0.28198161545511646,0.005,0.1815788071666525,0.25,0.46044019186579427,0.3174839788528722,204.19909321823422,231.80090678176578,0.3237981092114502,0.31116984849429424,MLB-P4,synthetic,True
H-0073,Hitter 73,2021,MLB,MLB-T6,batter,23.1,490.0,129.86039998702745,0.020991818749978235,0.23057770994463075,0.20774508067420497,0.3678094190224261,0.005,0.27602977682951635,0.268743617896543,0.5445260225764476,0.3821873641536466,231.26444582032707,258.73555417967293,0.3809541122418473,0.383420616065446,MLB-P3,synthetic,True
H-0075,Hitter 75,2021,MLB,MLB-T5,batter,29.3,529.0,126.1555856098418,0.05960233649849467,0.1571552503507683,0.15210713709388193,0.31897087046052386,0.042333959578132345,0.2561816082410117,0.28445069937235734,0.4840042241399343,0.39512092923208375,248.9917840150712,280.0082159849288,0.4183586179027034,0.3718832405614641,MLB-P5,synthetic,True
H-0077,Hitter 77,2021,MLB,MLB-T4,batter,23.9,240.0,62.43744481194551,0.07850807090295656,0.24004400089504838,0.10405758132442931,0.30208299524718535,0.05059752756399467,0.21344346039084677,0.26377651903357935,0.43426588084914786,0.38345414250461574,111.47996935184143,128.52003064815858,0.4009522455240315,0.36595603948519995,MLB-P3,synthetic,True
H-0078,Hitter 78,2021,MLB,MLB-T2,batter,30.1,446.0,114.55770510138981,0.06197365639881999,0.22918829271467264,0.20930060617922425,0.2708893764515291,0.01968075732941752,0.19496881120917586,0.25,0.5363895438243771,0.3910208562322583,236.16459109388407,209.83540890611593,0.39111339671227185,0.39092831575224474,MLB-P3,synthetic,True
H-0080,Hitter 80,2021,MLB,MLB-T4,batter,30.9,284.0,68.17817285163626,0.033214208429232624,0.3334374526179973,0.19727562083030484,0.27961597903628177,0.025372261245578728,0.18090015505411844,0.25,0.525237218733933,0.37245216514085,138.0601853728803,145.9398146271197,0.34771504601908637,0.39718928426261363,MLB-P2,synthetic,True
H-0081,Hitter 81,2021,MLB,MLB-T7,batter,27.6,631.0,169.46379166276415,0.08652164731338456,0.24441483747561976,0.23901669265009232,0.28006272033501384,0.06314763143742556,0.1968518928625122,0.2551634206455931,0.5670229646835937,0.46687915448785783,321.7814254132726,309.2185745867274,0.46339519811727486,0.4703631108584408,MLB-P2,synthetic,True
H-0083,Hitter 83,2021,MLB,MLB-T3,batter,28.4,368.0,100.6276110944217,0.07723660334333153,0.19648166166367945,0.13532193796262992,0.31356799758970777,0.021466384664726543,0.23095866702743936,0.28220144173828887,0.4666787377216007,0.3775612335744301,167.16555332672974,200.83444667327026,0.36792500236605424,0.387197464782806,MLB-P3,synthetic,True
H-0084,Hitter 84,2021,MLB,MLB-T6,batter,26.5,629.0,177.23267654334333,0.09408233512622477,0.2598540271050308,0.243547594391837,0.3262437972271898,0.025751686002799905,0.21463700733650687,0.28377916411870296,0.576171974114556,0.45717065793590406,296.96938442657654,332.03061557342346,0.4524947677415774,0.46184654813023074,MLB-P2,synthetic,True
H-0085,Hitter 85,2021,MLB,MLB-T7,batter,32.7,334.0,93.59163724791753,0.02,0.3080262736723429,0.02,0.27240906317875746,0.005,0.18380173326965582,0.25,0.34724090631787574,0.24484317211256512,155.32275320510414,178.67724679489586,0.28203019073344515,0.2076561534916851,MLB-P2,synthetic,True
H-0086,Hitter 86,2021,MLB,MLB-T3,batter,34.0,418.0,113.97608016973949,0.02,0.3581071631141443,0.02,0.25651150439629955,0.005,0.16027266716287336,0.25,0.34565115043962996,0.23927902653870486,219.45383995232578,198.54616004767422,0.23958946630240027,0.23896858677500946,MLB-P5,synthetic,True
H-0087,Hitter 87,2021,MLB,MLB-T5,batter,27.1,471.0,119.15636149613202,0.14613398743476602,0.23236690739377622,0.13164868427209792,0.30625883356884454,0.01154592597668581,0.19207147991039417,0.31743961934726816,0.46227456762898234,0.4122824926821029,235.54835339961028,235.45164660038972,0.42435548791021893,0.4002094974539868,MLB-P4,synthetic,True
H-0088,Hitter 88,2021,MLB,MLB-T5,batter,24.4,381.0,98.84998456528263,0.07015221392748888,0.22189900639318025,0.20495529232229354,0.3134554670986402,0.03393666721103501,0.22700091549795223,0.26987158780215614,0.5363008390321575,0.42208437450095926,205.14848548537447,175.85151451462553,0.42254103335611476,0.42162771564580376,MLB-P5,synthetic,True
H-0089,Hitter 89,2021,MLB,MLB-T4,batter,24.1,198.0,47.4686750931243,0.09134411930593705,0.34039571286461495,0.0800379039747258,0.28780418948441755,0.02757265359963786,0.1676835550583791,0.25,0.40881832292316755,0.3535085852594753,104.95825382602385,93.04174617397615,0.33165985353436755,0.3753573169845831,MLB-P5,synthetic,True
H-0090,Hitter 90,2021,MLB,MLB-T2,batter,28.1,559.0,154.74955157056334,0.10900032620277582,0.1923568108173451,0.24883312515304706,0.28929378947387013,0.03668435668663064,0.20761569482331763,0.29090206339106656,0.5777625041004341,0.4674271945099411,300.0054579622646,258.9945420377354,0.49911014865334113,0.435744240366541,MLB-P1,synthetic,True
H-0091,Hitter 91,2021,MLB,MLB-T4,batter,26.0,213.0,58.85158944990598,0.08312895101550939,0.16542149722488467,0.1440197523344863,0.297224717660329,0.01284375012095581,0.22527594337587303,0.28414339378746606,0.4737422241005192,0.3729891557847994,106.21504173978806,106.78495826021194,0.3748966392040749,0.3710816723655239,MLB-P1,synthetic,True
H-0092,Hitter 92,2021,MLB,MLB-T1,batter,32.6,203.0,49.303040275461655,0.02,0.3286723866142781,0.02,0.2650910812704645,0.005,0.17341114129373209,0.25,0.34650910812704644,0.2422818784446626,105.12708065225863,97.87291934774137,0.25898301857267014,0.225580738316655,MLB-P2,synthetic,True
H-0093,Hitter 93,2021,MLB,MLB-T4,batter,26.8,266.0,73.56930830171359,0.10860905538889234,0.19024953413439635,0.137625131523548,0.3103091319850223,0.03974841450186407,0.22353284465906212,0.3044225796242966,0.4686560447220502,0.4161019303566115,141.37878860458065,124.62121139541935,0.43057382890208384,0.4016300318111392,MLB-P5,synthetic,True
H-0094,Hitter 94,2021,MLB,MLB-T4,batter,32.7,196.0,54.80142619282327,0.02,0.3056980230909725,0.061424148474092846,0.3338301092857783,0.005,0.22585230264315698,0.25,0.39480715940267064,0.28912381991077346,105.84741635264143,90.15258364735857,0.30691085055351336,0.27133678926803356,MLB-P5,synthetic,True
H-0096,Hitter 96,2021,MLB,MLB-T1,batter,24.6,272.0,68.91679072947242,0.05959455342567675,0.17693090143237544,0.17955326272330308,0.3327980058044823,0.020455663200762246,0.2571511555858388,0.28826907892082876,0.5128330633037513,0.39535988080804524,133.24641426796336,138.75358573203664,0.38411656876520067,0.4066031928508898,MLB-P2,synthetic,True
H-0097,Hitter 97,2021,MLB,MLB-T6,batter,26.1,399.0,111.8696985339104,0.09640333861606355,0.21882770396425952,0.12271009413710557,0.2682525721927812,0.036872571676921824,0.18922191993713566,0.2617252693831012,0.44953535135638373,0.38204660358335557,181.96504211526278,217.03495788473722,0.3658496950004227,0.39824351216628845,MLB-P5,synthetic,True
H-0099,Hitter 99,2021,MLB,MLB-T2,batter,34.0,444.0,121.76294390118217,0.02,0.3474384715931767,0.02,0.30807369283120095,0.005,0.1956255659992387,0.25,0.3508073692831201,0.25732579249092036,239.74382996192338,204.25617003807662,0.23764231819703208,0.27700926678480864,MLB-P1,synthetic,True
H-0100,Hitter 100,2021,MLB,MLB-T6,batter,29.1,640.0,177.1259283274381,0.06052991364035668,0.16953786517573294,0.15468338837093695,0.3405432200960953,0.01482995552252558,0.26441969118608677,0.29650559171229385,0.4887377103805464,0.37998389015617134,317.51211022238715,322.48788977761285,0.37465670473349527,0.3853110755788474,MLB-P3,synthetic,True
H-0101,Hitter 101,2021,MLB,MLB-T5,batter,31.4,643.0,167.7025734840029,0.02,0.34358366385473005,0.05179507336334684,0.30706088411031557,0.0416169141368774,0.20166109995954598,0.25,0.3825011617743784,0.3074138225116409,308.012064428472,334.987935571528,0.3280019867730996,0.2868256582501822,MLB-P5,synthetic,True
H-0102,Hitter 102,2021,MLB,MLB-T6,batter,34.3,494.0,139.63799992917544,0.02,0.2156606537492332,0.02,0.30111588880080475,0.005,0.2309047215917257,0.25,0.3501115888800805,0.2548905610802817,237.028234789777,256.971765210223,0.25479767066263265,0.2549834514979307,MLB-P5,synthetic,True
H-0103,Hitter 103,2021,MLB,MLB-T2,batter,29.1,231.0,64.63274349309019,0.08690015640727736,0.15238553700072832,0.19234224341520326,0.292163188365093,0.05070605116323528,0.22985862492334322,0.2869276019312495,0.5215585622517126,0.43451090533815023,124.71116695118504,106.28883304881496,0.4416413440931133,0.4273804665831872,MLB-P4,synthetic,True
H-0104,Hitter 104,2021,MLB,MLB-T3,batter,23.0,452.0,123.81607107479624,0.03297768172813821,0.2954572752294038,0.11258697943775738,0.33467470327647997,0.005,0.22550583151109113,0.25,0.44605444976540537,0.32664336204723127,241.9972957604966,210.0027042395034,0.3342403693660047,0.3190463547284578,MLB-P5,synthetic,True
H-0105,Hitter 105,2021,MLB,MLB-T2,batter,31.3,209.0,50.65286775611458,0.02,0.26753344339440177,0.033424461952586804,0.3210240295208666,0.005,0.22946888490038575,0.25,0.36552686490467345,0.26924186440622605,108.40863729909685,100.59136270090315,0.2633646336682259,0.2751190951442262,MLB-P3,synthetic,True
H-0106,Hitter 106,2021,MLB,MLB-T6,batter,22.5,293.0,81.42372814314794,0.02223657540877618,0.25314710705193694,0.09760544706055979,0.31848772549959403,0.005,0.23153140283297907,0.25,0.42945421961051916,0.3052193025943091,153.7676781648022,139.2323218351978,0.32702237456316935,0.2834162306254489,MLB-P3,synthetic,True
H-0107,Hitter 107,2021,MLB,MLB-T1,batter,30.5,284.0,68.99419404837685,0.039041999350720134,0.2079205200833299,0.15958233563222535,0.30307975558462047,0.0058019828819766694,0.229100712988283,0.25,0.4898903111906874,0.34639938319162417,142.25133589965282,141.74866410034718,0.3444284716079772,0.34837029477527115,MLB-P3,synthetic,True
H-0109,Hitter 109,2021,MLB,MLB-T4,batter,26.6,519.0,134.6850112938186,0.07223868648011363,0.21597501472603375,0.17546134326210563,0.28232594339158573,0.035054322348947654,0.2062138866525217,0.25309885095027523,0.5036939376012642,0.3974337896313455,253.35223143276235,265.6477685672377,0.38376231618839374,0.4111052630742973,MLB-P5,synthetic,True
H-0111,Hitter 111,2021,MLB,MLB-T4,batter,24.1,304.0,79.4008638679125,0.07692268684148462,0.14611061197070732,0.177853522211821,0.267161406087875,0.04509026220124768,0.21433905570297976,0.263740651576998,0.5045696628206084,0.4057530461174199,147.32052093163165,156.67947906836835,0.37282684943882066,0.43867924279601916,MLB-P4,synthetic,True
H-0112,Hitter 112,2021,MLB,MLB-T1,batter,30.1,285.0,77.95115807318822,0.10241488371946096,0.18800668784575145,0.15708179725245355,0.29652128443500503,0.00859579254834948,0.21169447588910792,0.2917794800256309,0.4867339256959541,0.38960406993823843,131.8932242942959,153.1067757057041,0.379075025098754,0.40013311477772284,MLB-P3,synthetic,True
H-0113,Hitter 113,2021,MLB,MLB-T3,batter,25.9,368.0,103.1422803106951,0.11072741958226431,0.20216280578425425,0.06764510258319263,0.3039679827494565,0.02396561351895102,0.21245421415061572,0.29870085449276007,0.3980419008581383,0.36267184625770665,169.66589319474966,198.33410680525034,0.37404136197797433,0.351302330537439,MLB-P2,synthetic,True
H-0114,Hitter 114,2021,MLB,MLB-T3,batter,31.4,347.0,97.97828273758776,0.025844338201856144,0.17607363036086776,0.041268652398340426,0.33022239447303675,0.005,0.26429455940712265,0.26303444166826656,0.3742908918456441,0.28086663362594944,187.25393912563575,159.74606087436425,0.25770643344907423,0.30402683380282464,MLB-P2,synthetic,True
H-0115,Hitter 115,2021,MLB,MLB-T4,batter,24.3,600.0,143.89053945073547,0.09298933031917545,0.2508840493397635,0.07822689472960057,0.2649338506768003,0.02378452602831715,0.1773978309627599,0.25,0.4047202797972806,0.34225024448706864,279.37983057040145,320.62016942959855,0.3632197981108292,0.32128069086330807,MLB-P3,synthetic,True
H-0116,Hitter 116,2021,MLB,MLB-T3,batter,28.2,428.0,101.93621246857775,0.13595371628038846,0.24923192134289487,0.17145148655374756,0.30561475433777124,0.05373853213495466,0.19595712014133695,0.3050604225693728,0.5020129619875247,0.46479576194051225,196.26649680398808,231.73350319601192,0.4855846961076031,0.44400682777342143,MLB-P5,synthetic,True
H-0117,Hitter 117,2021,MLB,MLB-T1,batter,23.7,356.0,93.73380892609482,0.08150279781782638,0.1992623065680449,0.09033262332407366,0.27149572242857817,0.030349459471440517,0.199821616501317,0.2572450756403672,0.41748219556693145,0.34907291767501786,163.33323757716363,192.66676242283637,0.36867129428982803,0.3294745410602077,MLB-P1,synthetic,True
H-0118,Hitter 118,2021,MLB,MLB-T7,batter,34.0,259.0,62.225856394856514,0.02,0.28261234068108165,0.04233125787730055,0.29598331012647155,0.005,0.2071651078465655,0.25,0.3719295888899477,0.26537635037678037,141.00074057772167,117.99925942227833,0.2527990010349525,0.2779536997186082,MLB-P5,synthetic,True
H-0120,Hitter 120,2021,MLB,MLB-T6,batter,30.8,544.0,133.9306948222623,0.07230181441535444,0.24595727626962807,0.04856909377333602,0.31845090177447466,0.02893938135039752,0.22144191455047732,0.26769272102848035,0.38041418395078347,0.3348275305025068,257.1792817291056,286.8207182708944,0.3267761590046498,0.3428789020003638,MLB-P2,synthetic,True
H-0001,Hitter 1,2022,MLB,MLB-T7,batter,34.3,482.0,125.91387865922329,0.02,0.2644792313820205,0.06686205338931786,0.34282921044116726,0.005,0.24605142015955903,0.25,0.4011449744334346,0.2952643530185334,253.50692876004447,228.49307123995553,0.29160255124128404,0.2989261547957827,MLB-P5,synthetic,True
H-0002,Hitter 2,2022,MLB,MLB-T1,batter,33.7,631.0,166.5251691954984,0.02,0.2701942353011216,0.04193366898309572,0.2580112958677388,0.005,0.1838879051643489,0.25,0.3677347985698696,0.25186747149441124,346.8820803288937,284.1179196711063,0.24985223355693686,0.2538827094318856,MLB-P2,synthetic,True
H-0004,Hitter 4,2022,MLB,MLB-T2,batter,33.3,301.0,84.30528097396393,0.02,0.2837655723051428,0.05646583120817947,0.3009040459605766,0.005,0.21024975623042905,0.25,0.3865562358042371,0.27487262325070055,162.2973761242196,138.7026238757804,0.27479028434657676,0.27495496215482434,MLB-P3,synthetic,True
H-0005,Hitter 5,2022,MLB,MLB-T6,batter,30.8,347.0,98.74536898609355,0.04001794070062598,0.2227171299323649,0.1823560195924114,0.30337602234392985,0.013840756309853052,0.22574461513151955,0.25,0.5126936218268043,0.3669466577655076,190.81001284228407,156.18998715771593,0.3762825832410607,0.35761073228995455,MLB-P5,synthetic,True
H-0006,Hitter 6,2022,MLB,MLB-T7,batter,24.9,411.0,112.90867315782724,0.12439644775174831,0.17378497456794598,0.1333483620960234,0.2811383036196978,0.02865346380837438,0.20160610394908646,0.3019737236917956,0.4614621924579932,0.4046056362734679,206.39448334817675,204.60551665182325,0.4007378967424154,0.4084733758045204,MLB-P2,synthetic,True
H-0007,Hitter 7,2022,MLB,MLB-T3,batter,32.6,383.0,96.96911120567837,0.02,0.21653209152432712,0.03549628422226746,0.3130943748326709,0.005,0.23978750750899758,0.25,0.36680572170553455,0.2676059875136819,182.97668865341242,200.02331134658758,0.28086818553591353,0.2543437894914503,MLB-P5,synthetic,True
H-0010,Hitter 10,2022,MLB,MLB-T6,batter,24.0,621.0,148.3088343651098,0.02,0.23554479186857138,0.06996709051777247,0.2805016452656672,0.028773323351162512,0.2131369092101348,0.25,0.39801725504433916,0.29655346664380466,335.64718428528175,285.35281571471825,0.26740880712087745,0.3256981261667319,MLB-P1,synthetic,True
H-0011,Hitter 11,2022,MLB,MLB-T1,batter,29.2,213.0,55.420497536995505,0.04754346917818949,0.28021320024778595,0.039707221262113616,0.29773722694795834,0.02653811618355052,0.2041325825069023,0.25,0.36948094395690945,0.30321173411587604,113.24898478103779,99.75101521896221,0.2945409703078205,0.3118824979239316,MLB-P2,synthetic,True
H-0012,Hitter 12,2022,MLB,MLB-T5,batter,27.5,612.0,154.61981653631702,0.1059642177323685,0.2605098485966288,0.1647693357945617,0.28538729499522236,0.04794132490436743,0.1879914512553452,0.2686844450000896,0.49330806529408394,0.42783083276192535,333.4934126261515,278.5065873738485,0.4322037609777518,0.4234579045460989,MLB-P3,synthetic,True
H-0013,Hitter 13,2022,MLB,MLB-T6,batter,30.5,405.0,112.85290213803012,0.02,0.18324585870756016,0.12842087112202888,0.32445166172734374,0.031196328631283424,0.2631876544251674,0.2526573846174274,0.4608660372947632,0.3462662564898413,201.74754038251353,203.25245961748647,0.3623309024421444,0.33020161053753816,MLB-P2,synthetic,True
H-0017,Hitter 17,2022,MLB,MLB-T4,batter,31.0,192.0,50.99314839432093,0.02,0.18492925051266537,0.039736789826150004,0.29040948554724616,0.005,0.23164608733228026,0.25,0.3687777383808746,0.2619985543459187,104.0440542221962,87.9559457778038,0.27295631893587186,0.2510407897559655,MLB-P4,synthetic,True
H-0018,Hitter 18,2022,MLB,MLB-T3,batter,25.9,318.0,86.01437607903566,0.06319029776675011,0.29945410890995555,0.12236229907674168,0.3144317096306852,0.021831773746632255,0.20367957491331798,0.25,0.4538054700398102,0.3612321676716418,146.4265558655304,171.5734441344696,0.3610926886582646,0.361371646685019,MLB-P4,synthetic,True
H-0019,Hitter 19,2022,MLB,MLB-T7,batter,29.6,529.0,143.82137591443328,0.029745777553579066,0.20717645575516971,0.17323880979146755,0.23280449008154008,0.03861997682915394,0.18344092689149022,0.25,0.49651925879962155,0.35234294034759006,284.9059616220402,244.0940383779598,0.34193307308027443,0.3627528076149057,MLB-P3,synthetic,True
H-0023,Hitter 23,2022,MLB,MLB-T6,batter,28.4,515.0,140.9914612760342,0.06839522576937675,0.1752373603845043,0.217276885267788,0.28414714045023187,0.016596188972949903,0.2174090661200543,0.2618228997660774,0.5456915993128112,0.40176701416908317,274.1810049437977,240.8189950562023,0.41385728009068434,0.389676748247482,MLB-P2,synthetic,True
H-0024,Hitter 24,2022,MLB,MLB-T4,batter,29.5,636.0,160.3484216544284,0.055944031560327,0.2904324007501596,0.24617053586350385,0.37279064168039777,0.015833812321258744,0.24603982106459343,0.2752423058550912,0.5834496000315437,0.4392817724944281,289.11968635659844,346.88031364340156,0.45961396348863137,0.4189495815002249,MLB-P1,synthetic,True
H-0025,Hitter 25,2022,MLB,MLB-T2,batter,22.9,513.0,134.57111971634495,0.02,0.26197562385350814,0.054281642096012724,0.290462828693242,0.012910746985458115,0.21049600341402916,0.25,0.3833279249653369,0.277136565482354,237.56406168395037,275.4359383160496,0.3109727227693536,0.24330040819535437,MLB-P5,synthetic,True
H-0026,Hitter 26,2022,MLB,MLB-T2,batter,30.7,553.0,154.27450708850898,0.07861419275005907,0.2594624351535814,0.07307389986987975,0.2800326993717964,0.005,0.18611018866542556,0.25,0.4010771698070594,0.31773202463360395,266.548615345616,286.451384654384,0.3148004654329404,0.3206635838342675,MLB-P4,synthetic,True
H-0027,Hitter 27,2022,MLB,MLB-T6,batter,25.4,290.0,75.16797714063358,0.08023346268931027,0.2762230896394705,0.15194248350828848,0.33777676377652444,0.021248675163487177,0.2205613243784946,0.27587008348288466,0.4857201598859409,0.39707746478099787,132.2827936859775,157.7172063140225,0.3767267966413372,0.41742813292065856,MLB-P5,synthetic,True
H-0031,Hitter 31,2022,MLB,MLB-T3,batter,27.1,272.0,71.9600815098022,0.08484522564094842,0.24996506606771254,0.24055187222285052,0.31674014613830875,0.026692591976361934,0.214696174210352,0.27446828251345634,0.5722258868366814,0.4465775715983655,133.54144301686625,138.45855698313375,0.44435194687451157,0.4488031963222194,MLB-P1,synthetic,True
H-0032,Hitter 32,2022,MLB,MLB-T4,batter,24.1,632.0,172.64920879771566,0.05128555266941018,0.315378453571332,0.14316175957138977,0.24783350895448364,0.005,0.15771188168053182,0.25,0.4679451104668381,0.3258805827669208,298.2586193139558,333.7413806860442,0.3440667392328874,0.30769442630095417,MLB-P2,synthetic,True
H-0033,Hitter 33,2022,MLB,MLB-T1,batter,26.3,472.0,117.16945413910125,0.1108301325645665,0.19120288546465825,0.11575670622026762,0.3558689623926052,0.021046411288242653,0.25154174735147433,0.3343764396569806,0.45134360245952815,0.4047431882131739,224.55829492572076,247.44170507427924,0.4081876186208856,0.4012987578054622,MLB-P2,synthetic,True
H-0035,Hitter 35,2022,MLB,MLB-T1,batter,29.6,449.0,112.45218369830067,0.05539425550157624,0.270744797362301,0.03410849018682266,0.30219429225436767,0.011418136637135501,0.2053496524932288,0.25,0.3643279194122594,0.2935799737163065,230.69140471434568,218.30859528565432,0.28032447109345443,0.3068354763391586,MLB-P3,synthetic,True
H-0036,Hitter 36,2022,MLB,MLB-T1,batter,24.1,250.0,71.23803568469435,0.04791405667798462,0.20679952453535966,0.19866296376529557,0.2409679234888988,0.02175415551855195,0.182853244067281,0.25,0.5227597561141855,0.3667219829333131,131.9888129442066,118.01118705579341,0.3884396612360173,0.3450043046306089,MLB-P5,synthetic,True
H-0037,Hitter 37,2022,MLB,MLB-T7,batter,34.1,557.0,152.3096439165325,0.02,0.2580200212379341,0.048278785915579076,0.3150669942757947,0.005,0.22822206183586619,0.25,0.3797854853431585,0.27532678025009666,290.08183606707127,266.91816393292873,0.26743624909194996,0.28321731140824336,MLB-P3,synthetic,True
H-0038,Hitter 38,2022,MLB,MLB-T7,batter,23.9,420.0,117.35911582417738,0.046091180709608354,0.2152033257702173,0.1361952548381356,0.3243329200591586,0.015075290245370276,0.24184780331394554,0.26171903950903436,0.4686285468440515,0.3542554998992392,198.98201742657784,221.01798257342216,0.3535894091749015,0.3549215906235769,MLB-P4,synthetic,True
H-0040,Hitter 40,2022,MLB,MLB-T1,batter,32.2,359.0,88.07446757043468,0.02,0.2247875523459424,0.07178562712883371,0.35447933300729645,0.005,0.2684572047232181,0.26093648425089633,0.4072335604295633,0.3020498614734123,185.25915189005883,173.74084810994117,0.2881336834411731,0.31596603950565144,MLB-P2,synthetic,True
H-0041,Hitter 41,2022,MLB,MLB-T5,batter,30.4,476.0,119.32675971195343,0.02,0.22257951661701442,0.08529886995023461,0.26727631440946537,0.005,0.2031905552568401,0.25,0.41202650139118113,0.2789610885159419,245.78817003577717,230.21182996422283,0.27995770058665187,0.277964476445232,MLB-P2,synthetic,True
H-0042,Hitter 42,2022,MLB,MLB-T1,batter,32.4,476.0,113.69815047577148,0.02,0.18387092710757694,0.18020725301807516,0.2624467399302837,0.005,0.20969147974433566,0.25,0.5064519270111035,0.32947034813554066,240.81666361508718,235.18333638491282,0.33553016398464175,0.32341053228643957,MLB-P3,synthetic,True
H-0044,Hitter 44,2022,MLB,MLB-T6,batter,24.0,560.0,151.24344613979784,0.06270067630737322,0.25582610203643014,0.2094477834613367,0.2829073212613334,0.016557564006327435,0.1952773982510346,0.25,0.53773851558747,0.3930061243660578,271.997553191479,288.002446808521,0.37527386224674186,0.41073838648537375,MLB-P5,synthetic,True
H-0045,Hitter 45,2022,MLB,MLB-T6,batter,30.8,501.0,127.20077775094838,0.039912364429773715,0.2312863530613021,0.15400692847751313,0.3193975364972856,0.03293763655596235,0.237717979712807,0.25,0.4859466821272417,0.3740754764378899,245.86465973544924,255.13534026455076,0.38349634407902333,0.3646546087967565,MLB-P2,synthetic,True
H-0047,Hitter 47,2022,MLB,MLB-T2,batter,27.1,385.0,99.48754883099643,0.09506006349649995,0.3215553307246336,0.24886800150358057,0.3276051211338572,0.009909565127620453,0.19260621921295612,0.2670678694959317,0.5816285136169662,0.4469998462862277,198.20911994880635,186.79088005119365,0.4772679170084673,0.41673177556398805,MLB-P5,synthetic,True
H-0048,Hitter 48,2022,MLB,MLB-T3,batter,23.8,570.0,154.47844998325144,0.07081862688967568,0.14164376831875586,0.19715819204255408,0.3009825123097911,0.013603830061523072,0.2390756213378301,0.2841501690354172,0.5272564432735332,0.39559737080997537,307.0139931141068,262.9860068858932,0.3952360170270108,0.39595872459293996,MLB-P1,synthetic,True
H-0049,Hitter 49,2022,MLB,MLB-T1,batter,30.3,466.0,119.24012699467055,0.06841474818012225,0.27204195584990215,0.08127555719772499,0.28717427987205246,0.014205455644732863,0.19153468941132762,0.25,0.4099929851849302,0.3258877882203122,217.08698983665317,248.91301016334683,0.3369451515956704,0.31483042484495405,MLB-P1,synthetic,True
H-0050,Hitter 50,2022,MLB,MLB-T3,batter,28.2,554.0,139.9649092558677,0.06695491786641647,0.2095813319259818,0.13026668614872167,0.2976164260554661,0.06160861752701968,0.22455598834652385,0.26073814401214024,0.46002832875426825,0.39812862478201927,253.66707537202072,300.3329246279793,0.3755030434973382,0.42075420606670033,MLB-P5,synthetic,True
H-0051,Hitter 51,2022,MLB,MLB-T7,batter,27.6,354.0,91.18973061548736,0.06753252668544583,0.24858923464446575,0.18690429745238976,0.30592457790086297,0.005,0.2099651615007324,0.255826172036105,0.5174967552424761,0.38164373454392847,176.69161827881067,177.30838172118933,0.3658702896258519,0.39741717946200505,MLB-P1,synthetic,True
H-0052,Hitter 52,2022,MLB,MLB-T5,batter,30.8,241.0,59.2695878818456,0.08045418962003986,0.16246631114788884,0.1635835056086845,0.32218650782460007,0.02195805911865187,0.24721450887097582,0.2999829096229001,0.4958021563911445,0.3988163917642011,117.9431748383846,123.0568251616154,0.4033066926197492,0.39432609090865295,MLB-P3,synthetic,True
H-0053,Hitter 53,2022,MLB,MLB-T5,batter,29.0,382.0,101.24075155353984,0.07465628079754727,0.2914842294430799,0.20080280331658024,0.3680001713668952,0.05067383745790964,0.2408614764726684,0.284590641566131,0.5376028204532698,0.45710745207293424,196.87068525759426,185.12931474240574,0.5,0.40910380736517826,MLB-P5,synthetic,True
H-0054,Hitter 54,2022,MLB,MLB-T7,batter,26.1,363.0,92.89127240686409,0.1414523685951895,0.22386856852094458,0.18868737508033265,0.30918212825116004,0.032493801259553444,0.20110549360781851,0.31806064967218645,0.5196055879054486,0.4602528803323197,185.6167747476692,177.3832252523308,0.44950056269751026,0.47100519796712914,MLB-P5,synthetic,True
H-0055,Hitter 55,2022,MLB,MLB-T4,batter,23.7,228.0,59.22824100988105,0.08047058936725299,0.1666264861130299,0.14908135476881412,0.29117512668513795,0.04557067972405043,0.22606220638724706,0.27777453335302854,0.4781988674373279,0.4012490637713685,117.99880463059702,110.00119536940298,0.3913088034420801,0.4111893241006569,MLB-P2,synthetic,True
H-0056,Hitter 56,2022,MLB,MLB-T1,batter,32.2,446.0,124.27155782654476,0.05244557059858067,0.32899195853745616,0.02,0.29752099909898966,0.005,0.184785324336586,0.25,0.349752099909899,0.27634424910365285,241.96998378227698,204.03001621772302,0.310875150205104,0.2418133480022017,MLB-P4,synthetic,True
H-0057,Hitter 57,2022,MLB,MLB-T7,batter,29.7,502.0,126.36525728655906,0.10467758725134267,0.28553857920635617,0.09669345653175838,0.2864077995717806,0.026027355327871288,0.1785509492784761,0.2618597486327085,0.4253342364889364,0.37012306181361426,250.59461117121435,251.40538882878565,0.3668982800640901,0.37334784356313844,MLB-P3,synthetic,True
H-0058,Hitter 58,2022,MLB,MLB-T4,batter,28.9,492.0,139.7904339552782,0.04951010028515845,0.26103888275211323,0.2269073395508297,0.3141059739481702,0.005,0.21731068317263416,0.25,0.5583179369456467,0.3938931978344268,248.9994448402266,243.0005551597734,0.36998207172486436,0.4178043239439892,MLB-P4,synthetic,True
H-0059,Hitter 59,2022,MLB,MLB-T2,batter,24.0,529.0,139.01829975688042,0.06242112763838921,0.2642844554245074,0.23108644208797313,0.2604557684015938,0.010342111746048363,0.17691473148576356,0.25,0.5571320189281325,0.39125975200725904,268.32172441934136,260.67827558065864,0.3642635870307781,0.41825591698374,MLB-P3,synthetic,True
H-0061,Hitter 61,2022,MLB,MLB-T4,batter,26.4,349.0,84.44380118900614,0.1036549946810232,0.2655484703382151,0.1906791814891641,0.32344655873748,0.019548768947240204,0.2069612838451398,0.2872810663337716,0.5230238373629121,0.42823223370639063,187.59200403594176,161.40799596405824,0.43872120129576847,0.4177432661170128,MLB-P4,synthetic,True
H-0062,Hitter 62,2022,MLB,MLB-T6,batter,31.4,257.0,64.53619442715112,0.02,0.26836946257549754,0.14162682948168964,0.27782628263748055,0.00693642833934234,0.19875013107486333,0.25,0.4694094577454377,0.31537674064345567,132.39221856440852,124.60778143559148,0.31695118637773356,0.31380229490917777,MLB-P3,synthetic,True
H-0063,Hitter 63,2022,MLB,MLB-T6,batter,34.4,241.0,63.722982042869425,0.02,0.2945107874478589,0.02,0.32728721887072176,0.005,0.2251018579420713,0.25,0.35272872188707216,0.26405052660475264,129.4868485203681,111.51315147963189,0.2621661295629926,0.26593492364651267,MLB-P2,synthetic,True
H-0064,Hitter 64,2022,MLB,MLB-T3,batter,24.1,358.0,101.20732437815688,0.08472647557029807,0.27762158731565884,0.16603178318060502,0.3475200062394048,0.012830763263912437,0.22352141965402766,0.2841636002182948,0.5007837838045455,0.4038057027698543,188.87637117158718,169.12362882841282,0.4137396009064103,0.39387180463329824,MLB-P1,synthetic,True
H-0065,Hitter 65,2022,MLB,MLB-T5,batter,26.1,473.0,132.76686294032018,0.12122522715395209,0.17207887100580688,0.16387886159121637,0.3271088677411469,0.005,0.2319164962882699,0.32927507381339505,0.4965897483653311,0.41397913659233687,250.89147820704068,222.10852179295932,0.41600550780670154,0.4119527653779722,MLB-P1,synthetic,True
H-0066,Hitter 66,2022,MLB,MLB-T7,batter,23.9,493.0,118.15127925407023,0.02,0.19170988487851354,0.13532677943778534,0.30183014410292763,0.02339778307909207,0.24143938650389551,0.25,0.46550979384807806,0.3351282838979895,255.16299078243568,237.83700921756432,0.35539554319457567,0.3148610246014033,MLB-P3,synthetic,True
H-0068,Hitter 68,2022,MLB,MLB-T7,batter,25.5,503.0,129.87096959898517,0.06627396315453947,0.24340037208554638,0.23123284057920068,0.3217658782273109,0.046702442802518826,0.2291286102047038,0.2661848825604328,0.5634094284019318,0.44822009242856375,257.4330705456283,245.5669294543717,0.4496647286526732,0.4467754562044543,MLB-P2,synthetic,True
H-0069,Hitter 69,2022,MLB,MLB-T3,batter,23.0,317.0,78.50536607940712,0.03399745481231179,0.22753032077597554,0.14824744533993503,0.2884264624634018,0.026820292313016133,0.21701797516150212,0.25,0.4770900915862752,0.3504218382494877,149.1900266518789,167.8099733481211,0.38156233975894155,0.31928133674003384,MLB-P2,synthetic,True
H-0070,Hitter 70,2022,MLB,MLB-T2,batter,32.8,553.0,151.95401218877777,0.02,0.3275599511613334,0.02,0.2692054126919241,0.005,0.17639039260435235,0.25,0.3469205412691924,0.24372189444217346,296.4393225190565,256.5606774809435,0.24227276614115112,0.2451710227431958,MLB-P3,synthetic,True
H-0071,Hitter 71,2022,MLB,MLB-T6,batter,32.7,208.0,56.409346606768125,0.02,0.2865666936711167,0.03535889081123485,0.3328990877059059,0.007980571110874461,0.23204040072840645,0.25,0.3686487995818254,0.27714458464303326,109.29164596226262,98.70835403773738,0.2650451179461255,0.289244051339941,MLB-P5,synthetic,True
H-0074,Hitter 74,2022,MLB,MLB-T4,batter,23.7,245.0,68.02587879950133,0.02103419690508538,0.24527374066170024,0.15112342700460496,0.2867731747213406,0.048136870758206385,0.2176237326255519,0.25,0.47980074447673904,0.3615356175209475,133.8336446133643,111.1663553866357,0.35755184133475965,0.3655193937071353,MLB-P1,synthetic,True
H-0075,Hitter 75,2022,MLB,MLB-T6,batter,29.5,609.0,171.10388792505609,0.0665533367946954,0.14512009594418226,0.10808406723868387,0.32271333339838276,0.016256428784120508,0.25684195864495923,0.29551648168930245,0.4403554005785221,0.3536140253327053,308.8661197497545,300.1338802502455,0.37638806193827223,0.3308399887271384,MLB-P3,synthetic,True
H-0076,Hitter 76,2022,MLB,MLB-T3,batter,30.4,583.0,160.69314907001103,0.044180157401108665,0.28128367116625175,0.09391493806085621,0.28158095780254655,0.03126545648301428,0.19462635969691752,0.25,0.42207303384111083,0.32927157217985115,284.6288623369414,298.3711376630586,0.31493960832853846,0.34360353603116384,MLB-P5,synthetic,True
H-0077,Hitter 77,2022,MLB,MLB-T4,batter,24.0,518.0,125.09471893340563,0.10366046950985659,0.2578611340643038,0.13232856816028177,0.314721254836036,0.054163487735968026,0.20906724526923548,0.28450891940781287,0.4638006936438854,0.42424261930003837,272.87180851327815,245.12819148672185,0.43235922686715295,0.4161260117329238,MLB-P4,synthetic,True
H-0078,Hitter 78,2022,MLB,MLB-T3,batter,30.2,501.0,124.23876589250523,0.056805294268585056,0.28676842000533137,0.1377089354748631,0.2823556791258481,0.026659401953539826,0.18934459999527734,0.25,0.4659445033874479,0.35832156995141695,226.08214028112167,274.91785971887833,0.3552537810354055,0.3613893588674284,MLB-P5,synthetic,True
H-0079,Hitter 79,2022,MLB,MLB-T6,batter,23.0,573.0,161.8059950759729,0.04075361909535481,0.2322764415501934,0.033263371335689476,0.25671958521458843,0.005,0.18737742129454937,0.25,0.35893532985714827,0.26117424242648357,269.5911261602621,303.4088738397379,0.26746314597446613,0.254885338878501,MLB-P3,synthetic,True
H-0080,Hitter 80,2022,MLB,MLB-T6,batter,31.0,453.0,113.84894363447758,0.02145711332587332,0.3507642706400639,0.15282788196093802,0.29107347062548583,0.010435267961384855,0.18429499074770667,0.25,0.4819352290234866,0.3303427702907937,218.27136585265333,234.72863414734667,0.3196576331403402,0.34102790744124717,MLB-P2,synthetic,True
H-0082,Hitter 82,2022,MLB,MLB-T2,batter,33.7,259.0,71.27113899444068,0.02,0.39911851907775,0.0562504267166338,0.3482339061482404,0.005,0.2030326271107297,0.25,0.3910738173314578,0.2913196018460327,141.32869877641212,117.67130122358788,0.28895555696015096,0.2936836467319145,MLB-P5,synthetic,True
H-0083,Hitter 83,2022,MLB,MLB-T6,batter,28.5,554.0,157.60738603113055,0.0744547864566585,0.20600474227593443,0.10496953944875681,0.30700622003927114,0.02591610074652875,0.22479081536106174,0.2732678466808327,0.4356701614526839,0.36062826490209793,283.84679934488315,270.15320065511685,0.374521352848458,0.34673517695573786,MLB-P4,synthetic,True
H-0084,Hitter 84,2022,MLB,MLB-T6,batter,26.6,366.0,88.43314851848909,0.10353142865429017,0.21931795046540525,0.18033967565060102,0.30673827034412654,0.0325942224325915,0.21259714357616472,0.29046863784443855,0.5110135026850137,0.42835201647561033,169.25542880149612,196.74457119850388,0.42635489999276804,0.4303491329584526,MLB-P1,synthetic,True
H-0085,Hitter 85,2022,MLB,MLB-T5,batter,32.9,304.0,84.3734147378603,0.02,0.32630222534609565,0.02,0.2833557593317078,0.005,0.1859790293105047,0.25,0.34833557593317077,0.24867451576609775,159.7083146335979,144.2916853664021,0.23292389414442977,0.26442513738776574,MLB-P1,synthetic,True
H-0086,Hitter 86,2022,MLB,MLB-T7,batter,34.1,371.0,98.41624601685469,0.02,0.3327960288986823,0.02,0.2550290516029059,0.005,0.16580581494360355,0.25,0.3455029051602906,0.23876016806101708,170.4670136019705,200.5329863980295,0.2307389064001416,0.24678142972189254,MLB-P5,synthetic,True
H-0087,Hitter 87,2022,MLB,MLB-T5,batter,27.3,187.0,49.44035856635295,0.14950562005957868,0.2520669574523116,0.12415666803593936,0.28799005317871085,0.02166154515523304,0.17559037699923455,0.3046126507629333,0.45295567335381043,0.4132320107137303,99.63550287541459,87.36449712458541,0.39891207544612123,0.42755194598133933,MLB-P3,synthetic,True
H-0089,Hitter 89,2022,MLB,MLB-T1,batter,24.3,647.0,177.29853134233588,0.09069955790776496,0.31910994829900097,0.08773413481991489,0.28182553537715366,0.03619920508261348,0.17176063265017688,0.25,0.41591668835763024,0.36296168664274453,342.2907511048984,304.7092488951016,0.3453386345941341,0.38058473869135495,MLB-P4,synthetic,True
H-0090,Hitter 90,2022,MLB,MLB-T3,batter,28.2,240.0,67.3236824465412,0.11207494414821449,0.18666667023250455,0.2289915767476045,0.3033129874273641,0.05074043569963542,0.22031184125561992,0.3035056424588216,0.559322875490341,0.4762237658441819,120.3704222003679,119.6295777996321,0.4836579733724706,0.46878955831589325,MLB-P3,synthetic,True
H-0091,Hitter 91,2022,MLB,MLB-T2,batter,26.1,612.0,165.5506346028154,0.08066358524610079,0.1377466898929987,0.1819481992607324,0.3351542964367794,0.012048388930453418,0.26376041267753914,0.3164214241502748,0.5154636289044103,0.4046835730559542,328.03999634240756,283.96000365759244,0.4228388295433484,0.38652831656856,MLB-P4,synthetic,True
H-0092,Hitter 92,2022,MLB,MLB-T4,batter,32.7,586.0,146.02756867343328,0.02,0.3048875158464174,0.02,0.24850304740472337,0.005,0.1685175096531383,0.25,0.34485030474047235,0.2364760665916532,297.9340452334105,288.0659547665895,0.23009537511777522,0.2428567580655312,MLB-P4,synthetic,True
H-0093,Hitter 93,2022,MLB,MLB-T2,batter,27.0,210.0,56.92570057779812,0.08857252508111797,0.21847249329570628,0.15969860861333984,0.3068537555393489,0.0401854677019168,0.2186636586860595,0.27994477975881277,0.49038398416727474,0.41340073766461677,110.89153510043799,99.10846489956201,0.3999327787342197,0.42686869659501386,MLB-P3,synthetic,True
H-0094,Hitter 94,2022,MLB,MLB-T1,batter,32.8,447.0,107.41876714865474,0.02,0.31416671257172657,0.11171218966547751,0.32480404006813474,0.005,0.21701534176855078,0.25,0.44419259367229097,0.3136231183398598,242.99766464291406,204.00233535708594,0.3078035972544936,0.319442639425226,MLB-P5,synthetic,True
H-0095,Hitter 95,2022,MLB,MLB-T1,batter,28.6,228.0,58.901876985976344,0.06611720287597979,0.21248835264544058,0.14296625693755644,0.2890853181173698,0.005139655158421998,0.20931549074395678,0.2538072910991539,0.4718747887492934,0.3507190343125011,122.53727914288379,105.46272085711621,0.36596193347050515,0.3354761351544971,MLB-P1,synthetic,True
H-0096,Hitter 96,2022,MLB,MLB-T7,batter,24.7,560.0,149.05163652576766,0.06620080370388776,0.19999344309851477,0.18090316645174717,0.3269027319836024,0.04203470941594464,0.24618831187797138,0.28209559862290945,0.5135934396501074,0.41808449880979337,256.5421112266551,303.4578887733449,0.4174714767203268,0.41869752089925993,MLB-P3,synthetic,True
H-0097,Hitter 97,2022,MLB,MLB-T6,batter,26.3,648.0,183.04460377039604,0.11828118711099976,0.24947176496430484,0.17478552585057028,0.2470026465077827,0.039187617869818524,0.16204483676460546,0.2588312117867192,0.49948579050134856,0.4206486525560741,332.73288534222735,315.26711465777265,0.4275877840806519,0.4137095210314963,MLB-P4,synthetic,True
H-0098,Hitter 98,2022,MLB,MLB-T6,batter,34.4,414.0,110.07337303470345,0.02,0.3335232692754135,0.02876713361382996,0.2706150406155878,0.005,0.17569632674206637,0.25,0.3558286376753887,0.2490371877030622,200.92843563591293,213.07156436408707,0.2487075532293586,0.2493668221767658,MLB-P4,synthetic,True
H-0099,Hitter 99,2022,MLB,MLB-T6,batter,34.2,348.0,93.33366888876178,0.02,0.3300694540712955,0.02,0.2855598117226774,0.005,0.1863440443282178,0.25,0.34855598117226777,0.2494459341029371,175.78087295402273,172.21912704597727,0.24249461237169762,0.2563972558341766,MLB-P5,synthetic,True
H-0102,Hitter 102,2022,MLB,MLB-T4,batter,34.4,457.0,110.52851757879499,0.02,0.2240855028331748,0.02,0.2818683722875634,0.005,0.21381838890498497,0.25,0.3481868372287563,0.2481539303006472,216.83894013023013,240.16105986976987,0.25126581140619886,0.24504204919509556,MLB-P1,synthetic,True
H-0104,Hitter 104,2022,MLB,MLB-T5,batter,23.2,596.0,147.41538579282388,0.02807092449200304,0.25556328595975575,0.13239966291555091,0.3074166651828156,0.005,0.220972782073975,0.25,0.46314132943383246,0.3245652945619406,320.28583043693015,275.71416956306985,0.301931570747464,0.3471990183764172,MLB-P4,synthetic,True
H-0105,Hitter 105,2022,MLB,MLB-T1,batter,31.5,626.0,168.34117560867955,0.02,0.24418779699357065,0.03504843148459149,0.33125266839113965,0.005,0.24448975568064268,0.25,0.36817369832370545,0.2737150712534242,308.84827328145917,317.15172671854083,0.2703819883758609,0.2770481541309875,MLB-P3,synthetic,True
H-0106,Hitter 106,2022,MLB,MLB-T2,batter,22.7,293.0,71.14829773414748,0.022651127500220983,0.25893186161593795,0.08704613038935832,0.3473807290292636,0.005,0.25031422498785305,0.25,0.42178420329228467,0.309814416124544,155.12438350468702,137.87561649531298,0.32446802508682854,0.2951608071622595,MLB-P5,synthetic,True
H-0107,Hitter 107,2022,MLB,MLB-T1,batter,30.7,211.0,58.96136437404946,0.04940911732540992,0.22547128927268134,0.12047507210988281,0.2848488901070456,0.012817009034783413,0.20847206273062344,0.25,0.44895996112058734,0.3320800914569936,99.82513349438096,111.17486650561904,0.29627804185434087,0.3678821410596463,MLB-P1,synthetic,True
H-0108,Hitter 108,2022,MLB,MLB-T6,batter,29.7,488.0,116.2984959269713,0.046662999764189826,0.11911820580362109,0.21751106273104953,0.371079702699762,0.029576736630923906,0.3139981727190892,0.3252684957661953,0.5546190330010257,0.42879214324975834,250.5528015219825,237.4471984780175,0.4573176589157462,0.40026662758377046,MLB-P2,synthetic,True
H-0109,Hitter 109,2022,MLB,MLB-T5,batter,26.7,470.0,120.36563799350661,0.06878606383817207,0.2364711100102585,0.18198622798182545,0.2959788715533244,0.05063670388569689,0.2132247032869635,0.2538523417718701,0.5115841151371578,0.4174083086175152,226.46966781948936,243.53033218051064,0.43983772865535053,0.3949788885796799,MLB-P3,synthetic,True
H-0110,Hitter 110,2022,MLB,MLB-T4,batter,24.2,527.0,146.89952682188294,0.024055247009544707,0.2730015948281599,0.25411798184950496,0.3012628524821203,0.029934577469941114,0.21626084758125452,0.25,0.584244267097717,0.4089866810155981,260.1966676986729,266.8033323013271,0.4113215705429122,0.406651791488284,MLB-P4,synthetic,True
H-0111,Hitter 111,2022,MLB,MLB-T7,batter,24.2,213.0,58.81099051429559,0.09012886784193799,0.11478405991071625,0.15878529551277265,0.3013320278865636,0.044434514627957125,0.246250377020877,0.30575554768595303,0.48891849830142897,0.4158793929468403,95.9701682192993,117.0298317807007,0.4076938911176035,0.42406489477607706,MLB-P5,synthetic,True
H-0112,Hitter 112,2022,MLB,MLB-T3,batter,30.2,443.0,116.56700260640622,0.07587502180744289,0.18459788497804386,0.16424113113205696,0.29988957009179434,0.009581937058964074,0.22321375261417933,0.27547383765724415,0.49423008814123637,0.377030230273037,199.80799398561723,243.19200601438277,0.3928506646826202,0.3612097958634538,MLB-P2,synthetic,True
H-0113,Hitter 113,2022,MLB,MLB-T7,batter,26.0,221.0,52.976154633895014,0.10767761943948359,0.2007402049939525,0.08245249743009361,0.2969605370314568,0.02889843276365828,0.2097073791721788,0.29251297227135065,0.4121485511332392,0.37066798464249234,119.59038994865631,101.40961005134369,0.3496277256340589,0.39170824365092577,MLB-P3,synthetic,True
H-0114,Hitter 114,2022,MLB,MLB-T7,batter,31.5,586.0,160.60256710504723,0.038460966996469226,0.17566231146197725,0.04279779855927314,0.31886911363174786,0.005,0.25134181362177904,0.26399359925607035,0.3746847099224479,0.2865656558762404,315.88138419920904,270.11861580079096,0.29825230865809044,0.27487900309439034,MLB-P2,synthetic,True
H-0115,Hitter 115,2022,MLB,MLB-T4,batter,24.5,560.0,158.1153895626123,0.08337378442681281,0.22234542658600365,0.0756016729870138,0.24176261420535405,0.034589558608493866,0.17303957232937137,0.25,0.3997779344075492,0.3356900869611449,299.25083595381517,260.74916404618483,0.3352609664323383,0.33611920748995144,MLB-P2,synthetic,True
H-0116,Hitter 116,2022,MLB,MLB-T6,batter,28.3,239.0,60.694631842718024,0.1336015413269507,0.2649424403422474,0.14856710413147417,0.3003464561079941,0.043204250813984664,0.1871258212325788,0.2961822065763837,0.47860174974227354,0.4392380715715604,129.57815615013374,109.42184384986626,0.4389256305542227,0.43955051258889816,MLB-P1,synthetic,True
H-0117,Hitter 117,2022,MLB,MLB-T5,batter,23.8,236.0,67.41080043494595,0.0860320479666092,0.2386211902913996,0.11838943188722903,0.2883488183391604,0.03055684208978754,0.19931896703094976,0.2612939446123427,0.447224313721145,0.3737598654141173,116.93895840797327,119.06104159202673,0.37594600139970286,0.3715737294285318,MLB-P3,synthetic,True
H-0118,Hitter 118,2022,MLB,MLB-T3,batter,34.1,307.0,87.00030007754215,0.02,0.27616870134784954,0.060115097950667995,0.3001944947424147,0.005,0.2120362810827799,0.25,0.39013454742490944,0.27663137703271257,165.15589633100453,141.84410366899547,0.29101507641954016,0.26224767764588497,MLB-P2,synthetic,True
H-0120,Hitter 120,2022,MLB,MLB-T4,batter,31.0,326.0,84.7270528354906,0.06269981859587553,0.23826711273721302,0.06128333256902272,0.28673734306084353,0.024824837663243064,0.20416261047070486,0.25,0.38995706687510706,0.3202961298982894,161.10548079655916,164.89451920344084,0.30096337945010243,0.3396288803464763,MLB-P4,synthetic,True
H-0001,Hitter 1,2023,MLB,MLB-T2,batter,34.5,525.0,128.25750053053454,0.02,0.25834275477467206,0.03689788405952171,0.3276690200359855,0.005,0.2372147223448521,0.25,0.36966478606312025,0.2734779932453319,259.6985141374821,265.3014858625179,0.2895517561216509,0.2574042303690129,MLB-P3,synthetic,True
H-0002,Hitter 2,2023,MLB,MLB-T4,batter,33.9,226.0,54.42477994738911,0.02,0.28231149612938355,0.02535716223358847,0.2743339175047362,0.005,0.1921496204648445,0.25,0.35279055398406206,0.24846331035513133,113.8647309470901,112.1352690529099,0.25885110796802185,0.23807551274224084,MLB-P5,synthetic,True
H-0003,Hitter 3,2023,MLB,MLB-T5,batter,23.5,227.0,55.680208110270435,0.05136365296952243,0.2902750666953566,0.14546837855161932,0.2717038370831976,0.016148181227028477,0.1813015132381134,0.25,0.47263876225993906,0.3455918713655011,121.1808055491716,105.8191944508284,0.3275213294467579,0.36366241328424437,MLB-P2,synthetic,True
H-0004,Hitter 4,2023,MLB,MLB-T1,batter,33.5,408.0,101.0800986761352,0.02,0.27787715049093564,0.02,0.2666202565698379,0.005,0.1879501742796524,0.25,0.3466620256569838,0.24281708979944328,184.86104900326885,223.13895099673115,0.23694434170933568,0.24868983788955087,MLB-P3,synthetic,True
H-0005,Hitter 5,2023,MLB,MLB-T1,batter,30.9,276.0,66.85124905239863,0.028177679709611478,0.23359347401316788,0.1462409780143579,0.33567333918938996,0.009791163395863167,0.249272416425185,0.2512010474338364,0.4798083119332969,0.3464546294771882,145.7260970953853,130.2739029046147,0.3484499144124432,0.34445934454193317,MLB-P3,synthetic,True
H-0006,Hitter 6,2023,MLB,MLB-T3,batter,25.0,255.0,64.58634907149214,0.12930655526258655,0.17374725660063836,0.1253358750139937,0.2675275589647231,0.034754203646756625,0.19166544298901358,0.29711363646038663,0.452088630910466,0.40436274886124113,134.6845913562896,120.31540864371041,0.43078939456979454,0.3779361031526877,MLB-P3,synthetic,True
H-0008,Hitter 8,2023,MLB,MLB-T4,batter,26.2,256.0,68.94663048325873,0.04701470235405129,0.2566125050523128,0.1391084380982223,0.3087979341180709,0.04234589068173304,0.2213903633312066,0.25,0.4699882315100294,0.37561051115674265,120.45714387708367,135.54285612291633,0.3677755060433321,0.3834455162701532,MLB-P3,synthetic,True
H-0009,Hitter 9,2023,MLB,MLB-T6,batter,30.7,410.0,102.4596771699493,0.07613556934486823,0.26404190672583144,0.16775069963705758,0.303663747385777,0.030078651361656623,0.20487597793016135,0.2564633315481898,0.49811707437563524,0.3989108811523024,203.367473982655,206.632526017345,0.3844384743228594,0.4133832879817454,MLB-P2,synthetic,True
H-0010,Hitter 10,2023,MLB,MLB-T3,batter,24.1,369.0,99.04133159117622,0.029282449767705748,0.20984338525854881,0.09992295637243823,0.27104777660091006,0.021041310618074224,0.20938944728191886,0.25,0.42702773403252925,0.30925924220882034,174.82410535394658,194.17589464605342,0.3049079035097978,0.3136105809078429,MLB-P2,synthetic,True
H-0011,Hitter 11,2023,MLB,MLB-T3,batter,29.4,517.0,135.5276481495663,0.04762453572284494,0.25358806160208003,0.04744074635109375,0.2758164522895396,0.029143575480544356,0.19710859863254276,0.25,0.3750223915800477,0.3021945617329218,272.83839031920576,244.16160968079424,0.32623813512555633,0.2781509883402873,MLB-P5,synthetic,True
H-0013,Hitter 13,2023,MLB,MLB-T7,batter,30.7,564.0,138.6254403946809,0.02,0.15776184021226353,0.07284060523727473,0.3327696730736186,0.031781119822878026,0.2783830915946505,0.266254331259097,0.40611757254463654,0.3191347262968578,268.91086916902424,295.08913083097576,0.30658173993758814,0.33168771265612745,MLB-P1,synthetic,True
H-0014,Hitter 14,2023,MLB,MLB-T6,batter,24.8,271.0,71.4895371763857,0.058890750222347917,0.22291797272314962,0.1813055322918787,0.3129781370734977,0.031078528030245942,0.22943994715949134,0.26119110138180696,0.5126033459992284,0.39845459111912235,138.4517935778868,132.5482064221132,0.3930544523193603,0.4038547299188844,MLB-P2,synthetic,True
H-0015,Hitter 15,2023,MLB,MLB-T1,batter,28.8,389.0,110.99675494874938,0.0716640872536362,0.23347130112975373,0.06924086536889477,0.32313213348897096,0.031033847498970656,0.229188161562506,0.2737438632475306,0.40155407871779186,0.3492740465006509,212.81352941471778,176.18647058528222,0.3333001462895132,0.3652479467117886,MLB-P1,synthetic,True
H-0016,Hitter 16,2023,MLB,MLB-T1,batter,30.3,595.0,159.3955598336136,0.07699935451685459,0.2527831261096791,0.1274595584751329,0.29417701516969186,0.016024871059740493,0.19956632002268251,0.2544456849442039,0.4568772599921021,0.36138664458627984,300.84441158224485,294.15558841775515,0.36639998339337904,0.35637330577918064,MLB-P1,synthetic,True
H-0018,Hitter 18,2023,MLB,MLB-T4,batter,26.0,530.0,140.04809391657918,0.07652521321104623,0.27901592957834853,0.1484212711781174,0.32489939540088053,0.03377088059005299,0.21444992515697597,0.2649710769726675,0.4809112107182054,0.3993079293170528,244.72308136265585,285.2769186373441,0.4070528814516881,0.39156297718241745,MLB-P4,synthetic,True
H-0019,Hitter 19,2023,MLB,MLB-T1,batter,29.7,561.0,142.97296565877733,0.03105162121509269,0.2276858217762733,0.18642767985293324,0.2628251466625455,0.016330980130609594,0.19727208728083917,0.25,0.5127101945191878,0.35095804221911775,259.1588080932582,301.8411919067418,0.37714460505459474,0.32477147938364076,MLB-P5,synthetic,True
H-0021,Hitter 21,2023,MLB,MLB-T7,batter,28.7,403.0,108.37364430282959,0.11504836239965036,0.20569546661681612,0.08798270961126099,0.2923741553994098,0.02674087362397981,0.20260808033474467,0.2937856167616833,0.41722012515120194,0.375322084617324,186.95009094805616,216.04990905194384,0.38179308758252434,0.3688510816521237,MLB-P1,synthetic,True
H-0022,Hitter 22,2023,MLB,MLB-T6,batter,33.9,465.0,112.2170342032302,0.02,0.29663011641152665,0.07973015315393661,0.2957162287780518,0.005,0.20283356483527964,0.25,0.4093017760317418,0.2858522643069833,213.82722838012143,251.17277161987857,0.29018541005736964,0.28151911855659695,MLB-P2,synthetic,True
H-0023,Hitter 23,2023,MLB,MLB-T3,batter,28.5,343.0,94.0816827468677,0.08478005113310959,0.13847595318474684,0.18653695800572398,0.28165172888501944,0.005,0.2195212892849338,0.28167421148955,0.5147021308942259,0.3850194678060817,157.84413196456754,185.15586803543246,0.38241746734481596,0.38762146826734745,MLB-P3,synthetic,True
H-0024,Hitter 24,2023,MLB,MLB-T3,batter,29.6,519.0,140.78448975840743,0.06750651174248701,0.30071264229638206,0.2915513446608887,0.3777240747660191,0.03281884875344496,0.24356166280857777,0.28228146368849194,0.6293237521374906,0.4893481878294368,234.36326403430206,284.63673596569794,0.4893491208985922,0.48934725476028135,MLB-P4,synthetic,True
H-0026,Hitter 26,2023,MLB,MLB-T1,batter,30.8,424.0,102.42193011640506,0.06952596626058602,0.23033085259794275,0.12012405756550648,0.2868464956240791,0.005,0.20158361794552584,0.2502762224115593,0.4488087071279144,0.3396326815118665,216.70923145422523,207.29076854577477,0.3168479784782218,0.36241738454551115,MLB-P2,synthetic,True
H-0027,Hitter 27,2023,MLB,MLB-T1,batter,25.5,190.0,49.998897622693434,0.06927112099307425,0.28992108509453135,0.15119657714558624,0.3132952208478803,0.03167682635158191,0.20551354326756385,0.25,0.48252609923037426,0.3898103731384062,94.81197932914719,95.18802067085281,0.4011078640621302,0.3785128822146822,MLB-P1,synthetic,True
H-0029,Hitter 29,2023,MLB,MLB-T1,batter,24.7,341.0,88.24759341390521,0.09439881476998961,0.22135086452268485,0.14426888946838776,0.3085249102180893,0.030053505549979286,0.21561629459542336,0.28439625665662344,0.47512138049019664,0.40045893311791864,163.91693754948614,177.08306245051386,0.39227713576998524,0.40864073046585203,MLB-P2,synthetic,True
H-0030,Hitter 30,2023,MLB,MLB-T1,batter,33.4,328.0,86.1040238379895,0.02,0.20404284512399856,0.02,0.2931814672396682,0.005,0.22824625718166455,0.25,0.3493181467239668,0.2521135135338839,175.66879965785085,152.33120034214915,0.24792150150729333,0.2563055255604745,MLB-P2,synthetic,True
H-0031,Hitter 31,2023,MLB,MLB-T3,batter,27.2,538.0,136.34596530042938,0.08356647558512141,0.2326226279053793,0.2567040162158081,0.31044209905567854,0.035310561262701316,0.2175802742589595,0.2746217966477203,0.587748226121376,0.4601179816341981,280.8147431086414,257.1852568913586,0.4169743755718467,0.5,MLB-P2,synthetic,True
H-0033,Hitter 33,2023,MLB,MLB-T5,batter,26.5,185.0,45.617014497050306,0.12905618272341624,0.2210638105989103,0.1772986830624066,0.3334984192759128,0.014830011454138897,0.21895845666414457,0.3241167421748376,0.5106485249899979,0.43792506064600945,93.5212356198997,91.4787643801003,0.45997181847149693,0.41587830282052196,MLB-P4,synthetic,True
H-0035,Hitter 35,2023,MLB,MLB-T5,batter,29.7,370.0,101.07383181850258,0.06731536569732721,0.2628202432834426,0.05053625456956231,0.2961503883189978,0.022405540408758386,0.20174143058272778,0.25,0.38015129340146203,0.3187333182809201,185.31468415263137,184.68531584736863,0.3359134097389317,0.3015532268229085,MLB-P3,synthetic,True
H-0036,Hitter 36,2023,MLB,MLB-T2,batter,24.2,367.0,102.22648686958308,0.046131638050766845,0.18903379681029983,0.18265207120477156,0.272847094001777,0.027809310512325217,0.21285428506711954,0.25,0.5099367806049493,0.3732756481598758,168.4424643114162,198.5575356885838,0.384698228145977,0.3618530681737746,MLB-P3,synthetic,True
H-0037,Hitter 37,2023,MLB,MLB-T7,batter,34.2,235.0,63.00268344836912,0.02,0.28585157008970186,0.02,0.33049879082559264,0.005,0.23016521673883716,0.25,0.35304987908255925,0.26517457678895745,107.73813398867283,127.26186601132717,0.30010130125825113,0.2302478523196638,MLB-P4,synthetic,True
H-0038,Hitter 38,2023,MLB,MLB-T1,batter,24.0,211.0,51.80123504310723,0.05919808735905037,0.2077192572314237,0.15707992927611616,0.2808007471470204,0.03644557689514039,0.2113169938937876,0.25,0.4851600039908182,0.37891390296028266,110.62437476999652,100.37562523000348,0.3874349629093359,0.37039284301122943,MLB-P4,synthetic,True
H-0040,Hitter 40,2023,MLB,MLB-T5,batter,32.3,553.0,140.40688175040287,0.02,0.24359820474347632,0.10866780262838308,0.34362219013434137,0.005,0.25379399770490746,0.25,0.4430300216418172,0.3185350579926302,295.8009914252914,257.1990085747086,0.34641385723887363,0.2906562587463868,MLB-P2,synthetic,True
H-0041,Hitter 41,2023,MLB,MLB-T7,batter,30.6,286.0,72.60194731143784,0.02,0.2214006721984422,0.10116102344982691,0.3113711626319809,0.005,0.23695595466941025,0.25,0.432298139713025,0.30311846981859814,145.95981584917087,140.04018415082913,0.3278778692371481,0.27835907040004815,MLB-P2,synthetic,True
H-0043,Hitter 43,2023,MLB,MLB-T5,batter,26.5,607.0,171.99058643254472,0.1728053249636039,0.1574955006187223,0.12481927673391774,0.3350640996473669,0.06160765031206941,0.23363329845765318,0.3747582607833624,0.4583256866986544,0.4823336498356183,291.15510160585285,315.84489839414715,0.47089871205132794,0.4937685876199087,MLB-P1,synthetic,True
H-0046,Hitter 46,2023,MLB,MLB-T7,batter,23.3,613.0,147.46868793023583,0.04393385566435174,0.2570721890757667,0.17714769048877088,0.28862008703445013,0.0051387758152700025,0.2025145125759521,0.25,0.5060096991922158,0.3538268574296708,319.7005241746365,293.2994758253635,0.3393906646933368,0.3682630501660048,MLB-P3,synthetic,True
H-0047,Hitter 47,2023,MLB,MLB-T5,batter,27.2,331.0,91.1618895535547,0.07898441632563326,0.3212735185744877,0.26171975395285707,0.2975510176214896,0.022762407267036225,0.18186822287093812,0.25,0.591474855715006,0.4438639788098686,166.341861776043,164.658138223957,0.44730658492839476,0.44042137269134246,MLB-P3,synthetic,True
H-0049,Hitter 49,2023,MLB,MLB-T1,batter,30.5,563.0,140.19341824524986,0.06981426134055863,0.28290315496075547,0.06715277682295853,0.26772308245007775,0.015561407027130308,0.1756266995781322,0.25,0.3939250850679663,0.3135123553729627,298.67751756928163,264.32248243071837,0.2940757621908544,0.33294894855507096,MLB-P4,synthetic,True
H-0051,Hitter 51,2023,MLB,MLB-T2,batter,27.8,348.0,93.90796204214595,0.07206391356666447,0.23308564443431903,0.1593469219677498,0.30331480147937345,0.005,0.21150842387278657,0.2617464950521724,0.48967840211568714,0.3687457270967082,159.1172903967703,188.8827096032297,0.3790878305628247,0.35840362363059175,MLB-P1,synthetic,True
H-0052,Hitter 52,2023,MLB,MLB-T7,batter,31.0,465.0,126.9865613309571,0.06324241046373569,0.16193481235741225,0.15853250367786229,0.2865059959789501,0.014338980303302055,0.22414221852829846,0.26303464479825855,0.48718310327575726,0.3646447452130436,245.64094709357855,219.35905290642145,0.3530427583207542,0.37624673210533294,MLB-P5,synthetic,True
H-0053,Hitter 53,2023,MLB,MLB-T1,batter,29.2,513.0,136.68640229899466,0.057674102709957806,0.31232075385039254,0.14981203756590256,0.3382060297455475,0.04082541521659022,0.21919535056448664,0.25,0.4836326405404573,0.39788347666408963,258.4831679480916,254.5168320519084,0.3906863133837122,0.4050806399444671,MLB-P1,synthetic,True
H-0054,Hitter 54,2023,MLB,MLB-T6,batter,26.2,415.0,99.4455867881943,0.11785774236836757,0.2577217111025601,0.20993825821599182,0.30536421519310997,0.03243189186035307,0.19554047392035598,0.28946586349554027,0.5404746797353028,0.45403263966855906,198.36267282388627,216.63732717611373,0.45083619224544785,0.45722908709167026,MLB-P1,synthetic,True
H-0055,Hitter 55,2023,MLB,MLB-T1,batter,23.9,643.0,175.55776640594385,0.07616231435785259,0.16784279639557906,0.17987709460055,0.3075275354529617,0.03259480961032428,0.2373784665465805,0.2854026349523813,0.5106298481458462,0.40921598813862775,322.16575219497366,320.83424780502634,0.4145914408842619,0.4038405353929936,MLB-P5,synthetic,True
H-0056,Hitter 56,2023,MLB,MLB-T5,batter,32.4,218.0,53.63351582790395,0.04463657585621332,0.2861283451843147,0.02,0.28041196281888225,0.005,0.18841152207827522,0.25,0.34804119628188823,0.2648897900859581,108.38088481149471,109.61911518850529,0.27625841671645235,0.2535211634554638,MLB-P2,synthetic,True
H-0057,Hitter 57,2023,MLB,MLB-T2,batter,29.8,389.0,100.18798255269256,0.07836167624231617,0.25702467462574946,0.09078218077074059,0.27836617909797284,0.02842830528029157,0.1892702078772611,0.25,0.41861879868053786,0.3477970102300815,179.08568904407673,209.91431095592327,0.3392722967143052,0.35632172374585785,MLB-P4,synthetic,True
H-0058,Hitter 58,2023,MLB,MLB-T4,batter,29.0,287.0,74.53057464162188,0.05349113272744726,0.26942847721709196,0.22205983982077243,0.31236087419659975,0.005,0.21224342253909848,0.25,0.5532959272404324,0.3934030107794478,146.2479416386656,140.7520583613344,0.3965079660927928,0.39029805546610274,MLB-P1,synthetic,True
H-0059,Hitter 59,2023,MLB,MLB-T1,batter,24.2,315.0,86.12734082714172,0.06855730814003314,0.26582526342095897,0.23109574022492374,0.2567424018313348,0.008409230265540794,0.1721536018180586,0.25,0.5567699804080571,0.3925209207016851,163.8685709697208,151.1314290302792,0.3971615849191472,0.387880256484223,MLB-P3,synthetic,True
H-0060,Hitter 60,2023,MLB,MLB-T2,batter,30.8,410.0,102.91496173925805,0.02,0.3069425394042856,0.1427039649226496,0.32629096486644976,0.005,0.22036256822833813,0.25,0.4753330614092946,0.33118901841071474,184.6982305763123,225.3017694236877,0.352094131747559,0.3102839050738705,MLB-P2,synthetic,True
H-0062,Hitter 62,2023,MLB,MLB-T3,batter,31.5,269.0,71.72064095409016,0.021780199992675164,0.2849633714451904,0.13819155231528737,0.2657465694990758,0.005,0.18498051767356832,0.25,0.46476620926519496,0.30876279309295723,130.37585633484272,138.62414366515728,0.28324659166008953,0.33427899452582494,MLB-P5,synthetic,True
H-0065,Hitter 65,2023,MLB,MLB-T5,batter,26.3,562.0,147.78886087912468,0.1301612683088438,0.21113805780626654,0.15832704573520623,0.3436262500280887,0.009341188949812092,0.22774802080051146,0.33387342652107954,0.49268967073801506,0.426869020535216,301.81065442431526,260.18934557568474,0.4104640383062173,0.44327400276421475,MLB-P2,synthetic,True
H-0066,Hitter 66,2023,MLB,MLB-T4,batter,24.1,291.0,69.8009488514755,0.02,0.1843128882185611,0.15869548714358656,0.30775921347700996,0.02474247679221732,0.24859141121448194,0.25,0.48947140849128756,0.3512664717589217,140.2369381435013,150.7630618564987,0.3228292959306293,0.37970364758721403,MLB-P1,synthetic,True
H-0068,Hitter 68,2023,MLB,MLB-T4,batter,25.6,214.0,51.00538509664661,0.06848832895719743,0.24958973423954717,0.1964768074108496,0.2906108690219184,0.04717594635021953,0.2052503186120367,0.25,0.5255378943130414,0.42017623021887446,116.00816350386783,97.99183649613217,0.42076501132812494,0.419587449109624,MLB-P2,synthetic,True
H-0069,Hitter 69,2023,MLB,MLB-T3,batter,23.2,310.0,82.69629601684407,0.04125723686914896,0.23700000277446565,0.1369253168180681,0.26424025082959873,0.030497439694845852,0.19528810398524513,0.25,0.463349341901028,0.3441207735740625,141.34410026967012,168.65589973032988,0.3491208162777806,0.33912073087034444,MLB-P3,synthetic,True
H-0070,Hitter 70,2023,MLB,MLB-T6,batter,32.9,504.0,129.2287578398443,0.02,0.3165246170398117,0.02,0.2548481343658571,0.005,0.1698354635450766,0.25,0.3454848134365857,0.23869684702805,272.3214150370872,231.6785849629128,0.2552215980355274,0.2221720960205726,MLB-P3,synthetic,True
H-0071,Hitter 71,2023,MLB,MLB-T5,batter,32.8,607.0,166.9448604012034,0.02,0.2878646590304838,0.035027713699665966,0.3085789068815245,0.005,0.21432836693044452,0.25,0.36588560438781836,0.26576785994334984,324.16302183862456,282.83697816137544,0.27301408322458265,0.258521636662117,MLB-P3,synthetic,True
H-0072,Hitter 72,2023,MLB,MLB-T6,batter,31.6,444.0,110.80345479930308,0.02,0.3028266982851088,0.09809704899253133,0.27888700144414347,0.005,0.18960483157329627,0.25,0.42598574913694565,0.29006382745134246,223.1578057141339,220.8421942858661,0.27498286995838367,0.30514478494430125,MLB-P1,synthetic,True
H-0073,Hitter 73,2023,MLB,MLB-T4,batter,23.4,212.0,55.62856652707016,0.02,0.21807460026900916,0.17839457062949773,0.3516358914820999,0.005,0.26867031717726225,0.26112828545953604,0.5135581597777077,0.3596895758649587,98.00322962581221,113.99677037418779,0.3510552238877206,0.3683239278421968,MLB-P5,synthetic,True
H-0074,Hitter 74,2023,MLB,MLB-T5,batter,23.9,418.0,107.46581505644124,0.04124558487635854,0.28455047479477935,0.11902593174836582,0.2765258031636091,0.03196247012986467,0.19122915661498827,0.25,0.4466785120647267,0.33988642609919356,220.95548086427073,197.04451913572927,0.3102305498104042,0.3695423023879829,MLB-P5,synthetic,True
H-0078,Hitter 78,2023,MLB,MLB-T1,batter,30.4,234.0,60.781174059434136,0.05224173089259237,0.22110559602658592,0.20278556717480367,0.25958909738659364,0.027960756489136613,0.1928252249919765,0.25,0.5287444769134629,0.3841221384964874,106.95428888035865,127.04571111964135,0.3750051266374101,0.3932391503555647,MLB-P1,synthetic,True
H-0079,Hitter 79,2023,MLB,MLB-T4,batter,23.2,339.0,83.72943973998751,0.04833795756463442,0.18188581724256722,0.05782428478570176,0.23658528601662,0.005,0.18286772840603227,0.25,0.38148281338736373,0.27294477703319703,157.9754762379515,181.0245237620485,0.2591955097964501,0.28669404426994394,MLB-P1,synthetic,True
H-0080,Hitter 80,2023,MLB,MLB-T7,batter,31.2,464.0,116.20359596424251,0.02723771009304749,0.30415717103048756,0.17567243582266384,0.27160175216500343,0.02541562618089439,0.18540666572047246,0.25,0.5028326110391642,0.3536209135881545,254.71916380038115,209.28083619961885,0.34296280157284065,0.36427902560346836,MLB-P4,synthetic,True
H-0081,Hitter 81,2023,MLB,MLB-T6,batter,27.9,298.0,83.79327350349733,0.08869290555100255,0.22825554109996712,0.1688840318289992,0.2791048241975697,0.05738913715787947,0.19925135428903992,0.26027159089482477,0.49679451424875615,0.4243081633028922,139.16880385131057,158.83119614868943,0.4209974867836458,0.42761883982213866,MLB-P2,synthetic,True
H-0082,Hitter 82,2023,MLB,MLB-T1,batter,33.8,522.0,146.72656966028325,0.02,0.4229298353807055,0.0323341312790644,0.31242391836388783,0.005,0.17479204363397602,0.25,0.3635765231154532,0.26563214363084614,257.55357282895386,264.44642717104614,0.27192629752759667,0.2593379897340956,MLB-P3,synthetic,True
H-0083,Hitter 83,2023,MLB,MLB-T1,batter,28.7,605.0,154.83616050148314,0.08651934861070631,0.22653065773357556,0.12782429950238655,0.28469621500238257,0.017875378023402246,0.19825336979320402,0.26253420539143063,0.4562939210026248,0.36659842422570293,294.41766016812267,310.58233983187733,0.3858309424548983,0.3473659059965076,MLB-P3,synthetic,True
H-0084,Hitter 84,2023,MLB,MLB-T7,batter,26.8,438.0,117.70205120054612,0.1026238087191718,0.26687784741783244,0.18557855174529556,0.2760189504733662,0.030924740343565744,0.17866820219979454,0.25925035075260555,0.5131804467926322,0.4183437685382202,213.9852474114644,224.0147525885356,0.42722688514196133,0.40946065193447906,MLB-P3,synthetic,True
H-0085,Hitter 85,2023,MLB,MLB-T6,batter,33.0,449.0,108.26776792961905,0.02,0.30365715414506284,0.02,0.2957249506754486,0.005,0.2007614547301438,0.25,0.34957249506754484,0.253003732736407,242.06639544471014,206.93360455528986,0.25091371545871094,0.2550937500141031,MLB-P1,synthetic,True
H-0086,Hitter 86,2023,MLB,MLB-T2,batter,34.3,421.0,115.94050923213297,0.02,0.3295603747177015,0.02,0.248985898593699,0.005,0.16270029458186194,0.25,0.3448985898593699,0.23664506450779466,196.0642794913156,224.9357205086844,0.2398517709858924,0.23343835802969692,MLB-P3,synthetic,True
H-0087,Hitter 87,2023,MLB,MLB-T2,batter,27.4,407.0,113.80171339621667,0.14451731575433222,0.24981029007644828,0.13952109304780655,0.32524212446293105,0.005,0.1977401762081467,0.32180847434166426,0.4720453054940996,0.416233465766352,189.04741591398786,217.95258408601214,0.44089896629284686,0.39156796523985715,MLB-P4,synthetic,True
H-0088,Hitter 88,2023,MLB,MLB-T1,batter,24.7,391.0,102.01395876628382,0.07022211598775606,0.21683367349495414,0.20127257805120913,0.3124489405470439,0.02692453129878942,0.22679734294009427,0.27070491290850435,0.5325174721059135,0.4134446064799701,175.95075226509823,215.04924773490177,0.4245353197405553,0.4023538932193849,MLB-P1,synthetic,True
H-0089,Hitter 89,2023,MLB,MLB-T1,batter,24.4,213.0,51.67404472656596,0.08698643563337786,0.31392173881815366,0.08658420958766508,0.28486147569615416,0.027105499826152665,0.1747240064771626,0.25,0.41507035715728047,0.35260828655377163,113.10857645194083,99.89142354805917,0.34546247521731455,0.3597540978902287,MLB-P3,synthetic,True
H-0090,Hitter 90,2023,MLB,MLB-T2,batter,28.4,578.0,139.46774313229062,0.11709359231033055,0.21264660572917335,0.2354298727018899,0.27907426083733367,0.04681203772956521,0.19407406446053785,0.2854406252313233,0.5633372987856233,0.47125876985294624,292.3861170615805,285.6138829384195,0.46660152662005244,0.47591601308584003,MLB-P5,synthetic,True
H-0092,Hitter 92,2023,MLB,MLB-T1,batter,32.9,455.0,122.63473186552147,0.02,0.33689382695999204,0.02,0.27716135847180556,0.005,0.17899418056137267,0.25,0.3477161358471806,0.24650647546513196,227.209248757944,227.790751242056,0.2794066262562542,0.21360632467400978,MLB-P1,synthetic,True
H-0093,Hitter 93,2023,MLB,MLB-T4,batter,27.1,453.0,129.08609529915574,0.10468639934191115,0.19080294220302157,0.13719475202624706,0.29403550553809293,0.02945670682894708,0.2115696536401525,0.29112243219614053,0.4665983025800563,0.3981610562381586,208.07763667534988,244.92236332465012,0.3775621433633242,0.418759969112993,MLB-P3,synthetic,True
H-0095,Hitter 95,2023,MLB,MLB-T5,batter,28.7,383.0,98.20095892555689,0.06880624620815473,0.1905373867221005,0.12703026507753795,0.2678361955900703,0.005,0.1991245835955231,0.25,0.453813884636545,0.33627368659487883,183.20605831904493,199.79394168095507,0.31972927909903287,0.3528180940907248,MLB-P5,synthetic,True
H-0096,Hitter 96,2023,MLB,MLB-T4,batter,24.9,378.0,101.54844677879396,0.06822797959004914,0.1769108947465862,0.14796126765392462,0.31070186729148613,0.040124323377687426,0.2405554097960137,0.2793110647504736,0.47903145438307326,0.39399582751463175,182.652021249855,195.347978750145,0.41129438308751676,0.37669727194174674,MLB-P3,synthetic,True
H-0097,Hitter 97,2023,MLB,MLB-T6,batter,26.4,572.0,148.72071146939683,0.12033282471212109,0.2748826078025215,0.15633918336418137,0.2945942245564944,0.048719826831434936,0.18547401470679897,0.28068226132599644,0.48579860581983075,0.437175350891849,308.21445334735847,263.78554665264153,0.4386482809438911,0.4357024208398069,MLB-P4,synthetic,True
H-0098,Hitter 98,2023,MLB,MLB-T4,batter,34.5,623.0,159.4565012433339,0.02,0.30383299656105545,0.02,0.28893709237306164,0.005,0.1961197279322546,0.25,0.34889370923730617,0.2506279823305716,284.8889294310242,338.1110705689758,0.27190496420521787,0.22935100045592532,MLB-P2,synthetic,True
H-0099,Hitter 99,2023,MLB,MLB-T3,batter,34.3,310.0,79.81789161938877,0.02,0.3858594047711153,0.02,0.2791357992319224,0.005,0.16659590990534484,0.25,0.3479135799231923,0.24719752973117287,153.11122033809005,156.88877966190995,0.2686419601409214,0.22575309932142437,MLB-P5,synthetic,True
H-0100,Hitter 100,2023,MLB,MLB-T4,batter,29.4,206.0,54.3468268441144,0.06589831343574769,0.16305553481157964,0.2131257411897682,0.324364029208421,0.013337459568411742,0.2521002554234063,0.29098798627507777,0.5455621441106102,0.40887910089391377,98.31120349554936,107.68879650445064,0.40577760088094633,0.4119806009068812,MLB-P4,synthetic,True
H-0101,Hitter 101,2023,MLB,MLB-T2,batter,31.7,281.0,71.2123098440002,0.02,0.3510727923531748,0.02054230151646859,0.3130174622611304,0.018140629289195402,0.19958629287796756,0.25,0.3518440477425816,0.27118094398572923,129.83161828089638,151.16838171910362,0.30261038665468964,0.2397515013167688,MLB-P3,synthetic,True
H-0104,Hitter 104,2023,MLB,MLB-T1,batter,23.3,408.0,113.67826148129767,0.025127930691630523,0.2572724598767553,0.14650780930265744,0.2938222398184224,0.005,0.211596724536022,0.25,0.4758900332844997,0.3255066305370508,223.73565203014107,184.26434796985893,0.3216880231885065,0.32932523788559515,MLB-P5,synthetic,True
H-0106,Hitter 106,2023,MLB,MLB-T4,batter,22.8,367.0,89.37718352099269,0.0478323070606853,0.26443295587749754,0.08765612531713918,0.3204673803891679,0.011524988659167294,0.2221252978877088,0.25,0.41970286335605594,0.32422955679636556,174.29056716522004,192.70943283477996,0.33053586563765397,0.31792324795507715,MLB-P3,synthetic,True
H-0108,Hitter 108,2023,MLB,MLB-T7,batter,29.8,573.0,139.86805423837006,0.027877675313352394,0.11940249704133422,0.22431737280027125,0.3548978052753088,0.023539441286069447,0.3061593115389717,0.30024323112480755,0.5598071533278022,0.40828865676331644,308.20105544912207,264.79894455087793,0.4208738039928273,0.39570350953380556,MLB-P2,synthetic,True
H-0109,Hitter 109,2023,MLB,MLB-T7,batter,26.9,638.0,178.13598471743927,0.08914887891170675,0.22038266918271845,0.1537400216067152,0.26968468084230407,0.05792530591386786,0.1948975599709149,0.256736766587158,0.48070848969094565,0.41348364073917554,329.92149634738706,308.07850365261294,0.4077628358563294,0.4192044456220217,MLB-P1,synthetic,True
H-0110,Hitter 110,2023,MLB,MLB-T2,batter,24.4,414.0,102.27553285441522,0.03424392074107678,0.2713016656027927,0.270145983365673,0.31016791063943844,0.013534617038553935,0.21742766707384142,0.25,0.6011627744296169,0.4132909594283759,221.33561025839683,192.66438974160317,0.41583507884232535,0.41074684001442646,MLB-P4,synthetic,True
H-0111,Hitter 111,2023,MLB,MLB-T6,batter,24.4,563.0,144.54538448187412,0.07346065922524052,0.14123381034124438,0.18062012341960793,0.31095171850447445,0.053787151088455,0.25226017690263763,0.293233553040673,0.5117152952700553,0.4280050667946282,265.92121853131613,297.07878146868387,0.4537955434951224,0.40221459009413396,MLB-P1,synthetic,True
H-0113,Hitter 113,2023,MLB,MLB-T3,batter,26.2,592.0,159.52791416201495,0.12130343992597976,0.2209885900031793,0.07957397529877393,0.32198709969480843,0.006487079998579981,0.21274654372905694,0.3118995734823227,0.4117726852682547,0.3672119512544164,310.6744283678263,281.3255716321737,0.3740611964974698,0.36036270601136305,MLB-P2,synthetic,True
H-0114,Hitter 114,2023,MLB,MLB-T3,batter,31.7,475.0,113.49627417747223,0.02,0.16652507530837907,0.03025001983983759,0.31834992859558947,0.010509177777863414,0.26054606085655957,0.253072715770892,0.3620850126993965,0.27151824592044405,249.81033121215728,225.18966878784272,0.24918581750026858,0.2938506743406195,MLB-P3,synthetic,True
H-0115,Hitter 115,2023,MLB,MLB-T2,batter,24.6,495.0,126.21615833329162,0.08196679177676569,0.2462248348256673,0.12058936056005684,0.24539766993958567,0.03303514061203437,0.16981548056947124,0.25,0.44512912755401535,0.35932171358145315,224.19820771163668,270.80179228836334,0.3770724118519964,0.3415710153109099,MLB-P2,synthetic,True
H-0116,Hitter 116,2023,MLB,MLB-T7,batter,28.5,323.0,78.39308662471875,0.13153490323518352,0.21449046736463112,0.15652059074640287,0.286897937943654,0.05636528181608377,0.19607876491479104,0.3003964786133242,0.48521038454076826,0.4493037890899043,170.00494895020648,152.99505104979352,0.4342013694500498,0.46440620872975885,MLB-P5,synthetic,True
H-0118,Hitter 118,2023,MLB,MLB-T5,batter,34.3,205.0,57.23153437660691,0.02,0.2836140433023063,0.057267836918569404,0.3268227759032159,0.005,0.22834479146795697,0.25,0.389950114508891,0.28438528187133877,108.18667937419788,96.81332062580212,0.3019171220959693,0.2668534416467082,MLB-P3,synthetic,True
H-0119,Hitter 119,2023,MLB,MLB-T4,batter,28.9,190.0,54.23806382807859,0.03376578978348582,0.1664848526286865,0.026300338134585113,0.2767912641905167,0.023674295117779912,0.22491477998995538,0.25,0.35397946455363677,0.2762850468951446,92.91955229605273,97.08044770394727,0.29049813845265937,0.26207195533762984,MLB-P2,synthetic,True
H-0120,Hitter 120,2023,MLB,MLB-T3,batter,31.1,448.0,107.51323612219252,0.06865131504962188,0.24879940283865506,0.05937381458098856,0.28463940753391614,0.027858866739229715,0.1984592532838651,0.25,0.38783775533438014,0.3254082912564564,206.056785513151,241.943214486849,0.3152268481620623,0.33558973435085043,MLB-P5,synthetic,True
H-0001,Hitter 1,2024,MLB,MLB-T4,batter,34.6,536.0,138.78686367410742,0.02,0.24446363265458992,0.044512371350026336,0.33744635461167244,0.005,0.2489540658450206,0.25,0.37825700681119356,0.28108802835659985,268.97358066567915,267.02641933432085,0.2694059197449144,0.2927701369682853,MLB-P4,synthetic,True
H-0002,Hitter 2,2024,MLB,MLB-T1,batter,34.0,388.0,94.5856014978588,0.02,0.2822307555608696,0.02,0.28449805140027296,0.005,0.19926399036997333,0.25,0.3484498051400273,0.24907431799009555,200.46872345532117,187.53127654467883,0.26280810223884965,0.23534053374134142,MLB-P3,synthetic,True
H-0003,Hitter 3,2024,MLB,MLB-T4,batter,23.7,561.0,147.9962683401784,0.04067614939563031,0.28867665888501315,0.1594545579811312,0.25113110570041897,0.020698490981887165,0.17152514443864592,0.25,0.4845676685511731,0.34269784034540846,266.1899802845065,294.8100197154935,0.3733209221101626,0.3120747585806543,MLB-P4,synthetic,True
H-0004,Hitter 4,2024,MLB,MLB-T4,batter,33.6,521.0,136.22487102922398,0.02,0.297862062559042,0.02,0.3026294253513028,0.005,0.20718501201808007,0.25,0.3502629425351303,0.255420298872956,235.57424642989832,285.4257535701017,0.20887888692359488,0.30196171082231704,MLB-P3,synthetic,True
H-0005,Hitter 5,2024,MLB,MLB-T1,batter,31.1,367.0,98.05030059130274,0.031234087733198183,0.22643063945586026,0.1797868273551442,0.32421373495460903,0.012867334857034531,0.2426053916151392,0.25,0.5122082008506051,0.36580202506401227,196.5090772481281,170.4909227518719,0.34935951654341324,0.3822445335846113,MLB-P1,synthetic,True
H-0006,Hitter 6,2024,MLB,MLB-T6,batter,25.2,501.0,133.5407218897877,0.12488528004405126,0.21665390654320663,0.1287016782814883,0.27953123027950627,0.03970691295188303,0.19001639820689067,0.29053960518174865,0.4566548013094389,0.41177777134017635,248.5949529945207,252.4050470054793,0.405998102358735,0.4175574403216177,MLB-P5,synthetic,True
H-0007,Hitter 7,2024,MLB,MLB-T6,batter,32.9,248.0,68.87916979596243,0.02,0.210235594436961,0.02,0.34192345833050136,0.006332822788791569,0.26415043106815567,0.2568804568848532,0.35419234583305015,0.2703727509255879,126.63639311025351,121.36360688974649,0.24693550486515792,0.29380999698601784,MLB-P1,synthetic,True
H-0008,Hitter 8,2024,MLB,MLB-T1,batter,26.4,344.0,86.71062299975401,0.04879096920213487,0.24233276824856761,0.11770117550911573,0.2886279237012826,0.04706366932950282,0.21166103422015445,0.25,0.446563967879244,0.36226640066350957,185.71962077393516,158.28037922606484,0.3675490752890261,0.35698372603799305,MLB-P4,synthetic,True
H-0009,Hitter 9,2024,MLB,MLB-T6,batter,30.9,642.0,181.88026824313832,0.07001187072913312,0.2543102650882005,0.14513565407853857,0.32243013052714653,0.021994195467452893,0.22115803126283864,0.2660848824775818,0.4773786671312532,0.3814782408587983,332.37176691729496,309.62823308270504,0.3882862391738959,0.3746702425437007,MLB-P2,synthetic,True
H-0010,Hitter 10,2024,MLB,MLB-T5,batter,24.3,433.0,108.20330518490272,0.04684093236297966,0.20132430019219286,0.12644933800850253,0.2551611342364851,0.005600154005689481,0.19267903512049964,0.25,0.451965451432151,0.3166823241466525,196.67065493799007,236.32934506200993,0.32474907975016926,0.3086155685431357,MLB-P5,synthetic,True
H-0011,Hitter 11,2024,MLB,MLB-T4,batter,29.5,478.0,118.65304128160193,0.030880799296558736,0.2723444169579473,0.07560727062958661,0.3029187073026624,0.029858334555624175,0.2155448669566208,0.25,0.40589914135985283,0.31609460700985736,234.4637565704132,243.5362434295868,0.3352403603959762,0.2969488536237385,MLB-P4,synthetic,True
H-0012,Hitter 12,2024,MLB,MLB-T1,batter,27.8,624.0,149.09681755485377,0.1001164876917411,0.2534204964909277,0.1614865826646829,0.27322393848451404,0.0443298812359917,0.1832786534515867,0.25908274183131025,0.4888089765131343,0.4144244334317668,302.9003555935713,321.0996444064287,0.4331262875676491,0.39572257929588456,MLB-P2,synthetic,True
H-0013,Hitter 13,2024,MLB,MLB-T5,batter,30.8,328.0,87.29035425007157,0.02,0.1947045261168586,0.0882997498936091,0.30259378665273073,0.013381886013458286,0.2396328139855691,0.25,0.41855912855888217,0.30051638518205326,147.94509079295307,180.05490920704693,0.2954808081015606,0.30555196226254594,MLB-P2,synthetic,True
H-0014,Hitter 14,2024,MLB,MLB-T6,batter,24.9,648.0,162.8480474185821,0.07019270790111805,0.23465898070507518,0.238392221907763,0.278469900054665,0.038819298186042864,0.19940077552490892,0.25,0.5662392119132296,0.4326524509666235,313.2763181911842,334.7236818088158,0.4424784538932428,0.42282644804000424,MLB-P5,synthetic,True
H-0015,Hitter 15,2024,MLB,MLB-T6,batter,28.9,535.0,145.4008643258578,0.07778184811350852,0.19361638968237901,0.10066597968732845,0.28896486257673676,0.034646578289891164,0.21573729483196327,0.26726812539314015,0.4295624659450021,0.36213320487024653,277.26384900843436,257.73615099156564,0.38236479753125174,0.3419016122092413,MLB-P4,synthetic,True
H-0016,Hitter 16,2024,MLB,MLB-T1,batter,30.5,442.0,124.57787918162275,0.06234431784771046,0.24531604649887503,0.18519926711964743,0.32807572210592884,0.009038402875276755,0.22849558634084116,0.26677016116630514,0.5180068393302404,0.3884616847340276,224.00605743700032,217.99394256299968,0.3717971252607461,0.4051262442073091,MLB-P5,synthetic,True
H-0017,Hitter 17,2024,MLB,MLB-T2,batter,31.3,526.0,131.20208378753233,0.02,0.16855343077375115,0.06494212744817329,0.24543037603308887,0.015344129739327705,0.20145525607685727,0.25,0.3894851650514822,0.2694285184734714,282.0136061498149,243.9863938501851,0.29989445788280683,0.23896257906413593,MLB-P5,synthetic,True
H-0019,Hitter 19,2024,MLB,MLB-T6,batter,29.9,187.0,53.05428679571777,0.04611902990498443,0.24206626986472926,0.15736180525449306,0.2654667525824152,0.03221897985994922,0.19379598388955185,0.25,0.48390848051273455,0.36074275910125986,93.51742954031472,93.48257045968528,0.36421780868921627,0.35726770951330344,MLB-P3,synthetic,True
H-0020,Hitter 20,2024,MLB,MLB-T5,batter,30.4,263.0,66.22862645744354,0.033119978074850176,0.15272203896119496,0.12391011794318649,0.2906801738165904,0.015217823724278823,0.23894225756076887,0.25,0.4529781353248455,0.32676865170880526,132.61417368505985,130.38582631494015,0.3332194788188981,0.32031782459871244,MLB-P5,synthetic,True
H-0021,Hitter 21,2024,MLB,MLB-T1,batter,28.8,614.0,159.93855116859746,0.12638150084360128,0.21499329982741122,0.0997512390887707,0.3149617983086938,0.03857977231769317,0.21322874303973383,0.3130791003164731,0.4312474189196401,0.4082886565833115,305.67357293156164,308.32642706843836,0.4021325524320809,0.41444476073454206,MLB-P1,synthetic,True
H-0022,Hitter 22,2024,MLB,MLB-T4,batter,34.0,339.0,84.61421773352531,0.02,0.28174530575845524,0.10426875822702625,0.24142186824075365,0.005,0.16932395279166995,0.25,0.4284109450511016,0.28034547090912826,154.8812435984653,184.1187564015347,0.27239493124970265,0.28829601056855386,MLB-P2,synthetic,True
H-0024,Hitter 24,2024,MLB,MLB-T2,batter,29.8,481.0,120.76009847581413,0.08272277076190977,0.2558296474654196,0.2327793992791425,0.3858432668162298,0.01992806255704463,0.2582043051624192,0.31241635696288605,0.5713637259607656,0.4589150088238859,247.17685674461907,233.82314325538093,0.47203291954507137,0.44579709810270046,MLB-P5,synthetic,True
H-0025,Hitter 25,2024,MLB,MLB-T6,batter,23.2,192.0,47.5001336400873,0.02,0.2662017835505095,0.06037255491334241,0.2715671896645413,0.015566223067169802,0.19617910908882555,0.25,0.3875292738797965,0.2762630223453806,104.50879793759687,87.49120206240313,0.28157428057580663,0.27095176411495453,MLB-P2,synthetic,True
H-0026,Hitter 26,2024,MLB,MLB-T3,batter,31.0,280.0,70.8465358147815,0.0635893765153129,0.24610425513740056,0.1044655080457648,0.2665567798931921,0.005,0.18475584268641645,0.25,0.431121186035084,0.3197634659485069,129.2215369396857,150.7784630603143,0.3304357983544133,0.30909113354260054,MLB-P1,synthetic,True
H-0027,Hitter 27,2024,MLB,MLB-T6,batter,25.7,467.0,130.77641272373674,0.09204604580604825,0.33050691919672326,0.21087423241346667,0.3397417593617563,0.028325355402508873,0.20043167491856442,0.2686106302534175,0.5448484083496423,0.4448154955305131,247.90487499284814,219.09512500715186,0.43542835405990915,0.454202637001117,MLB-P4,synthetic,True
H-0028,Hitter 28,2024,MLB,MLB-T4,batter,26.7,573.0,158.37181912103097,0.05205340116640067,0.1694377194346513,0.27589435193593087,0.29022829047552834,0.04182274532354072,0.23221871298650706,0.25540417223557904,0.6049171809834837,0.44739964683886396,310.66969765152703,262.33030234847297,0.4654065722411168,0.4293927214366111,MLB-P4,synthetic,True
H-0030,Hitter 30,2024,MLB,MLB-T2,batter,33.6,183.0,45.92564069016331,0.02,0.2532263948957533,0.02,0.2893583294494478,0.005,0.21104799626091744,0.25,0.3489358329449448,0.25077541530730674,87.2719195945483,95.7280804054517,0.2614179021591801,0.24013292845543335,MLB-P5,synthetic,True
H-0032,Hitter 32,2024,MLB,MLB-T2,batter,24.4,298.0,79.9256480304022,0.06368360327129674,0.32484530359783215,0.15333861061778561,0.2467961776834965,0.005,0.15165872854864829,0.25,0.4780182283861352,0.33979342031891363,157.30149556129615,140.69850443870385,0.33988629996555364,0.3397005406722736,MLB-P1,synthetic,True
H-0035,Hitter 35,2024,MLB,MLB-T2,batter,29.9,214.0,50.9529070082896,0.06716124004721932,0.26533456524291477,0.037135608026154995,0.2834569904908165,0.016678266982372694,0.1917104702198105,0.25,0.3654813070752366,0.30165783940336,102.71111139239989,111.28888860760011,0.31538487795713976,0.2879308008495802,MLB-P1,synthetic,True
H-0036,Hitter 36,2024,MLB,MLB-T5,batter,24.4,247.0,59.68993305108093,0.054999142440805567,0.17513967804488736,0.2288856831619937,0.2467635028902659,0.029163390394801616,0.19434814995540248,0.25,0.5535620334510203,0.39700080281457495,116.32531107128786,130.67468892871216,0.4138565557422012,0.3801450498869487,MLB-P2,synthetic,True
H-0038,Hitter 38,2024,MLB,MLB-T5,batter,24.2,474.0,128.4649511175566,0.036631791067465,0.19789026694343315,0.10827638259756969,0.3157986963281823,0.02367313909763633,0.24528790701278377,0.2541950336007895,0.43985625223038793,0.3370296330786253,238.14350947232182,235.85649052767818,0.34348550207374323,0.3305737640835074,MLB-P4,synthetic,True
H-0040,Hitter 40,2024,MLB,MLB-T5,batter,32.5,637.0,157.09921069348016,0.02,0.25608687767138305,0.09186096729133406,0.3294643371843633,0.005,0.2392535570270607,0.25,0.4248074010097703,0.3043360500247609,290.60035253199175,346.39964746800825,0.3028676210296918,0.30580447901983,MLB-P5,synthetic,True
H-0041,Hitter 41,2024,MLB,MLB-T3,batter,30.7,598.0,155.5812242601236,0.02,0.2372802911347167,0.10132678854418561,0.27439057284574847,0.02097758924555884,0.20694192476620643,0.25,0.42876584582876043,0.304646264516317,273.2246590797172,324.7753409202828,0.3347033529489547,0.2745891760836793,MLB-P2,synthetic,True
H-0045,Hitter 45,2024,MLB,MLB-T7,batter,31.1,442.0,108.37157104161135,0.02,0.2390405273337985,0.10813271380435735,0.2887730087184519,0.02792603295539621,0.21815800120356593,0.25,0.43701001467620254,0.3196769753037113,207.07880260336177,234.92119739663823,0.3277981419662801,0.3115558086411425,MLB-P2,synthetic,True
H-0047,Hitter 47,2024,MLB,MLB-T1,batter,27.4,237.0,57.53483443410389,0.08618490568576702,0.33290637071010487,0.24267917725344343,0.29782466912387406,0.035238618901078156,0.1782947412337332,0.25,0.5724616441658308,0.449756372673757,122.65113125306205,114.34886874693795,0.4560419569193443,0.4434707884281697,MLB-P4,synthetic,True
H-0048,Hitter 48,2024,MLB,MLB-T4,batter,24.1,359.0,101.94514243267504,0.07664019871773806,0.19776135304528633,0.2189680934905343,0.30893311051828315,0.0260133911751265,0.2280633942773573,0.2783854457587176,0.5498614045423627,0.4256192312612235,195.12884923416294,163.87115076583706,0.4388376745370255,0.41240078798542146,MLB-P5,synthetic,True
H-0049,Hitter 49,2024,MLB,MLB-T4,batter,30.6,360.0,86.10798169797013,0.0639918557877517,0.26867282666819176,0.07672300228088766,0.3283766781576289,0.027976359177222986,0.22333380866896718,0.2612154751008971,0.40956067009665054,0.3471025109205852,197.88088297695435,162.11911702304565,0.3502892793156739,0.3439157425254965,MLB-P1,synthetic,True
H-0053,Hitter 53,2024,MLB,MLB-T3,batter,29.3,364.0,94.40116178407531,0.0633311579853274,0.3047347505365505,0.18928225641354254,0.35238880563124914,0.05064322563234067,0.23028298357849505,0.26374900774560694,0.5245211369766675,0.4373520366572214,197.69870755401146,166.30129244598854,0.46266873345967624,0.41203533985476654,MLB-P4,synthetic,True
H-0054,Hitter 54,2024,MLB,MLB-T1,batter,26.4,420.0,101.86659737378993,0.12105569154262322,0.2473723322688012,0.19070571341714632,0.3303742633933075,0.05384892190030144,0.21673246469820145,0.30884530531446386,0.523743139756477,0.4737221483571956,201.50540172552994,218.49459827447006,0.47380014543290633,0.4736441512814849,MLB-P4,synthetic,True
H-0055,Hitter 55,2024,MLB,MLB-T6,batter,24.0,360.0,92.72690491480941,0.06826852619285877,0.17816236771658703,0.17700726157293728,0.29991673041187406,0.03881636513104747,0.2318304372077348,0.2716757103871287,0.5069989346141247,0.40504754646221525,190.30884647338152,169.69115352661848,0.4181711973663507,0.39192389555807977,MLB-P2,synthetic,True
H-0056,Hitter 56,2024,MLB,MLB-T4,batter,32.5,492.0,136.25821683200107,0.037439616969825534,0.31134049817629533,0.02,0.32988136900850673,0.005,0.21557530714115977,0.25,0.3529881369008507,0.27716621103185524,224.882266574564,267.117733425436,0.2604015302926443,0.2939308917710662,MLB-P1,synthetic,True
H-0057,Hitter 57,2024,MLB,MLB-T6,batter,30.0,505.0,142.27149209501286,0.09798148626797851,0.2557836764292112,0.07368887609304792,0.27890432418875033,0.01190225209253469,0.18202302837904755,0.2601954077766291,0.4015793085119229,0.3374444625881051,263.32095261773014,241.67904738226986,0.33173498561108156,0.3431539395651287,MLB-P4,synthetic,True
H-0058,Hitter 58,2024,MLB,MLB-T3,batter,29.2,549.0,136.5373900040536,0.06840637282861853,0.25247904694458717,0.2159553800764517,0.3528058915284524,0.005,0.24034562492688485,0.2840424352628149,0.551235969229297,0.4146419820570397,297.1443514541501,251.85564854584987,0.42804533737741457,0.4012386267366649,MLB-P5,synthetic,True
H-0059,Hitter 59,2024,MLB,MLB-T5,batter,24.3,628.0,172.31122621454213,0.07365645988877999,0.26326178686706236,0.2552990230237099,0.24768090113582078,0.01973578500231469,0.16719305392058012,0.25,0.5800671131372919,0.41642450648480694,341.97336750251117,286.02663249748883,0.4019525813307934,0.43089643163882047,MLB-P3,synthetic,True
H-0060,Hitter 60,2024,MLB,MLB-T6,batter,31.0,244.0,66.84429543691836,0.02,0.33488255701923236,0.1033330352600556,0.3345327045342778,0.005,0.21656288294259393,0.25,0.43678630571348337,0.3124196159800278,131.6832773308304,112.3167226691696,0.3279711777856429,0.29686805417441275,MLB-P3,synthetic,True
H-0061,Hitter 61,2024,MLB,MLB-T3,batter,26.7,302.0,73.86510988223507,0.10070610458973764,0.2430994725761643,0.150844957780975,0.3049862636583785,0.043338278877512536,0.20663102708526462,0.2808233613180116,0.48134358414681283,0.41920864326254637,140.73827438660015,161.26172561339985,0.43034238132247143,0.4080749052026213,MLB-P2,synthetic,True
H-0062,Hitter 62,2024,MLB,MLB-T2,batter,31.7,272.0,68.35000877806678,0.02,0.28929471126511846,0.15281248545002796,0.3268820397337917,0.005,0.2265291536365756,0.25,0.48550068942340713,0.3369555809043425,148.52417232651746,123.47582767348254,0.35393678106412896,0.3199743807445561,MLB-P4,synthetic,True
H-0063,Hitter 63,2024,MLB,MLB-T1,batter,34.7,616.0,146.81179778470684,0.02,0.2890147496602277,0.02,0.31562008510614986,0.005,0.21883882351933318,0.25,0.351562008510615,0.25996702978715247,277.4565266868903,338.5434733131097,0.26421836750539135,0.2557156920689136,MLB-P3,synthetic,True
H-0064,Hitter 64,2024,MLB,MLB-T4,batter,24.4,502.0,141.88410908518242,0.0833225032565641,0.29209053538004814,0.19424077655581795,0.3704878230164586,0.02117911733992685,0.2345787312009755,0.2915841804965519,0.5312895588574638,0.43389012304698943,251.80890698481554,250.19109301518446,0.4440596432325755,0.42372060286140334,MLB-P1,synthetic,True
H-0065,Hitter 65,2024,MLB,MLB-T1,batter,26.4,354.0,99.22826503595341,0.12155387704588466,0.21850434878527406,0.19890469400822222,0.3260881497356584,0.005,0.2159491920719852,0.31523314991067136,0.5315135089817881,0.4331161480441219,183.9938589490588,170.0061410509412,0.4099902374401913,0.4562420586480525,MLB-P3,synthetic,True
H-0066,Hitter 66,2024,MLB,MLB-T5,batter,24.2,487.0,119.35850705571995,0.02,0.19515493718703583,0.16924365884828063,0.3058988776595051,0.04387803951062182,0.24666492977768278,0.25,0.49983354661423113,0.3736388551069408,235.2416326516967,251.7583673483033,0.35179566027690096,0.3954820499369806,MLB-P3,synthetic,True
H-0067,Hitter 67,2024,MLB,MLB-T3,batter,34.9,433.0,121.82882712196961,0.02,0.31822888743953703,0.02,0.30070530530469547,0.005,0.19974808444432202,0.25,0.35007053053046955,0.25474685685664344,235.5847604153027,197.4152395846973,0.23516399830909832,0.2743297154041886,MLB-P3,synthetic,True
H-0068,Hitter 68,2024,MLB,MLB-T3,batter,25.8,540.0,150.03920006493823,0.07002367668162775,0.23799675294888353,0.18043037871601053,0.3208195537114894,0.04640882012637022,0.22896189996236305,0.2698241959306945,0.5125123340871595,0.4223080638836997,250.18906509004512,289.8109349099549,0.41257133184816014,0.4320447959192392,MLB-P4,synthetic,True
H-0069,Hitter 69,2024,MLB,MLB-T3,batter,23.3,231.0,59.51715998236342,0.037627898171657445,0.2580779828825959,0.14367811053417046,0.3011074783554637,0.016010795571526133,0.21446984551206572,0.25,0.4737888583697168,0.3451598229527398,113.91640881267817,117.08359118732183,0.3896959058098558,0.30062374009562376,MLB-P5,synthetic,True
H-0070,Hitter 70,2024,MLB,MLB-T5,batter,33.1,263.0,63.67024453148812,0.02,0.30522936699089914,0.02,0.2749830220686775,0.005,0.18630046786803703,0.25,0.3474983022068677,0.24574405772403712,142.87481417928961,120.12518582071039,0.24561324759584163,0.24587486785223261,MLB-P5,synthetic,True
H-0071,Hitter 71,2024,MLB,MLB-T4,batter,33.0,413.0,111.78478921250323,0.02,0.30958489356388874,0.03436156446422954,0.32102736456539543,0.005,0.21597159478401387,0.25,0.3664643009207691,0.26975843805321464,221.92434145717277,191.07565854282723,0.2731264332746469,0.26639044283178237,MLB-P2,synthetic,True
H-0072,Hitter 72,2024,MLB,MLB-T5,batter,31.7,288.0,74.32411473167704,0.03587139150247831,0.3279777641508932,0.1032927534770848,0.31199371803870507,0.005,0.19922506716116617,0.25,0.4344921252809553,0.31561878977767827,147.23303424419643,140.76696575580357,0.297357900925808,0.33387967862954854,MLB-P3,synthetic,True
H-0074,Hitter 74,2024,MLB,MLB-T1,batter,24.0,192.0,48.17260348954921,0.03903411166321942,0.27206801593324387,0.15018084478428273,0.24812693863569887,0.03957924423751655,0.17687100674776335,0.25,0.4749935386478526,0.35238909113186856,103.85155289821994,88.14844710178006,0.3479948999041616,0.3567832823595755,MLB-P1,synthetic,True
H-0076,Hitter 76,2024,MLB,MLB-T6,batter,30.7,574.0,142.40117278875346,0.04827271227651294,0.2950841944282385,0.0810027848178872,0.29249499140574187,0.026570849405120955,0.1960504433408016,0.25,0.41025228395846136,0.32462944170001545,261.9589172266317,312.0410827733683,0.34499417869365673,0.3042647047063742,MLB-P3,synthetic,True
H-0078,Hitter 78,2024,MLB,MLB-T7,batter,30.5,428.0,120.01680136571142,0.020126311149106797,0.23418526105610002,0.17935306817953064,0.27689930796234735,0.041499919827818754,0.21270559758608187,0.25,0.5070429989757653,0.3669972909349751,225.9829613132996,202.0170386867004,0.38185069581589987,0.3521438860540503,MLB-P4,synthetic,True
H-0079,Hitter 79,2024,MLB,MLB-T7,batter,23.3,638.0,169.39168814092838,0.03965595787326322,0.20968629971989586,0.07807525825437438,0.2563648605331545,0.007933387759992007,0.1936322756042612,0.25,0.40371174430768986,0.287568312721787,348.6382131803763,289.3617868196237,0.2710588197348782,0.3040778057086958,MLB-P3,synthetic,True
H-0081,Hitter 81,2024,MLB,MLB-T1,batter,28.1,508.0,129.80226950932004,0.07374162954107501,0.23602144654899096,0.18546382951385398,0.29391158300771575,0.05091739964915235,0.21050623690411782,0.25632339380214547,0.5148549878146256,0.42231896064830987,258.92601502493284,249.07398497506716,0.41569506125959377,0.428942860037026,MLB-P4,synthetic,True
H-0082,Hitter 82,2024,MLB,MLB-T5,batter,34.0,246.0,68.06974622190948,0.02,0.4104660013729264,0.05137086747974967,0.351181361721437,0.005,0.2007597251845107,0.25,0.38648900365189337,0.2896674537163653,123.4891650386037,122.5108349613963,0.26945956903966345,0.3098753383930672,MLB-P2,synthetic,True
H-0083,Hitter 83,2024,MLB,MLB-T7,batter,28.8,320.0,76.54531336024131,0.07826546432320204,0.23537839620978596,0.12117760428690706,0.3072541298937843,0.024194524432023225,0.21451493709399713,0.26806264690947634,0.45190301727628546,0.3707475248356857,165.474419345082,154.525580654918,0.36288494936083,0.3786101003105414,MLB-P3,synthetic,True
H-0084,Hitter 84,2024,MLB,MLB-T5,batter,26.9,349.0,91.06799256418935,0.10468867476781722,0.2338736980473475,0.22580429649190312,0.28613369064851263,0.024936663421964902,0.19300008891348666,0.2750223052279899,0.5544176655567543,0.4400642242147666,187.41011278545503,161.58988721454497,0.4320614983149777,0.4480669501145555,MLB-P3,synthetic,True
H-0085,Hitter 85,2024,MLB,MLB-T3,batter,33.2,503.0,137.57982945284436,0.02,0.3088613643611128,0.02,0.3286533177479416,0.005,0.2213219392715472,0.25,0.3528653317747942,0.2645286612117796,239.6698538403193,263.3301461596807,0.23961305734121527,0.2894442650823439,MLB-P1,synthetic,True
H-0087,Hitter 87,2024,MLB,MLB-T7,batter,27.6,305.0,84.64115702683415,0.15116289351701626,0.2599652126018153,0.12801879885059356,0.32680474385645186,0.021767657672247802,0.1957112770949361,0.3243644091167053,0.46069927323623877,0.430196917084519,167.44962702780862,137.55037297219138,0.43772576658034335,0.4226680675886947,MLB-P1,synthetic,True
H-0088,Hitter 88,2024,MLB,MLB-T1,batter,24.9,416.0,111.68170945745437,0.0713622705306453,0.22405259893642682,0.18900532906768272,0.31758190054812374,0.026718938592286155,0.227771325641438,0.2727494068979809,0.5207635191224951,0.40910723028357804,213.02614815242939,202.97385184757061,0.4240412116761114,0.39417324889104466,MLB-P4,synthetic,True
H-0089,Hitter 89,2024,MLB,MLB-T4,batter,24.6,602.0,143.71813247687504,0.07261245007325992,0.31694989254709793,0.05023172507219935,0.27292427066794434,0.04636137521906652,0.17355745871144732,0.25,0.37752415213899376,0.33570489627193195,325.50171915702697,276.49828084297303,0.3682756421739604,0.3031341503699035,MLB-P5,synthetic,True
H-0092,Hitter 92,2024,MLB,MLB-T7,batter,33.0,217.0,58.006959515504754,0.02,0.33229727550292565,0.02,0.2713526730127611,0.005,0.17650586560992912,0.25,0.34713526730127614,0.2444734355544664,109.79957639291217,107.20042360708783,0.24042204283809787,0.24852482827083494,MLB-P4,synthetic,True
H-0093,Hitter 93,2024,MLB,MLB-T5,batter,27.3,549.0,131.17809279756983,0.0938409419870925,0.19032070274258078,0.12939364130782807,0.2782921600779383,0.03559985108728603,0.2045521798179107,0.2731319239264285,0.4572228573156219,0.38629728411610603,261.3520725427201,287.6479274572799,0.3917686135439805,0.38082595468823155,MLB-P2,synthetic,True
H-0094,Hitter 94,2024,MLB,MLB-T5,batter,33.1,520.0,139.69338196260873,0.02,0.30537723851878246,0.07011830683904095,0.30273910199123566,0.005,0.20498468899367134,0.25,0.4003922170381645,0.283023754458405,242.39055401660843,277.60944598339154,0.2846377312574995,0.28140977765931047,MLB-P2,synthetic,True
H-0095,Hitter 95,2024,MLB,MLB-T3,batter,28.9,210.0,57.98815077753615,0.0652387916660283,0.1955894487351239,0.15023934828765045,0.30816387216452484,0.010592207487648359,0.22937486275579347,0.2702462201354099,0.4810557355041029,0.36568913772089473,114.7875841952132,95.2124158047868,0.3767597993065803,0.35461847613520914,MLB-P4,synthetic,True
H-0096,Hitter 96,2024,MLB,MLB-T7,batter,25.0,632.0,158.1308456266768,0.05550890103784721,0.17606021374902203,0.1235541755649527,0.29782717328754643,0.038105801678260685,0.2345754686616129,0.2614825396067336,0.4533368928937073,0.36534575944829295,316.445246042438,315.554753957562,0.3318620374930235,0.3988294814035624,MLB-P1,synthetic,True
H-0097,Hitter 97,2024,MLB,MLB-T6,batter,26.6,462.0,127.74535491769922,0.10854409694894539,0.24879146477613281,0.1229585275243449,0.31629978574480333,0.049400764400060734,0.21068473879217126,0.29149125866789133,0.45458850609882523,0.41877367097338725,224.9820662798298,237.0179337201702,0.44605608655517665,0.39149125539159785,MLB-P3,synthetic,True
H-0099,Hitter 99,2024,MLB,MLB-T1,batter,34.5,510.0,134.7762650052993,0.02,0.3582842267378608,0.02,0.29007537479658096,0.005,0.1810944359459612,0.25,0.3490075374796581,0.2510263811788033,241.29446959174575,268.7055304082543,0.24416145289241947,0.2578913094651872,MLB-P2,synthetic,True
H-0100,Hitter 100,2024,MLB,MLB-T1,batter,29.5,501.0,126.18070441853085,0.07281740452177435,0.1838514159353564,0.17032775658219332,0.3490570228615519,0.005,0.26021496853139964,0.30633587620003405,0.5052334588683485,0.39132240728699147,259.6293641218497,241.37063587815032,0.3922197394989399,0.39042507507504304,MLB-P3,synthetic,True
H-0102,Hitter 102,2024,MLB,MLB-T1,batter,34.7,605.0,166.13827388082026,0.02,0.2032795830799351,0.02,0.29731754700005864,0.005,0.23168260906353652,0.25,0.3497317547000059,0.2535611414500205,279.7679731610868,325.2320268389132,0.24959641398913263,0.2575258689109084,MLB-P4,synthetic,True
H-0103,Hitter 103,2024,MLB,MLB-T4,batter,29.6,186.0,45.06044361251601,0.0604440379258874,0.12093774880442279,0.1559998392508468,0.26672489318006437,0.057009490870476937,0.22689727912018473,0.2569553078665393,0.48267232856885317,0.3927729925325387,94.10940074456528,91.89059925543472,0.39500642470413017,0.3905395603609473,MLB-P5,synthetic,True
H-0104,Hitter 104,2024,MLB,MLB-T4,batter,23.5,575.0,144.7613809193063,0.04146990432312607,0.2589071064905839,0.1678186202568363,0.3067990614039191,0.005,0.21539367641895804,0.25,0.4984985263972282,0.3532088456588199,277.3222108491213,297.6777891508787,0.322742333019755,0.38367535829788474,MLB-P1,synthetic,True
H-0105,Hitter 105,2024,MLB,MLB-T1,batter,31.8,459.0,130.74954846499526,0.02,0.2868753568724272,0.0586648190621613,0.33312972026303955,0.005,0.23165041847250745,0.25,0.39197779108846525,0.28736105257625255,234.95935549822747,224.04064450177253,0.2872356247386772,0.2874864804138279,MLB-P3,synthetic,True
H-0106,Hitter 106,2024,MLB,MLB-T7,batter,23.0,470.0,134.1528848442328,0.06940747244535422,0.24528490663030453,0.10117189558410339,0.34102609559871505,0.005,0.23445778224787234,0.27974447646843936,0.43527450514397487,0.34808890674255505,222.81265354680625,247.18734645319375,0.35537256219178665,0.34080525129332345,MLB-P4,synthetic,True
H-0107,Hitter 107,2024,MLB,MLB-T5,batter,31.0,518.0,132.22932186356852,0.04902049989638479,0.20992551654659916,0.12725349991891372,0.27220309245111945,0.005,0.2024671859974408,0.25,0.45447380916402563,0.3240748572407637,242.7951463201984,275.2048536798016,0.3191251124744434,0.32902460200708394,MLB-P1,synthetic,True
H-0109,Hitter 109,2024,MLB,MLB-T3,batter,27.0,561.0,143.4583094493536,0.06989240842824536,0.20080993220072038,0.146019605136928,0.30983665920507886,0.05185501883664243,0.23374140317110115,0.27325924373928967,0.47700327105743584,0.40434781639983797,267.12930036445937,293.87069963554063,0.4248375805267832,0.3838580522728927,MLB-P5,synthetic,True
H-0110,Hitter 110,2024,MLB,MLB-T1,batter,24.5,355.0,85.15307740753445,0.0293491899742199,0.2731964686005812,0.2450269686292343,0.3028210415846084,0.0171856191695359,0.2137816930035162,0.25,0.5753090727876952,0.396763687535228,194.67142973553322,160.32857026446678,0.39035336596171794,0.4031740091087381,MLB-P1,synthetic,True
H-0111,Hitter 111,2024,MLB,MLB-T5,batter,24.5,209.0,54.046913640409755,0.08517854496993939,0.1380507528959698,0.17713482096773955,0.3105490445729191,0.05288134796016035,0.2491576015940015,0.3022814044299191,0.5081897254250314,0.43333451177588034,104.87779116584639,104.12220883415361,0.42654634514252937,0.4401226784092313,MLB-P1,synthetic,True
H-0112,Hitter 112,2024,MLB,MLB-T7,batter,30.5,405.0,107.6258429656694,0.10104226684995893,0.16535645782943875,0.14152781277481463,0.31430373805545314,0.005,0.23132362307551294,0.3085585276179206,0.47295818658035993,0.38307619214052785,199.12043382313553,205.87956617686447,0.40594836851232874,0.36020401576872696,MLB-P4,synthetic,True
H-0113,Hitter 113,2024,MLB,MLB-T4,batter,26.3,644.0,167.1926115415286,0.10040915772005725,0.2358127484468944,0.10096567682067073,0.30526314371427854,0.025931836318574018,0.20651676309993383,0.2827734466069902,0.4314919911920986,0.3759982856421231,337.73335409479535,306.26664590520465,0.3489326439870792,0.40306392729716706,MLB-P2,synthetic,True
H-0114,Hitter 114,2024,MLB,MLB-T7,batter,31.8,580.0,154.22180788717574,0.030706754172006745,0.18920833422708533,0.02,0.3298080247080465,0.005,0.25802826379964644,0.2622571915916886,0.35298080247080466,0.272427536568221,269.39445499258215,310.60554500741785,0.27453429387821965,0.27032077925822234,MLB-P1,synthetic,True
H-0115,Hitter 115,2024,MLB,MLB-T3,batter,24.8,491.0,122.19780075582662,0.09108454305387395,0.24627943845687483,0.1134550625107013,0.23712391637422936,0.053347042144199754,0.16512890415642748,0.25,0.43716745414812425,0.37716517317935755,259.11221820310516,231.88778179689484,0.36789862126640493,0.38643172509231016,MLB-P2,synthetic,True
H-0116,Hitter 116,2024,MLB,MLB-T7,batter,28.6,219.0,59.02921123384639,0.14443322943255787,0.2275973673336596,0.17494174471716986,0.3152485633891446,0.037921741022200556,0.20365471337511848,0.3226030364321675,0.5064666010560843,0.46178778430341505,104.27410793068817,114.72589206931183,0.46331863946988194,0.46025692913694816,MLB-P1,synthetic,True
H-0117,Hitter 117,2024,MLB,MLB-T4,batter,24.1,387.0,96.15143030865528,0.10066939459240078,0.19010714941812343,0.10619376923306033,0.2552738884978911,0.042627302325830396,0.18744032477322098,0.26361100107431257,0.43172115808284944,0.376585582360373,194.54317351193197,192.45682648806803,0.3812385005211372,0.37193266419960874,MLB-P3,synthetic,True
H-0119,Hitter 119,2024,MLB,MLB-T5,batter,29.1,272.0,70.14585654813347,0.049261425782533355,0.1944487751876707,0.03606375626341757,0.28602200529927085,0.01545893328527513,0.21863436489867608,0.25,0.3646659567933446,0.28833880580414545,143.5640804370354,128.4359195629646,0.27074815948118736,0.30592945212710354,MLB-P1,synthetic,True
H-0120,Hitter 120,2024,MLB,MLB-T3,batter,31.3,421.0,105.15004116052582,0.06373375078679537,0.2542212974121471,0.04534649787399826,0.28766165430549234,0.017168938489667766,0.19877351991925216,0.25,0.37411266330454745,0.3056878230290791,225.5897317106031,195.4102682893969,0.29895454232134255,0.31242110373681564,MLB-P1,synthetic,True
H-0001,Hitter 1,2025,MLB,MLB-T1,batter,34.8,275.0,77.86145380738377,0.02,0.2532302604334055,0.02,0.3356936093460586,0.005,0.24472195703860508,0.25,0.3535693609346059,0.2669927632711205,143.53091186793333,131.46908813206667,0.278064997016116,0.255920529526125,MLB-P1,synthetic,True
H-0002,Hitter 2,2025,MLB,MLB-T1,batter,34.2,621.0,154.91049960106173,0.02,0.26450920573753867,0.02777673690089208,0.29753238481361366,0.005,0.2136316823290967,0.25,0.3575299753822534,0.2579135399802554,316.08280755779083,304.91719244220917,0.28895151192361024,0.22687556803690054,MLB-P5,synthetic,True
H-0003,Hitter 3,2025,MLB,MLB-T2,batter,23.8,444.0,110.83866721426024,0.0541492349018285,0.2641266617855157,0.158175570237111,0.2863047293115983,0.025671058112510237,0.1990314935809985,0.25,0.4868060431682708,0.36821163562200965,211.85435539491297,232.14564460508703,0.37789161635485985,0.35853165488915945,MLB-P2,synthetic,True
H-0004,Hitter 4,2025,MLB,MLB-T5,batter,33.8,247.0,60.13144478931968,0.02,0.3118904247585743,0.02,0.285733122116762,0.005,0.19165103484983625,0.25,0.3485733122116762,0.24950659274086673,134.68507353575313,112.31492646424687,0.2575676390254869,0.24144554645624655,MLB-P2,synthetic,True
H-0005,Hitter 5,2025,MLB,MLB-T4,batter,31.2,335.0,89.41649431835579,0.02506539990725399,0.2259151413020944,0.09223474979884505,0.30822115994749744,0.008456245757964696,0.23213208327539614,0.25,0.4230568657935948,0.30376291948823486,177.52299563724907,157.47700436275093,0.29183064707582096,0.31569519190064876,MLB-P1,synthetic,True
H-0006,Hitter 6,2025,MLB,MLB-T6,batter,25.3,551.0,137.13767428629433,0.1279530369992746,0.21294957366857914,0.12399206846620527,0.2956639109213255,0.0479659777693209,0.202066208473376,0.3033372176264547,0.4535584595583378,0.42441451237075783,288.8505898761316,262.1494101238684,0.40348663471164115,0.4453423900298745,MLB-P5,synthetic,True
H-0007,Hitter 7,2025,MLB,MLB-T1,batter,33.0,292.0,82.72500745832366,0.02,0.2358699109456699,0.02,0.3115142088767448,0.005,0.23255709599314128,0.25,0.3511514208876745,0.2585299731068607,155.06907049114048,136.93092950885952,0.2860513166937433,0.23100862951997816,MLB-P4,synthetic,True
H-0008,Hitter 8,2025,MLB,MLB-T3,batter,26.5,637.0,153.8772214239894,0.07131443738020903,0.24146972832274244,0.1480112079706948,0.2932469991886562,0.03656021582933453,0.20700801357693846,0.2526860204624935,0.47733590788956043,0.3868669145124592,298.5224909269659,338.4775090730341,0.38702939541964787,0.3867044336052705,MLB-P2,synthetic,True
H-0009,Hitter 9,2025,MLB,MLB-T5,batter,31.0,193.0,53.695034776015625,0.054217331081564624,0.2255235573075721,0.14622416621195655,0.30617924108954875,0.016612274607380323,0.22302022937195373,0.25269288044432664,0.4768420903209114,0.3604892047016557,95.63166379650679,97.36833620349321,0.3625324227996729,0.35844598660363847,MLB-P4,synthetic,True
H-0010,Hitter 10,2025,MLB,MLB-T6,batter,24.4,204.0,52.641115434067586,0.0319616732749434,0.21764858297606743,0.10039300599495246,0.28336246840063917,0.01977117946746068,0.21559796697135575,0.25,0.42872925283501634,0.31456025005062255,108.34412367835263,95.65587632164737,0.302660589353384,0.32645991074786107,MLB-P1,synthetic,True
H-0011,Hitter 11,2025,MLB,MLB-T6,batter,29.7,616.0,151.57687454684452,0.032981517373635805,0.277342133981468,0.07759019831994107,0.29472747536355787,0.024666327562445946,0.2069665181884341,0.25,0.4070629458562969,0.3111159824209593,292.3626557219471,323.6373442780529,0.31847219294866125,0.3037597718932573,MLB-P3,synthetic,True
H-0012,Hitter 12,2025,MLB,MLB-T6,batter,28.0,197.0,48.30361258876073,0.10190046699261515,0.2536934682567568,0.11383180425096606,0.2935837429691959,0.049282641039390875,0.19657954063744804,0.2721688970260006,0.44319017854788567,0.4010465062075323,99.07187373134376,97.92812626865624,0.41658382223655877,0.3855091901785058,MLB-P5,synthetic,True
H-0013,Hitter 13,2025,MLB,MLB-T2,batter,31.0,569.0,145.47994070901726,0.02,0.19232223629115278,0.05615372498787365,0.32719935648878073,0.02093072480256748,0.2608672661264418,0.25195489166545104,0.3888736606367517,0.29824197583671447,262.42937637890157,306.57062362109843,0.30625857062696926,0.2902253810464597,MLB-P3,synthetic,True
H-0014,Hitter 14,2025,MLB,MLB-T4,batter,25.1,460.0,116.75121932016167,0.04097823535046304,0.22538151418669977,0.20678811329360053,0.33741288850828444,0.03425876660882395,0.25267849102593076,0.2637639437816095,0.5405294021444289,0.4113456279826455,233.12087889260116,226.87912110739884,0.4036432453664195,0.41904801059887153,MLB-P2,synthetic,True
H-0015,Hitter 15,2025,MLB,MLB-T6,batter,29.1,559.0,157.1092709530237,0.0588929734141261,0.213227854471974,0.08905765858239743,0.29895027001824404,0.01621737472096096,0.22003228125225044,0.2547326809538218,0.41895268558422183,0.32943502536545716,292.3208932729332,266.6791067270668,0.3188278504196407,0.34004220031127363,MLB-P5,synthetic,True
H-0016,Hitter 16,2025,MLB,MLB-T2,batter,30.6,192.0,53.381399531985224,0.06809836736080377,0.26816224914952014,0.13143681007120167,0.29205717779555596,0.005,0.19459985113375702,0.25,0.46064252785075727,0.3466791149201681,89.45150174463933,102.54849825536067,0.3411043315294533,0.35225389831088294,MLB-P3,synthetic,True
H-0020,Hitter 20,2025,MLB,MLB-T4,batter,30.6,521.0,139.3862930475382,0.0336649277519809,0.18150884728606442,0.13132135307529264,0.3101139950734263,0.042632978622886675,0.24978054285478035,0.2527119642071935,0.46233275258263523,0.36270177265409476,256.33269756501574,264.66730243498426,0.3478606338737839,0.3775429114344056,MLB-P1,synthetic,True
H-0022,Hitter 22,2025,MLB,MLB-T4,batter,34.2,331.0,83.94481248866731,0.02,0.2983436710952374,0.06611951749261982,0.29645122698368526,0.005,0.2028278550850114,0.25,0.39576464019098834,0.27862366406523076,163.6445214709948,167.3554785290052,0.26294606464166753,0.294301263488794,MLB-P2,synthetic,True
H-0023,Hitter 23,2025,MLB,MLB-T1,batter,28.8,626.0,150.13059993374156,0.06694160236681904,0.18005889478474763,0.21454227462273565,0.29945626573336853,0.030081474834051852,0.2300026404471826,0.2698829796666864,0.5444879011960725,0.41674039305660354,285.5024127894793,340.4975872105207,0.4108454439809716,0.42263534213223547,MLB-P4,synthetic,True
H-0024,Hitter 24,2025,MLB,MLB-T7,batter,29.9,481.0,126.56516967354396,0.09132204212338041,0.2888926869962882,0.24895620367668636,0.3612260197675074,0.030013389554315758,0.22838457494377584,0.2928163519829461,0.5850788056534372,0.4742924990260556,233.7905603513415,247.2094396486585,0.48759714424961104,0.4609878538025001,MLB-P3,synthetic,True
H-0025,Hitter 25,2025,MLB,MLB-T3,batter,23.3,288.0,70.3399635238576,0.02,0.25606167404619695,0.09480036376294151,0.28078921022639136,0.005,0.20402407079718424,0.25,0.4228792847855806,0.28891642364885484,138.0973134907811,149.9026865092189,0.2873505906850177,0.29048225661269195,MLB-P3,synthetic,True
H-0026,Hitter 26,2025,MLB,MLB-T4,batter,31.1,217.0,52.32968206986073,0.06072419803896487,0.21281686268650615,0.10116227247813067,0.2532078629938425,0.005,0.18469511556647708,0.25,0.4264830587775149,0.3112689405380921,107.53993435462117,109.46006564537883,0.2747518442950491,0.3477860367811351,MLB-P1,synthetic,True
H-0027,Hitter 27,2025,MLB,MLB-T3,batter,25.8,473.0,123.41714620568119,0.0716411494155076,0.3409975807292646,0.17485148889953964,0.3385830239410561,0.029352931243748902,0.20327349458000402,0.2506246488196051,0.5087097912936452,0.4112388199843458,221.44030665030172,251.55969334969828,0.4398190190513551,0.3826586209173365,MLB-P3,synthetic,True
H-0028,Hitter 28,2025,MLB,MLB-T3,batter,26.9,596.0,155.6482333497642,0.056516812298615215,0.19848585436154043,0.2764987439796864,0.30834742598603204,0.056348221184187496,0.23817024327942699,0.2632630213902342,0.6073334865782896,0.47027107595873807,312.16070105805574,283.83929894194426,0.45228361265894457,0.4882585392585316,MLB-P5,synthetic,True
H-0029,Hitter 29,2025,MLB,MLB-T3,batter,25.0,270.0,75.50531596943298,0.08691916886172635,0.23102772986653758,0.12304260317027267,0.34027634512979543,0.018191132491824316,0.23481520635896225,0.2957970516983961,0.45707023768325217,0.38398558998492865,133.9945276847477,136.0054723152523,0.39837446598372833,0.369596713986129,MLB-P4,synthetic,True
H-0030,Hitter 30,2025,MLB,MLB-T1,batter,33.7,273.0,65.27099086695877,0.02,0.2149549674474058,0.02,0.31186304600944936,0.005,0.23933927418625037,0.25,0.35118630460094497,0.25865206610330727,138.5865169542431,134.4134830457569,0.2527527975342114,0.2645513346724031,MLB-P5,synthetic,True
H-0032,Hitter 32,2025,MLB,MLB-T4,batter,24.5,626.0,154.49783428115188,0.07018279069021503,0.2952712762096084,0.1949192882303611,0.2614200826304403,0.012922342908819806,0.167821401700181,0.25,0.5210612964934052,0.379460699548441,285.42782215499454,340.57217784500546,0.37570256568103483,0.3832188334158472,MLB-P3,synthetic,True
H-0033,Hitter 33,2025,MLB,MLB-T1,batter,26.8,406.0,104.35414902225989,0.12294144819868633,0.19541258984297136,0.1339977740407017,0.3512585363568168,0.027747156349236145,0.24359603636340715,0.33843201481860585,0.4691236276763834,0.42767071790066474,220.5370384068338,185.4629615931662,0.40341915393253847,0.451922281868791,MLB-P3,synthetic,True
H-0034,Hitter 34,2025,MLB,MLB-T3,batter,25.8,305.0,73.69404264515242,0.11660337796130847,0.1825940952493543,0.1741622346110016,0.2806106071599422,0.046393042268726835,0.20361157888188658,0.2935907382487283,0.5022232953269958,0.4373790441568008,155.8746360630319,149.1253639369681,0.44487467301742417,0.4298834152961774,MLB-P3,synthetic,True
H-0035,Hitter 35,2025,MLB,MLB-T7,batter,30.0,378.0,97.52313276731692,0.05473455208535344,0.286114989314018,0.06058133030875164,0.27633352827761176,0.008947012002802264,0.1834874236913379,0.25,0.3882146831365128,0.29640296382924697,198.7010846320691,179.2989153679309,0.2846835346022373,0.30812239305625666,MLB-P5,synthetic,True
H-0036,Hitter 36,2025,MLB,MLB-T4,batter,24.5,351.0,85.84446280521415,0.058288874781814354,0.20163081021911797,0.19329728263874713,0.2553554668675187,0.02826091298636734,0.19322269130400233,0.25,0.518832829325499,0.3819249528899431,183.42602530183476,167.57397469816524,0.40162733069764744,0.36222257508223876,MLB-P2,synthetic,True
H-0037,Hitter 37,2025,MLB,MLB-T1,batter,34.5,320.0,81.84627889750641,0.02,0.30306808264651675,0.02,0.3021580422006198,0.005,0.20529042285064028,0.25,0.350215804220062,0.25525531477021696,165.59797128316788,154.40202871683212,0.25782243751095385,0.25268819202948006,MLB-P1,synthetic,True
H-0038,Hitter 38,2025,MLB,MLB-T3,batter,24.3,522.0,126.25383105165098,0.06463272647866541,0.18577198186698965,0.13113091475120248,0.29682231925122904,0.040194473667165526,0.22852578401871895,0.2648796781504451,0.4608131466763254,0.3774277496866063,284.298247121922,237.70175287807803,0.3599007048037808,0.39495479456943183,MLB-P3,synthetic,True
H-0041,Hitter 41,2025,MLB,MLB-T2,batter,30.9,193.0,46.61923765457974,0.02,0.23036572283422346,0.11680517596923737,0.29567781580586533,0.005,0.22240022572558546,0.25,0.4463729575498239,0.30623008231513343,100.9890989567789,92.0109010432211,0.31220265314500495,0.3002575114852619,MLB-P1,synthetic,True
H-0042,Hitter 42,2025,MLB,MLB-T1,batter,32.8,290.0,70.15378385331297,0.02,0.1826695069016327,0.15533044718638198,0.2744449895436728,0.005,0.2195733588412329,0.25,0.48277494614074923,0.31998749229279555,132.6552001917289,157.3447998082711,0.3200802735774724,0.3198947110081187,MLB-P1,synthetic,True
H-0045,Hitter 45,2025,MLB,MLB-T6,batter,31.2,472.0,118.38243773232026,0.023824768118116547,0.24497868098129336,0.11096147113747104,0.2874784934279108,0.008968380401334106,0.21154853991278647,0.25,0.4397093204802621,0.3063951618692602,249.95418745736097,222.04581254263903,0.31845258329671444,0.29433774044180594,MLB-P1,synthetic,True
H-0046,Hitter 46,2025,MLB,MLB-T5,batter,23.6,261.0,71.09715769525461,0.04537586612900083,0.2324485187913844,0.13946198838400517,0.2983866521779864,0.005515900683876199,0.21631494917076582,0.25,0.46930065360180384,0.3378668387792872,137.78865272796747,123.21134727203253,0.3354518104054792,0.34028186715309516,MLB-P3,synthetic,True
H-0047,Hitter 47,2025,MLB,MLB-T3,batter,27.5,341.0,96.96772410140044,0.08307841208663916,0.31683874975390425,0.22712656581958623,0.3189135059677514,0.021354197816345337,0.19457765146096287,0.25531548169629914,0.5590179164163614,0.43391300478484357,159.4880951217431,181.5119048782569,0.44710304174642196,0.4207229678232652,MLB-P5,synthetic,True
H-0048,Hitter 48,2025,MLB,MLB-T5,batter,24.2,187.0,52.21601059619034,0.07134308755564533,0.14297990884559925,0.18227528394507517,0.2928183151705169,0.028221194400196103,0.23429379562203712,0.27839764237145226,0.5115571154621268,0.3980770527286005,86.76229109728025,100.23770890271975,0.40236325693046926,0.39379084852673174,MLB-P3,synthetic,True
H-0049,Hitter 49,2025,MLB,MLB-T4,batter,30.8,389.0,97.6001945464373,0.062244440566121495,0.2539701306983843,0.05336355670271689,0.28949389721170865,0.013545516889272885,0.19998353615460818,0.25,0.3823129464238878,0.3064348938072229,187.91384571744166,201.08615428255834,0.2845836157204478,0.32828617189399795,MLB-P3,synthetic,True
H-0050,Hitter 50,2025,MLB,MLB-T2,batter,28.6,381.0,98.73760857762376,0.07224423911059615,0.20381926679344914,0.13592628247440336,0.28144324827786393,0.04097598086250719,0.20989343557463025,0.2556165737113249,0.46407060730218974,0.380713942411848,173.01660124263068,207.98339875736932,0.4100895457477417,0.35133833907595435,MLB-P5,synthetic,True
H-0051,Hitter 51,2025,MLB,MLB-T4,batter,28.1,636.0,175.8959700369957,0.07292979370481428,0.22311932476230045,0.18335033314254287,0.27248504753037733,0.008032765879774155,0.19302100429550537,0.25,0.5105988378955806,0.37449279474919733,317.9670733368602,318.0329266631398,0.38204597648998645,0.3669396130084082,MLB-P2,synthetic,True
H-0052,Hitter 52,2025,MLB,MLB-T1,batter,31.3,216.0,52.24077559636373,0.08368748702533582,0.1641122255665825,0.1471781223693633,0.31200457504016227,0.005,0.23543993101784644,0.29490842494139763,0.4783785798733795,0.3732308094849417,118.40708281520514,97.59291718479486,0.37006413376365405,0.37639748520622934,MLB-P3,synthetic,True
H-0053,Hitter 53,2025,MLB,MLB-T4,batter,29.5,427.0,106.62415778305538,0.06911932942069893,0.30805575485459447,0.17598180223976798,0.3596936186476105,0.046205469696505005,0.2309569681753885,0.2707428623695204,0.511951164104529,0.43265121107987975,229.50912873800706,197.49087126199294,0.42028948526411924,0.44501293689564025,MLB-P1,synthetic,True
H-0054,Hitter 54,2025,MLB,MLB-T3,batter,26.5,383.0,106.9286472657277,0.13007391011967664,0.20108830951513398,0.23886336873326763,0.29266155012979217,0.03247094376069069,0.2006137431511494,0.30624270154801786,0.5681295237462468,0.4740819818171198,204.4039157069116,178.5960842930884,0.4607561480330605,0.48740781560117913,MLB-P2,synthetic,True
H-0055,Hitter 55,2025,MLB,MLB-T4,batter,24.2,405.0,105.89727246711853,0.08091858368897654,0.18571149690836775,0.18586983103826088,0.30112927463753525,0.045619058020860005,0.2276820105738384,0.279673820372615,0.5159827585020144,0.4253238139952384,208.32646829672964,196.67353170327036,0.41001917405838106,0.4406284539320957,MLB-P2,synthetic,True
H-0056,Hitter 56,2025,MLB,MLB-T6,batter,32.7,327.0,79.5047725693965,0.044734017595872366,0.2976969237764061,0.02,0.27988972429462877,0.005,0.18479682252399157,0.25,0.34798897242946286,0.2647752158202307,149.5156288200326,177.4843711799674,0.22734191329546052,0.30220851834500095,MLB-P1,synthetic,True
H-0057,Hitter 57,2025,MLB,MLB-T5,batter,30.1,499.0,133.7354093311261,0.1018739455345753,0.25114346436678175,0.08197188619728474,0.27744077075014184,0.027766724992893326,0.18366435720782456,0.2634233591475768,0.4097159632722989,0.3584906215388629,245.10818076354806,253.89181923645194,0.3804988526142065,0.3364823904635193,MLB-P2,synthetic,True
H-0058,Hitter 58,2025,MLB,MLB-T6,batter,29.3,581.0,145.58625816017792,0.03553043613768165,0.2487333176966137,0.1870405961342519,0.2940661513478727,0.005,0.21122380329012236,0.25,0.5164472112690391,0.3551667861419711,314.9586545453257,266.0413454546743,0.36829605311201774,0.3420375191719245,MLB-P4,synthetic,True
H-0059,Hitter 59,2025,MLB,MLB-T6,batter,24.5,251.0,63.872402079758736,0.06310353033260899,0.25264003410086266,0.2018296429360122,0.2390050404384684,0.019633508793180814,0.1664857633718375,0.25,0.525730146979859,0.3765006969149597,121.44094915913607,129.55905084086393,0.3937722911147873,0.3592291027151321,MLB-P3,synthetic,True
H-0060,Hitter 60,2025,MLB,MLB-T1,batter,31.1,347.0,96.86046762580368,0.02,0.3065386452276972,0.11681315187643049,0.3297859893791948,0.008721636415695403,0.22340636465459107,0.25,0.44979175081434997,0.3215218025888808,176.88591002230402,170.11408997769598,0.322605665861778,0.3204379393159836,MLB-P5,synthetic,True
H-0061,Hitter 61,2025,MLB,MLB-T3,batter,26.8,242.0,64.04617311635576,0.11819669869020896,0.2263044350239365,0.17465572216316777,0.31716291442710937,0.01607422164863777,0.21031106408218334,0.3053066364416079,0.5063720136058787,0.4242721558061508,119.27952812199473,122.72047187800527,0.4040582105267566,0.444486101085545,MLB-P2,synthetic,True
H-0062,Hitter 62,2025,MLB,MLB-T1,batter,31.8,621.0,151.0053027693884,0.02,0.25085757502665307,0.16069260276104458,0.26767276582730193,0.005,0.19592156957464177,0.25,0.48745987934377477,0.3205663995581302,330.9415205855784,290.0584794144216,0.3250546427142808,0.3160781564019796,MLB-P2,synthetic,True
H-0063,Hitter 63,2025,MLB,MLB-T5,batter,34.9,439.0,113.44799865545114,0.02,0.27977825672029827,0.02,0.31123133434691386,0.005,0.21868094749966374,0.25,0.35112313343469137,0.2584309670214199,209.45095837909898,229.54904162090102,0.27439806592242955,0.24246386812041024,MLB-P4,synthetic,True
H-0064,Hitter 64,2025,MLB,MLB-T4,batter,24.5,322.0,79.1986476848106,0.0889013796840535,0.2723593384041264,0.1776979040699493,0.34259141219947675,0.023497576746525105,0.2223512291294289,0.28584531303975863,0.5119570452898969,0.421019626358999,158.83477546901423,163.16522453098577,0.4044783884803433,0.43756086423765467,MLB-P1,synthetic,True
H-0065,Hitter 65,2025,MLB,MLB-T1,batter,26.6,587.0,161.41735082622918,0.10822039501385353,0.17936288764324967,0.1758814057196758,0.3420194918878819,0.008452144843839781,0.2449282254046263,0.3275147583240988,0.510083354908464,0.4198028021757336,299.7340795123996,287.2659204876004,0.40785448838439275,0.4317511159670745,MLB-P3,synthetic,True
H-0066,Hitter 66,2025,MLB,MLB-T3,batter,24.4,184.0,46.22551530780118,0.02,0.19024289353312973,0.16404225916273843,0.3292774375259743,0.018536843332268835,0.26282972278517946,0.25404427665680523,0.4969700029153359,0.35615350467263907,98.48560656490146,85.51439343509854,0.3605528375919044,0.35175417175337376,MLB-P3,synthetic,True
H-0067,Hitter 67,2025,MLB,MLB-T6,batter,35.0,382.0,93.38558523615532,0.02,0.3210352631562834,0.02,0.3210666065863336,0.005,0.21232157191846843,0.25,0.3521066606586334,0.26187331230521677,205.5384626198723,176.4615373801277,0.2674260273315526,0.25632059727888096,MLB-P3,synthetic,True
H-0068,Hitter 68,2025,MLB,MLB-T3,batter,25.9,292.0,81.34051458953006,0.05958297368838126,0.24319845265395026,0.1799122996892184,0.29088741870670315,0.05651381619890374,0.21128918359548413,0.25,0.5090010415598887,0.4133328775372965,131.48896518674908,160.51103481325092,0.44110513525073997,0.385560619823853,MLB-P2,synthetic,True
H-0070,Hitter 70,2025,MLB,MLB-T1,batter,33.2,584.0,144.0198601582526,0.02,0.2881470060315588,0.02,0.2710714693855989,0.005,0.18829160767385125,0.25,0.3471071469385599,0.2443750142849596,313.49444115367163,270.50555884632837,0.2485893852772022,0.24016064329271702,MLB-P5,synthetic,True
H-0073,Hitter 73,2025,MLB,MLB-T4,batter,23.7,643.0,169.71345526819863,0.03988033060314393,0.2131347349871486,0.1814726983028332,0.34046443496445145,0.005,0.2550718036207589,0.26876995386182695,0.5155191417992784,0.371388767726317,330.49019714553,312.50980285447,0.39466977754742755,0.3481077579052065,MLB-P4,synthetic,True
H-0074,Hitter 74,2025,MLB,MLB-T3,batter,24.2,411.0,102.51481297379165,0.034064968719141664,0.2576623073979481,0.12786085170187797,0.22451901328721552,0.043787678299082484,0.16558884484930184,0.25,0.4503127530305995,0.33215951165913166,189.96254295105538,221.03745704894462,0.3393659507096217,0.3249530726086416,MLB-P4,synthetic,True
H-0075,Hitter 75,2025,MLB,MLB-T4,batter,29.9,187.0,50.051182891879016,0.045698833950213846,0.1833011528613937,0.07542056291048822,0.3027571329637062,0.022319688118479057,0.23677370672566928,0.25578201210732154,0.40569627620685883,0.31952320920984656,96.79400423644012,90.20599576355988,0.2958354954800803,0.3432109229396128,MLB-P5,synthetic,True
H-0076,Hitter 76,2025,MLB,MLB-T6,batter,30.8,430.0,106.57039500186312,0.05873878773666004,0.28370815197616756,0.10163730891013327,0.26256500232020996,0.032724480688616296,0.17755909290325503,0.25,0.42789380914215425,0.33836745474806346,228.32094311410953,201.67905688589047,0.3088659938281822,0.3678689156679447,MLB-P3,synthetic,True
H-0077,Hitter 77,2025,MLB,MLB-T4,batter,24.5,330.0,91.36323574854087,0.09023732141646079,0.2603250668564213,0.1491166258234692,0.3285554735168724,0.054301098491474686,0.22152144681439118,0.2822759752530638,0.48197217317515645,0.42904567356766316,157.2143054560474,172.7856945439526,0.43037243479460385,0.42771891234072246,MLB-P5,synthetic,True
H-0078,Hitter 78,2025,MLB,MLB-T1,batter,30.7,643.0,159.23247344006575,0.055106806684083555,0.2466026265799778,0.1723885628207955,0.30745337014756885,0.011281643389680376,0.21638403459367225,0.25,0.5031338998355523,0.3711506328326574,293.23804220654586,349.76195779345414,0.38646937887077026,0.3558318867945446,MLB-P4,synthetic,True
H-0079,Hitter 79,2025,MLB,MLB-T6,batter,23.5,404.0,99.7792421735543,0.057553365086372564,0.1879703482227137,0.039844843042476506,0.24284704613675054,0.005,0.18397233760311255,0.25,0.3641295476561515,0.27169848538168556,221.48418345994557,182.51581654005443,0.27316322170062735,0.2702337490627438,MLB-P3,synthetic,True
H-0080,Hitter 80,2025,MLB,MLB-T1,batter,31.5,464.0,118.29924589467714,0.02,0.3660155913271014,0.14946433872799975,0.2859645747895617,0.021252757514461665,0.17876570398073519,0.25,0.4780607962069559,0.335420469239762,236.1272453720516,227.8727546279484,0.3347080110918356,0.33613292738768835,MLB-P3,synthetic,True
H-0081,Hitter 81,2025,MLB,MLB-T7,batter,28.2,269.0,70.7818202297208,0.06930164277333281,0.24183040594524347,0.19064898153907647,0.2640369938347017,0.045857551701162076,0.18876525576059117,0.25,0.5170526809225466,0.40705283416101645,141.36708208877874,127.63291791122126,0.3933002477051333,0.42080542061689963,MLB-P3,synthetic,True
H-0082,Hitter 82,2025,MLB,MLB-T4,batter,34.1,240.0,66.73995341162085,0.02,0.4348643573077647,0.047769386940529485,0.3222940441960453,0.005,0.17644397091869085,0.25,0.37999879136013404,0.2775760782859071,119.742089466707,120.257910533293,0.277429559088482,0.27772259748333217,MLB-P2,synthetic,True
H-0083,Hitter 83,2025,MLB,MLB-T1,batter,29.0,319.0,78.31259869328291,0.08897374350762517,0.22117391667362343,0.13556751174855658,0.3111922918219837,0.008141699938242285,0.2158979856376915,0.2821828010898848,0.46668674093075496,0.37308858399915606,171.311673894262,147.688326105738,0.3763553827529563,0.3698217852453558,MLB-P4,synthetic,True
H-0084,Hitter 84,2025,MLB,MLB-T5,batter,27.1,189.0,47.83743396031762,0.09240510788639361,0.25861627093559125,0.19449106681193873,0.2921517690069849,0.037902253960547146,0.1952855903189531,0.26304533488877757,0.5237062437126372,0.428018809983979,94.43032788758691,94.56967211241309,0.4222807118460721,0.43375690812188594,MLB-P2,synthetic,True
H-0085,Hitter 85,2025,MLB,MLB-T5,batter,33.3,297.0,80.77760590500296,0.02,0.3157074513008946,0.02,0.28868315363432834,0.005,0.19252006789424336,0.25,0.3488683153634328,0.25053910377201494,145.91918979533867,151.08081020466133,0.25123335715791706,0.24984485038611282,MLB-P5,synthetic,True
H-0086,Hitter 86,2025,MLB,MLB-T3,batter,34.6,443.0,109.72133635621219,0.02,0.3522273607120687,0.02,0.25920979927810284,0.005,0.1634748198221095,0.25,0.3459209799278103,0.24022342974733601,218.57704252445293,224.42295747554707,0.27655621895183774,0.2038906405428343,MLB-P4,synthetic,True
H-0087,Hitter 87,2025,MLB,MLB-T1,batter,27.7,509.0,145.31658692153906,0.1538555322515051,0.23950177458661623,0.16766215406109553,0.32432731471615506,0.01117266838217148,0.19842669592269424,0.33093124835033677,0.500094885532711,0.44348301900426473,229.68300033420186,279.3169996657981,0.4442666067772604,0.4426994312312691,MLB-P3,synthetic,True
H-0088,Hitter 88,2025,MLB,MLB-T5,batter,25.0,376.0,102.63050515235967,0.06392037051457639,0.23858750143219457,0.18566119126904898,0.3276610778798734,0.036600114796891826,0.23403103971018152,0.26960729075615936,0.5184272990570363,0.4144793951333387,180.95283633055578,195.04716366944422,0.41209673140140823,0.41686205886526917,MLB-P2,synthetic,True
H-0089,Hitter 89,2025,MLB,MLB-T7,batter,24.7,542.0,134.35922498604015,0.09308524560584748,0.2932600046965632,0.07455352277170091,0.274733511011799,0.04268919084025163,0.17499490255952313,0.25,0.4020268738728808,0.3607411100588848,271.1673431461332,270.8326568538668,0.3385125092124174,0.38296971090535226,MLB-P1,synthetic,True
H-0090,Hitter 90,2025,MLB,MLB-T4,batter,28.7,304.0,85.76367445797554,0.10637783871528113,0.2091426630867343,0.2079947640585208,0.3109640283366734,0.038091567501206874,0.21856223719869108,0.2979414905814402,0.5390911668921881,0.45198142800180513,161.91031800836336,142.08968199163664,0.45179719345221536,0.4521656625513949,MLB-P2,synthetic,True
H-0091,Hitter 91,2025,MLB,MLB-T1,batter,26.6,518.0,127.4016263798648,0.08686328493809004,0.1603768363851725,0.15116011100900756,0.29512048214169434,0.009928496538923682,0.22364413281284062,0.28680265743689193,0.48067215922317696,0.37617017614624143,278.1937507422669,239.8062492577331,0.3681553299294619,0.38418502236302093,MLB-P5,synthetic,True
H-0092,Hitter 92,2025,MLB,MLB-T2,batter,33.2,364.0,95.72679073675195,0.02,0.34397762234411344,0.02,0.28851606364683086,0.005,0.18425267279257446,0.25,0.3488516063646831,0.2504806222763908,174.78301365800417,189.21698634199583,0.2665690484213105,0.23439219613147103,MLB-P3,synthetic,True
H-0093,Hitter 93,2025,MLB,MLB-T7,batter,27.4,440.0,121.91579101476229,0.10108718113340864,0.2086330579966264,0.20266709130074184,0.2982980451018371,0.039676468870462236,0.21186057357144344,0.28640537405019534,0.5324968958109255,0.442341064777853,218.25979477550186,221.74020522449814,0.46176716333862444,0.4229149662170816,MLB-P1,synthetic,True
H-0094,Hitter 94,2025,MLB,MLB-T1,batter,33.3,526.0,141.36479458305183,0.02,0.30180187813765513,0.059334094258850445,0.27375719335856175,0.005,0.18641161438208337,0.25,0.38670981359470663,0.26694876951786434,246.60884734924397,279.391152650756,0.2633861933316355,0.2705113457040932,MLB-P2,synthetic,True
H-0095,Hitter 95,2025,MLB,MLB-T1,batter,29.0,416.0,99.47696879704704,0.06984550113387118,0.23873132557984109,0.10347546318355522,0.277451910012523,0.006648963930526932,0.19283402464477922,0.25,0.4312206541848075,0.32889559158652243,198.27015262201488,217.72984737798512,0.36081673364454014,0.2969744495285047,MLB-P2,synthetic,True
H-0096,Hitter 96,2025,MLB,MLB-T2,batter,25.2,217.0,54.297397936175415,0.07058594249502355,0.16223263839790716,0.15849792244540492,0.29232057164258235,0.032855733355833826,0.2291912709903211,0.272422562383275,0.48772997960966313,0.3884663771866434,108.12572413341643,108.87427586658357,0.387055131893072,0.3898776224802148,MLB-P1,synthetic,True
H-0097,Hitter 97,2025,MLB,MLB-T6,batter,26.7,221.0,60.94194386654449,0.08831860629645297,0.26452587430979646,0.18843941656039226,0.2692179058303297,0.059904579450020305,0.18321154059522787,0.25,0.5153612071434253,0.4336050920613665,101.87064084761211,119.12935915238789,0.410191886710664,0.457018297412069,MLB-P2,synthetic,True
H-0098,Hitter 98,2025,MLB,MLB-T5,batter,34.8,365.0,88.00874899228512,0.02,0.3103810238567453,0.02,0.2753624124919475,0.005,0.18513789672119446,0.25,0.34753624124919474,0.24587684437218163,183.4801999449155,181.5198000550845,0.24849653173638725,0.243257157007976,MLB-P3,synthetic,True
H-0099,Hitter 99,2025,MLB,MLB-T3,batter,34.6,548.0,140.72978471664877,0.02,0.3420569462597211,0.02,0.29493348283234194,0.005,0.18890076668832032,0.25,0.3494933482832342,0.2527267189913197,271.05621189174366,276.94378810825634,0.23085275841794584,0.2746006795646936,MLB-P2,synthetic,True
H-0100,Hitter 100,2025,MLB,MLB-T4,batter,29.7,348.0,83.15317401426887,0.06103673107057021,0.16978405257233214,0.19711287673647582,0.3423069851385468,0.005,0.2640454185824281,0.2980026077947555,0.5313435752503305,0.39544523875295223,179.64210114130194,168.35789885869806,0.40695601028838246,0.383934467217522,MLB-P3,synthetic,True
H-0101,Hitter 101,2025,MLB,MLB-T3,batter,32.0,636.0,175.81170877708774,0.021091962826086136,0.36497820381250606,0.02811438955010037,0.3028286567673282,0.023223352103236387,0.18939904960171022,0.25,0.3583972552268332,0.2771183349922931,329.3382779072517,306.6617220927483,0.3092813751505732,0.24495529483401304,MLB-P4,synthetic,True
H-0102,Hitter 102,2025,MLB,MLB-T5,batter,34.9,496.0,123.8170825995772,0.02,0.19985065719793976,0.02,0.28261786732773253,0.005,0.2212341434598504,0.25,0.34826178673277325,0.2484162535647064,241.5705770430631,254.4294229569369,0.2492385008908441,0.2475940062385687,MLB-P4,synthetic,True
H-0103,Hitter 103,2025,MLB,MLB-T7,batter,29.7,440.0,116.34966736923445,0.06984895961808685,0.1666799703396929,0.18784958513824698,0.29951325992277444,0.04131840302978796,0.23486746949954243,0.27565169775865367,0.5178009111305244,0.41422774725847683,230.2971803994017,209.7028196005983,0.42875216189788284,0.3997033326190708,MLB-P1,synthetic,True
H-0104,Hitter 104,2025,MLB,MLB-T2,batter,23.6,286.0,74.5151032366367,0.04907789383378363,0.2579486326078893,0.20041939884691173,0.2863633703835819,0.005,0.19919221947458055,0.25,0.5290557358852699,0.36931237468370365,154.0018695673195,131.9981304326805,0.36375091639478824,0.37487383297261906,MLB-P5,synthetic,True
H-0105,Hitter 105,2025,MLB,MLB-T4,batter,31.9,626.0,168.3119696275706,0.02,0.2722966984771479,0.02,0.309567781268792,0.005,0.21983214084902822,0.25,0.3509567781268792,0.2578487234440772,327.3284076932082,298.6715923067918,0.28346564005670744,0.232231806831447,MLB-P1,synthetic,True
H-0106,Hitter 106,2025,MLB,MLB-T7,batter,23.1,493.0,121.6418283639994,0.05443990321729952,0.27070575146731407,0.04313501163695378,0.33083056785961884,0.011494934557941462,0.22498668646691178,0.25537610487219803,0.37621806842291566,0.3079683285054482,245.00906533202428,247.99093466797572,0.31431915276913125,0.30161750424176514,MLB-P4,synthetic,True
H-0108,Hitter 108,2025,MLB,MLB-T4,batter,30.1,355.0,89.38135856357385,0.023347979961956113,0.12033392161438741,0.22947970742320214,0.36971728282177235,0.01477024158959587,0.3188111368187407,0.30828402048422726,0.5664514357053794,0.405251691474387,168.24313743269815,186.75686256730185,0.4047904147164387,0.4057129682323353,MLB-P3,synthetic,True
H-0109,Hitter 109,2025,MLB,MLB-T7,batter,27.2,502.0,131.82203579814617,0.08397157389570015,0.23142639594472625,0.14883391845228022,0.26393018866879103,0.04082942530678764,0.18681155677907177,0.25,0.4752269373191593,0.38976080568592997,243.50454883786085,258.49545116213915,0.3669070588732399,0.41261455249862006,MLB-P2,synthetic,True
H-0110,Hitter 110,2025,MLB,MLB-T7,batter,24.7,263.0,74.70400341196708,0.03064006536853622,0.2567677202261452,0.26936470088828435,0.3052059278859489,0.015561075453129057,0.21982152931984766,0.25,0.5998852936768791,0.41042567391442997,143.31823481944917,119.68176518055083,0.3892609223508215,0.43159042547803844,MLB-P4,synthetic,True
H-0111,Hitter 111,2025,MLB,MLB-T1,batter,24.7,354.0,86.96991182518678,0.10268348601967699,0.14352703043524695,0.15247568561092406,0.29151266964286404,0.06151475741314396,0.22896639830891244,0.30044875224692374,0.48162695257521043,0.4331327833466141,178.82339620065187,175.17660379934813,0.42517003380499907,0.4410955328882291,MLB-P2,synthetic,True
H-0112,Hitter 112,2025,MLB,MLB-T7,batter,30.7,630.0,177.2413539775439,0.07036008201296164,0.18126911844066387,0.12210098996000207,0.2921412316657656,0.012202970692472503,0.22046041272604253,0.2671270524229161,0.4513151131265786,0.3496397065933175,306.2959065282937,323.7040934717063,0.3279048823402414,0.3713745308463936,MLB-P4,synthetic,True
H-0113,Hitter 113,2025,MLB,MLB-T4,batter,26.5,425.0,111.40514707994114,0.10645752280034462,0.1955567496822407,0.05691460335087999,0.3244346086967869,0.017233851550954613,0.22903580411569777,0.3102631765450937,0.3893580642205587,0.35488587724295984,212.7372619046589,212.2627380953411,0.35614054627629926,0.3536312082096204,MLB-P2,synthetic,True
H-0114,Hitter 114,2025,MLB,MLB-T2,batter,32.0,587.0,151.02348621834923,0.02,0.18907309327272542,0.02,0.3104833361101165,0.005,0.2463196246199392,0.25,0.3510483336110117,0.2581691676385408,311.2558320103166,275.7441679896834,0.24244294051417822,0.27389539476290337,MLB-P5,synthetic,True
H-0115,Hitter 115,2025,MLB,MLB-T6,batter,24.9,453.0,127.73556777795282,0.10048565571762365,0.2412443637847158,0.11063369145032073,0.27857916918067543,0.04309297388657013,0.18984425034660318,0.2655279295548796,0.43849160836838824,0.3874748750111624,245.2400184791063,207.7599815208937,0.3662647691630414,0.4086849808592834,MLB-P5,synthetic,True
H-0116,Hitter 116,2025,MLB,MLB-T5,batter,28.8,344.0,96.49223045312482,0.14701098061010576,0.2493399193213845,0.1803065300467257,0.3090852353909584,0.04792798907131597,0.1937682225489129,0.31493210237949976,0.5112150535858215,0.47339130050379297,172.62687389578886,171.37312610421114,0.5,0.44363633819027504,MLB-P3,synthetic,True
H-0117,Hitter 117,2025,MLB,MLB-T4,batter,24.3,514.0,137.4448148553222,0.09852625469364674,0.2235922072412473,0.11468405101831121,0.29704996585920546,0.0378294806642056,0.20703910983845625,0.27975447365858963,0.4443890476042317,0.39005862699413085,256.8102017944444,257.1897982055556,0.40893011197491896,0.37118714201334274,MLB-P1,synthetic,True
H-0118,Hitter 118,2025,MLB,MLB-T5,batter,34.6,354.0,90.682033672727,0.02,0.28422321347370644,0.02,0.3051256423349773,0.005,0.2130493389106017,0.25,0.35051256423349775,0.2562939748172421,174.1941387446104,179.8058612553896,0.2506652376060445,0.2619227120284397,MLB-P4,synthetic,True
H-0119,Hitter 119,2025,MLB,MLB-T5,batter,29.2,460.0,126.39774997687172,0.05779949663332219,0.156184998470337,0.0637246673468632,0.2774353470386754,0.005,0.218818484378696,0.2540611325741486,0.39146820205073074,0.2971105861476367,234.3776895407376,225.6223104592624,0.2725992560149115,0.3216219162803619,MLB-P2,synthetic,True
H-0120,Hitter 120,2025,MLB,MLB-T4,batter,31.4,449.0,127.81690877114133,0.050947001987219874,0.23003095723215897,0.06481732953392322,0.3079288064140831,0.030489575403108395,0.2259810351134611,0.2502138409099152,0.3956102101753315,0.3265281327424383,224.73062443887923,224.26937556112077,0.3169982257544671,0.3360580397304095,MLB-P4,synthetic,True
H-0176,Hitter 176,2017,MLB,MLB-TX,batter,29.2,470.0,123.45071212215069,0.09152571816333259,0.20786082843717119,0.20072864751593647,0.30055099899227294,0.022195961138472314,0.2138994674974157,0.281038784157313,0.5307837474151638,0.4196379735200185,244.13529298782962,225.86470701217038,0.45666395957944333,0.457785148205941,MLB-P1,synthetic_transfer,True
H-0119,Hitter 119,2021,MLB,MLB-TX,batter,29.5,243.0,63.52488769641677,0.059615253491596736,0.22899801736847938,0.0729423869995796,0.26907254138977266,0.014724152190339877,0.19362325794918814,0.25,0.39984964113855687,0.3092761167516128,123.08506813100783,119.91493186899217,0.3205960867496852,0.343900811330785,MLB-P1,synthetic_transfer,True
H-0184,Hitter 184,2023,MLB,MLB-TX,batter,28.7,422.0,106.53762165834057,0.1052150906127722,0.23439782987137175,0.0835495505850016,0.2634113818170041,0.03611043822727337,0.17937003888345837,0.26177321644720286,0.40989068876670204,0.3642961942911889,213.50365745383772,208.49634254616228,0.37255847531068936,0.3931280719662023,MLB-P1,synthetic_transfer,True
H-0088,Hitter 88,2022,MLB,MLB-TX,batter,25.4,196.0,50.96280447564065,0.07319892944866385,0.2791627944791032,0.1797663799076061,0.28525958077706576,0.04121248992068922,0.19092689661565015,0.25,0.5082923379853126,0.40704285376384136,88.72726730514933,107.27273269485067,0.4641505233820386,0.4461147343456214,MLB-P1,synthetic_transfer,True
H-0075,Hitter 75,2017,MLB,MLB-TX,batter,29.6,191.0,54.437055510955254,0.06925315883897408,0.2135987821527296,0.10235380301408326,0.29101519179377017,0.017237521241662192,0.21128660812307867,0.2570840407821205,0.4314553221934603,0.3421408890903432,101.46697376399129,89.53302623600871,0.34227463225028354,0.37647926041482316,MLB-P1,synthetic_transfer,True
H-0110,Hitter 110,2021,MLB,MLB-TX,batter,24.9,496.0,124.21410683085413,0.031043000262365904,0.28436336331098716,0.22581724194173006,0.32318597100157864,0.015496385560180511,0.22357551696407463,0.25,0.5581358390418879,0.39299142010632265,270.4030500209839,225.59694997901607,0.4136455919124133,0.40769574409374204,MLB-P1,synthetic_transfer,True
H-0031,Hitter 31,2021,MLB,MLB-TX,batter,27.8,282.0,68.77628420564264,0.068363621204572,0.28452161947415106,0.20056135061200822,0.2846638475463442,0.023181507749607373,0.18768740335486234,0.25,0.5290277353666426,0.39865898129567207,139.72445958532063,142.27554041467937,0.415830162549054,0.47309677988508203,MLB-P1,synthetic_transfer,True
H-0137,Hitter 137,2024,MLB,MLB-TX,batter,35.6,328.0,85.43184331850857,0.018484326398619848,0.3674865978531398,0.06901156219157663,0.33997962930704306,0.01,0.21025737755663299,0.25,0.4030095251222809,0.29888825794186613,153.80425444050167,174.19574555949833,0.29148240943911874,0.3193689771527515,MLB-P1,synthetic_transfer,True
H-0116,Hitter 116,2019,MLB,MLB-TX,batter,28.7,412.0,98.28152979287285,0.14633464577639846,0.26705659194915,0.16703092609025752,0.330575734552582,0.0387672341538117,0.19973370760692952,0.32086140601187046,0.5000884995455157,0.46489327922495477,188.06075935667954,223.93924064332046,0.4894736419496561,0.4896220161396166,MLB-P1,synthetic_transfer,True
H-0019,Hitter 19,2020,MLB,MLB-TX,batter,30.1,302.0,78.76399002850727,0.06495846220743298,0.23489735590597993,0.14622951485219152,0.24722322482567174,0.03828550510950729,0.17883472825535984,0.25,0.4709518373347587,0.3668822400014501,163.9958935196713,138.0041064803287,0.3966449548876621,0.39945160788223905,MLB-P1,synthetic_transfer,True
H-0136,Hitter 136,2018,MLB,MLB-TX,batter,29.5,563.0,137.5152683386508,0.09642965054380685,0.29857146341370794,0.2198102632893396,0.2816284781671712,0.011185002016007733,0.17206266587138008,0.25,0.5479731111060566,0.41703286936271844,306.8128970334795,256.1871029665205,0.45504841566393955,0.47566203874079055,MLB-P1,synthetic_transfer,True
H-0163,Hitter 163,2019,MLB,MLB-TX,batter,30.7,579.0,147.6913605940332,0.06300841606454034,0.2781000872750137,0.1492906573800674,0.3283810145165971,0.01,0.21786745812971633,0.25773912838128504,0.48212875883172707,0.3701491078850243,302.32547420887465,276.67452579112535,0.3918752245405251,0.3977015929837226,MLB-P1,synthetic_transfer,True
H-0091,Hitter 91,2019,MLB,MLB-TX,batter,26.5,374.0,96.92574257254599,0.08570306256310309,0.19986358885935443,0.09545544133537553,0.3117786433247536,0.01,0.22424506016546697,0.28617361671202335,0.4266333056678509,0.35061516169229245,194.95630099334525,179.04369900665475,0.37829337867373564,0.37666975287389165,MLB-P1,synthetic_transfer,True
H-0162,Hitter 162,2023,MLB,MLB-TX,batter,31.1,180.0,46.20376571906924,0.0705289895798502,0.19482608671439214,0.09062388559189367,0.3204803138337361,0.01,0.2369392357055823,0.28242430171487426,0.42267191697526724,0.34038153962324424,97.15663405598626,82.84336594401374,0.37553770742329906,0.32718490664285393,MLB-P1,synthetic_transfer,True
H-0178,Hitter 178,2021,MLB,MLB-TX,batter,29.1,612.0,162.72803780147134,0.04928015606183073,0.2475273082474104,0.07096069310239306,0.3011218057974175,0.041653369762843596,0.21799461163489278,0.25,0.4010728736821348,0.33640515526525305,303.15264777007945,308.84735222992055,0.3779237054671979,0.3465729654389965,MLB-P1,synthetic_transfer,True
H-0016,Hitter 16,2018,MLB,MLB-TX,batter,30.4,311.0,76.10540814704216,0.10133358881443921,0.2572372679355744,0.14976974160100615,0.2810796784463426,0.01707834754292957,0.18285444946225865,0.2635970164121765,0.4778777094456404,0.38705527029551734,145.9523881496795,165.0476118503205,0.40295562194485346,0.4364606796726952,MLB-P1,synthetic_transfer,True
H-0069,Hitter 69,2019,MLB,MLB-TX,batter,23.4,632.0,151.35358071649483,0.028408455343848928,0.2927758581269981,0.12641478775406242,0.3078252268865143,0.019320630947986736,0.21185468736215948,0.25,0.45719731044271383,0.3345414492688966,346.323453300189,285.676546699811,0.3661561084267612,0.3580980596130267,MLB-P1,synthetic_transfer,True
H-0100,Hitter 100,2018,MLB,MLB-TX,batter,29.5,563.0,134.63755799284104,0.060280378885917835,0.20833654609927793,0.182476738449582,0.2960458931112839,0.02141244728020379,0.2197348227412654,0.25515103897022917,0.5120813277607104,0.3854457365085453,281.28680363845143,281.71319636154857,0.4404484541849864,0.4119012824270732,MLB-P1,synthetic_transfer,True
H-0201,Hitter 201,2023,MLB,MLB-TX,batter,29.2,590.0,167.01461336620235,0.04014709502693262,0.22456202392417626,0.1386370640495795,0.3019293460145075,0.035142607828188496,0.22727728601975103,0.25,0.4688299986510302,0.3616569698965688,308.699674817005,281.300325182995,0.39862279402208467,0.3844674423145026,MLB-P1,synthetic_transfer,True
H-0118,Hitter 118,2024,MLB,MLB-TX,batter,35.3,188.0,45.96080642230709,0.019249364998182642,0.30718352025206963,0.06913985682974305,0.32525099924505757,0.01,0.2205783771309658,0.25,0.4016649567542488,0.2943393264908567,92.99880928641454,95.00119071358546,0.30220590967419625,0.28996511392156965,MLB-P1,synthetic_transfer,True
H-0182,Hitter 182,2016,MLB,MLB-TX,batter,30.0,245.0,62.396514426555676,0.07440948294090803,0.16080387963939258,0.07630059894475805,0.29376712643542685,0.050374940265617556,0.23222541385084042,0.27661173847080606,0.4056773115883007,0.3622079079697077,122.72340738157254,122.27659261842746,0.3882362066129856,0.38876644782831576,MLB-P1,synthetic_transfer,True
H-0098,Hitter 98,2021,MLB,MLB-TX,batter,35.1,491.0,124.41611702813024,0.019304440624291527,0.31283108603463505,0.0479512631070226,0.2681685271087615,0.01,0.1806002321241444,0.25,0.3747681158178987,0.262745287633933,252.64343818708593,238.35656181291407,0.24979357921000267,0.28597650782825,MLB-P1,synthetic_transfer,True
H-0173,Hitter 173,2022,MLB,MLB-TX,batter,30.0,548.0,155.98123392911907,0.07103776614821193,0.3300521165408161,0.16629261598021491,0.3167967731704799,0.03203572970744315,0.19453815203938596,0.25,0.4979722932972629,0.40089840243923336,278.2973166126135,269.7026833873865,0.4180706402481752,0.43350188345413443,MLB-P1,synthetic_transfer,True
H-0208,Hitter 208,2023,MLB,MLB-TX,batter,29.6,329.0,78.65263836486733,0.04759870363665897,0.280859659888286,0.14879446982793978,0.31761403378804104,0.01,0.21479104801746451,0.25,0.4805558732067439,0.35532096277684255,156.19842126511483,172.80157873488517,0.39915048613539167,0.36778981978367126,MLB-P1,synthetic_transfer,True
H-0164,Hitter 164,2021,MLB,MLB-TX,batter,24.8,530.0,131.78377361632897,0.07636044467887561,0.20854680889721133,0.10610061062380481,0.29683507836423756,0.030438377040715184,0.21683036797854738,0.2673985949590717,0.4357841184602286,0.3630944638824324,263.8829520810094,266.1170479189906,0.36567340829219186,0.41979946642783417,MLB-P1,synthetic_transfer,True
H-0202,Hitter 202,2023,MLB,MLB-TX,batter,25.9,240.0,61.3814626475471,0.09985481568971759,0.23414425184896015,0.17691108143771433,0.3251419221600448,0.06199584279236838,0.22584419975971176,0.29474515669648843,0.5094252736537188,0.4567953970426924,113.40745711921969,126.59254288078031,0.4891328976814144,0.5,MLB-P1,synthetic_transfer,True
H-0013,Hitter 13,2019,MLB,MLB-TX,batter,30.9,309.0,82.34164943299342,0.02557863612372777,0.18065332588358174,0.10018262465867797,0.30743130093561194,0.017137498939236766,0.24659976540208658,0.25,0.43092575475223915,0.3160301932216596,149.355454736855,159.644545263145,0.35399259907720404,0.3326965825324756,MLB-P1,synthetic_transfer,True
H-0003,Hitter 3,2022,MLB,MLB-TX,batter,24.2,582.0,140.11450335969232,0.042171069717660284,0.3243538315328388,0.14409966804394236,0.24849254697549236,0.018866679067475613,0.16024384259393634,0.25,0.4689489227414916,0.33272696882868086,291.12575062799294,290.87424937200706,0.37562744542910376,0.34280083541447726,MLB-P1,synthetic_transfer,True
H-0210,Hitter 210,2024,MLB,MLB-TX,batter,28.9,360.0,99.67589416167363,0.11723290500844114,0.2843412526807342,0.08441348364985432,0.36292154894395273,0.030159809272536444,0.22170560501041453,0.3126963752660218,0.4207056385442496,0.40265681998899494,182.70782468828398,177.29217531171602,0.4209718696546404,0.4454561520105851,MLB-P1,synthetic_transfer,True
H-0064,Hitter 64,2020,MLB,MLB-TX,batter,24.6,364.0,87.35035106681559,0.06910787210195098,0.28807392125113546,0.15801693185819987,0.35601587726925155,0.018887467081440176,0.231686607826264,0.2750760110895941,0.49361851958512504,0.3968891004109098,189.95819379383468,174.04180620616532,0.4231813590045822,0.41975906768196003,MLB-P1,synthetic_transfer,True
H-0020,Hitter 20,2023,MLB,MLB-TX,batter,31.1,509.0,135.13926947820934,0.06443457755974104,0.1975930514566523,0.12160850626562418,0.3079761207789562,0.033385881132854824,0.23228575022750816,0.26898465881156297,0.4524061183435198,0.369827818030116,258.6224334412938,250.37756655870618,0.379438955242688,0.40906147552439176,MLB-P1,synthetic_transfer,True
H-0026,Hitter 26,2021,MLB,MLB-TX,batter,31.4,183.0,49.73919905158736,0.07434777033472212,0.2651437892940949,0.10780393945637425,0.2920382271180416,0.01,0.194393713922503,0.25,0.4370077621681784,0.3425489854266259,87.9519363173437,95.0480636826563,0.35955314375804037,0.3605721295243671,MLB-P1,synthetic_transfer,True
H-0108,Hitter 108,2024,MLB,MLB-TX,batter,30.8,477.0,130.9894496454739,0.04198507357308201,0.1412048133684519,0.1974613435965576,0.36957806968798024,0.024361646358517473,0.30552935183954644,0.31367266797027393,0.5344191505653556,0.40927109659272287,256.822736968847,220.17726303115302,0.45477964347118566,0.4290308317512242,MLB-P1,synthetic_transfer,True
H-0109,Hitter 109,2020,MLB,MLB-TX,batter,27.3,227.0,59.31180638299594,0.08851553544037512,0.22133235363091347,0.13778161752247478,0.2662891890120288,0.04032843101412991,0.18982931056626579,0.2539175767631068,0.4644105364236777,0.3872375685125507,112.74602999084973,114.25397000915027,0.3885724093942878,0.4390468457460697,MLB-P1,synthetic_transfer,True
H-0215,Hitter 215,2019,MLB,MLB-TX,batter,29.9,298.0,77.11285174761281,0.09685143235865022,0.31378803707313807,0.21881412779995058,0.2835598304523366,0.027372681708953125,0.17122487437956424,0.25,0.5471701108451842,0.4320251271374036,151.23533195513548,146.76466804486452,0.4606620223125916,0.46934789347500744,MLB-P1,synthetic_transfer,True
H-0051,Hitter 51,2016,MLB,MLB-TX,batter,27.6,286.0,75.80437548020208,0.07813993353099283,0.2513834327421074,0.14537281987857195,0.25014397767880814,0.012184590125138207,0.16954338061991478,0.25,0.47038721764645275,0.3531695277051168,151.99905204607805,134.00094795392195,0.39303815014891214,0.36948734124979216,MLB-P1,synthetic_transfer,True
H-0050,Hitter 50,2024,MLB,MLB-TX,batter,29.3,209.0,58.590838523912176,0.07031434861130324,0.23763667859477655,0.10515541323436631,0.27192278866825115,0.06182900244644633,0.1974582369440884,0.25,0.43234769210119145,0.37787459954250335,104.02943337297138,104.97056662702862,0.43147100313510767,0.38712810820838683,MLB-P1,synthetic_transfer,True
H-0145,Hitter 145,2017,MLB,MLB-TX,batter,24.3,333.0,89.7549167853773,0.0480229389856912,0.23334952534107217,0.15002781121570158,0.30169096475112195,0.011533252421925976,0.21853342239726894,0.25,0.48019690769081375,0.35210311830124574,177.85565437084853,155.14434562915147,0.3738561911986418,0.3655706148764607,MLB-P1,synthetic_transfer,True
H-0112,Hitter 112,2023,MLB,MLB-TX,batter,31.2,450.0,128.0745204563771,0.09799365127780005,0.19553456682379552,0.14774770272332605,0.3005883473637595,0.01,0.21385718537997173,0.28911511811977464,0.477806537459702,0.38406271396960523,216.8665128154807,233.1334871845193,0.4268898223933522,0.39459535158872977,MLB-P1,synthetic_transfer,True
H-0150,Hitter 150,2019,MLB,MLB-TX,batter,24.7,609.0,158.5425844686609,0.05442439628341165,0.2937817259305288,0.08393732691290705,0.274614623320573,0.01,0.18049213023087432,0.25,0.41139878924496437,0.30937772536268754,325.78174525298056,283.21825474701944,0.3175377202994172,0.32832990939352746,MLB-P1,synthetic_transfer,True
H-0066,Hitter 66,2018,MLB,MLB-TX,batter,24.2,285.0,73.18491146122587,0.018541310476792406,0.21927536318417304,0.12956901853886824,0.32355486981234016,0.022326551587167565,0.2499571096648378,0.25,0.4619245055201022,0.3375799783929021,146.83453064961768,138.16546935038232,0.3499227016033721,0.3703034467282142,MLB-P1,synthetic_transfer,True
H-0151,Hitter 151,2021,MLB,MLB-TX,batter,29.8,218.0,55.99666850485638,0.12009853593859166,0.23417300223629858,0.017264621698021003,0.26901230719271385,0.027412616467446575,0.17782079580569202,0.2764365489406092,0.34416585241729236,0.3323901794290775,105.36514512111047,112.63485487888953,0.33319988742184004,0.3397295385826805,MLB-P1,synthetic_transfer,True
H-0068,Hitter 68,2021,MLB,MLB-TX,batter,26.2,390.0,102.05583433448335,0.066170315290757,0.2675075663584087,0.15880153602053645,0.3239304581244574,0.03504503952063602,0.22109878498394006,0.26042814144101717,0.49119458183298215,0.39857626142695746,186.06979470028247,203.93020529971753,0.4353688356124987,0.43114125736380565,MLB-P1,synthetic_transfer,True
H-0062,Hitter 62,2021,MLB,MLB-TX,batter,32.1,569.0,151.81257867317987,0.03196426068666054,0.31323058143309984,0.18415224935224456,0.28025709057164633,0.01,0.1850137884388235,0.25,0.5121779584094092,0.3507487013244731,268.64186258258235,300.35813741741765,0.37370248171925247,0.37822521708623946,MLB-P1,synthetic_transfer,True
H-0124,Hitter 124,2019,MLB,MLB-TX,batter,28.5,539.0,141.24615817086234,0.06643232654597474,0.3180233350759148,0.19540887066742568,0.31649424633728895,0.01,0.19631624146216525,0.25,0.5270582953011546,0.39375049366731757,270.7672516124679,268.2327483875321,0.45758632944292144,0.3711628307118121,MLB-P1,synthetic_transfer,True
H-0022,Hitter 22,2022,MLB,MLB-TX,batter,34.6,515.0,143.41008612480815,0.018655370869901742,0.37873011022124287,0.09305539034833807,0.2613197300179421,0.01,0.15897506338615416,0.25,0.41918736335013224,0.2847011298067969,267.37439727988766,247.62560272011234,0.3187879865894623,0.2771435151998145,MLB-P1,synthetic_transfer,True
H-0037,Hitter 37,2018,MLB,MLB-TX,batter,34.3,646.0,158.23007269284378,0.01980977578683593,0.2919996857849386,0.053432918316653005,0.31802873172209034,0.01,0.220364364119471,0.25,0.38523579148886206,0.28356500422767594,296.0089251936295,349.9910748063705,0.27777684419448373,0.29684800213056034,MLB-P1,synthetic_transfer,True
H-0036,Hitter 36,2020,MLB,MLB-TX,batter,24.6,486.0,120.29692483428197,0.032200489040587234,0.28127241652320273,0.1332238736206267,0.2352915802809897,0.021937986397858683,0.1648247429152909,0.25,0.45675303164872566,0.31790971367617493,225.21885055478964,260.78114944521036,0.3305419357332995,0.36459573129670986,MLB-P1,synthetic_transfer,True
H-0143,Hitter 143,2020,MLB,MLB-TX,batter,33.8,647.0,161.3894659512987,0.03062193861123634,0.2943914758648786,0.1393153778306303,0.2845048953762954,0.013079105425024532,0.19399885370862946,0.25,0.4677658673682598,0.3294067230989376,353.2611514130607,293.7388485869393,0.3708971535722949,0.3488507152647229,MLB-P1,synthetic_transfer,True
H-0008,Hitter 8,2022,MLB,MLB-TX,batter,26.9,376.0,99.92754124333533,0.059805437979598655,0.2774124212875692,0.10085760495487936,0.321281723206579,0.030786216069335775,0.21755772069559,0.25145124743626934,0.4329857772755372,0.3574916868956075,173.96321290131345,202.03678709868655,0.3718295661171687,0.3849046456305099,MLB-P1,synthetic_transfer,True
H-0157,Hitter 157,2018,MLB,MLB-TX,batter,29.3,587.0,139.8137291808664,0.08565997251155648,0.18545473517412064,0.14294440895336274,0.3185815076400744,0.030709832923299252,0.23681585026066823,0.2946484103015125,0.4748025597173702,0.39772378298743444,266.3859139584033,320.6140860415967,0.43065040100366764,0.42936385116340164,MLB-P1,synthetic_transfer,True
H-0206,Hitter 206,2024,MLB,MLB-TX,batter,32.8,456.0,113.7749472834291,0.019139497738563778,0.17043377116091035,0.016158027603220944,0.2835714123078268,0.021279612345434046,0.2330057945620066,0.25,0.3445151688340036,0.26068620901739614,244.5331798185879,211.4668201814121,0.2628624074369348,0.2718137650216196,MLB-P1,synthetic_transfer,True
H-0132,Hitter 132,2019,MLB,MLB-TX,batter,25.1,608.0,171.75547275499397,0.07145494928753615,0.31127722516668793,0.13862754650457712,0.2893425553853231,0.01,0.18010185000055662,0.25,0.46756180204310943,0.3565335094636558,319.9795314766264,288.0204685233736,0.38605114147821484,0.36131165083478545,MLB-P1,synthetic_transfer,True
H-0117,Hitter 117,2018,MLB,MLB-TX,batter,24.1,555.0,137.4368075186385,0.0729434836388872,0.23568880013486027,0.12297029792220412,0.27401361031585336,0.024861900545105585,0.1931734490607477,0.25,0.45037165895378944,0.35697457650557696,280.11343223968396,274.88656776031604,0.38229881469139804,0.3830239612883912,MLB-P1,synthetic_transfer,True
H-0190,Hitter 190,2021,MLB,MLB-TX,batter,23.7,364.0,100.1148765327215,0.02110537898057692,0.3302058458246413,0.10618421783802955,0.26613251699576407,0.01,0.17413717648948662,0.25,0.43279746953760595,0.29532146604583753,194.82352346429838,169.17647653570162,0.310180371767569,0.30893640992598786,MLB-P1,synthetic_transfer,True
H-0174,Hitter 174,2016,MLB,MLB-TX,batter,26.4,614.0,158.72523723307933,0.019051009762543498,0.24104477569507482,0.03718030941883179,0.312533681374305,0.029295938633126687,0.23563937883026312,0.25,0.3684336775562623,0.2895380102649587,281.339578359347,332.660421640653,0.2938333489371855,0.30685905604752894,MLB-P1,synthetic_transfer,True
H-0189,Hitter 189,2024,MLB,MLB-TX,batter,30.2,254.0,60.763321221690866,0.05693507153099909,0.2527088466322451,0.1777381117791605,0.31739501156181954,0.02446128177666905,0.2227847688428499,0.25413909044971367,0.5094776129353424,0.39071391919587656,120.46922319070634,133.53077680929366,0.4092025743452882,0.44597619637095864,MLB-P1,synthetic_transfer,True
H-0183,Hitter 183,2017,MLB,MLB-TX,batter,25.9,565.0,150.79075623617598,0.06381956950548315,0.3284243800458238,0.1577376265414113,0.2783681426741857,0.02766327283223587,0.17332941388723677,0.25,0.48557444080882983,0.3737551887365917,288.0602694815139,276.9397305184861,0.4280094491594734,0.41483168019377153,MLB-P1,synthetic_transfer,True
H-0039,Hitter 39,2024,MLB,MLB-TX,batter,33.4,366.0,104.3933889707804,0.018717476201606957,0.27666165184460095,0.20680868423831203,0.3649503003970033,0.01,0.25865159888553485,0.2501539151985883,0.5433037142780124,0.38357961481114766,190.61893037273578,175.38106962726422,0.4409104444461364,0.39334040873287196,MLB-P1,synthetic_transfer,True
H-0130,Hitter 130,2023,MLB,MLB-TX,batter,27.8,326.0,92.11232234775241,0.14780672636765269,0.2945211787149086,0.17017107355498218,0.3094328997848984,0.033757379861320824,0.17762570043862025,0.3031126104811326,0.501114363533472,0.4557419557125002,170.13635545757464,155.86364454242536,0.48399164883984747,0.48922748003411676,MLB-P1,synthetic_transfer,True
H-0067,Hitter 67,2023,MLB,MLB-TX,batter,35.6,412.0,101.87519186564327,0.019307747561226534,0.33551590122116187,0.016407403489280378,0.3083521294901011,0.01,0.2004415017946039,0.25,0.34724261643829046,0.25946274053349816,215.69026883672146,196.30973116327854,0.2711580076234889,0.25624656306032273,MLB-P1,synthetic_transfer,True
H-0025,Hitter 25,2023,MLB,MLB-TX,batter,23.9,235.0,57.232913085834525,0.018460341772324668,0.2821193546333494,0.08599369905048197,0.2773004597952587,0.01,0.19544957177684602,0.25,0.41372374503000786,0.2862739346467329,117.20409285796453,117.79590714203547,0.2976026073780999,0.2982414240519922,MLB-P1,synthetic_transfer,True
H-0076,Hitter 76,2017,MLB,MLB-TX,batter,30.5,243.0,60.06433993712022,0.08099425525615798,0.34213058381588335,0.10632219200256157,0.2930526796762248,0.02932385241933387,0.17345338961149176,0.25,0.43562745997018404,0.3641330893447986,132.4792939673225,110.52070603267751,0.41382500793932553,0.37373722994307634,MLB-P1,synthetic_transfer,True
H-0082,Hitter 82,2021,MLB,MLB-TX,batter,34.4,532.0,139.3291924802139,0.019348960636242005,0.48345042021961926,0.03320902228172934,0.3638660951971852,0.01,0.1824144478176006,0.25,0.36959563180144783,0.28816236801933537,283.39667009753566,248.60332990246434,0.3021171842870776,0.26271965066851805,MLB-P1,synthetic_transfer,True
H-0213,Hitter 213,2017,MLB,MLB-TX,batter,25.3,257.0,67.05837497631795,0.05735528656579962,0.3575368374240986,0.12720354783229484,0.346099656978606,0.03135335616120649,0.20720863860675795,0.25,0.4618135135301555,0.3794635523914198,118.68139925529125,138.31860074470876,0.4133967941786792,0.39974711719604744,MLB-P1,synthetic_transfer,True
H-0141,Hitter 141,2017,MLB,MLB-TX,batter,29.5,314.0,85.0728302088317,0.06558098257242123,0.27596581135596526,0.22370352937579538,0.2361131817083899,0.038013073928824914,0.16117144258098254,0.25,0.5473148475466343,0.4057950090912612,161.0756646755938,152.9243353244062,0.4464578381113222,0.4540969040263193,MLB-P1,synthetic_transfer,True
H-0034,Hitter 34,2021,MLB,MLB-TX,batter,26.1,641.0,176.93065463486732,0.09825119032229265,0.22153804107003258,0.12177831279703895,0.3467242116673005,0.024946823519627796,0.23958756604104875,0.31051217858408675,0.45645073396376895,0.39955952051519644,316.74465632947516,324.25534367052484,0.4340283111721207,0.39805663078287334,MLB-P1,synthetic_transfer,True
H-0007,Hitter 7,2023,MLB,MLB-TX,batter,33.6,195.0,52.021392500924165,0.01810568976869039,0.2277992821231616,0.022899776122671512,0.32922558143498115,0.01,0.24976737408613348,0.25,0.3558223342661696,0.26949781320779603,92.2960492198402,102.7039507801598,0.30369945136005205,0.2370340753965049,MLB-P1,synthetic_transfer,True
H-0042,Hitter 42,2023,MLB,MLB-TX,batter,33.4,356.0,95.38307702679629,0.018954708032062336,0.23545844201316043,0.20438113704648164,0.2724826981831897,0.01,0.2046595166055827,0.25,0.5316294068648006,0.3500468653621249,171.62939322192568,184.37060677807432,0.36563933952260524,0.36814622973651817,MLB-P1,synthetic_transfer,True
H-0063,Hitter 63,2023,MLB,MLB-TX,batter,35.4,328.0,82.46468229982233,0.01891979760189328,0.318126474217142,0.042380804250018125,0.32125790397496556,0.01,0.21447912514780576,0.25,0.3745065946475147,0.2779935670500732,172.94758247132847,155.05241752867153,0.29591944484918986,0.2742395192419581,MLB-P1,synthetic_transfer,True
H-0032,Hitter 32,2023,MLB,MLB-TX,batter,25.1,345.0,96.99220186485124,0.06348171039136347,0.3649606829693403,0.11456904805767523,0.269839614616408,0.011543342295910716,0.1559603856510108,0.25,0.44155300951931603,0.33228304688773824,189.4014526588256,155.5985473411744,0.3553903921731917,0.3444590064194356,MLB-P1,synthetic_transfer,True
H-0033,Hitter 33,2021,MLB,MLB-TX,batter,27.0,641.0,166.51531256557928,0.12144739078252918,0.21371553559881032,0.1486262858242638,0.3462147043832609,0.01078316447871338,0.2317938455777238,0.3286061245978543,0.48324775626258987,0.4176376253160989,336.8258845486451,304.1741154513549,0.4489477404364391,0.45190459594896676,MLB-P1,synthetic_transfer,True
H-0057,Hitter 57,2020,MLB,MLB-TX,batter,30.2,616.0,163.99650887044731,0.11176156416551666,0.31755443192573746,0.08934517796300917,0.2870674880756754,0.026615463840113526,0.16781714306306963,0.259203905303864,0.4180519267705767,0.37180048107810526,301.1187093076882,314.8812906923118,0.4015611577134333,0.40010963943894934,MLB-P1,synthetic_transfer,True
H-0149,Hitter 149,2022,MLB,MLB-TX,batter,34.0,226.0,55.93514144184449,0.018784786919308124,0.2095338334878573,0.07089114065660122,0.2847154931788828,0.01,0.22120964456773454,0.25,0.3993626899744895,0.2807899008172553,108.44908679818602,117.55091320181398,0.2847020262192549,0.29952102088101207,MLB-P1,synthetic_transfer,True
H-0104,Hitter 104,2018,MLB,MLB-TX,batter,23.4,407.0,104.30364512537656,0.018371305173924282,0.28602402808945343,0.09590786732024423,0.31725627990837446,0.01,0.22218494885576537,0.25,0.42763349531108164,0.3056489386158124,209.9003449385168,197.0996550614832,0.3343223806359954,0.3053579832622574,MLB-P1,synthetic_transfer,True
H-0196,Hitter 196,2016,MLB,MLB-TX,batter,25.2,329.0,88.29355494207438,0.0631295402961635,0.2688178863629154,0.21661497617847789,0.23996935121235732,0.01,0.1618121426003666,0.25,0.5406119112997135,0.3763181880298023,154.60397173910627,174.39602826089373,0.38639924006640275,0.4148557968564784,MLB-P1,synthetic_transfer,True
H-0199,Hitter 199,2019,MLB,MLB-TX,batter,26.2,433.0,116.73429374892426,0.046398247116227545,0.27079391093667393,0.08937002571359909,0.27692464191400695,0.02952965955055613,0.19351576605985954,0.25,0.4170624899049998,0.3251326053892417,214.95112065840888,218.04887934159112,0.33806176694932355,0.35985127433884256,MLB-P1,synthetic_transfer,True
H-0187,Hitter 187,2016,MLB,MLB-TX,batter,32.5,211.0,53.46339313691078,0.036655791362848245,0.34265682093910205,0.12528564149637214,0.2462519356118532,0.020124886722170034,0.155864203638835,0.25,0.44991083505755747,0.3188667322911001,103.85524904579133,107.14475095420867,0.35334129175226736,0.33911327166859806,MLB-P1,synthetic_transfer,True
H-0090,Hitter 90,2019,MLB,MLB-TX,batter,28.6,548.0,138.64401147144733,0.1123321110800468,0.23625452064047134,0.19780358589345962,0.3227878306859837,0.031538076781726494,0.2149990195440427,0.30157358830415215,0.530082368962058,0.4487844598410837,278.3665232423442,269.6334767576558,0.5,0.4939961375508539,MLB-P1,synthetic_transfer,True
H-0094,Hitter 94,2020,MLB,MLB-TX,batter,33.4,621.0,168.21419930188753,0.019516430680898117,0.34712570055155145,0.10394154437406414,0.317468398481615,0.01,0.2025711082633631,0.25,0.43568838422222567,0.3109432903509292,297.0308149918948,323.9691850081052,0.32551309070247975,0.3146844352246792,MLB-P1,synthetic_transfer,True
H-0044,Hitter 44,2016,MLB,MLB-TX,batter,23.9,273.0,66.96111103032128,0.019859017270226893,0.30189330695955624,0.09937411349828418,0.31907921707324244,0.01212524124017553,0.21823352355253353,0.25,0.4312820352056084,0.3111475176050079,144.761918846585,128.238081153415,0.3265788693570879,0.3110524355581361,MLB-P1,synthetic_transfer,True
H-0045,Hitter 45,2023,MLB,MLB-TX,batter,31.8,472.0,113.06180975014549,0.03421366738946951,0.2392566147726299,0.1485605537799618,0.2812646774100628,0.01017617264466135,0.20587357261320025,0.25,0.4766870215209681,0.33325906422532486,250.99675021847247,221.00324978152753,0.3499808907273662,0.37317005701083944,MLB-P1,synthetic_transfer,True
H-0128,Hitter 128,2016,MLB,MLB-TX,batter,29.8,270.0,74.51845614366302,0.06763856044033684,0.14200550879875268,0.1317018413137312,0.30137836504570387,0.019747007943193402,0.24115822940837775,0.2820151208355457,0.4618396778183016,0.36303773994565836,144.68626195559253,125.31373804440747,0.38542090960149006,0.39315328330988847,MLB-P1,synthetic_transfer,True
H-0024,Hitter 24,2020,MLB,MLB-TX,batter,30.0,501.0,136.32395058735582,0.07926524694168055,0.3325305718330328,0.24432480793503358,0.3645949560983124,0.04316520283654827,0.2209310580561594,0.27227589680929,0.5807843035448648,0.4763212344107476,238.66246960414895,262.33753039585105,0.4598199699665431,0.5,MLB-P1,synthetic_transfer,True
H-0101,Hitter 101,2016,MLB,MLB-TX,batter,31.5,603.0,161.32649927454412,0.06453831377250231,0.3550345162639893,0.05011966475877091,0.32335846226811665,0.040866844759228284,0.1938160638519191,0.25,0.38245551098558256,0.3426982573352219,289.24601878737917,313.75398121262083,0.39567265140856994,0.3382056818596412,MLB-P1,synthetic_transfer,True
H-0082,Hitter 82,2018,MLB,MLB-TX,batter,33.9,214.0,60.662551143112076,0.0174708019053137,0.4114951118678471,0.03907345689457378,0.28988892654922715,0.01,0.16703645827931723,0.25,0.3680623495494965,0.26418108691796466,108.45255537260587,105.54744462739413,0.2997428719203739,0.26410021363196695,MLB-P1,synthetic_transfer,True
H-0175,Hitter 175,2019,MLB,MLB-TX,batter,33.5,321.0,78.72536565653184,0.02406287963283604,0.2694880286046227,0.02874787336079864,0.3002626082837947,0.01,0.2136202469123385,0.25,0.3587741341891781,0.2667472589907526,158.12546077272538,162.87453922727462,0.2753791065726184,0.26959829929943163,MLB-P1,synthetic_transfer,True
H-0217,Hitter 217,2022,MLB,MLB-TX,batter,27.4,616.0,147.60406378725216,0.020732822854094998,0.1507363820074814,0.1299706867829087,0.2858427480265176,0.01610037578888275,0.2392445756752951,0.25,0.45855496158556047,0.3205321537477419,295.90294619645124,320.09705380354876,0.35196207421632497,0.3613645138389614,MLB-P1,synthetic_transfer,True
H-0135,Hitter 135,2024,MLB,MLB-TX,batter,24.0,385.0,93.68425704240752,0.021464713479971212,0.15490653897188925,0.08328347875275392,0.2912541805889766,0.01,0.24138531597665847,0.25,0.4124088968116516,0.29177017595613636,177.14340676624698,207.85659323375302,0.28893152135839006,0.3212369148819214,MLB-P1,synthetic_transfer,True
H-0158,Hitter 158,2018,MLB,MLB-TX,batter,34.3,199.0,54.75644616274998,0.018651080080537712,0.26099513223648707,0.022304755649135536,0.31284948865482826,0.01,0.22686231412718752,0.25,0.35358970451461835,0.26382069269259084,97.29043629111749,101.70956370888251,0.2586588761344938,0.27136282458065486,MLB-P1,synthetic_transfer,True
H-0028,Hitter 28,2022,MLB,MLB-TX,batter,27.3,200.0,50.110171240768835,0.05600059176860302,0.19451534737067724,0.16071808504923368,0.2427136475653354,0.029344100233416614,0.1863116252385976,0.25,0.4849894498057672,0.358954827873043,103.7651145685994,96.2348854314006,0.41533332624015423,0.3906827464646218,MLB-P1,synthetic_transfer,True
H-0376,NPB Hitter 26,2018,MLB,MLB-TX,batter,30.1,246.0,66.70630744733832,0.07723086833044336,0.18487051739024898,0.10636570515374581,0.2969918465402871,0.02196325529395743,0.22244436030842427,0.27446575314334093,0.4360648898077745,0.3562768217195327,117.85967414941489,128.1403258505851,0.38837151867761993,0.4118193372885857,MLB-P1,synthetic_transfer,True
H-0040,Hitter 40,2019,MLB,MLB-TX,batter,32.6,639.0,172.15169537574658,0.019107917630207968,0.23617112655566658,0.06720502425393947,0.33405980046301714,0.01,0.25028133389989415,0.25,0.4006110043002412,0.29625923584286823,298.69372031157326,340.30627968842674,0.32737679690931126,0.2969798438182431,MLB-P1,synthetic_transfer,True
H-0214,Hitter 214,2024,MLB,MLB-TX,batter,30.9,264.0,65.9293950256528,0.02520307359995324,0.22705931246282912,0.08773285538000812,0.2717790478646305,0.017310981021765814,0.20581606392169255,0.25,0.41491076016647116,0.2965977716511816,125.98300144790213,138.01699855209787,0.30064296890229375,0.3486953799291464,MLB-P1,synthetic_transfer,True
H-0165,Hitter 165,2018,MLB,MLB-TX,batter,31.6,269.0,66.18593165112323,0.036512176008735554,0.2081409210671604,0.07884288149314937,0.30711601519630743,0.01,0.23347913091692288,0.25,0.40955448301278014,0.30541271334605463,131.98975862352694,137.01024137647306,0.31845671528962116,0.31952628038098074,MLB-P1,synthetic_transfer,True
H-0094,Hitter 94,2023,MLB,MLB-TX,batter,33.8,227.0,60.80792236742043,0.017642679466916614,0.33438193000862537,0.04220558828645665,0.3013201168130767,0.01,0.19674802036482866,0.25,0.37233759996776433,0.27002499006896963,105.11942227811197,121.88057772188803,0.2803871123972485,0.27749329216192614,MLB-P1,synthetic_transfer,True
H-0079,Hitter 79,2021,MLB,MLB-TX,batter,23.7,633.0,168.45866529906485,0.03020169274781436,0.2333971261979075,0.027101628011075928,0.2127233831510084,0.01,0.1581497505902643,0.25,0.34837396632617673,0.23950026443241476,321.7693412279449,311.2306587720551,0.245980646928834,0.2457541578193461,MLB-P1,synthetic_transfer,True
H-0182,Hitter 182,2017,MLB,MLB-TX,batter,30.1,555.0,157.70518380752137,0.07419162500327994,0.13362711285544884,0.0864822091097886,0.3114036043775193,0.022738964068586522,0.25009894496141233,0.2962109153192919,0.4176225695475405,0.34895568170653934,253.0589121348759,301.94108786512413,0.3733657314651596,0.3701627106877625,MLB-P1,synthetic_transfer,True
H-0139,Hitter 139,2017,MLB,MLB-TX,batter,34.2,553.0,138.70125484362592,0.01810701095256197,0.2985479899038879,0.014635910925777184,0.27513226314950534,0.01,0.18951025612626174,0.25,0.3421491372407277,0.2460209507782977,266.5719704558493,286.4280295441507,0.23065149515420263,0.27244587661619696,MLB-P1,synthetic_transfer,True
H-0055,Hitter 55,2016,MLB,MLB-TX,batter,23.7,648.0,171.0923341349854,0.05074099948048627,0.19538724600015797,0.09589000335609826,0.2490149051085932,0.012231292349538035,0.18955999726811673,0.25,0.4207914938669576,0.3064215813847863,312.9761528900917,335.0238471099083,0.33093664918266086,0.3462670854896095,MLB-P1,synthetic_transfer,True
H-0374,NPB Hitter 24,2022,MLB,MLB-TX,batter,32.9,224.0,55.038568555901215,0.04040785229367768,0.23137692257284184,0.0581688428565108,0.2855170056640077,0.012317822265387721,0.2097655038988607,0.25,0.38672054342291157,0.2912953521979069,112.71615075052159,111.28384924947841,0.3244336880268156,0.31729676982351696,MLB-P1,synthetic_transfer,True
H-0147,Hitter 147,2021,MLB,MLB-TX,batter,29.6,499.0,136.66690335469704,0.06661486331685913,0.25496610572026107,0.0898584872308971,0.30660572860430935,0.01,0.20950716128740327,0.2538213084755221,0.42051906009132806,0.33236457731030306,234.46805925055395,264.53194074944605,0.33414880856637696,0.36339422704316804,MLB-P1,synthetic_transfer,True
H-0205,Hitter 205,2018,MLB,MLB-TX,batter,24.0,409.0,104.28494984739694,0.04041411833158768,0.30592446845425325,0.04947856481206074,0.24462157308830004,0.01,0.1613996831675689,0.25,0.37394072212089075,0.2701206440596498,213.79015802947302,195.20984197052698,0.2891555333144498,0.2840282713535088,MLB-P1,synthetic_transfer,True
H-0092,Hitter 92,2016,MLB,MLB-TX,batter,32.7,340.0,81.13300003918431,0.017399885494356376,0.32139031740446355,0.013806141352044388,0.24687391409342352,0.01,0.16473545064728673,0.25,0.3384935327613867,0.2351791675223721,168.7245687592344,171.2754312407656,0.2423321347934358,0.24841407346032013,MLB-P1,synthetic_transfer,True
H-0086,Hitter 86,2024,MLB,MLB-TX,batter,35.3,386.0,93.11332976071745,0.0190857309505382,0.31916451321960304,0.01495261686907226,0.23839747219948726,0.01,0.15925946901846624,0.25,0.338792364089021,0.23402306621318703,191.03608069800458,194.96391930199542,0.25218346248560114,0.22783193955786377,MLB-P1,synthetic_transfer,True
H-0185,Hitter 185,2022,MLB,MLB-TX,batter,35.4,575.0,146.83926251690278,0.019259867068582924,0.29928423448896335,0.014475135049653469,0.25091604120985167,0.01,0.1724882162962832,0.25,0.3395667391706386,0.23826384564876554,306.46464998187247,268.53535001812753,0.21846123892106845,0.278504143403011,MLB-P1,synthetic_transfer,True
H-0115,Hitter 115,2017,MLB,MLB-TX,batter,24.6,251.0,59.915075500706244,0.06474312924585582,0.24309281981282338,0.055952031280662215,0.24942217320016874,0.021521495782578077,0.17586928616420325,0.25,0.3808942486006791,0.30276091450084264,113.42816646654582,137.5718335334542,0.3306374260436391,0.33687151129176673,MLB-P1,synthetic_transfer,True
H-0070,Hitter 70,2017,MLB,MLB-TX,batter,32.9,320.0,85.63193027923437,0.01917666850178677,0.3063250766966385,0.014835585566812795,0.25642952162286786,0.01,0.17446126481422702,0.25,0.3404785377290996,0.24033357258100152,167.19080534785846,152.80919465214154,0.23998693632758172,0.24650788655596112,MLB-P1,synthetic_transfer,True
H-0131,Hitter 131,2021,MLB,MLB-TX,batter,27.1,418.0,112.5534368646072,0.07725758706560634,0.19488947695789932,0.08264173756570226,0.32055372471248683,0.03534867529522542,0.23861827096446828,0.28724195976877237,0.4146971100369509,0.363540878022134,222.11564232229912,195.88435767770088,0.41180300815570087,0.3992799774724796,MLB-P1,synthetic_transfer,True
H-0208,Hitter 208,2016,MLB,MLB-TX,batter,28.5,289.0,73.59048936114105,0.060611300129803286,0.27316961201577455,0.10253952003951414,0.2603515828835657,0.01,0.17495119407014414,0.25,0.42857467832787066,0.3189477001218431,139.8864418588586,149.1135581411414,0.3197702810454319,0.34769126073531165,MLB-P1,synthetic_transfer,True
H-0100,Hitter 100,2022,MLB,MLB-TX,batter,30.1,543.0,131.82165046455606,0.04693389578927779,0.17770328367661636,0.11897673674144708,0.3135925197225005,0.010917213625918689,0.24478556263432302,0.2657670783206695,0.4503359887136971,0.33787380642649234,281.86483168109936,261.13516831890064,0.36436652434888844,0.3821067789204044,MLB-P1,synthetic_transfer,True
H-0134,Hitter 134,2020,MLB,MLB-TX,batter,26.4,601.0,143.29732817534136,0.07414488069765267,0.19998855483909644,0.09117171490495377,0.280663021476783,0.014606096894995316,0.20591481770547737,0.25749639355175796,0.41923801705263203,0.3334234044084513,287.6369468977302,313.3630531022698,0.3868855896339477,0.3441235616168513,MLB-P1,synthetic_transfer,True
H-0181,Hitter 181,2022,MLB,MLB-TX,batter,24.8,342.0,95.01939419528455,0.018841483558515303,0.2800298709389114,0.15088829055592787,0.29485669273462123,0.015019081260420453,0.2089853357834565,0.25,0.48037395982938996,0.33289461388821684,171.9234790947043,170.0765209052957,0.39894388042426815,0.34681893120783575,MLB-P1,synthetic_transfer,True
H-0022,Hitter 22,2020,MLB,MLB-TX,batter,34.3,230.0,55.45009013858088,0.01919797614365325,0.2987947202704829,0.0437423877173054,0.23515400990555657,0.01,0.16187675222309214,0.25,0.367257788707861,0.24880080001202004,124.58384324868233,105.41615675131767,0.27324988146026785,0.2423162543897552,MLB-P1,synthetic_transfer,True
H-0155,Hitter 155,2021,MLB,MLB-TX,batter,33.5,631.0,150.81999512063695,0.017685896153288347,0.3121323353337137,0.052731948269363664,0.2552266758626529,0.01,0.17254826500132642,0.25,0.378254615855629,0.25971203540738036,317.3275463792535,313.6724536207465,0.2633246029161026,0.2745337752252851,MLB-P1,synthetic_transfer,True
H-0179,Hitter 179,2022,MLB,MLB-TX,batter,30.5,532.0,129.93994061905317,0.028009606297159158,0.28870398766928856,0.09225458313570711,0.28709607292406064,0.021186933242911096,0.19934688384106472,0.25,0.42096419042811317,0.30989861057469154,292.5483526289315,239.45164737106847,0.356797895432014,0.32518818392876225,MLB-P1,synthetic_transfer,True
H-0017,Hitter 17,2023,MLB,MLB-TX,batter,32.0,534.0,144.77702618370037,0.019108208645562452,0.1567613153798881,0.02281427492743233,0.256601318556497,0.01,0.2129729667976628,0.25,0.348474406783082,0.2447340587567554,277.79084027301604,256.20915972698396,0.2526963700459262,0.25796174685322976,MLB-P1,synthetic_transfer,True
H-0099,Hitter 99,2018,MLB,MLB-TX,batter,34.4,325.0,80.82180811275758,0.018503265377768523,0.30579351672929683,0.028837613188689108,0.2798767437276655,0.01,0.19061361635017982,0.25,0.35682528756145565,0.2557698333228999,159.13620933835458,165.86379066164542,0.2303959112248013,0.2980095064888698,MLB-P1,synthetic_transfer,True
H-0199,Hitter 199,2016,MLB,MLB-TX,batter,25.8,186.0,47.51770233432968,0.03729377942584226,0.23950719317050376,0.05638989107596834,0.25685213961750025,0.01903658782176419,0.18861070573118838,0.25,0.38207510503771835,0.28415126359558507,101.90744569930047,84.09255430069953,0.30494467040767403,0.31815580491332895,MLB-P1,synthetic_transfer,True
H-0008,Hitter 8,2019,MLB,MLB-TX,batter,26.5,537.0,129.54500930138826,0.04606404864291397,0.25567707443334264,0.0683419231715698,0.262761710884619,0.02439145298839947,0.18713441508911538,0.25,0.3946180942600317,0.30375179829357934,277.17182460717135,259.82817539282865,0.33741432977484836,0.3590867717317148,MLB-P1,synthetic_transfer,True
H-0215,Hitter 215,2023,MLB,MLB-TX,batter,30.5,592.0,150.0262398214822,0.07943038827421896,0.285983232096004,0.14505916399237698,0.30959726496975887,0.016805327681850807,0.19898700667271765,0.256249975042615,0.47601889048935286,0.3788676496408419,281.56394595859683,310.43605404140317,0.43198124896796186,0.44075879453933897,MLB-P1,synthetic_transfer,True
H-0194,Hitter 194,2016,MLB,MLB-TX,batter,24.7,463.0,131.0202146737483,0.052098301278102215,0.2781834491558233,0.08983846070485656,0.31364437133730366,0.01,0.21155335935827088,0.25,0.42120289783858694,0.3246554942503989,231.57591121842418,231.42408878157582,0.33987347346967695,0.3743588104478886,MLB-P1,synthetic_transfer,True
H-0157,Hitter 157,2021,MLB,MLB-TX,batter,29.7,325.0,90.5267933653007,0.07176541149107832,0.1979933629583235,0.08403491963637047,0.30475689471890305,0.019670629043431143,0.22549664265104108,0.27205685495615206,0.41451060910826076,0.3408234731344627,176.62864921648358,148.37135078351642,0.3786445052624332,0.4054241390316793,MLB-P1,synthetic_transfer,True
H-0117,Hitter 117,2016,MLB,MLB-TX,batter,23.8,308.0,81.32644949559864,0.058361706258262015,0.24032908527142482,0.03806724650445817,0.3003922645207924,0.01,0.21216786126168186,0.25,0.3681064729565374,0.2959274725405127,164.80141231671575,143.19858768328425,0.30087156386833785,0.34637428572481016,MLB-P1,synthetic_transfer,True
H-0019,Hitter 19,2017,MLB,MLB-TX,batter,29.7,210.0,59.63379787510411,0.055757502363052235,0.2344720921355375,0.13881047081260894,0.25814136535628307,0.02823495494031428,0.1874563448066639,0.25,0.46462460734823724,0.3511369479220534,106.30186967250417,103.69813032749583,0.43147121297845326,0.38540000035246114,MLB-P1,synthetic_transfer,True
H-0060,Hitter 60,2022,MLB,MLB-TX,batter,31.5,222.0,60.99153665952575,0.01698782142432622,0.2918335218220877,0.14757050944146521,0.28912793152107663,0.01,0.20133905533868054,0.25,0.47648330259357285,0.3232500312222111,118.31347468023972,103.68652531976028,0.3556036470608175,0.36830960536121304,MLB-P1,synthetic_transfer,True
H-0035,Hitter 35,2016,MLB,MLB-TX,batter,29.5,494.0,124.3798371962114,0.08099715155020062,0.24195257151656446,0.06395367559047181,0.2753604414323703,0.01617841778003311,0.18885962579524912,0.25,0.39148971973370883,0.32280925816325934,261.5159472780186,232.4840527219814,0.36209707438318867,0.3633246236659989,MLB-P1,synthetic_transfer,True
H-0054,Hitter 54,2018,MLB,MLB-TX,batter,26.3,455.0,128.97129904078258,0.1305656778252697,0.22195905932052687,0.10558814576869067,0.27054777391448037,0.017574465086071734,0.17780916079280853,0.2882213697521777,0.4326429231601387,0.37997819409800127,228.46706010835845,226.53293989164155,0.4307252218655526,0.42515959096295963,MLB-P1,synthetic_transfer,True
H-0099,Hitter 99,2019,MLB,MLB-TX,batter,34.6,571.0,149.65372509984692,0.01860093509697581,0.3388118368318683,0.013122682852494861,0.33452484896080037,0.01,0.21646139541464285,0.25,0.3465751677485749,0.2663218272730354,311.9367071748312,259.0632928251688,0.2559766955711467,0.27389984125517514,MLB-P1,synthetic_transfer,True
H-0188,Hitter 188,2023,MLB,MLB-TX,batter,29.5,233.0,59.719861000628434,0.050863519449525496,0.29169643389633987,0.12490942710458519,0.32167654987126565,0.016745275997158075,0.21399483735447966,0.25,0.4570770820917117,0.3519621893745749,119.13754007655162,113.86245992344838,0.4019276140583136,0.39282341715435326,MLB-P1,synthetic_transfer,True
H-0121,Hitter 121,2022,MLB,MLB-TX,batter,24.8,407.0,102.60124405523551,0.04847033029603013,0.2798403655365109,0.04326433358288405,0.30316655036280094,0.01,0.20513372926003867,0.25,0.37358098861916417,0.29283290730478767,204.82134341607494,202.17865658392506,0.31581837884410074,0.3234021840902061,MLB-P1,synthetic_transfer,True
H-0193,Hitter 193,2021,MLB,MLB-TX,batter,25.9,489.0,130.30219645053717,0.06707897203254766,0.20546638148426205,0.05446305635288747,0.28051632272497823,0.01,0.20556290238066355,0.25073558417514485,0.3825146886253853,0.3040906743706138,265.0522484868553,223.94775151314468,0.3382186857404312,0.3540208762046492,MLB-P1,synthetic_transfer,True
H-0430,KBO Hitter 30,2022,MLB,MLB-TX,batter,27.3,375.0,91.20615781540073,0.11973745648261085,0.24359589503208784,0.139370365780196,0.2772827071008634,0.023375167570659848,0.18004292694843715,0.27862044311416523,0.46709863649028227,0.39855651901583145,193.10995660054047,181.89004339945953,0.4644331767250264,0.44685112842632624,MLB-P1,synthetic_transfer,True
H-0034,Hitter 34,2024,MLB,MLB-TX,batter,26.5,507.0,123.22079113898529,0.09427865824881691,0.17655730560965036,0.08895316766019955,0.26739629445800095,0.024665629207320235,0.19867560569738377,0.2697568434334741,0.41569279710599966,0.3507070723341701,233.82619407385616,273.1738059261438,0.408694220646438,0.3956217436172479,MLB-P1,synthetic_transfer,True
H-0041,Hitter 41,2017,MLB,MLB-TX,batter,30.5,647.0,174.36234323728826,0.01763311539436299,0.22460836153577027,0.06999959546801175,0.2768224798730863,0.01,0.21126459350116777,0.25,0.39768184345532037,0.2767308262390408,349.58212022306,297.41787977694,0.2982236680286866,0.3005708754343962,MLB-P1,synthetic_transfer,True
H-0405,KBO Hitter 5,2018,MLB,MLB-TX,batter,30.7,363.0,98.21700243463651,0.017826308861942163,0.16700965381421085,0.04969145619073365,0.30595827344621324,0.01,0.2509061814350487,0.25,0.380287283535355,0.27589411281443765,174.30989111164627,188.69010888835373,0.32192245934497543,0.26720686975302077,MLB-P1,synthetic_transfer,True
H-0434,KBO Hitter 34,2019,MLB,MLB-TX,batter,30.8,212.0,59.08843591805006,0.07677222512916113,0.20872575691361084,0.09352117471327251,0.31753746446120334,0.02070831298356871,0.22998740608208668,0.28096526835025737,0.42527492115939286,0.35495279792934564,112.34750609849313,99.65249390150687,0.401771821527095,0.4105882942476645,MLB-P1,synthetic_transfer,True
H-0009,Hitter 9,2020,MLB,MLB-TX,batter,31.1,346.0,89.80359251417278,0.08844358293950559,0.2736440522933106,0.10071582363987312,0.2877899174111556,0.01,0.1850847467719028,0.25366985503421813,0.42949481538098866,0.34703068215348865,158.49260678310551,187.50739321689449,0.3925277940219448,0.3981726244166095,MLB-P1,synthetic_transfer,True
H-0075,Hitter 75,2023,MLB,MLB-TX,batter,30.5,522.0,139.65869706077868,0.059561491148324035,0.14917667062008497,0.05371925067107401,0.269689977536164,0.01,0.21489538737790165,0.25161733978843553,0.3806882484246904,0.29463012381057496,240.2842153876493,281.7157846123507,0.3194605540639309,0.3449956364904715,MLB-P1,synthetic_transfer,True
H-0036,Hitter 36,2019,MLB,MLB-TX,batter,24.5,425.0,106.1636221187661,0.03296038806173413,0.18950762438472485,0.08893008071120204,0.27189875208163894,0.011860747004921875,0.21318908917010246,0.25,0.41611995591936596,0.29782305156737837,211.95204819981308,213.04795180018692,0.3488899796604557,0.32773939869125096,MLB-P1,synthetic_transfer,True
H-0161,Hitter 161,2021,MLB,MLB-TX,batter,25.1,404.0,108.07236807098086,0.04801168788810042,0.11755827621119788,0.15749137369077443,0.20211622990272438,0.01,0.1701518529738448,0.25,0.4777029966810469,0.31996911751754975,190.41354733459193,213.58645266540807,0.338776001729136,0.3860306771806108,MLB-P1,synthetic_transfer,True
H-0421,KBO Hitter 21,2019,MLB,MLB-TX,batter,28.2,415.0,116.02386230302187,0.12863841616722138,0.20757248261043698,0.14462122202353156,0.28183588047017005,0.021817681677296176,0.1903522380410959,0.2970100433777727,0.47280481007054853,0.4078670351041234,201.9734614817356,213.0265385182644,0.47158442882223417,0.47572422481504784,MLB-P1,synthetic_transfer,True
H-0143,Hitter 143,2018,MLB,MLB-TX,batter,33.5,429.0,115.00454939346413,0.04539965168044837,0.2717272336597334,0.09018878658926918,0.2761713341182003,0.01,0.19008997910905276,0.25,0.4178059200010892,0.307043555741782,233.40785386888888,195.59214613111112,0.3662466860706535,0.32075994083695186,MLB-P1,synthetic_transfer,True
H-0144,Hitter 144,2022,MLB,MLB-TX,batter,30.7,215.0,59.33435862832162,0.07982775758082583,0.20686931998493346,0.20606965446870706,0.30348643833168937,0.01,0.21797776338115302,0.27465774462386355,0.536418298301876,0.40443799368045824,115.51964347690765,99.48035652309235,0.4448660227121441,0.49589673058384204,MLB-P1,synthetic_transfer,True
