player_id,player_name,season,league,team,role,age,ip,g,gs,k_pct,bb_pct,hr_fb,era,fip,home_pa,road_pa,home_era,road_era,park_id,source,is_synthetic
mlbam-657193,Eddy Alvarez,2024,MLB,New York Mets,pitcher,34.0,1.0,1.0,0.0,0.2,0.0,0.0,0.0,4.1,2.5,2.5,0.0,0.0,New York Mets,statsapi,False
mlbam-669456,Shane Bieber,2024,MLB,Cleveland Guardians,pitcher,29.0,12.0,2.0,2.0,0.4444444444444444,0.022222222222222223,0.0,0.0,0.016666666666666607,22.5,22.5,0.0,0.0,Cleveland Guardians,statsapi,False
mlbam-623520,David Bote,2024,MLB,Chicago Cubs,pitcher,31.0,1.0,1.0,0.0,0.0,0.2,0.0,0.0,6.1,2.5,2.5,0.0,0.0,Chicago Cubs,statsapi,False
mlbam-665828,Oswaldo Cabrera,2024,MLB,New York Yankees,pitcher,25.0,0.3333333333333333,1.0,0.0,0.0,0.6666666666666666,0.12,0.0,21.1,1.5,1.5,0.0,0.0,New York Yankees,statsapi,False
mlbam-650489,Willi Castro,2024,MLB,Minnesota Twins,pitcher,27.0,1.3333333333333333,2.0,0.0,0.0,0.0,0.0,0.0,3.1,2.0,2.0,0.0,0.0,Minnesota Twins,statsapi,False
mlbam-687847,Marc Church,2024,MLB,Texas Rangers,pitcher,23.0,1.0,1.0,0.0,0.25,0.0,0.0,0.0,1.1,2.0,2.0,0.0,0.0,Texas Rangers,statsapi,False
mlbam-669395,Dylan Coleman,2024,MLB,Houston Astros,pitcher,28.0,1.0,1.0,0.0,0.25,0.25,0.0,0.0,4.1,2.0,2.0,0.0,0.0,Houston Astros,statsapi,False
mlbam-674444,Steven Cruz,2024,MLB,Kansas City Royals,pitcher,25.0,5.666666666666667,5.0,0.0,0.2222222222222222,0.0,0.0,0.0,1.6882352941176473,9.0,9.0,0.0,0.0,Kansas City Royals,statsapi,False
mlbam-656353,Tucker Davidson,2024,MLB,Baltimore Orioles,pitcher,28.0,4.666666666666667,1.0,0.0,0.05263157894736842,0.10526315789473684,0.0,0.0,3.9571428571428573,9.5,9.5,0.0,0.0,Baltimore Orioles,statsapi,False
mlbam-622766,Miguel Díaz,2024,MLB,Houston Astros,pitcher,30.0,1.0,1.0,0.0,0.0,0.0,0.0,0.0,3.1,1.5,1.5,0.0,0.0,Houston Astros,statsapi,False
mlbam-692285,Luis Guerrero,2024,MLB,Boston Red Sox,pitcher,24.0,10.0,9.0,0.0,0.25,0.05555555555555555,0.0,0.0,1.9000000000000001,18.0,18.0,0.0,0.0,Boston Red Sox,statsapi,False
mlbam-641658,Garrett Hampson,2024,MLB,Kansas City Royals,pitcher,30.0,1.0,1.0,0.0,0.0,0.0,0.0,0.0,6.1,2.0,2.0,0.0,0.0,Kansas City Royals,statsapi,False
mlbam-595978,Austin Hedges,2024,MLB,Cleveland Guardians,pitcher,32.0,2.0,1.0,0.0,0.0,0.16666666666666666,0.0,0.0,4.6,3.0,3.0,0.0,0.0,Cleveland Guardians,statsapi,False
mlbam-623168,Tyler Heineman,2024,MLB,Toronto Blue Jays,pitcher,33.0,1.0,1.0,0.0,0.0,0.0,0.0,0.0,3.1,2.0,2.0,0.0,0.0,Toronto Blue Jays,statsapi,False
mlbam-668970,Gavin Hollowell,2024,MLB,Chicago Cubs,pitcher,27.0,1.3333333333333333,1.0,0.0,0.16666666666666666,0.0,0.12,0.0,1.6,3.0,3.0,0.0,0.0,Chicago Cubs,statsapi,False
mlbam-695549,Jackson Jobe,2024,MLB,Detroit Tigers,pitcher,22.0,4.0,2.0,0.0,0.125,0.0625,0.0,0.0,2.85,8.0,8.0,0.0,0.0,Detroit Tigers,statsapi,False
mlbam-687145,Evan Justice,2024,MLB,Colorado Rockies,pitcher,26.0,0.3333333333333333,1.0,0.0,0.5,0.5,0.12,0.0,6.1,1.0,1.0,0.0,0.0,Colorado Rockies,statsapi,False
mlbam-666197,Grae Kessinger,2024,MLB,Houston Astros,pitcher,27.0,1.0,1.0,0.0,0.0,0.0,0.0,0.0,3.1,1.5,1.5,0.0,0.0,Houston Astros,statsapi,False
mlbam-680572,Adam Kloffenstein,2024,MLB,St. Louis Cardinals,pitcher,24.0,1.0,1.0,0.0,0.0,0.0,0.0,0.0,3.1,1.5,1.5,0.0,0.0,St. Louis Cardinals,statsapi,False
mlbam-668800,Andrew Knizner,2024,MLB,Texas Rangers,pitcher,29.0,3.0,2.0,0.0,0.0,0.18181818181818182,0.0,0.0,5.1,5.5,5.5,0.0,0.0,Texas Rangers,statsapi,False
mlbam-667478,Evan Kravetz,2024,MLB,Cincinnati Reds,pitcher,28.0,0.6666666666666666,1.0,0.0,0.0,0.0,0.12,0.0,3.1,1.0,1.0,0.0,0.0,Cincinnati Reds,statsapi,False
mlbam-670219,Zac Kristofak,2024,MLB,Los Angeles Angels,pitcher,27.0,2.0,1.0,0.0,0.18181818181818182,0.18181818181818182,0.0,0.0,4.1,5.5,5.5,0.0,0.0,Los Angeles Angels,statsapi,False
mlbam-679845,Nick Loftin,2024,MLB,Kansas City Royals,pitcher,26.0,1.0,1.0,0.0,0.0,0.0,0.12,0.0,3.1,1.5,1.5,0.0,0.0,Kansas City Royals,statsapi,False
mlbam-702795,Ryan Loutos,2024,MLB,St. Louis Cardinals,pitcher,25.0,2.3333333333333335,3.0,0.0,0.0,0.1,0.0,0.0,4.385714285714286,5.0,5.0,0.0,0.0,St. Louis Cardinals,statsapi,False
mlbam-642528,Jonathan Loáisiga,2024,MLB,New York Yankees,pitcher,30.0,4.0,3.0,0.0,0.15,0.05,0.0,0.0,2.35,10.0,10.0,0.0,0.0,New York Yankees,statsapi,False
mlbam-543475,Jordan Lyles,2024,MLB,Kansas City Royals,pitcher,34.0,5.0,5.0,0.0,0.15789473684210525,0.10526315789473684,0.0,0.0,3.1,9.5,9.5,0.0,0.0,Kansas City Royals,statsapi,False
mlbam-686790,Trevor McDonald,2024,MLB,San Francisco Giants,pitcher,23.0,3.0,1.0,0.0,0.1,0.1,0.0,0.0,3.4333333333333336,5.0,5.0,0.0,0.0,San Francisco Giants,statsapi,False
mlbam-703231,James Meeker,2024,MLB,Milwaukee Brewers,pitcher,29.0,1.0,1.0,0.0,0.0,0.25,0.0,0.0,6.1,2.0,2.0,0.0,0.0,Milwaukee Brewers,statsapi,False
mlbam-664901,Danny Mendick,2024,MLB,Chicago White Sox,pitcher,31.0,1.0,1.0,0.0,0.0,0.0,0.0,0.0,3.1,2.0,2.0,0.0,0.0,Chicago White Sox,statsapi,False
mlbam-664948,Anthony Misiewicz,2024,MLB,New York Yankees,pitcher,30.0,1.0,1.0,0.0,0.16666666666666666,0.16666666666666666,0.0,0.0,4.1,3.0,3.0,0.0,0.0,New York Yankees,statsapi,False
mlbam-640902,Jhonny Pereda,2024,MLB,Miami Marlins,pitcher,28.0,0.3333333333333333,1.0,0.0,0.0,0.0,0.0,0.0,3.1,0.5,0.5,0.0,0.0,Miami Marlins,statsapi,False
mlbam-668472,Nick Pratto,2024,MLB,Kansas City Royals,pitcher,26.0,1.0,1.0,0.0,0.25,0.0,0.0,0.0,1.1,2.0,2.0,0.0,0.0,Kansas City Royals,statsapi,False
mlbam-548384,Brooks Raley,2024,MLB,New York Mets,pitcher,36.0,7.0,8.0,0.0,0.36,0.12,0.0,0.0,1.8142857142857143,12.5,12.5,0.0,0.0,New York Mets,statsapi,False
mlbam-622569,Pablo Reyes,2024,MLB,Boston Red Sox,pitcher,31.0,1.0,1.0,0.0,0.0,0.2,0.0,0.0,6.1,2.5,2.5,0.0,0.0,Boston Red Sox,statsapi,False
mlbam-660844,Leo Rivas,2024,MLB,Seattle Mariners,pitcher,27.0,2.0,2.0,0.0,0.0,0.0,0.0,0.0,3.1,4.5,4.5,0.0,0.0,Seattle Mariners,statsapi,False
mlbam-500743,Miguel Rojas,2024,MLB,Los Angeles Dodgers,pitcher,35.0,1.0,1.0,0.0,0.0,0.0,0.0,0.0,3.1,2.0,2.0,0.0,0.0,Los Angeles Dodgers,statsapi,False
mlbam-681870,Erik Sabrowski,2024,MLB,Cleveland Guardians,pitcher,27.0,12.666666666666666,8.0,0.0,0.40425531914893614,0.0851063829787234,0.0,0.0,1.0473684210526315,23.5,23.5,0.0,0.0,Cleveland Guardians,statsapi,False
mlbam-593934,Miguel Sanó,2024,MLB,Los Angeles Angels,pitcher,31.0,0.3333333333333333,1.0,0.0,0.0,0.0,0.12,0.0,3.1,0.5,0.5,0.0,0.0,Los Angeles Angels,statsapi,False
mlbam-592741,Chasen Shreve,2024,MLB,Colorado Rockies,pitcher,34.0,1.0,1.0,0.0,0.0,0.0,0.12,0.0,3.1,2.0,2.0,0.0,0.0,Colorado Rockies,statsapi,False
mlbam-642086,Dominic Smith,2024,MLB,Boston Red Sox,pitcher,29.0,3.0,3.0,0.0,0.0,0.09090909090909091,0.0,0.0,4.1,5.5,5.5,0.0,0.0,Boston Red Sox,statsapi,False
mlbam-656976,Pavin Smith,2024,MLB,Arizona Diamondbacks,pitcher,28.0,1.0,1.0,0.0,0.0,0.2,0.0,0.0,9.1,2.5,2.5,0.0,0.0,Arizona Diamondbacks,statsapi,False
mlbam-700363,AJ Smith-Shawver,2024,MLB,Atlanta Braves,pitcher,22.0,4.333333333333333,1.0,1.0,0.2222222222222222,0.1111111111111111,0.0,0.0,2.6384615384615384,9.0,9.0,0.0,0.0,Atlanta Braves,statsapi,False
mlbam-683021,Michael Stefanic,2024,MLB,Los Angeles Angels,pitcher,28.0,1.0,1.0,0.0,0.0,0.0,0.0,0.0,6.1,2.5,2.5,0.0,0.0,Los Angeles Angels,statsapi,False
mlbam-623437,Justin Topa,2024,MLB,Minnesota Twins,pitcher,33.0,2.3333333333333335,3.0,0.0,0.25,0.0,0.0,0.0,1.385714285714286,4.0,4.0,0.0,0.0,Minnesota Twins,statsapi,False
mlbam-620443,Luis Torrens,2024,MLB,New York Mets,pitcher,28.0,0.3333333333333333,1.0,0.0,0.0,0.0,0.12,0.0,3.1,0.5,0.5,0.0,0.0,New York Mets,statsapi,False
mlbam-657061,Cole Tucker,2024,MLB,Los Angeles Angels,pitcher,28.0,1.0,1.0,0.0,0.0,0.25,0.12,0.0,6.1,2.0,2.0,0.0,0.0,Los Angeles Angels,statsapi,False
mlbam-670242,Matt Wallner,2024,MLB,Minnesota Twins,pitcher,27.0,1.3333333333333333,1.0,0.0,0.0,0.0,0.0,0.0,3.1,3.0,3.0,0.0,0.0,Minnesota Twins,statsapi,False
mlbam-689958,Andrew Walters,2024,MLB,Cleveland Guardians,pitcher,24.0,8.666666666666666,9.0,1.0,0.1875,0.15625,0.0,0.0,3.4461538461538463,16.0,16.0,0.0,0.0,Cleveland Guardians,statsapi,False
mlbam-622268,Donovan Walton,2024,MLB,San Francisco Giants,pitcher,30.0,1.0,1.0,0.0,0.0,0.0,0.0,0.0,3.1,2.5,2.5,0.0,0.0,San Francisco Giants,statsapi,False
mlbam-666215,Forrest Whitley,2024,MLB,Houston Astros,pitcher,27.0,3.3333333333333335,3.0,0.0,0.25,0.15,0.0,0.0,3.7,10.0,10.0,0.0,0.0,Houston Astros,statsapi,False
mlbam-642215,Weston Wilson,2024,MLB,Philadelphia Phillies,pitcher,30.0,1.0,1.0,0.0,0.0,0.0,0.0,0.0,3.1,2.0,2.0,0.0,0.0,Philadelphia Phillies,statsapi,False
mlbam-621550,Patrick Wisdom,2024,MLB,Chicago Cubs,pitcher,33.0,0.3333333333333333,1.0,0.0,0.0,0.3333333333333333,0.12,0.0,12.1,1.5,1.5,0.0,0.0,Chicago Cubs,statsapi,False
mlbam-661403,Emmanuel Clase,2024,MLB,Cleveland Guardians,pitcher,26.0,74.33333333333333,74.0,0.0,0.24444444444444444,0.040740740740740744,0.03389830508474576,0.61,2.1582959641255606,135.0,135.0,0.61,0.61,Cleveland Guardians,statsapi,False
mlbam-678821,Luis Peralta,2024,MLB,Colorado Rockies,pitcher,23.0,12.333333333333334,15.0,0.0,0.2857142857142857,0.10204081632653061,0.0,0.73,2.5324324324324325,24.5,24.5,0.73,0.73,Colorado Rockies,statsapi,False
mlbam-669308,Sean Reynolds,2024,MLB,San Diego Padres,pitcher,26.0,11.0,9.0,0.0,0.42857142857142855,0.10204081632653061,0.0,0.82,0.9181818181818184,24.5,24.5,0.82,0.82,San Diego Padres,statsapi,False
mlbam-674944,Sean Guenther,2024,MLB,Detroit Tigers,pitcher,29.0,21.0,17.0,0.0,0.1643835616438356,0.0273972602739726,0.0,0.86,2.5285714285714285,36.5,36.5,0.86,0.86,Detroit Tigers,statsapi,False
mlbam-489446,Kirby Yates,2024,MLB,Texas Rangers,pitcher,37.0,61.666666666666664,61.0,0.0,0.35864978902953587,0.13924050632911392,0.05172413793103448,1.17,2.4351351351351354,118.5,118.5,1.17,1.17,Texas Rangers,statsapi,False
mlbam-695076,Rhett Lowder,2024,MLB,Cincinnati Reds,pitcher,22.0,30.666666666666668,6.0,6.0,0.171875,0.109375,0.0,1.17,3.0347826086956524,64.0,64.0,1.17,1.17,Cincinnati Reds,statsapi,False
mlbam-642239,Rob Zastryzny,2024,MLB,Milwaukee Brewers,pitcher,32.0,7.666666666666667,9.0,3.0,0.1724137931034483,0.034482758620689655,0.0,1.17,2.5782608695652174,14.5,14.5,1.17,1.17,Milwaukee Brewers,statsapi,False
mlbam-642207,Devin Williams,2024,MLB,Milwaukee Brewers,pitcher,30.0,21.666666666666668,22.0,0.0,0.4318181818181818,0.13636363636363635,0.07142857142857142,1.25,1.9923076923076926,44.0,44.0,1.25,1.25,Milwaukee Brewers,statsapi,False
mlbam-689981,River Ryan,2024,MLB,Los Angeles Dodgers,pitcher,26.0,20.333333333333332,4.0,4.0,0.2222222222222222,0.1111111111111111,0.05,1.33,3.29672131147541,40.5,40.5,1.33,1.33,Los Angeles Dodgers,statsapi,False
mlbam-669165,Kyle Hurt,2024,MLB,Los Angeles Dodgers,pitcher,26.0,6.666666666666667,3.0,1.0,0.1111111111111111,0.037037037037037035,0.0,1.35,2.6500000000000004,13.5,13.5,1.35,1.35,Los Angeles Dodgers,statsapi,False
mlbam-680732,Sean Burke,2024,MLB,Chicago White Sox,pitcher,25.0,19.0,4.0,3.0,0.2894736842105263,0.09210526315789473,0.08333333333333333,1.42,3.2578947368421054,38.0,38.0,1.42,1.42,Chicago White Sox,statsapi,False
mlbam-678020,Seth Halvorsen,2024,MLB,Colorado Rockies,pitcher,24.0,12.333333333333334,12.0,0.0,0.2826086956521739,0.043478260869565216,0.14285714285714285,1.46,3.82972972972973,23.0,23.0,1.46,1.46,Colorado Rockies,statsapi,False
mlbam-656266,J.B. Bukauskas,2024,MLB,Milwaukee Brewers,pitcher,28.0,6.0,6.0,0.0,0.2727272727272727,0.045454545454545456,0.14285714285714285,1.5,3.7666666666666666,11.0,11.0,1.5,1.5,Milwaukee Brewers,statsapi,False
mlbam-683568,Jairo Iriarte,2024,MLB,Chicago White Sox,pitcher,23.0,6.0,6.0,0.0,0.2,0.26666666666666666,0.0,1.5,5.1,15.0,15.0,1.5,1.5,Chicago White Sox,statsapi,False
mlbam-669111,John McMillon,2024,MLB,Miami Marlins,pitcher,26.0,12.0,10.0,0.0,0.2765957446808511,0.10638297872340426,0.09090909090909091,1.5,3.2666666666666666,23.5,23.5,1.5,1.5,Miami Marlins,statsapi,False
mlbam-657697,Vinny Nittoli,2024,MLB,Baltimore Orioles,pitcher,34.0,12.0,9.0,0.0,0.17391304347826086,0.043478260869565216,0.05,1.5,3.35,23.0,23.0,1.5,1.5,Baltimore Orioles,statsapi,False
mlbam-670955,Edwin Uceta,2024,MLB,Tampa Bay Rays,pitcher,26.0,41.666666666666664,30.0,0.0,0.3584905660377358,0.050314465408805034,0.05128205128205128,1.51,1.636,79.5,79.5,1.51,1.51,Tampa Bay Rays,statsapi,False
mlbam-683769,Hunter Gaddis,2024,MLB,Cleveland Guardians,pitcher,26.0,74.66666666666667,78.0,0.0,0.23741007194244604,0.0539568345323741,0.043010752688172046,1.57,2.7517857142857145,139.0,139.0,1.57,1.57,Cleveland Guardians,statsapi,False
mlbam-643361,Kevin Herget,2024,MLB,Milwaukee Brewers,pitcher,33.0,11.333333333333334,7.0,0.0,0.20930232558139536,0.06976744186046512,0.06666666666666667,1.59,3.4529411764705884,21.5,21.5,1.59,1.59,Milwaukee Brewers,statsapi,False
mlbam-660600,Enoli Paredes,2024,MLB,Chicago Cubs,pitcher,29.0,21.666666666666668,18.0,0.0,0.1839080459770115,0.11494252873563218,0.0,1.66,3.2846153846153845,43.5,43.5,1.66,1.66,Chicago Cubs,statsapi,False
mlbam-656887,Sean Reid-Foley,2024,MLB,New York Mets,pitcher,29.0,21.666666666666668,23.0,0.0,0.2777777777777778,0.15555555555555556,0.0,1.66,2.730769230769231,45.0,45.0,1.66,1.66,New York Mets,statsapi,False
mlbam-663941,Tristan Beck,2024,MLB,San Francisco Giants,pitcher,28.0,16.0,7.0,1.0,0.208955223880597,0.05970149253731343,0.08333333333333333,1.69,3.9125,33.5,33.5,1.69,1.69,San Francisco Giants,statsapi,False
mlbam-681810,Austin Warren,2024,MLB,San Francisco Giants,pitcher,28.0,10.666666666666666,6.0,0.0,0.16666666666666666,0.11904761904761904,0.1,1.69,4.4125,21.0,21.0,1.69,1.69,San Francisco Giants,statsapi,False
mlbam-594798,Jacob deGrom,2024,MLB,Texas Rangers,pitcher,36.0,10.666666666666666,3.0,3.0,0.3181818181818182,0.022727272727272728,0.07692307692307693,1.69,2.25625,22.0,22.0,1.69,1.69,Texas Rangers,statsapi,False
mlbam-663542,Bryan Hudson,2024,MLB,Milwaukee Brewers,pitcher,27.0,62.333333333333336,43.0,0.0,0.2683982683982684,0.0735930735930736,0.0945945945945946,1.73,3.533155080213904,115.5,115.5,1.73,1.73,Milwaukee Brewers,statsapi,False
mlbam-690916,Richard Fitts,2024,MLB,Boston Red Sox,pitcher,25.0,20.666666666666668,4.0,4.0,0.10588235294117647,0.08235294117647059,0.0,1.74,3.2451612903225806,42.5,42.5,1.74,1.74,Boston Red Sox,statsapi,False
mlbam-656945,Tanner Scott,2024,MLB,San Diego Padres,pitcher,30.0,72.0,72.0,0.0,0.2857142857142857,0.1360544217687075,0.05263157894736842,1.75,2.85,147.0,147.0,1.75,1.75,San Diego Padres,statsapi,False
mlbam-681911,Alex Vesia,2024,MLB,Los Angeles Dodgers,pitcher,28.0,66.33333333333333,67.0,0.0,0.33079847908745247,0.13688212927756654,0.07777777777777778,1.76,3.38643216080402,131.5,131.5,1.76,1.76,Los Angeles Dodgers,statsapi,False
mlbam-656240,Scott Blewett,2024,MLB,Minnesota Twins,pitcher,28.0,20.333333333333332,12.0,0.0,0.21176470588235294,0.11764705882352941,0.08333333333333333,1.77,3.9360655737704917,42.5,42.5,1.77,1.77,Minnesota Twins,statsapi,False
mlbam-669724,Brenan Hanifee,2024,MLB,Detroit Tigers,pitcher,26.0,29.333333333333332,21.0,3.0,0.19166666666666668,0.05,0.07142857142857142,1.84,3.0318181818181817,60.0,60.0,1.84,1.84,Detroit Tigers,statsapi,False
mlbam-595897,Nick Burdi,2024,MLB,New York Yankees,pitcher,31.0,9.666666666666666,12.0,0.0,0.26666666666666666,0.2,0.06666666666666667,1.86,5.375862068965517,22.5,22.5,1.86,1.86,New York Yankees,statsapi,False
mlbam-682254,Mason Montgomery,2024,MLB,Tampa Bay Rays,pitcher,24.0,9.666666666666666,9.0,0.0,0.4594594594594595,0.13513513513513514,0.0,1.86,1.1344827586206896,18.5,18.5,1.86,1.86,Tampa Bay Rays,statsapi,False
mlbam-621381,Matt Strahm,2024,MLB,Philadelphia Phillies,pitcher,33.0,62.666666666666664,66.0,0.0,0.3333333333333333,0.05063291139240506,0.05333333333333334,1.87,2.222340425531915,118.5,118.5,1.87,1.87,Philadelphia Phillies,statsapi,False
mlbam-687863,Porter Hodge,2024,MLB,Chicago Cubs,pitcher,23.0,43.0,39.0,0.0,0.3170731707317073,0.11585365853658537,0.047619047619047616,1.88,2.6813953488372095,82.0,82.0,1.88,1.88,Chicago Cubs,statsapi,False
mlbam-671922,Cade Smith,2024,MLB,Cleveland Guardians,pitcher,25.0,75.33333333333333,74.0,0.0,0.356401384083045,0.058823529411764705,0.01694915254237288,1.91,1.334513274336283,144.5,144.5,1.91,1.91,Cleveland Guardians,statsapi,False
mlbam-676254,Ryan Walker,2024,MLB,San Francisco Giants,pitcher,29.0,80.0,76.0,1.0,0.32142857142857145,0.06168831168831169,0.07246376811594203,1.91,2.45,154.0,154.0,1.91,1.91,San Francisco Giants,statsapi,False
mlbam-682120,Tim Herrin,2024,MLB,Cleveland Guardians,pitcher,28.0,65.66666666666667,75.0,0.0,0.26459143968871596,0.10116731517509728,0.03636363636363636,1.92,2.7954314720812183,128.5,128.5,1.92,1.92,Cleveland Guardians,statsapi,False
mlbam-669212,Eli Morgan,2024,MLB,Cleveland Guardians,pitcher,28.0,42.0,32.0,0.0,0.20359281437125748,0.0718562874251497,0.06153846153846154,1.93,3.5761904761904764,83.5,83.5,1.93,1.93,Cleveland Guardians,statsapi,False
mlbam-595014,Blake Treinen,2024,MLB,Los Angeles Dodgers,pitcher,36.0,46.666666666666664,50.0,0.0,0.30434782608695654,0.059782608695652176,0.10416666666666667,1.93,2.928571428571429,92.0,92.0,1.93,1.93,Los Angeles Dodgers,statsapi,False
mlbam-676092,Collin Snider,2024,MLB,Seattle Mariners,pitcher,29.0,41.666666666666664,42.0,0.0,0.2781065088757396,0.08875739644970414,0.10416666666666667,1.94,3.3400000000000003,84.5,84.5,1.94,1.94,Seattle Mariners,statsapi,False
mlbam-628452,Raisel Iglesias,2024,MLB,Atlanta Braves,pitcher,34.0,69.33333333333333,66.0,0.0,0.2625482625482625,0.06177606177606178,0.05405405405405406,1.95,2.580769230769231,129.5,129.5,1.95,1.95,Atlanta Braves,statsapi,False
mlbam-592094,Jason Adam,2024,MLB,San Diego Padres,pitcher,33.0,73.66666666666667,74.0,0.0,0.2872340425531915,0.09574468085106383,0.06666666666666667,1.95,2.9642533936651585,141.0,141.0,1.95,1.95,San Diego Padres,statsapi,False
mlbam-700241,Michael McGreevy,2024,MLB,St. Louis Cardinals,pitcher,24.0,23.0,4.0,3.0,0.20930232558139536,0.023255813953488372,0.07142857142857142,1.96,2.491304347826087,43.0,43.0,1.96,1.96,St. Louis Cardinals,statsapi,False
mlbam-694973,Paul Skenes,2024,MLB,Pittsburgh Pirates,pitcher,22.0,133.0,23.0,23.0,0.33073929961089493,0.0622568093385214,0.1,1.96,2.3781954887218046,257.0,257.0,1.96,1.96,Pittsburgh Pirates,statsapi,False
mlbam-676477,Garrett Whitlock,2024,MLB,Boston Red Sox,pitcher,28.0,18.333333333333332,4.0,4.0,0.22666666666666666,0.09333333333333334,0.05263157894736842,1.96,3.2636363636363637,37.5,37.5,1.96,1.96,Boston Red Sox,statsapi,False
mlbam-625643,Reynaldo López,2024,MLB,Atlanta Braves,pitcher,30.0,135.66666666666666,26.0,25.0,0.27255985267034993,0.07734806629834254,0.06993006993006994,1.99,2.8493857493857493,271.5,271.5,1.99,1.99,Atlanta Braves,statsapi,False
mlbam-592866,Trevor Williams,2024,MLB,Washington Nationals,pitcher,32.0,66.66666666666667,13.0,13.0,0.22692307692307692,0.06923076923076923,0.0410958904109589,2.03,2.725,130.0,130.0,2.03,2.03,Washington Nationals,statsapi,False
mlbam-643377,Griffin Jax,2024,MLB,Minnesota Twins,pitcher,30.0,71.0,72.0,0.0,0.3442028985507246,0.057971014492753624,0.07272727272727272,2.03,1.8746478873239438,138.0,138.0,2.03,2.03,Minnesota Twins,statsapi,False
mlbam-664854,Ryan Helsley,2024,MLB,St. Louis Cardinals,pitcher,30.0,66.33333333333333,65.0,0.0,0.29699248120300753,0.09774436090225563,0.04,2.04,2.3462311557788946,133.0,133.0,2.04,2.04,St. Louis Cardinals,statsapi,False
mlbam-690829,Ben Joyce,2024,MLB,Los Angeles Angels,pitcher,24.0,34.666666666666664,31.0,1.0,0.2323943661971831,0.09859154929577464,0.041666666666666664,2.08,3.128846153846154,71.0,71.0,2.08,2.08,Los Angeles Angels,statsapi,False
mlbam-659275,Dinelson Lamet,2024,MLB,Los Angeles Dodgers,pitcher,32.0,4.333333333333333,3.0,0.0,0.16666666666666666,0.16666666666666666,0.125,2.08,6.1,9.0,9.0,2.08,2.08,Los Angeles Dodgers,statsapi,False
mlbam-681871,Eli Villalobos,2024,MLB,Miami Marlins,pitcher,27.0,4.333333333333333,3.0,0.0,0.16666666666666666,0.1111111111111111,0.125,2.08,6.1,9.0,9.0,2.08,2.08,Miami Marlins,statsapi,False
mlbam-592454,Tommy Kahnle,2024,MLB,New York Yankees,pitcher,35.0,42.666666666666664,50.0,0.0,0.2569832402234637,0.11173184357541899,0.16129032258064516,2.11,3.94375,89.5,89.5,2.11,2.11,New York Yankees,statsapi,False
mlbam-669276,Dylan Lee,2024,MLB,Atlanta Braves,pitcher,30.0,59.666666666666664,52.0,0.0,0.31666666666666665,0.0875,0.1076923076923077,2.11,2.9324022346368714,120.0,120.0,2.11,2.11,Atlanta Braves,statsapi,False
mlbam-666171,Ryan Zeferjahn,2024,MLB,Los Angeles Angels,pitcher,26.0,17.0,12.0,0.0,0.28125,0.109375,0.0,2.12,2.3941176470588235,32.0,32.0,2.12,2.12,Los Angeles Angels,statsapi,False
mlbam-543056,Danny Coulombe,2024,MLB,Baltimore Orioles,pitcher,35.0,29.666666666666668,33.0,0.0,0.29906542056074764,0.04672897196261682,0.10714285714285714,2.12,2.762921348314607,53.5,53.5,2.12,2.12,Baltimore Orioles,statsapi,False
mlbam-662253,Andrés Muñoz,2024,MLB,Seattle Mariners,pitcher,25.0,59.333333333333336,60.0,0.0,0.33189655172413796,0.125,0.12244897959183673,2.12,3.2853932584269665,116.0,116.0,2.12,2.12,Seattle Mariners,statsapi,False
mlbam-655889,Manuel Rodríguez,2024,MLB,Tampa Bay Rays,pitcher,28.0,37.666666666666664,40.0,0.0,0.21518987341772153,0.0759493670886076,0.075,2.15,3.604424778761062,79.0,79.0,2.15,2.15,Tampa Bay Rays,statsapi,False
mlbam-676508,Ben Casparius,2024,MLB,Los Angeles Dodgers,pitcher,25.0,8.333333333333334,3.0,0.0,0.32432432432432434,0.10810810810810811,0.0,2.16,1.6600000000000001,18.5,18.5,2.16,2.16,Los Angeles Dodgers,statsapi,False
mlbam-656546,Jeff Hoffman,2024,MLB,Philadelphia Phillies,pitcher,31.0,66.33333333333333,68.0,0.0,0.33584905660377357,0.06415094339622641,0.08450704225352113,2.17,2.4517587939698493,132.5,132.5,2.17,2.17,Philadelphia Phillies,statsapi,False
mlbam-663773,Bryan Hoeing,2024,MLB,San Diego Padres,pitcher,28.0,53.666666666666664,34.0,2.0,0.20476190476190476,0.07142857142857142,0.0784313725490196,2.18,3.2490683229813664,105.0,105.0,2.18,2.18,San Diego Padres,statsapi,False
mlbam-663947,Tyler Holton,2024,MLB,Detroit Tigers,pitcher,28.0,94.33333333333333,66.0,9.0,0.2175141242937853,0.05084745762711865,0.06796116504854369,2.19,3.1,177.0,177.0,2.19,2.19,Detroit Tigers,statsapi,False
mlbam-547001,Cody Poteet,2024,MLB,New York Yankees,pitcher,30.0,24.333333333333332,5.0,4.0,0.16666666666666666,0.08333333333333333,0.06451612903225806,2.22,3.963013698630137,48.0,48.0,2.22,2.22,New York Yankees,statsapi,False
mlbam-605463,Tayler Scott,2024,MLB,Houston Astros,pitcher,32.0,68.66666666666667,62.0,1.0,0.25177304964539005,0.1276595744680851,0.09210526315789473,2.23,4.061165048543689,141.0,141.0,2.23,2.23,Houston Astros,statsapi,False
mlbam-608638,JT Chargois,2024,MLB,Seattle Mariners,pitcher,34.0,36.333333333333336,36.0,0.0,0.2054794520547945,0.0958904109589041,0.1111111111111111,2.23,4.83394495412844,73.0,73.0,2.23,2.23,Seattle Mariners,statsapi,False
mlbam-650960,Daniel Duarte,2024,MLB,Minnesota Twins,pitcher,28.0,4.0,2.0,0.0,0.2,0.06666666666666667,0.25,2.25,5.6,7.5,7.5,2.25,2.25,Minnesota Twins,statsapi,False
mlbam-687362,Connor Gillispie,2024,MLB,Cleveland Guardians,pitcher,27.0,8.0,3.0,0.0,0.25,0.15625,0.0,2.25,2.975,16.0,16.0,2.25,2.25,Cleveland Guardians,statsapi,False
mlbam-683068,Zach Penrod,2024,MLB,Boston Red Sox,pitcher,27.0,4.0,7.0,0.0,0.15,0.2,0.0,2.25,5.35,10.0,10.0,2.25,2.25,Boston Red Sox,statsapi,False
mlbam-686993,Justin Sterner,2024,MLB,Tampa Bay Rays,pitcher,28.0,4.0,2.0,0.0,0.21052631578947367,0.10526315789473684,0.0,2.25,1.85,9.5,9.5,2.25,2.25,Tampa Bay Rays,statsapi,False
mlbam-683822,Naoyuki Uwasawa,2024,MLB,Boston Red Sox,pitcher,30.0,4.0,2.0,0.0,0.1875,0.125,0.0,2.25,3.1,8.0,8.0,2.25,2.25,Boston Red Sox,statsapi,False
mlbam-689147,Orion Kerkering,2024,MLB,Philadelphia Phillies,pitcher,23.0,63.0,64.0,2.0,0.28793774319066145,0.06614785992217899,0.043478260869565216,2.29,2.353968253968254,128.5,128.5,2.29,2.29,Philadelphia Phillies,statsapi,False
mlbam-673380,Dedniel Núñez,2024,MLB,New York Mets,pitcher,28.0,35.0,25.0,0.0,0.35555555555555557,0.06666666666666667,0.11538461538461539,2.31,2.1571428571428575,67.5,67.5,2.31,2.31,New York Mets,statsapi,False
mlbam-657265,Peter Strzelecki,2024,MLB,Cleveland Guardians,pitcher,30.0,11.666666666666666,10.0,0.0,0.19148936170212766,0.06382978723404255,0.08333333333333333,2.31,3.7,23.5,23.5,2.31,2.31,Cleveland Guardians,statsapi,False
mlbam-668338,Tyson Miller,2024,MLB,Chicago Cubs,pitcher,29.0,62.0,58.0,0.0,0.2297872340425532,0.04680851063829787,0.07865168539325842,2.32,3.6,117.5,117.5,2.32,2.32,Chicago Cubs,statsapi,False
mlbam-665896,José Marte,2024,MLB,Los Angeles Angels,pitcher,28.0,19.333333333333332,14.0,0.0,0.175,0.125,0.06666666666666667,2.33,4.031034482758621,40.0,40.0,2.33,2.33,Los Angeles Angels,statsapi,False
mlbam-664776,Jake Cousins,2024,MLB,New York Yankees,pitcher,30.0,38.0,37.0,0.0,0.3419354838709677,0.13548387096774195,0.14285714285714285,2.37,3.9947368421052634,77.5,77.5,2.37,2.37,New York Yankees,statsapi,False
mlbam-519242,Chris Sale,2024,MLB,Atlanta Braves,pitcher,35.0,177.66666666666666,29.0,29.0,0.32051282051282054,0.05555555555555555,0.06206896551724138,2.38,2.0193245778611635,351.0,351.0,2.38,2.38,Atlanta Braves,statsapi,False
mlbam-669373,Tarik Skubal,2024,MLB,Detroit Tigers,pitcher,28.0,192.0,31.0,31.0,0.30278884462151395,0.04648074369189907,0.08108108108108109,2.39,2.428125,376.5,376.5,2.39,2.39,Detroit Tigers,statsapi,False
mlbam-687911,Bryan King,2024,MLB,Houston Astros,pitcher,28.0,26.333333333333332,28.0,0.0,0.29357798165137616,0.09174311926605505,0.043478260869565216,2.39,2.6443037974683543,54.5,54.5,2.39,2.39,Houston Astros,statsapi,False
mlbam-573124,Taylor Rogers,2024,MLB,San Francisco Giants,pitcher,34.0,60.0,64.0,0.0,0.2570281124497992,0.08835341365461848,0.125,2.4,3.6833333333333336,124.5,124.5,2.4,2.4,San Francisco Giants,statsapi,False
mlbam-608032,Carlos Estévez,2024,MLB,Philadelphia Phillies,pitcher,32.0,55.0,54.0,0.0,0.2358490566037736,0.07547169811320754,0.06329113924050633,2.45,3.172727272727273,106.0,106.0,2.45,2.45,Philadelphia Phillies,statsapi,False
mlbam-660813,Brusdar Graterol,2024,MLB,Los Angeles Dodgers,pitcher,26.0,7.333333333333333,7.0,0.0,0.25925925925925924,0.07407407407407407,0.0,2.45,2.009090909090909,13.5,13.5,2.45,2.45,Los Angeles Dodgers,statsapi,False
mlbam-689690,Alek Jacob,2024,MLB,San Diego Padres,pitcher,26.0,14.666666666666666,7.0,0.0,0.3333333333333333,0.03508771929824561,0.05555555555555555,2.45,2.213636363636364,28.5,28.5,2.45,2.45,San Diego Padres,statsapi,False
mlbam-657649,Jared Koenig,2024,MLB,Milwaukee Brewers,pitcher,30.0,62.0,55.0,6.0,0.23773584905660378,0.1018867924528302,0.06153846153846154,2.47,3.2129032258064516,132.5,132.5,2.47,2.47,Milwaukee Brewers,statsapi,False
mlbam-679885,Justin Martinez,2024,MLB,Arizona Diamondbacks,pitcher,23.0,72.66666666666667,64.0,0.0,0.29545454545454547,0.13636363636363635,0.046511627906976744,2.48,2.5220183486238534,154.0,154.0,2.48,2.48,Arizona Diamondbacks,statsapi,False
mlbam-695243,Mason Miller,2024,MLB,Oakland Athletics,pitcher,26.0,65.0,55.0,0.0,0.41767068273092367,0.0963855421686747,0.1111111111111111,2.49,2.1153846153846154,124.5,124.5,2.49,2.49,Oakland Athletics,statsapi,False
mlbam-678226,Daysbel Hernández,2024,MLB,Atlanta Braves,pitcher,28.0,18.0,16.0,0.0,0.35135135135135137,0.14864864864864866,0.0,2.5,2.0444444444444443,37.0,37.0,2.5,2.5,Atlanta Braves,statsapi,False
mlbam-676130,José Buttó,2024,MLB,New York Mets,pitcher,26.0,74.0,30.0,7.0,0.2687074829931973,0.1292517006802721,0.075,2.55,3.7621621621621624,147.0,147.0,2.55,2.55,New York Mets,statsapi,False
mlbam-672391,Kaleb Ort,2024,MLB,Houston Astros,pitcher,32.0,24.666666666666668,22.0,0.0,0.27956989247311825,0.043010752688172046,0.2,2.55,5.167567567567568,46.5,46.5,2.55,2.55,Houston Astros,statsapi,False
mlbam-518397,Scott Alexander,2024,MLB,Oakland Athletics,pitcher,35.0,38.666666666666664,45.0,0.0,0.19375,0.1375,0.1111111111111111,2.56,3.8241379310344827,80.0,80.0,2.56,2.56,Oakland Athletics,statsapi,False
mlbam-554430,Zack Wheeler,2024,MLB,Philadelphia Phillies,pitcher,34.0,200.0,32.0,32.0,0.2846251588310038,0.06607369758576874,0.0947867298578199,2.57,3.06,393.5,393.5,2.57,2.57,Philadelphia Phillies,statsapi,False
mlbam-622503,Nabil Crismatt,2024,MLB,Los Angeles Dodgers,pitcher,30.0,7.0,5.0,0.0,0.23076923076923078,0.0,0.14285714285714285,2.57,3.242857142857143,13.0,13.0,2.57,2.57,Los Angeles Dodgers,statsapi,False
mlbam-688107,Robert Gasser,2024,MLB,Milwaukee Brewers,pitcher,25.0,28.0,5.0,5.0,0.14035087719298245,0.008771929824561403,0.05405405405405406,2.57,3.3142857142857145,57.0,57.0,2.57,2.57,Milwaukee Brewers,statsapi,False
mlbam-656671,Josh Maciejewski,2024,MLB,New York Yankees,pitcher,29.0,7.0,4.0,0.0,0.25925925925925924,0.07407407407407407,0.2,2.57,3.8142857142857145,13.5,13.5,2.57,2.57,New York Yankees,statsapi,False
mlbam-681882,Colin Selby,2024,MLB,Baltimore Orioles,pitcher,27.0,7.0,5.0,0.0,0.17857142857142858,0.14285714285714285,0.0,2.57,3.8142857142857145,14.0,14.0,2.57,2.57,Baltimore Orioles,statsapi,False
mlbam-676428,Brant Hurter,2024,MLB,Detroit Tigers,pitcher,26.0,45.333333333333336,10.0,1.0,0.21714285714285714,0.03428571428571429,0.09302325581395349,2.58,2.9676470588235295,87.5,87.5,2.58,2.58,Detroit Tigers,statsapi,False
mlbam-547184,Michael Kelly,2024,MLB,Oakland Athletics,pitcher,32.0,31.333333333333332,28.0,0.0,0.171875,0.0859375,0.04878048780487805,2.59,3.7702127659574467,64.0,64.0,2.59,2.59,Oakland Athletics,statsapi,False
mlbam-685801,Hunter Bigge,2024,MLB,Tampa Bay Rays,pitcher,26.0,17.333333333333332,19.0,1.0,0.3287671232876712,0.0684931506849315,0.10526315789473684,2.6,2.6961538461538463,36.5,36.5,2.6,2.6,Tampa Bay Rays,statsapi,False
mlbam-571882,Derek Law,2024,MLB,Washington Nationals,pitcher,34.0,90.0,75.0,0.0,0.20821917808219179,0.06575342465753424,0.08139534883720931,2.6,3.2555555555555555,182.5,182.5,2.6,2.6,Washington Nationals,statsapi,False
mlbam-607644,John Means,2024,MLB,Baltimore Orioles,pitcher,31.0,20.666666666666668,4.0,4.0,0.2,0.025,0.05405405405405406,2.61,3.2451612903225806,40.0,40.0,2.61,2.61,Baltimore Orioles,statsapi,False
mlbam-641729,Joe Jiménez,2024,MLB,Atlanta Braves,pitcher,29.0,68.66666666666667,69.0,0.0,0.296028880866426,0.08664259927797834,0.02531645569620253,2.62,2.2699029126213595,138.5,138.5,2.62,2.62,Atlanta Braves,statsapi,False
mlbam-621345,A.J. Minter,2024,MLB,Atlanta Braves,pitcher,31.0,34.333333333333336,39.0,0.0,0.26119402985074625,0.08955223880597014,0.15789473684210525,2.62,4.381553398058252,67.0,67.0,2.62,2.62,Atlanta Braves,statsapi,False
mlbam-641703,Brent Honeywell,2024,MLB,Los Angeles Dodgers,pitcher,29.0,37.666666666666664,20.0,1.0,0.12080536912751678,0.0738255033557047,0.06,2.63,4.215044247787611,74.5,74.5,2.63,2.63,Los Angeles Dodgers,statsapi,False
mlbam-605513,Spencer Turnbull,2024,MLB,Philadelphia Phillies,pitcher,32.0,54.333333333333336,17.0,7.0,0.26126126126126126,0.09009009009009009,0.11764705882352941,2.65,3.7809815950920247,111.0,111.0,2.65,2.65,Philadelphia Phillies,statsapi,False
mlbam-663460,Kris Bubic,2024,MLB,Kansas City Royals,pitcher,27.0,30.333333333333332,27.0,0.0,0.32231404958677684,0.06611570247933884,0.1,2.67,1.8802197802197802,60.5,60.5,2.67,2.67,Kansas City Royals,statsapi,False
mlbam-624522,Keegan Thompson,2024,MLB,Chicago Cubs,pitcher,29.0,30.333333333333332,24.0,0.0,0.28346456692913385,0.14173228346456693,0.09375,2.67,3.792307692307692,63.5,63.5,2.67,2.67,Chicago Cubs,statsapi,False
mlbam-687330,Kevin Kelly,2024,MLB,Tampa Bay Rays,pitcher,27.0,70.66666666666667,68.0,0.0,0.22661870503597123,0.03597122302158273,0.11475409836065574,2.67,3.199056603773585,139.0,139.0,2.67,2.67,Tampa Bay Rays,statsapi,False
mlbam-596001,Jakob Junis,2024,MLB,Cincinnati Reds,pitcher,32.0,67.0,24.0,6.0,0.2015810276679842,0.03162055335968379,0.09090909090909091,2.69,3.6223880597014926,126.5,126.5,2.69,2.69,Cincinnati Reds,statsapi,False
mlbam-571527,David Buchanan,2024,MLB,Cincinnati Reds,pitcher,35.0,3.3333333333333335,1.0,0.0,0.07142857142857142,0.14285714285714285,0.0,2.7,4.3,7.0,7.0,2.7,2.7,Cincinnati Reds,statsapi,False
mlbam-681347,Mike Burrows,2024,MLB,Pittsburgh Pirates,pitcher,25.0,3.3333333333333335,1.0,0.0,0.14285714285714285,0.21428571428571427,0.2,2.7,8.5,7.0,7.0,2.7,2.7,Pittsburgh Pirates,statsapi,False
mlbam-650895,Diego Castillo,2024,MLB,Minnesota Twins,pitcher,30.0,10.0,7.0,0.0,0.13953488372093023,0.18604651162790697,0.0,2.7,4.3,21.5,21.5,2.7,2.7,Minnesota Twins,statsapi,False
mlbam-641582,Matt Foster,2024,MLB,Chicago White Sox,pitcher,29.0,6.666666666666667,6.0,1.0,0.13333333333333333,0.16666666666666666,0.08333333333333333,2.7,6.1,15.0,15.0,2.7,2.7,Chicago White Sox,statsapi,False
mlbam-683618,Edgardo Henriquez,2024,MLB,Los Angeles Dodgers,pitcher,22.0,3.3333333333333335,3.0,0.0,0.35714285714285715,0.14285714285714285,0.0,2.7,1.9000000000000001,7.0,7.0,2.7,2.7,Los Angeles Dodgers,statsapi,False
mlbam-623451,Jackson Stephens,2024,MLB,Atlanta Braves,pitcher,30.0,3.3333333333333335,3.0,0.0,0.11764705882352941,0.058823529411764705,0.16666666666666666,2.7,7.6,8.5,8.5,2.7,2.7,Atlanta Braves,statsapi,False
mlbam-676604,Tyler Zuber,2024,MLB,Tampa Bay Rays,pitcher,29.0,3.3333333333333335,2.0,0.0,0.26666666666666666,0.13333333333333333,0.16666666666666666,2.7,6.4,7.5,7.5,2.7,2.7,Tampa Bay Rays,statsapi,False
mlbam-656730,Trevor Megill,2024,MLB,Milwaukee Brewers,pitcher,31.0,46.333333333333336,48.0,0.0,0.273224043715847,0.09836065573770492,0.07142857142857142,2.72,3.035251798561151,91.5,91.5,2.72,2.72,Milwaukee Brewers,statsapi,False
mlbam-571510,Matthew Boyd,2024,MLB,Cleveland Guardians,pitcher,33.0,39.666666666666664,8.0,8.0,0.27710843373493976,0.0783132530120482,0.08163265306122448,2.72,3.2260504201680673,83.0,83.0,2.72,2.72,Cleveland Guardians,statsapi,False
mlbam-680694,Kyle Bradish,2024,MLB,Baltimore Orioles,pitcher,28.0,39.333333333333336,8.0,8.0,0.32515337423312884,0.09202453987730061,0.07142857142857142,2.75,2.4389830508474577,81.5,81.5,2.75,2.75,Baltimore Orioles,statsapi,False
mlbam-676105,Jeff Criswell,2024,MLB,Colorado Rockies,pitcher,25.0,19.666666666666668,13.0,0.0,0.3103448275862069,0.10344827586206896,0.21052631578947367,2.75,4.523728813559322,43.5,43.5,2.75,2.75,Colorado Rockies,statsapi,False
mlbam-668881,Hunter Greene,2024,MLB,Cincinnati Reds,pitcher,25.0,150.33333333333334,26.0,26.0,0.2765957446808511,0.09328968903436989,0.06557377049180328,2.75,3.405986696230599,305.5,305.5,2.75,2.75,Cincinnati Reds,statsapi,False
mlbam-502171,Alex Cobb,2024,MLB,Cleveland Guardians,pitcher,37.0,16.333333333333332,3.0,3.0,0.16129032258064516,0.04838709677419355,0.08333333333333333,2.76,3.222448979591837,31.0,31.0,2.76,2.76,Cleveland Guardians,statsapi,False
mlbam-642121,Cole Sulser,2024,MLB,Tampa Bay Rays,pitcher,34.0,16.333333333333332,10.0,2.0,0.22727272727272727,0.15151515151515152,0.05,2.76,3.7122448979591836,33.0,33.0,2.76,2.76,Tampa Bay Rays,statsapi,False
mlbam-674285,Eduardo Salazar,2024,MLB,Washington Nationals,pitcher,26.0,29.333333333333332,26.0,0.0,0.20300751879699247,0.10526315789473684,0.09523809523809523,2.76,3.6795454545454547,66.5,66.5,2.76,2.76,Washington Nationals,statsapi,False
mlbam-663158,Robert Suarez,2024,MLB,San Diego Padres,pitcher,33.0,65.0,65.0,0.0,0.22868217054263565,0.06589147286821706,0.08641975308641975,2.77,3.4230769230769234,129.0,129.0,2.77,2.77,San Diego Padres,statsapi,False
mlbam-669854,Ronel Blanco,2024,MLB,Houston Astros,pitcher,31.0,167.33333333333334,30.0,29.0,0.2455621301775148,0.10059171597633136,0.10576923076923077,2.8,4.0800796812749,338.0,338.0,2.8,2.8,Houston Astros,statsapi,False
mlbam-552640,Andrew Kittredge,2024,MLB,St. Louis Cardinals,pitcher,34.0,70.66666666666667,74.0,0.0,0.23344947735191637,0.07665505226480836,0.12987012987012986,2.8,3.892452830188679,143.5,143.5,2.8,2.8,St. Louis Cardinals,statsapi,False
mlbam-643511,Tyler Rogers,2024,MLB,San Francisco Giants,pitcher,34.0,70.33333333333333,77.0,0.0,0.17586206896551723,0.027586206896551724,0.10144927536231885,2.82,3.498104265402844,145.0,145.0,2.82,2.82,San Francisco Giants,statsapi,False
mlbam-676684,Will Vest,2024,MLB,Detroit Tigers,pitcher,29.0,70.33333333333333,69.0,0.0,0.2179930795847751,0.06920415224913495,0.04054054054054054,2.82,2.7587677725118485,144.5,144.5,2.82,2.82,Detroit Tigers,statsapi,False
mlbam-656876,Drew Rasmussen,2024,MLB,Tampa Bay Rays,pitcher,29.0,28.666666666666668,16.0,4.0,0.3017241379310345,0.05172413793103448,0.0,2.83,1.2860465116279072,58.0,58.0,2.83,2.83,Tampa Bay Rays,statsapi,False
mlbam-670970,Adrian Morejon,2024,MLB,San Diego Padres,pitcher,25.0,63.666666666666664,60.0,0.0,0.2610294117647059,0.08455882352941177,0.0784313725490196,2.83,2.72303664921466,136.0,136.0,2.83,2.83,San Diego Padres,statsapi,False
mlbam-668968,Hans Crouse,2024,MLB,Los Angeles Angels,pitcher,26.0,25.333333333333332,25.0,0.0,0.3177570093457944,0.16822429906542055,0.06451612903225806,2.84,3.692105263157895,53.5,53.5,2.84,2.84,Los Angeles Angels,statsapi,False
mlbam-657376,Clarke Schmidt,2024,MLB,New York Yankees,pitcher,28.0,85.33333333333333,16.0,16.0,0.26345609065155806,0.08498583569405099,0.08888888888888889,2.85,3.51015625,176.5,176.5,2.85,2.85,New York Yankees,statsapi,False
mlbam-667463,John King,2024,MLB,St. Louis Cardinals,pitcher,30.0,60.0,56.0,0.0,0.1532258064516129,0.06048387096774194,0.09433962264150944,2.85,3.666666666666667,124.0,124.0,2.85,2.85,St. Louis Cardinals,statsapi,False
mlbam-676879,Aaron Ashby,2024,MLB,Milwaukee Brewers,pitcher,26.0,28.333333333333332,14.0,2.0,0.2773109243697479,0.08403361344537816,0.09523809523809523,2.86,2.7470588235294118,59.5,59.5,2.86,2.86,Milwaukee Brewers,statsapi,False
mlbam-663687,Hogan Harris,2024,MLB,Oakland Athletics,pitcher,28.0,72.33333333333333,21.0,9.0,0.2,0.10819672131147541,0.08333333333333333,2.86,4.1645161290322585,152.5,152.5,2.86,2.86,Oakland Athletics,statsapi,False
mlbam-622065,Alex Young,2024,MLB,New York Mets,pitcher,31.0,15.666666666666666,17.0,0.0,0.22058823529411764,0.10294117647058823,0.125,2.87,4.185106382978724,34.0,34.0,2.87,2.87,New York Mets,statsapi,False
mlbam-605347,Jorge López,2024,MLB,Chicago Cubs,pitcher,31.0,53.0,52.0,0.0,0.2304147465437788,0.09216589861751152,0.1111111111111111,2.89,3.8735849056603775,108.5,108.5,2.89,2.89,Chicago Cubs,statsapi,False
mlbam-596133,Luke Weaver,2024,MLB,New York Yankees,pitcher,31.0,84.0,62.0,0.0,0.311178247734139,0.07854984894259819,0.10638297872340426,2.89,3.2666666666666666,165.5,165.5,2.89,2.89,New York Yankees,statsapi,False
mlbam-693433,Bryan Woo,2024,MLB,Seattle Mariners,pitcher,24.0,121.33333333333333,22.0,22.0,0.21398305084745764,0.02754237288135593,0.08588957055214724,2.89,3.330769230769231,236.0,236.0,2.89,2.89,Seattle Mariners,statsapi,False
mlbam-656849,David Peterson,2024,MLB,New York Mets,pitcher,29.0,121.0,21.0,21.0,0.1980392156862745,0.09019607843137255,0.07017543859649122,2.9,3.6041322314049586,255.0,255.0,2.9,2.9,New York Mets,statsapi,False
mlbam-684007,Shota Imanaga,2024,MLB,Chicago Cubs,pitcher,31.0,173.33333333333334,29.0,29.0,0.2507204610951009,0.040345821325648415,0.11790393013100436,2.91,3.6538461538461537,347.0,347.0,2.91,2.91,Chicago Cubs,statsapi,False
mlbam-664285,Framber Valdez,2024,MLB,Houston Astros,pitcher,31.0,176.33333333333334,28.0,28.0,0.24039829302987198,0.07823613086770982,0.11607142857142858,2.91,3.1793950850661625,351.5,351.5,2.91,2.91,Houston Astros,statsapi,False
mlbam-669203,Corbin Burnes,2024,MLB,Baltimore Orioles,pitcher,30.0,194.33333333333334,32.0,32.0,0.2308673469387755,0.061224489795918366,0.10476190476190476,2.92,3.480789022298456,392.0,392.0,2.92,2.92,Baltimore Orioles,statsapi,False
mlbam-663989,Nick Vespi,2024,MLB,Baltimore Orioles,pitcher,29.0,12.333333333333334,11.0,0.0,0.1836734693877551,0.061224489795918366,0.06666666666666667,2.92,3.424324324324324,24.5,24.5,2.92,2.92,Baltimore Orioles,statsapi,False
mlbam-686580,Justin Slaten,2024,MLB,Boston Red Sox,pitcher,27.0,55.333333333333336,44.0,0.0,0.25892857142857145,0.04017857142857143,0.07407407407407407,2.93,2.5397590361445785,112.0,112.0,2.93,2.93,Boston Red Sox,statsapi,False
mlbam-682243,Bryce Miller,2024,MLB,Seattle Mariners,pitcher,26.0,180.33333333333334,31.0,31.0,0.24289772727272727,0.06534090909090909,0.08936170212765958,2.94,3.515896487985213,352.0,352.0,2.94,2.94,Seattle Mariners,statsapi,False
mlbam-669093,Jeremiah Estrada,2024,MLB,San Diego Padres,pitcher,26.0,61.0,62.0,0.0,0.373015873015873,0.09523809523809523,0.06349206349206349,2.95,2.001639344262295,126.0,126.0,2.95,2.95,San Diego Padres,statsapi,False
mlbam-650633,Michael King,2024,MLB,San Diego Padres,pitcher,29.0,173.66666666666666,31.0,30.0,0.2768595041322314,0.08953168044077135,0.09392265193370165,2.95,3.2669865642994242,363.0,363.0,2.95,2.95,San Diego Padres,statsapi,False
mlbam-665625,Elvis Peguero,2024,MLB,Milwaukee Brewers,pitcher,27.0,51.333333333333336,52.0,0.0,0.20704845814977973,0.13215859030837004,0.09302325581395349,2.98,3.976623376623377,113.5,113.5,2.98,2.98,Milwaukee Brewers,statsapi,False
mlbam-687396,Brent Headrick,2024,MLB,Minnesota Twins,pitcher,27.0,3.0,1.0,0.0,0.38461538461538464,0.15384615384615385,0.5,3.0,6.1,6.5,6.5,3.0,3.0,Minnesota Twins,statsapi,False
mlbam-543339,Daniel Hudson,2024,MLB,Los Angeles Dodgers,pitcher,37.0,63.0,65.0,0.0,0.2490118577075099,0.07905138339920949,0.11494252873563218,3.0,4.1158730158730155,126.5,126.5,3.0,3.0,Los Angeles Dodgers,statsapi,False
mlbam-668964,Tobias Myers,2024,MLB,Milwaukee Brewers,pitcher,26.0,138.0,27.0,25.0,0.22319859402460457,0.0632688927943761,0.10227272727272728,3.0,3.8463768115942027,284.5,284.5,3.0,3.0,Milwaukee Brewers,statsapi,False
mlbam-679156,Walter Pennington,2024,MLB,Texas Rangers,pitcher,26.0,18.0,16.0,1.0,0.20238095238095238,0.13095238095238096,0.0625,3.0,4.1,42.0,42.0,3.0,3.0,Texas Rangers,statsapi,False
mlbam-502085,David Robertson,2024,MLB,Texas Rangers,pitcher,39.0,72.0,68.0,0.0,0.3344594594594595,0.10472972972972973,0.08333333333333333,3.0,2.5861111111111112,148.0,148.0,3.0,3.0,Texas Rangers,statsapi,False
mlbam-663574,Tony Santillan,2024,MLB,Cincinnati Reds,pitcher,27.0,30.0,29.0,1.0,0.3770491803278688,0.07377049180327869,0.125,3.0,2.666666666666667,61.0,61.0,3.0,3.0,Cincinnati Reds,statsapi,False
mlbam-680739,Josh Winder,2024,MLB,Minnesota Twins,pitcher,28.0,9.0,4.0,0.0,0.2631578947368421,0.02631578947368421,0.0,3.0,1.8777777777777778,19.0,19.0,3.0,3.0,Minnesota Twins,statsapi,False
mlbam-808967,Yoshinobu Yamamoto,2024,MLB,Los Angeles Dodgers,pitcher,26.0,90.0,18.0,18.0,0.28532608695652173,0.059782608695652176,0.09210526315789473,3.0,2.5444444444444443,184.0,184.0,3.0,3.0,Los Angeles Dodgers,statsapi,False
mlbam-607625,Seth Lugo,2024,MLB,Kansas City Royals,pitcher,35.0,206.66666666666666,33.0,33.0,0.21650717703349281,0.05861244019138756,0.07142857142857142,3.0,3.182258064516129,418.0,418.0,3.0,3.0,Kansas City Royals,statsapi,False
mlbam-657097,Jacob Webb,2024,MLB,Baltimore Orioles,pitcher,31.0,56.666666666666664,60.0,0.0,0.24472573839662448,0.11814345991561181,0.0547945205479452,3.02,3.4529411764705884,118.5,118.5,3.02,3.02,Baltimore Orioles,statsapi,False
mlbam-571656,Buck Farmer,2024,MLB,Cincinnati Reds,pitcher,33.0,71.0,61.0,1.0,0.23411371237458195,0.11705685618729098,0.08139534883720931,3.04,3.9309859154929576,149.5,149.5,3.04,3.04,Cincinnati Reds,statsapi,False
mlbam-656529,Sam Hentges,2024,MLB,Cleveland Guardians,pitcher,28.0,23.666666666666668,25.0,0.0,0.2967032967032967,0.054945054945054944,0.15,3.04,3.1,45.5,45.5,3.04,3.04,Cleveland Guardians,statsapi,False
mlbam-606303,Joel Payamps,2024,MLB,Milwaukee Brewers,pitcher,30.0,59.0,68.0,0.0,0.251063829787234,0.09361702127659574,0.10144927536231885,3.05,3.659322033898305,117.5,117.5,3.05,3.05,Milwaukee Brewers,statsapi,False
mlbam-622098,Drew Smith,2024,MLB,New York Mets,pitcher,31.0,17.666666666666668,19.0,0.0,0.2911392405063291,0.11392405063291139,0.08,3.06,3.49622641509434,39.5,39.5,3.06,3.06,New York Mets,statsapi,False
mlbam-669358,Shane Baz,2024,MLB,Tampa Bay Rays,pitcher,25.0,79.33333333333333,14.0,14.0,0.21630094043887146,0.08463949843260188,0.08490566037735849,3.06,4.007563025210084,159.5,159.5,3.06,3.06,Tampa Bay Rays,statsapi,False
mlbam-657006,Justin Steele,2024,MLB,Chicago Cubs,pitcher,29.0,134.66666666666666,24.0,24.0,0.24324324324324326,0.06666666666666667,0.08108108108108109,3.07,3.1668316831683168,277.5,277.5,3.07,3.07,Chicago Cubs,statsapi,False
mlbam-607455,Anthony Banda,2024,MLB,Los Angeles Dodgers,pitcher,31.0,49.666666666666664,48.0,2.0,0.23923444976076555,0.11483253588516747,0.08620689655172414,3.08,3.6033557046979867,104.5,104.5,3.08,3.08,Los Angeles Dodgers,statsapi,False
mlbam-607259,Nick Martinez,2024,MLB,Cincinnati Reds,pitcher,34.0,142.33333333333334,42.0,16.0,0.20350877192982456,0.031578947368421054,0.06806282722513089,3.1,3.142154566744731,285.0,285.0,3.1,3.1,Cincinnati Reds,statsapi,False
mlbam-650556,Bryan Abreu,2024,MLB,Houston Astros,pitcher,27.0,78.33333333333333,78.0,0.0,0.3169230769230769,0.09846153846153846,0.10714285714285714,3.1,3.4191489361702128,162.5,162.5,3.1,3.1,Houston Astros,statsapi,False
mlbam-605483,Blake Snell,2024,MLB,San Francisco Giants,pitcher,32.0,104.0,20.0,20.0,0.34688995215311,0.10526315789473684,0.06315789473684211,3.12,2.3596153846153847,209.0,209.0,3.12,3.12,San Francisco Giants,statsapi,False
mlbam-656557,Tanner Houck,2024,MLB,Boston Red Sox,pitcher,28.0,178.66666666666666,30.0,30.0,0.2072678331090175,0.06594885598923284,0.0738255033557047,3.12,3.2511194029850747,371.5,371.5,3.12,3.12,Boston Red Sox,statsapi,False
mlbam-445926,Jesse Chavez,2024,MLB,Atlanta Braves,pitcher,41.0,63.333333333333336,46.0,0.0,0.20833333333333334,0.07575757575757576,0.14084507042253522,3.13,4.363157894736842,132.0,132.0,3.13,3.13,Atlanta Braves,statsapi,False
mlbam-669711,Greg Weissert,2024,MLB,Boston Red Sox,pitcher,29.0,63.333333333333336,62.0,0.0,0.22053231939163498,0.09125475285171103,0.0958904109589041,3.13,3.6526315789473687,131.5,131.5,3.13,3.13,Boston Red Sox,statsapi,False
mlbam-666142,Cole Ragans,2024,MLB,Kansas City Royals,pitcher,27.0,186.33333333333334,32.0,32.0,0.2926509186351706,0.08923884514435695,0.07936507936507936,3.14,2.928264758497317,381.0,381.0,3.14,3.14,Kansas City Royals,statsapi,False
mlbam-605280,Clay Holmes,2024,MLB,New York Yankees,pitcher,31.0,63.0,67.0,0.0,0.25092250922509224,0.08487084870848709,0.1,3.14,2.9571428571428573,135.5,135.5,3.14,3.14,New York Yankees,statsapi,False
mlbam-702352,Spencer Bivens,2024,MLB,San Francisco Giants,pitcher,30.0,48.666666666666664,27.0,2.0,0.18316831683168316,0.0594059405940594,0.16666666666666666,3.14,4.723287671232876,101.0,101.0,3.14,3.14,San Francisco Giants,statsapi,False
mlbam-666974,Yennier Cano,2024,MLB,Baltimore Orioles,pitcher,30.0,60.0,70.0,0.0,0.26104417670682734,0.10040160642570281,0.17142857142857143,3.15,3.4833333333333334,124.5,124.5,3.15,3.15,Baltimore Orioles,statsapi,False
mlbam-671345,Jason Foley,2024,MLB,Detroit Tigers,pitcher,29.0,60.0,69.0,0.0,0.184,0.088,0.07246376811594203,3.15,3.75,125.0,125.0,3.15,3.15,Detroit Tigers,statsapi,False
mlbam-608718,Brent Suter,2024,MLB,Cincinnati Reds,pitcher,35.0,65.66666666666667,47.0,3.0,0.18518518518518517,0.044444444444444446,0.11235955056179775,3.15,4.242131979695431,135.0,135.0,3.15,3.15,Cincinnati Reds,statsapi,False
mlbam-640462,A.J. Puk,2024,MLB,Arizona Diamondbacks,pitcher,29.0,71.33333333333333,62.0,4.0,0.29931972789115646,0.10204081632653061,0.0625,3.15,2.805607476635514,147.0,147.0,3.15,3.15,Arizona Diamondbacks,statsapi,False
mlbam-670059,Colin Holderman,2024,MLB,Pittsburgh Pirates,pitcher,29.0,51.333333333333336,55.0,0.0,0.25112107623318386,0.11210762331838565,0.1,3.16,4.190909090909091,111.5,111.5,3.16,3.16,Pittsburgh Pirates,statsapi,False
mlbam-669674,Sam Long,2024,MLB,Kansas City Royals,pitcher,29.0,42.666666666666664,43.0,0.0,0.25,0.10227272727272728,0.10869565217391304,3.16,3.8265625,88.0,88.0,3.16,3.16,Kansas City Royals,statsapi,False
mlbam-656427,Jack Flaherty,2024,MLB,Los Angeles Dodgers,pitcher,29.0,162.0,28.0,28.0,0.29892141756548535,0.05855161787365177,0.1411764705882353,3.17,3.408641975308642,324.5,324.5,3.17,3.17,Los Angeles Dodgers,statsapi,False
mlbam-642016,Daniel Robert,2024,MLB,Texas Rangers,pitcher,30.0,5.666666666666667,4.0,0.0,0.23076923076923078,0.07692307692307693,0.1111111111111111,3.18,5.394117647058824,13.0,13.0,3.18,3.18,Texas Rangers,statsapi,False
mlbam-686826,Bryce Jarvis,2024,MLB,Arizona Diamondbacks,pitcher,27.0,59.333333333333336,44.0,0.0,0.14728682170542637,0.1434108527131783,0.0821917808219178,3.19,5.055056179775281,129.0,129.0,3.19,3.19,Arizona Diamondbacks,statsapi,False
mlbam-676534,Calvin Faucher,2024,MLB,Miami Marlins,pitcher,29.0,53.666666666666664,53.0,0.0,0.2680851063829787,0.12340425531914893,0.0,3.19,2.429192546583851,117.5,117.5,3.19,3.19,Miami Marlins,statsapi,False
mlbam-642232,Ryan Yarbrough,2024,MLB,Toronto Blue Jays,pitcher,33.0,98.66666666666667,44.0,0.0,0.16331658291457288,0.08793969849246232,0.08527131782945736,3.19,4.569594594594594,199.0,199.0,3.19,3.19,Toronto Blue Jays,statsapi,False
mlbam-643338,Chad Green,2024,MLB,Toronto Blue Jays,pitcher,33.0,53.333333333333336,53.0,0.0,0.21904761904761905,0.08095238095238096,0.10526315789473684,3.21,4.225,105.0,105.0,3.21,3.21,Toronto Blue Jays,statsapi,False
mlbam-656464,Kevin Ginkel,2024,MLB,Arizona Diamondbacks,pitcher,30.0,70.0,72.0,0.0,0.2646048109965636,0.05154639175257732,0.08571428571428572,3.21,2.7857142857142856,145.5,145.5,3.21,3.21,Arizona Diamondbacks,statsapi,False
mlbam-669302,Logan Gilbert,2024,MLB,Seattle Mariners,pitcher,27.0,208.66666666666666,33.0,33.0,0.273972602739726,0.047322540473225407,0.11607142857142858,3.23,3.2006389776357826,401.5,401.5,3.23,3.23,Seattle Mariners,statsapi,False
mlbam-660896,Jorge Alcala,2024,MLB,Minnesota Twins,pitcher,29.0,58.333333333333336,54.0,0.0,0.24680851063829787,0.08936170212765958,0.10810810810810811,3.24,4.077142857142857,117.5,117.5,3.24,3.24,Minnesota Twins,statsapi,False
mlbam-656457,Tyler Gilbert,2024,MLB,Philadelphia Phillies,pitcher,31.0,8.333333333333334,6.0,0.0,0.10526315789473684,0.05263157894736842,0.07142857142857142,3.24,4.78,19.0,19.0,3.24,3.24,Philadelphia Phillies,statsapi,False
mlbam-671131,Jackson Rutledge,2024,MLB,Washington Nationals,pitcher,25.0,8.333333333333334,3.0,1.0,0.2647058823529412,0.058823529411764705,0.14285714285714285,3.24,3.58,17.0,17.0,3.24,3.24,Washington Nationals,statsapi,False
mlbam-608331,Max Fried,2024,MLB,Atlanta Braves,pitcher,30.0,174.33333333333334,29.0,29.0,0.23249299719887956,0.07983193277310924,0.10569105691056911,3.25,3.2663479923518164,357.0,357.0,3.25,3.25,Atlanta Braves,statsapi,False
mlbam-657044,Ryan Thompson,2024,MLB,Arizona Diamondbacks,pitcher,32.0,66.33333333333333,67.0,0.0,0.19117647058823528,0.0625,0.10416666666666667,3.26,3.235678391959799,136.0,136.0,3.26,3.26,Arizona Diamondbacks,statsapi,False
mlbam-678692,Ronny Henriquez,2024,MLB,Minnesota Twins,pitcher,24.0,19.333333333333332,16.0,1.0,0.18292682926829268,0.07317073170731707,0.1,3.26,3.9793103448275864,41.0,41.0,3.26,3.26,Minnesota Twins,statsapi,False
mlbam-650671,José Quijada,2024,MLB,Los Angeles Angels,pitcher,29.0,19.333333333333332,22.0,0.0,0.2857142857142857,0.20238095238095238,0.043478260869565216,3.26,4.2379310344827585,42.0,42.0,3.26,3.26,Los Angeles Angels,statsapi,False
mlbam-592791,Jameson Taillon,2024,MLB,Chicago Cubs,pitcher,33.0,165.33333333333334,28.0,28.0,0.18518518518518517,0.04888888888888889,0.09375,3.27,3.856048387096774,337.5,337.5,3.27,3.27,Chicago Cubs,statsapi,False
mlbam-605488,Jeffrey Springs,2024,MLB,Tampa Bay Rays,pitcher,32.0,33.0,7.0,7.0,0.2605633802816901,0.07746478873239436,0.12195121951219512,3.27,3.9181818181818184,71.0,71.0,3.27,3.27,Tampa Bay Rays,statsapi,False
mlbam-663485,Cole Sands,2024,MLB,Minnesota Twins,pitcher,27.0,71.33333333333333,62.0,0.0,0.2910958904109589,0.0410958904109589,0.07142857142857142,3.28,2.567289719626168,146.0,146.0,3.28,3.28,Minnesota Twins,statsapi,False
mlbam-445276,Kenley Jansen,2024,MLB,Boston Red Sox,pitcher,37.0,54.666666666666664,54.0,0.0,0.28440366972477066,0.10091743119266056,0.058823529411764705,3.29,2.9353658536585368,109.0,109.0,3.29,3.29,Boston Red Sox,statsapi,False
mlbam-607200,Erick Fedde,2024,MLB,St. Louis Cardinals,pitcher,31.0,177.33333333333334,31.0,31.0,0.21212121212121213,0.07162534435261708,0.08968609865470852,3.3,3.793609022556391,363.0,363.0,3.3,3.3,St. Louis Cardinals,statsapi,False
mlbam-670102,Bowden Francis,2024,MLB,Toronto Blue Jays,pitcher,28.0,103.66666666666667,27.0,13.0,0.22549019607843138,0.05392156862745098,0.11258278145695365,3.3,4.296141479099679,204.0,204.0,3.3,3.3,Toronto Blue Jays,statsapi,False
mlbam-672578,Carlos Hernández,2024,MLB,Kansas City Royals,pitcher,27.0,30.0,27.0,0.0,0.20930232558139536,0.12403100775193798,0.02127659574468085,3.3,3.4333333333333336,64.5,64.5,3.3,3.3,Kansas City Royals,statsapi,False
mlbam-506433,Yu Darvish,2024,MLB,San Diego Padres,pitcher,38.0,81.66666666666667,16.0,16.0,0.23564954682779457,0.06646525679758308,0.11214953271028037,3.31,4.018367346938776,165.5,165.5,3.31,3.31,San Diego Padres,statsapi,False
mlbam-519326,Hunter Strickland,2024,MLB,Los Angeles Angels,pitcher,36.0,73.33333333333333,72.0,0.0,0.19387755102040816,0.08503401360544217,0.09090909090909091,3.31,4.381818181818182,147.0,147.0,3.31,3.31,Los Angeles Angels,statsapi,False
mlbam-547179,Michael Lorenzen,2024,MLB,Kansas City Royals,pitcher,32.0,130.33333333333334,26.0,24.0,0.18097014925373134,0.11194029850746269,0.10365853658536585,3.31,4.826342710997443,268.0,268.0,3.31,3.31,Kansas City Royals,statsapi,False
mlbam-672860,Prelander Berroa,2024,MLB,Chicago White Sox,pitcher,24.0,19.0,17.0,0.0,0.3132530120481928,0.1686746987951807,0.1,3.32,3.942105263157895,41.5,41.5,3.32,3.32,Chicago White Sox,statsapi,False
mlbam-682847,Luis Ortiz,2024,MLB,Pittsburgh Pirates,pitcher,25.0,135.66666666666666,37.0,15.0,0.19244604316546762,0.08093525179856115,0.0903954802259887,3.32,4.1835380835380835,278.0,278.0,3.32,3.32,Pittsburgh Pirates,statsapi,False
mlbam-669211,Keegan Akin,2024,MLB,Baltimore Orioles,pitcher,29.0,78.66666666666667,66.0,0.0,0.30990415335463256,0.06389776357827476,0.0967741935483871,3.32,2.922033898305085,156.5,156.5,3.32,3.32,Baltimore Orioles,statsapi,False
mlbam-650911,Cristopher Sánchez,2024,MLB,Philadelphia Phillies,pitcher,28.0,181.66666666666666,31.0,31.0,0.20291777188328913,0.058355437665782495,0.07746478873239436,3.32,2.9293577981651375,377.0,377.0,3.32,3.32,Philadelphia Phillies,statsapi,False
mlbam-622786,Jesus Tinoco,2024,MLB,Miami Marlins,pitcher,29.0,40.666666666666664,32.0,0.0,0.25925925925925924,0.08024691358024691,0.06521739130434782,3.32,3.1,81.0,81.0,3.32,3.32,Miami Marlins,statsapi,False
mlbam-663738,Daniel Lynch IV,2024,MLB,Kansas City Royals,pitcher,28.0,43.333333333333336,16.0,3.0,0.22413793103448276,0.08045977011494253,0.11764705882352941,3.32,4.346153846153847,87.0,87.0,3.32,3.32,Kansas City Royals,statsapi,False
mlbam-594580,Sam Moll,2024,MLB,Cincinnati Reds,pitcher,32.0,37.666666666666664,48.0,0.0,0.25,0.10526315789473684,0.07317073170731707,3.35,3.392035398230089,76.0,76.0,3.35,3.35,Cincinnati Reds,statsapi,False
mlbam-680885,Spencer Schwellenbach,2024,MLB,Atlanta Braves,pitcher,24.0,123.66666666666667,21.0,21.0,0.254,0.048,0.11023622047244094,3.35,3.2212938005390837,250.0,250.0,3.35,3.35,Atlanta Braves,statsapi,False
mlbam-608379,Michael Wacha,2024,MLB,Kansas City Royals,pitcher,33.0,166.66666666666666,29.0,29.0,0.2116788321167883,0.06715328467153285,0.08585858585858586,3.35,3.5860000000000003,342.5,342.5,3.35,3.35,Kansas City Royals,statsapi,False
mlbam-668941,JoJo Romero,2024,MLB,St. Louis Cardinals,pitcher,28.0,59.0,65.0,0.0,0.20987654320987653,0.06584362139917696,0.13559322033898305,3.36,4.2016949152542376,121.5,121.5,3.36,3.36,St. Louis Cardinals,statsapi,False
mlbam-668674,Lucas Erceg,2024,MLB,Kansas City Royals,pitcher,29.0,61.666666666666664,61.0,0.0,0.2845849802371542,0.07114624505928854,0.05660377358490566,3.36,2.467567567567568,126.5,126.5,3.36,3.36,Kansas City Royals,statsapi,False
mlbam-657612,Tim Hill,2024,MLB,New York Yankees,pitcher,34.0,67.0,62.0,0.0,0.10652920962199312,0.07216494845360824,0.0425531914893617,3.36,3.502985074626866,145.5,145.5,3.36,3.36,New York Yankees,statsapi,False
mlbam-592155,Cam Booser,2024,MLB,Boston Red Sox,pitcher,32.0,42.666666666666664,43.0,0.0,0.23497267759562843,0.09289617486338798,0.07936507936507936,3.38,3.7328125,91.5,91.5,3.38,3.38,Boston Red Sox,statsapi,False
mlbam-678606,José A. Ferrer,2024,MLB,Washington Nationals,pitcher,24.0,32.0,31.0,0.0,0.1937984496124031,0.046511627906976744,0.03125,3.38,2.69375,64.5,64.5,3.38,3.38,Washington Nationals,statsapi,False
mlbam-669796,Jose E. Hernandez,2024,MLB,Pittsburgh Pirates,pitcher,27.0,5.333333333333333,7.0,0.0,0.16,0.2,0.09090909090909091,3.38,6.2875,12.5,12.5,3.38,3.38,Pittsburgh Pirates,statsapi,False
mlbam-669387,Carmen Mlodzinski,2024,MLB,Pittsburgh Pirates,pitcher,25.0,50.666666666666664,40.0,4.0,0.22009569377990432,0.09569377990430622,0.05660377358490566,3.38,3.2973684210526315,104.5,104.5,3.38,3.38,Pittsburgh Pirates,statsapi,False
mlbam-673540,Kodai Senga,2024,MLB,New York Mets,pitcher,31.0,5.333333333333333,1.0,1.0,0.45,0.05,0.16666666666666666,3.38,3.2875,10.0,10.0,3.38,3.38,New York Mets,statsapi,False
mlbam-685107,Anthony Veneziano,2024,MLB,Miami Marlins,pitcher,27.0,13.333333333333334,12.0,0.0,0.2413793103448276,0.05172413793103448,0.058823529411764705,3.38,2.875,29.0,29.0,3.38,3.38,Miami Marlins,statsapi,False
mlbam-674370,Osvaldo Bido,2024,MLB,Oakland Athletics,pitcher,29.0,63.333333333333336,16.0,9.0,0.24324324324324326,0.10424710424710425,0.03529411764705882,3.41,3.2894736842105265,129.5,129.5,3.41,3.41,Oakland Athletics,statsapi,False
mlbam-543037,Gerrit Cole,2024,MLB,New York Yankees,pitcher,34.0,95.0,17.0,17.0,0.25384615384615383,0.07692307692307693,0.09401709401709402,3.41,3.626315789473684,195.0,195.0,3.41,3.41,New York Yankees,statsapi,False
mlbam-681402,Gus Varland,2024,MLB,Chicago White Sox,pitcher,28.0,26.333333333333332,26.0,0.0,0.23478260869565218,0.0782608695652174,0.06896551724137931,3.42,3.062025316455696,57.5,57.5,3.42,3.42,Chicago White Sox,statsapi,False
mlbam-667755,José Soriano,2024,MLB,Los Angeles Angels,pitcher,26.0,113.0,22.0,20.0,0.20726495726495728,0.09829059829059829,0.10256410256410256,3.42,3.7371681415929205,234.0,234.0,3.42,3.42,Los Angeles Angels,statsapi,False
mlbam-671305,Michel Otañez,2024,MLB,Oakland Athletics,pitcher,27.0,34.0,36.0,0.0,0.36423841059602646,0.13245033112582782,0.06896551724137931,3.44,2.658823529411765,75.5,75.5,3.44,3.44,Oakland Athletics,statsapi,False
mlbam-622075,Yency Almonte,2024,MLB,Chicago Cubs,pitcher,30.0,15.666666666666666,17.0,0.0,0.29850746268656714,0.13432835820895522,0.058823529411764705,3.45,3.2914893617021277,33.5,33.5,3.45,3.45,Chicago Cubs,statsapi,False
mlbam-455119,Chris Martin,2024,MLB,Boston Red Sox,pitcher,38.0,44.333333333333336,45.0,0.0,0.2777777777777778,0.022222222222222223,0.12195121951219512,3.45,2.716541353383459,90.0,90.0,3.45,3.45,Boston Red Sox,statsapi,False
mlbam-656629,Michael Kopech,2024,MLB,Los Angeles Dodgers,pitcher,28.0,67.66666666666667,67.0,0.0,0.3154121863799283,0.12903225806451613,0.12162162162162163,3.46,3.9571428571428573,139.5,139.5,3.46,3.46,Los Angeles Dodgers,statsapi,False
mlbam-554340,Yimi García,2024,MLB,Seattle Mariners,pitcher,34.0,39.0,39.0,0.0,0.3202614379084967,0.09803921568627451,0.11764705882352941,3.46,3.6641025641025644,76.5,76.5,3.46,3.46,Seattle Mariners,statsapi,False
mlbam-681432,Luke Little,2024,MLB,Chicago Cubs,pitcher,24.0,26.0,30.0,1.0,0.25688073394495414,0.1743119266055046,0.08333333333333333,3.46,3.9846153846153847,54.5,54.5,3.46,3.46,Chicago Cubs,statsapi,False
mlbam-624133,Ranger Suarez,2024,MLB,Philadelphia Phillies,pitcher,29.0,150.66666666666666,27.0,27.0,0.23162939297124602,0.0670926517571885,0.11023622047244094,3.46,3.2991150442477877,313.0,313.0,3.46,3.46,Philadelphia Phillies,statsapi,False
mlbam-640455,Sean Manaea,2024,MLB,New York Mets,pitcher,32.0,181.66666666666666,32.0,32.0,0.24932249322493225,0.08536585365853659,0.09292035398230089,3.47,3.7660550458715596,369.0,369.0,3.47,3.47,New York Mets,statsapi,False
mlbam-656302,Dylan Cease,2024,MLB,San Diego Padres,pitcher,29.0,189.33333333333334,33.0,33.0,0.29396325459317585,0.08530183727034121,0.08823529411764706,3.47,3.031338028169014,381.0,381.0,3.47,3.47,San Diego Padres,statsapi,False
mlbam-676440,Tanner Bibee,2024,MLB,Cleveland Guardians,pitcher,25.0,173.66666666666666,31.0,31.0,0.2633802816901408,0.061971830985915494,0.10377358490566038,3.47,3.491554702495202,355.0,355.0,3.47,3.47,Cleveland Guardians,statsapi,False
mlbam-657277,Logan Webb,2024,MLB,San Francisco Giants,pitcher,28.0,204.66666666666666,33.0,33.0,0.20451843043995244,0.06302021403091558,0.0728476821192053,3.47,2.8801302931596093,420.5,420.5,3.47,3.47,San Francisco Giants,statsapi,False
mlbam-642048,Tayler Saucedo,2024,MLB,Seattle Mariners,pitcher,31.0,38.666666666666664,53.0,0.0,0.2289156626506024,0.12650602409638553,0.08108108108108109,3.49,3.6948275862068964,83.0,83.0,3.49,3.49,Seattle Mariners,statsapi,False
mlbam-607192,Tyler Glasnow,2024,MLB,Los Angeles Dodgers,pitcher,31.0,134.0,22.0,22.0,0.3218390804597701,0.06704980842911877,0.12605042016806722,3.49,2.8313432835820898,261.0,261.0,3.49,3.49,Los Angeles Dodgers,statsapi,False
mlbam-686613,Hunter Brown,2024,MLB,Houston Astros,pitcher,26.0,170.0,31.0,30.0,0.25140449438202245,0.08426966292134831,0.11042944785276074,3.49,3.5176470588235293,356.0,356.0,3.49,3.49,Houston Astros,statsapi,False
mlbam-519151,Ryan Pressly,2024,MLB,Houston Astros,pitcher,36.0,56.666666666666664,59.0,0.0,0.23770491803278687,0.07377049180327869,0.07547169811320754,3.49,3.0294117647058822,122.0,122.0,3.49,3.49,Houston Astros,statsapi,False
mlbam-661563,Luis Gil,2024,MLB,New York Yankees,pitcher,26.0,151.66666666666666,29.0,29.0,0.2684458398744113,0.12087912087912088,0.0967741935483871,3.5,4.069230769230769,318.5,318.5,3.5,3.5,New York Yankees,statsapi,False
mlbam-681676,Ryan Fernandez,2024,MLB,St. Louis Cardinals,pitcher,26.0,66.66666666666667,62.0,0.0,0.24912280701754386,0.12982456140350876,0.06349206349206349,3.51,3.2800000000000002,142.5,142.5,3.51,3.51,St. Louis Cardinals,statsapi,False
mlbam-605177,Andrew Chafin,2024,MLB,Texas Rangers,pitcher,34.0,56.333333333333336,62.0,0.0,0.2845528455284553,0.14227642276422764,0.08196721311475409,3.51,3.4727810650887574,123.0,123.0,3.51,3.51,Texas Rangers,statsapi,False
mlbam-621242,Edwin Díaz,2024,MLB,New York Mets,pitcher,30.0,53.666666666666664,54.0,0.0,0.3888888888888889,0.09259259259259259,0.1590909090909091,3.52,2.950931677018634,108.0,108.0,3.52,3.52,New York Mets,statsapi,False
mlbam-681857,Reese Olson,2024,MLB,Detroit Tigers,pitcher,25.0,112.33333333333333,22.0,22.0,0.2172043010752688,0.07096774193548387,0.06666666666666667,3.53,3.1,232.5,232.5,3.53,3.53,Detroit Tigers,statsapi,False
mlbam-694813,Gavin Stone,2024,MLB,Los Angeles Dodgers,pitcher,26.0,140.33333333333334,25.0,25.0,0.2,0.06379310344827586,0.10843373493975904,3.53,3.947980997624703,290.0,290.0,3.53,3.53,Los Angeles Dodgers,statsapi,False
mlbam-669923,George Kirby,2024,MLB,Seattle Mariners,pitcher,26.0,191.0,33.0,33.0,0.2300771208226221,0.02956298200514139,0.09361702127659574,3.53,3.194240837696335,389.0,389.0,3.53,3.53,Seattle Mariners,statsapi,False
mlbam-518489,Ryan Brasier,2024,MLB,Los Angeles Dodgers,pitcher,37.0,28.0,29.0,4.0,0.22727272727272727,0.045454545454545456,0.08823529411764706,3.54,3.242857142857143,55.0,55.0,3.54,3.54,Los Angeles Dodgers,statsapi,False
mlbam-674003,Cody Bradford,2024,MLB,Texas Rangers,pitcher,26.0,76.33333333333333,14.0,13.0,0.22727272727272727,0.04220779220779221,0.09523809523809523,3.54,3.519213973799127,154.0,154.0,3.54,3.54,Texas Rangers,statsapi,False
mlbam-656550,Grant Holmes,2024,MLB,Atlanta Braves,pitcher,28.0,68.33333333333333,26.0,7.0,0.24822695035460993,0.06028368794326241,0.08974358974358974,3.56,3.129268292682927,141.0,141.0,3.56,3.56,Atlanta Braves,statsapi,False
mlbam-605400,Aaron Nola,2024,MLB,Philadelphia Phillies,pitcher,31.0,199.33333333333334,33.0,33.0,0.24024390243902438,0.06097560975609756,0.14084507042253522,3.57,3.8775919732441473,410.0,410.0,3.57,3.57,Philadelphia Phillies,statsapi,False
mlbam-664126,Pete Fairbanks,2024,MLB,Tampa Bay Rays,pitcher,31.0,45.333333333333336,46.0,0.0,0.23783783783783785,0.10270270270270271,0.07692307692307693,3.57,3.4308823529411767,92.5,92.5,3.57,3.57,Tampa Bay Rays,statsapi,False
mlbam-676979,Garrett Crochet,2024,MLB,Chicago White Sox,pitcher,25.0,146.0,32.0,32.0,0.35126050420168065,0.05546218487394958,0.13333333333333333,3.58,2.6205479452054794,297.5,297.5,3.58,3.58,Chicago White Sox,statsapi,False
mlbam-694738,Landen Roupp,2024,MLB,San Francisco Giants,pitcher,26.0,50.333333333333336,23.0,4.0,0.21658986175115208,0.11981566820276497,0.044444444444444446,3.58,3.3582781456953645,108.5,108.5,3.58,3.58,San Francisco Giants,statsapi,False
mlbam-676962,Ben Brown,2024,MLB,Chicago Cubs,pitcher,25.0,55.333333333333336,15.0,8.0,0.2882882882882883,0.08558558558558559,0.07692307692307693,3.58,3.045783132530121,111.0,111.0,3.58,3.58,Chicago Cubs,statsapi,False
mlbam-607481,Aaron Bummer,2024,MLB,Atlanta Braves,pitcher,31.0,55.333333333333336,56.0,0.0,0.2827868852459016,0.08196721311475409,0.05555555555555555,3.58,2.160240963855422,122.0,122.0,3.58,3.58,Atlanta Braves,statsapi,False
mlbam-676702,Hunter Stratton,2024,MLB,Pittsburgh Pirates,pitcher,28.0,37.666666666666664,36.0,0.0,0.2088607594936709,0.04430379746835443,0.06382978723404255,3.58,3.179646017699115,79.0,79.0,3.58,3.58,Pittsburgh Pirates,statsapi,False
mlbam-661527,Seth Martinez,2024,MLB,Houston Astros,pitcher,30.0,52.666666666666664,44.0,0.0,0.16216216216216217,0.08558558558558559,0.1076923076923077,3.59,4.713924050632912,111.0,111.0,3.59,3.59,Houston Astros,statsapi,False
mlbam-650893,Génesis Cabrera,2024,MLB,Toronto Blue Jays,pitcher,28.0,62.666666666666664,69.0,0.0,0.18450184501845018,0.12177121771217712,0.13513513513513514,3.59,5.062765957446809,135.5,135.5,3.59,3.59,Toronto Blue Jays,statsapi,False
mlbam-689225,Beau Brieske,2024,MLB,Detroit Tigers,pitcher,26.0,67.66666666666667,46.0,12.0,0.24468085106382978,0.11347517730496454,0.06172839506172839,3.59,3.4399014778325125,141.0,141.0,3.59,3.59,Detroit Tigers,statsapi,False
mlbam-621107,Zach Eflin,2024,MLB,Baltimore Orioles,pitcher,30.0,165.33333333333334,28.0,28.0,0.195906432748538,0.03508771929824561,0.10576923076923077,3.59,3.698790322580645,342.0,342.0,3.59,3.59,Baltimore Orioles,statsapi,False
mlbam-686752,Ryan Pepiot,2024,MLB,Tampa Bay Rays,pitcher,27.0,130.0,26.0,26.0,0.2634508348794063,0.08905380333951762,0.10429447852760736,3.6,3.8846153846153846,269.5,269.5,3.6,3.6,Tampa Bay Rays,statsapi,False
mlbam-657746,Joe Ryan,2024,MLB,Minnesota Twins,pitcher,28.0,135.0,23.0,23.0,0.2732342007434944,0.04275092936802974,0.11377245508982035,3.6,3.3740740740740742,269.0,269.0,3.6,3.6,Minnesota Twins,statsapi,False
mlbam-621244,José Berríos,2024,MLB,Toronto Blue Jays,pitcher,30.0,192.33333333333334,32.0,32.0,0.1946564885496183,0.06997455470737914,0.13537117903930132,3.6,4.649393414211438,393.0,393.0,3.6,3.6,Toronto Blue Jays,statsapi,False
mlbam-663423,Trent Thornton,2024,MLB,Seattle Mariners,pitcher,31.0,72.33333333333333,71.0,0.0,0.2619047619047619,0.06802721088435375,0.1038961038961039,3.61,3.404147465437788,147.0,147.0,3.61,3.61,Seattle Mariners,statsapi,False
mlbam-656412,Alex Faedo,2024,MLB,Detroit Tigers,pitcher,29.0,57.333333333333336,37.0,6.0,0.22357723577235772,0.11382113821138211,0.12,3.61,4.844186046511628,123.0,123.0,3.61,3.61,Detroit Tigers,statsapi,False
mlbam-623465,Evan Phillips,2024,MLB,Los Angeles Dodgers,pitcher,30.0,54.666666666666664,61.0,0.0,0.27631578947368424,0.07894736842105263,0.10526315789473684,3.62,3.209756097560976,114.0,114.0,3.62,3.62,Los Angeles Dodgers,statsapi,False
mlbam-676614,Bryan Sammons,2024,MLB,Detroit Tigers,pitcher,29.0,27.333333333333332,6.0,0.0,0.17307692307692307,0.08653846153846154,0.11320754716981132,3.62,5.734146341463415,52.0,52.0,3.62,3.62,Detroit Tigers,statsapi,False
mlbam-641793,Zack Littell,2024,MLB,Tampa Bay Rays,pitcher,29.0,156.33333333333334,29.0,29.0,0.2149390243902439,0.04725609756097561,0.102803738317757,3.63,3.816417910447761,328.0,328.0,3.63,3.63,Tampa Bay Rays,statsapi,False
mlbam-543859,Michael Tonkin,2024,MLB,Minnesota Twins,pitcher,35.0,79.33333333333333,57.0,0.0,0.25,0.09117647058823529,0.06896551724137931,3.63,3.377310924369748,170.0,170.0,3.63,3.63,Minnesota Twins,statsapi,False
mlbam-677960,Ryan Weathers,2024,MLB,Miami Marlins,pitcher,25.0,86.66666666666667,16.0,16.0,0.21798365122615804,0.0681198910081744,0.11224489795918367,3.63,4.046153846153846,183.5,183.5,3.63,3.63,Miami Marlins,statsapi,False
mlbam-661395,Jhoan Duran,2024,MLB,Minnesota Twins,pitcher,26.0,54.333333333333336,58.0,0.0,0.2894736842105263,0.07456140350877193,0.13333333333333333,3.64,2.787116564417178,114.0,114.0,3.64,3.64,Minnesota Twins,statsapi,False
mlbam-622491,Luis Castillo,2024,MLB,Seattle Mariners,pitcher,32.0,175.33333333333334,30.0,30.0,0.24339360222531292,0.06815020862308763,0.11737089201877934,3.64,3.847148288973384,359.5,359.5,3.64,3.64,Seattle Mariners,statsapi,False
mlbam-668678,Zac Gallen,2024,MLB,Arizona Diamondbacks,pitcher,29.0,148.0,28.0,28.0,0.25120772946859904,0.08695652173913043,0.09090909090909091,3.65,3.3094594594594597,310.5,310.5,3.65,3.65,Arizona Diamondbacks,statsapi,False
mlbam-689017,Landon Knack,2024,MLB,Los Angeles Dodgers,pitcher,27.0,69.0,15.0,12.0,0.24125874125874125,0.06293706293706294,0.12844036697247707,3.65,4.65072463768116,143.0,143.0,3.65,3.65,Los Angeles Dodgers,statsapi,False
mlbam-664208,Phil Maton,2024,MLB,New York Mets,pitcher,31.0,64.0,71.0,0.0,0.22641509433962265,0.09433962264150944,0.10294117647058823,3.66,4.19375,132.5,132.5,3.66,3.66,New York Mets,statsapi,False
mlbam-670167,John Schreiber,2024,MLB,Kansas City Royals,pitcher,30.0,51.666666666666664,59.0,0.0,0.20535714285714285,0.09375,0.018867924528301886,3.66,2.9645161290322584,112.0,112.0,3.66,3.66,Kansas City Royals,statsapi,False
mlbam-678368,Valente Bellozo,2024,MLB,Miami Marlins,pitcher,24.0,68.66666666666667,13.0,13.0,0.14915254237288136,0.07457627118644068,0.1171875,3.67,5.663106796116505,147.5,147.5,3.67,3.67,Miami Marlins,statsapi,False
mlbam-572955,Pierce Johnson,2024,MLB,Atlanta Braves,pitcher,33.0,56.333333333333336,58.0,0.0,0.2838983050847458,0.11016949152542373,0.12,3.67,3.5437869822485206,118.0,118.0,3.67,3.67,Atlanta Braves,statsapi,False
mlbam-640448,Kyle Finnegan,2024,MLB,Washington Nationals,pitcher,33.0,63.666666666666664,65.0,0.0,0.22140221402214022,0.0996309963099631,0.12857142857142856,3.68,4.183769633507854,135.5,135.5,3.68,3.68,Washington Nationals,statsapi,False
mlbam-642547,Freddy Peralta,2024,MLB,Milwaukee Brewers,pitcher,28.0,173.66666666666666,32.0,32.0,0.27586206896551724,0.09379310344827586,0.12871287128712872,3.68,4.090403071017275,362.5,362.5,3.68,3.68,Milwaukee Brewers,statsapi,False
mlbam-621053,Tyler Ferguson,2024,MLB,Oakland Athletics,pitcher,31.0,51.333333333333336,48.0,0.0,0.2995169082125604,0.12560386473429952,0.07547169811320754,3.68,3.216883116883117,103.5,103.5,3.68,3.68,Oakland Athletics,statsapi,False
mlbam-608723,Austin Voth,2024,MLB,Seattle Mariners,pitcher,32.0,61.0,68.0,0.0,0.24596774193548387,0.07258064516129033,0.1111111111111111,3.69,4.050819672131148,124.0,124.0,3.69,3.69,Seattle Mariners,statsapi,False
mlbam-666201,Alek Manoah,2024,MLB,Toronto Blue Jays,pitcher,26.0,24.333333333333332,5.0,5.0,0.2524271844660194,0.07766990291262135,0.14705882352941177,3.7,5.1136986301369864,51.5,51.5,3.7,3.7,Toronto Blue Jays,statsapi,False
mlbam-622251,Josh Staumont,2024,MLB,Minnesota Twins,pitcher,31.0,24.333333333333332,25.0,0.0,0.17647058823529413,0.13725490196078433,0.0,3.7,3.4698630136986304,51.0,51.0,3.7,3.7,Minnesota Twins,statsapi,False
mlbam-544150,Albert Suárez,2024,MLB,Baltimore Orioles,pitcher,35.0,133.66666666666666,32.0,24.0,0.1911504424778761,0.07787610619469026,0.08854166666666667,3.7,4.169825436408978,282.5,282.5,3.7,3.7,Baltimore Orioles,statsapi,False
mlbam-614179,José Ruiz,2024,MLB,Philadelphia Phillies,pitcher,30.0,51.0,52.0,0.0,0.23963133640552994,0.08294930875576037,0.13333333333333333,3.71,4.158823529411765,108.5,108.5,3.71,3.71,Philadelphia Phillies,statsapi,False
mlbam-663903,Brady Singer,2024,MLB,Kansas City Royals,pitcher,28.0,179.66666666666666,32.0,32.0,0.2230971128608924,0.07086614173228346,0.12290502793296089,3.71,3.86808905380334,381.0,381.0,3.71,3.71,Kansas City Royals,statsapi,False
mlbam-656641,Jacob Latz,2024,MLB,Texas Rangers,pitcher,28.0,43.666666666666664,46.0,0.0,0.20833333333333334,0.15625,0.09836065573770492,3.71,4.977862595419848,96.0,96.0,3.71,3.71,Texas Rangers,statsapi,False
mlbam-681799,Ethan Roberts,2024,MLB,Chicago Cubs,pitcher,27.0,26.666666666666668,21.0,0.0,0.22033898305084745,0.0847457627118644,0.06976744186046512,3.71,3.85,59.0,59.0,3.71,3.71,Chicago Cubs,statsapi,False
mlbam-671096,Andrew Abbott,2024,MLB,Cincinnati Reds,pitcher,25.0,138.0,25.0,25.0,0.1945392491467577,0.09044368600682594,0.11904761904761904,3.72,4.976811594202898,293.0,293.0,3.72,3.72,Cincinnati Reds,statsapi,False
mlbam-700187,Troy Taylor,2024,MLB,Seattle Mariners,pitcher,23.0,19.333333333333332,21.0,0.0,0.30864197530864196,0.08641975308641975,0.16666666666666666,3.72,4.289655172413793,40.5,40.5,3.72,3.72,Seattle Mariners,statsapi,False
mlbam-673513,Yuki Matsui,2024,MLB,San Diego Padres,pitcher,29.0,62.666666666666664,64.0,0.0,0.26848249027237353,0.12062256809338522,0.1,3.73,3.85,128.5,128.5,3.73,3.73,San Diego Padres,statsapi,False
mlbam-665871,Javier Assad,2024,MLB,Chicago Cubs,pitcher,27.0,147.0,29.0,29.0,0.19435736677115986,0.0987460815047022,0.11560693641618497,3.73,4.569387755102041,319.0,319.0,3.73,3.73,Chicago Cubs,statsapi,False
mlbam-663893,Brendon Little,2024,MLB,Toronto Blue Jays,pitcher,28.0,45.666666666666664,49.0,0.0,0.18652849740932642,0.10880829015544041,0.30434782608695654,3.74,4.82992700729927,96.5,96.5,3.74,3.74,Toronto Blue Jays,statsapi,False
mlbam-680704,Nick Sandlin,2024,MLB,Cleveland Guardians,pitcher,27.0,57.666666666666664,68.0,1.0,0.2764227642276423,0.11788617886178862,0.18181818181818182,3.75,5.163583815028902,123.0,123.0,3.75,3.75,Cleveland Guardians,statsapi,False
mlbam-664076,Garrett Cleavinger,2024,MLB,Tampa Bay Rays,pitcher,30.0,60.0,68.0,0.0,0.2669172932330827,0.11654135338345864,0.08955223880597014,3.75,3.9333333333333336,133.0,133.0,3.75,3.75,Tampa Bay Rays,statsapi,False
mlbam-686642,Fraser Ellard,2024,MLB,Chicago White Sox,pitcher,27.0,24.0,25.0,0.0,0.25742574257425743,0.1485148514851485,0.13043478260869565,3.75,4.183333333333334,50.5,50.5,3.75,3.75,Chicago White Sox,statsapi,False
mlbam-500779,Jose Quintana,2024,MLB,New York Mets,pitcher,35.0,170.33333333333334,31.0,31.0,0.18828451882845187,0.08786610878661087,0.1134020618556701,3.75,4.497260273972603,358.5,358.5,3.75,3.75,New York Mets,statsapi,False
mlbam-657585,Reed Garrett,2024,MLB,New York Mets,pitcher,31.0,57.333333333333336,53.0,0.0,0.3360323886639676,0.12550607287449392,0.1276595744680851,3.77,3.23953488372093,123.5,123.5,3.77,3.77,New York Mets,statsapi,False
mlbam-682227,Brandon Williamson,2024,MLB,Cincinnati Reds,pitcher,26.0,14.333333333333334,4.0,3.0,0.2033898305084746,0.0847457627118644,0.18181818181818182,3.77,6.518604651162791,29.5,29.5,3.77,3.77,Cincinnati Reds,statsapi,False
mlbam-641482,Nestor Cortes,2024,MLB,New York Yankees,pitcher,30.0,174.33333333333334,31.0,30.0,0.22816901408450704,0.054929577464788736,0.09795918367346938,3.77,3.7711281070745697,355.0,355.0,3.77,3.77,New York Yankees,statsapi,False
mlbam-605452,Joe Ross,2024,MLB,Milwaukee Brewers,pitcher,31.0,74.0,25.0,10.0,0.205607476635514,0.09345794392523364,0.07291666666666667,3.77,3.7621621621621624,160.5,160.5,3.77,3.77,Milwaukee Brewers,statsapi,False
mlbam-669467,Andre Pallante,2024,MLB,St. Louis Cardinals,pitcher,26.0,121.33333333333333,29.0,20.0,0.18467583497053044,0.09430255402750491,0.08791208791208792,3.78,3.6439560439560443,254.5,254.5,3.78,3.78,St. Louis Cardinals,statsapi,False
mlbam-547973,Aroldis Chapman,2024,MLB,Pittsburgh Pirates,pitcher,36.0,61.666666666666664,68.0,0.0,0.36981132075471695,0.1471698113207547,0.09615384615384616,3.79,2.9702702702702704,132.5,132.5,3.79,3.79,Pittsburgh Pirates,statsapi,False
mlbam-543135,Nathan Eovaldi,2024,MLB,Texas Rangers,pitcher,34.0,170.66666666666666,29.0,29.0,0.23850574712643677,0.0603448275862069,0.1377245508982036,3.8,3.76796875,348.0,348.0,3.8,3.8,Texas Rangers,statsapi,False
mlbam-570632,José Ureña,2024,MLB,Texas Rangers,pitcher,33.0,109.0,33.0,9.0,0.1511879049676026,0.08855291576673865,0.11403508771929824,3.8,4.54954128440367,231.5,231.5,3.8,3.8,Texas Rangers,statsapi,False
mlbam-571670,Dylan Floro,2024,MLB,Arizona Diamondbacks,pitcher,34.0,68.66666666666667,66.0,0.0,0.17204301075268819,0.06093189964157706,0.06097560975609756,3.8,3.4349514563106798,139.5,139.5,3.8,3.8,Arizona Diamondbacks,statsapi,False
mlbam-623352,Josh Hader,2024,MLB,Houston Astros,pitcher,30.0,71.0,71.0,0.0,0.3776978417266187,0.08992805755395683,0.15,3.8,3.4380281690140846,139.0,139.0,3.8,3.8,Houston Astros,statsapi,False
mlbam-658648,Pedro Avila,2024,MLB,Cleveland Guardians,pitcher,27.0,82.66666666666667,54.0,0.0,0.23229461756373937,0.1048158640226629,0.09302325581395349,3.81,3.825806451612903,176.5,176.5,3.81,3.81,Cleveland Guardians,statsapi,False
mlbam-700270,Yilber Díaz,2024,MLB,Arizona Diamondbacks,pitcher,24.0,28.333333333333332,7.0,4.0,0.15966386554621848,0.10084033613445378,0.07894736842105263,3.81,4.405882352941177,59.5,59.5,3.81,3.81,Arizona Diamondbacks,statsapi,False
mlbam-519008,T.J. McFarland,2024,MLB,Oakland Athletics,pitcher,35.0,56.666666666666664,79.0,0.0,0.16595744680851063,0.09361702127659574,0.08888888888888889,3.81,3.7529411764705882,117.5,117.5,3.81,3.81,Oakland Athletics,statsapi,False
mlbam-542881,Tyler Anderson,2024,MLB,Los Angeles Angels,pitcher,35.0,179.33333333333334,31.0,31.0,0.18562091503267975,0.09803921568627451,0.0975609756097561,3.81,4.594423791821561,382.5,382.5,3.81,3.81,Los Angeles Angels,statsapi,False
mlbam-594902,Ben Lively,2024,MLB,Cleveland Guardians,pitcher,32.0,151.0,29.0,29.0,0.18670886075949367,0.07753164556962025,0.11616161616161616,3.81,4.590066225165563,316.0,316.0,3.81,3.81,Cleveland Guardians,statsapi,False
mlbam-641656,Ian Hamilton,2024,MLB,New York Yankees,pitcher,29.0,37.666666666666664,35.0,0.0,0.25153374233128833,0.08588957055214724,0.05263157894736842,3.82,2.9672566371681417,81.5,81.5,3.82,3.82,New York Yankees,statsapi,False
mlbam-592332,Kevin Gausman,2024,MLB,Toronto Blue Jays,pitcher,33.0,181.0,31.0,31.0,0.21428571428571427,0.07407407407407407,0.0851063829787234,3.83,3.7077348066298343,378.0,378.0,3.83,3.83,Toronto Blue Jays,statsapi,False
mlbam-623211,Huascar Brazobán,2024,MLB,New York Mets,pitcher,35.0,51.666666666666664,39.0,0.0,0.2350230414746544,0.1152073732718894,0.04081632653061224,3.83,3.2548387096774194,108.5,108.5,3.83,3.83,New York Mets,statsapi,False
mlbam-458681,Lance Lynn,2024,MLB,St. Louis Cardinals,pitcher,37.0,117.33333333333333,23.0,23.0,0.21330724070450097,0.08610567514677103,0.10191082802547771,3.84,4.242045454545455,255.5,255.5,3.84,3.84,St. Louis Cardinals,statsapi,False
mlbam-592767,Drew Smyly,2024,MLB,Chicago Cubs,pitcher,35.0,58.666666666666664,50.0,0.0,0.2178988326848249,0.10894941634241245,0.125,3.84,4.838636363636364,128.5,128.5,3.84,3.84,Chicago Cubs,statsapi,False
mlbam-543243,Sonny Gray,2024,MLB,St. Louis Cardinals,pitcher,35.0,166.33333333333334,28.0,28.0,0.3025335320417288,0.05812220566318927,0.1337579617834395,3.84,3.0579158316633266,335.5,335.5,3.84,3.84,St. Louis Cardinals,statsapi,False
mlbam-669199,Lake Bachar,2024,MLB,Miami Marlins,pitcher,29.0,9.333333333333334,10.0,0.0,0.275,0.1,0.2222222222222222,3.86,4.814285714285714,20.0,20.0,3.86,3.86,Miami Marlins,statsapi,False
mlbam-624647,Victor González,2024,MLB,New York Yankees,pitcher,29.0,23.333333333333332,27.0,0.0,0.1134020618556701,0.13402061855670103,0.11538461538461539,3.86,5.885714285714286,48.5,48.5,3.86,3.86,New York Yankees,statsapi,False
mlbam-676760,Ron Marinaccio,2024,MLB,New York Yankees,pitcher,29.0,23.333333333333332,16.0,0.0,0.25252525252525254,0.10101010101010101,0.14814814814814814,3.86,4.857142857142858,49.5,49.5,3.86,3.86,New York Yankees,statsapi,False
mlbam-621363,Colin Poche,2024,MLB,Tampa Bay Rays,pitcher,30.0,37.333333333333336,43.0,0.0,0.21568627450980393,0.09803921568627451,0.125,3.86,4.814285714285714,76.5,76.5,3.86,3.86,Tampa Bay Rays,statsapi,False
mlbam-677958,Kumar Rocker,2024,MLB,Texas Rangers,pitcher,25.0,11.666666666666666,3.0,3.0,0.2545454545454545,0.10909090909090909,0.08333333333333333,3.86,3.6142857142857143,27.5,27.5,3.86,3.86,Texas Rangers,statsapi,False
mlbam-680570,Grayson Rodriguez,2024,MLB,Baltimore Orioles,pitcher,25.0,116.66666666666667,20.0,20.0,0.26476578411405294,0.07331975560081466,0.11627906976744186,3.86,3.597142857142857,245.5,245.5,3.86,3.86,Baltimore Orioles,statsapi,False
mlbam-622250,Josh Sborz,2024,MLB,Texas Rangers,pitcher,31.0,16.333333333333332,17.0,0.0,0.2463768115942029,0.057971014492753624,0.07142857142857142,3.86,2.548979591836735,34.5,34.5,3.86,3.86,Texas Rangers,statsapi,False
mlbam-669713,Hayden Wesneski,2024,MLB,Chicago Cubs,pitcher,27.0,67.66666666666667,28.0,7.0,0.23674911660777384,0.07420494699646643,0.14634146341463414,3.86,4.444827586206896,141.5,141.5,3.86,3.86,Chicago Cubs,statsapi,False
mlbam-672582,Angel Zerpa,2024,MLB,Kansas City Royals,pitcher,25.0,53.666666666666664,60.0,0.0,0.20502092050209206,0.08786610878661087,0.11764705882352941,3.86,3.901242236024845,119.5,119.5,3.86,3.86,Kansas City Royals,statsapi,False
mlbam-669062,Erik Miller,2024,MLB,San Francisco Giants,pitcher,26.0,67.33333333333333,73.0,10.0,0.30633802816901406,0.13380281690140844,0.12962962962962962,3.88,3.604950495049505,142.0,142.0,3.88,3.88,San Francisco Giants,statsapi,False
mlbam-605397,Joe Musgrove,2024,MLB,San Diego Padres,pitcher,32.0,99.66666666666667,19.0,19.0,0.24634146341463414,0.05609756097560976,0.12844036697247707,3.88,3.8926421404682277,205.0,205.0,3.88,3.88,San Diego Padres,statsapi,False
mlbam-642701,Dennis Santana,2024,MLB,Pittsburgh Pirates,pitcher,28.0,71.66666666666667,62.0,0.0,0.24041811846689895,0.07317073170731707,0.05063291139240506,3.89,2.9465116279069767,143.5,143.5,3.89,3.89,Pittsburgh Pirates,statsapi,False
mlbam-664299,Cristian Javier,2024,MLB,Houston Astros,pitcher,27.0,34.666666666666664,7.0,7.0,0.18,0.12666666666666668,0.07142857142857142,3.89,4.686538461538461,75.0,75.0,3.89,3.89,Houston Astros,statsapi,False
mlbam-669022,MacKenzie Gore,2024,MLB,Washington Nationals,pitcher,25.0,166.33333333333334,32.0,32.0,0.2476060191518468,0.08891928864569083,0.08571428571428572,3.9,3.4667334669338676,365.5,365.5,3.9,3.9,Washington Nationals,statsapi,False
mlbam-663546,Sean Hjelle,2024,MLB,San Francisco Giants,pitcher,27.0,80.66666666666667,58.0,0.0,0.22255192878338279,0.04747774480712166,0.15873015873015872,3.9,3.5586776859504132,168.5,168.5,3.9,3.9,San Francisco Giants,statsapi,False
mlbam-622663,Luis Severino,2024,MLB,New York Mets,pitcher,30.0,182.0,31.0,31.0,0.21156373193166886,0.07884362680683311,0.11616161616161616,3.91,4.143956043956044,380.5,380.5,3.91,3.91,New York Mets,statsapi,False
mlbam-613534,Austin Adams,2024,MLB,Oakland Athletics,pitcher,33.0,41.333333333333336,56.0,0.0,0.2774869109947644,0.13089005235602094,0.1,3.92,4.406451612903226,95.5,95.5,3.92,3.92,Oakland Athletics,statsapi,False
mlbam-573009,Joe Mantiply,2024,MLB,Arizona Diamondbacks,pitcher,33.0,59.666666666666664,75.0,2.0,0.21810699588477367,0.102880658436214,0.02040816326530612,3.92,2.446368715083799,121.5,121.5,3.92,3.92,Arizona Diamondbacks,statsapi,False
mlbam-453286,Max Scherzer,2024,MLB,Texas Rangers,pitcher,40.0,43.333333333333336,9.0,9.0,0.22598870056497175,0.05649717514124294,0.11666666666666667,3.95,4.115384615384615,88.5,88.5,3.95,3.95,Texas Rangers,statsapi,False
mlbam-693312,Kyle Nicolas,2024,MLB,Pittsburgh Pirates,pitcher,25.0,54.666666666666664,51.0,0.0,0.22633744855967078,0.13168724279835392,0.06666666666666667,3.95,3.959756097560976,121.5,121.5,3.95,3.95,Pittsburgh Pirates,statsapi,False
mlbam-607074,Carlos Rodón,2024,MLB,New York Yankees,pitcher,32.0,175.0,32.0,32.0,0.264945652173913,0.07744565217391304,0.1341991341991342,3.96,4.322857142857143,368.0,368.0,3.96,3.96,New York Yankees,statsapi,False
mlbam-672782,Yoendrys Gómez,2024,MLB,New York Yankees,pitcher,25.0,11.333333333333334,5.0,0.0,0.18518518518518517,0.12962962962962962,0.1,3.97,5.747058823529412,27.0,27.0,3.97,3.97,New York Yankees,statsapi,False
mlbam-677161,Zack Kelly,2024,MLB,Boston Red Sox,pitcher,29.0,56.666666666666664,49.0,3.0,0.25311203319502074,0.12448132780082988,0.1694915254237288,3.97,4.776470588235294,120.5,120.5,3.97,3.97,Boston Red Sox,statsapi,False
mlbam-641927,Bailey Ober,2024,MLB,Minnesota Twins,pitcher,29.0,178.66666666666666,31.0,31.0,0.2693935119887165,0.06064880112834979,0.11538461538461539,3.98,3.7492537313432837,354.5,354.5,3.98,3.98,Minnesota Twins,statsapi,False
mlbam-621383,Tanner Banks,2024,MLB,Philadelphia Phillies,pitcher,33.0,72.33333333333333,63.0,2.0,0.2508038585209003,0.08681672025723473,0.08695652173913043,3.98,3.1829493087557603,155.5,155.5,3.98,3.98,Philadelphia Phillies,statsapi,False
mlbam-593974,Wandy Peralta,2024,MLB,San Diego Padres,pitcher,33.0,38.333333333333336,46.0,0.0,0.13580246913580246,0.08024691358024691,0.14634146341463414,3.99,5.395652173913044,81.0,81.0,3.99,3.99,San Diego Padres,statsapi,False
mlbam-664747,Alexis Díaz,2024,MLB,Cincinnati Reds,pitcher,28.0,56.333333333333336,60.0,0.0,0.22727272727272727,0.1322314049586777,0.08,3.99,4.502366863905325,121.0,121.0,3.99,3.99,Cincinnati Reds,statsapi,False
mlbam-686799,Jack Kochanowicz,2024,MLB,Los Angeles Angels,pitcher,24.0,65.33333333333333,11.0,11.0,0.09398496240601503,0.041353383458646614,0.109375,3.99,4.5540816326530615,133.0,133.0,3.99,3.99,Los Angeles Angels,statsapi,False
mlbam-666205,Kyle Muller,2024,MLB,Oakland Athletics,pitcher,27.0,49.333333333333336,21.0,0.0,0.1782178217821782,0.06435643564356436,0.09523809523809523,4.01,3.8905405405405404,101.0,101.0,4.01,4.01,Oakland Athletics,statsapi,False
mlbam-676596,Josh Fleming,2024,MLB,Pittsburgh Pirates,pitcher,28.0,31.333333333333332,25.0,3.0,0.12318840579710146,0.10144927536231885,0.0967741935483871,4.02,4.695744680851064,69.0,69.0,4.02,4.02,Pittsburgh Pirates,statsapi,False
mlbam-680880,Grant Holman,2024,MLB,Oakland Athletics,pitcher,24.0,15.666666666666666,18.0,0.0,0.2191780821917808,0.136986301369863,0.058823529411764705,4.02,3.8021276595744684,36.5,36.5,4.02,4.02,Oakland Athletics,statsapi,False
mlbam-669620,Brady Basso,2024,MLB,Oakland Athletics,pitcher,27.0,22.333333333333332,7.0,4.0,0.20430107526881722,0.053763440860215055,0.08823529411764706,4.03,3.816417910447761,46.5,46.5,4.03,4.03,Oakland Athletics,statsapi,False
mlbam-518876,Merrill Kelly,2024,MLB,Arizona Diamondbacks,pitcher,36.0,73.66666666666667,13.0,13.0,0.21,0.06333333333333334,0.13253012048192772,4.03,4.185972850678733,150.0,150.0,4.03,4.03,Arizona Diamondbacks,statsapi,False
mlbam-623433,Nick Anderson,2024,MLB,Kansas City Royals,pitcher,34.0,35.666666666666664,37.0,0.0,0.1895424836601307,0.10457516339869281,0.14285714285714285,4.04,5.006542056074767,76.5,76.5,4.04,4.04,Kansas City Royals,statsapi,False
mlbam-656731,Tylor Megill,2024,MLB,New York Mets,pitcher,29.0,78.0,16.0,15.0,0.27002967359050445,0.09495548961424333,0.09876543209876543,4.04,3.4846153846153847,168.5,168.5,4.04,4.04,New York Mets,statsapi,False
mlbam-669060,Bryse Wilson,2024,MLB,Milwaukee Brewers,pitcher,27.0,104.66666666666667,34.0,9.0,0.18552036199095023,0.07013574660633484,0.1342281879194631,4.04,5.0203821656050955,221.0,221.0,4.04,4.04,Milwaukee Brewers,statsapi,False
mlbam-579328,Yusei Kikuchi,2024,MLB,Houston Astros,pitcher,33.0,175.66666666666666,32.0,32.0,0.2798913043478261,0.059782608695652176,0.12437810945273632,4.05,3.3903225806451616,368.0,368.0,4.05,4.05,Houston Astros,statsapi,False
mlbam-685126,Brandon Eisert,2024,MLB,Toronto Blue Jays,pitcher,26.0,6.666666666666667,3.0,0.0,0.07692307692307693,0.15384615384615385,0.0,4.05,4.3,13.0,13.0,4.05,4.05,Toronto Blue Jays,statsapi,False
mlbam-687798,Nick Robertson,2024,MLB,Toronto Blue Jays,pitcher,26.0,13.333333333333334,9.0,0.0,0.2545454545454545,0.03636363636363636,0.16666666666666666,4.05,4.375,27.5,27.5,4.05,4.05,Toronto Blue Jays,statsapi,False
mlbam-657514,Brennan Bernardino,2024,MLB,Boston Red Sox,pitcher,32.0,51.0,57.0,3.0,0.24778761061946902,0.12389380530973451,0.12,4.06,4.080392156862745,113.0,113.0,4.06,4.06,Boston Red Sox,statsapi,False
mlbam-681517,Kyle Leahy,2024,MLB,St. Louis Cardinals,pitcher,27.0,48.666666666666664,33.0,0.0,0.17277486910994763,0.05235602094240838,0.06153846153846154,4.07,3.4904109589041097,95.5,95.5,4.07,4.07,St. Louis Cardinals,statsapi,False
mlbam-669622,Anthony Bender,2024,MLB,Miami Marlins,pitcher,29.0,53.0,59.0,0.0,0.25877192982456143,0.08333333333333333,0.06976744186046512,4.08,2.8547169811320754,114.0,114.0,4.08,4.08,Miami Marlins,statsapi,False
mlbam-681867,Cooper Criswell,2024,MLB,Boston Red Sox,pitcher,28.0,99.33333333333333,26.0,18.0,0.1721698113207547,0.07311320754716981,0.09009009009009009,4.08,4.086577181208054,212.0,212.0,4.08,4.08,Boston Red Sox,statsapi,False
mlbam-641154,Pablo López,2024,MLB,Minnesota Twins,pitcher,28.0,185.33333333333334,32.0,32.0,0.25647668393782386,0.05310880829015544,0.12807881773399016,4.08,3.5802158273381295,386.0,386.0,4.08,4.08,Minnesota Twins,statsapi,False
mlbam-621237,José Alvarado,2024,MLB,Philadelphia Phillies,pitcher,29.0,61.666666666666664,66.0,0.0,0.2441860465116279,0.1124031007751938,0.08823529411764706,4.09,3.7324324324324323,129.0,129.0,4.09,4.09,Philadelphia Phillies,statsapi,False
mlbam-667297,Tommy Nance,2024,MLB,Toronto Blue Jays,pitcher,33.0,22.0,20.0,0.0,0.20430107526881722,0.11827956989247312,0.09523809523809523,4.09,3.9181818181818184,46.5,46.5,4.09,4.09,Toronto Blue Jays,statsapi,False
mlbam-665152,Dean Kremer,2024,MLB,Baltimore Orioles,pitcher,28.0,129.66666666666666,24.0,24.0,0.2224231464737794,0.0922242314647378,0.11392405063291139,4.1,4.25681233933162,276.5,276.5,4.1,4.1,Baltimore Orioles,statsapi,False
mlbam-593576,Héctor Neris,2024,MLB,Houston Astros,pitcher,35.0,59.333333333333336,62.0,0.0,0.24615384615384617,0.11538461538461539,0.11764705882352941,4.1,4.212359550561798,130.0,130.0,4.1,4.1,Houston Astros,statsapi,False
mlbam-663855,Jordan Hicks,2024,MLB,San Francisco Giants,pitcher,28.0,109.66666666666667,29.0,20.0,0.1995841995841996,0.09771309771309772,0.11764705882352941,4.1,4.303647416413374,240.5,240.5,4.1,4.1,San Francisco Giants,statsapi,False
mlbam-671737,Taj Bradley,2024,MLB,Tampa Bay Rays,pitcher,23.0,138.0,25.0,25.0,0.2664359861591695,0.08131487889273356,0.1437908496732026,4.11,4.027536231884058,289.0,289.0,4.11,4.11,Tampa Bay Rays,statsapi,False
mlbam-666745,Jhony Brito,2024,MLB,San Diego Padres,pitcher,26.0,43.666666666666664,26.0,0.0,0.15675675675675677,0.05945945945945946,0.07692307692307693,4.12,3.649618320610687,92.5,92.5,4.12,4.12,San Diego Padres,statsapi,False
mlbam-621114,Ryan Burr,2024,MLB,Toronto Blue Jays,pitcher,30.0,32.666666666666664,34.0,4.0,0.3357142857142857,0.08571428571428572,0.11428571428571428,4.13,3.0081632653061225,70.0,70.0,4.13,4.13,Toronto Blue Jays,statsapi,False
mlbam-601713,Nick Pivetta,2024,MLB,Boston Red Sox,pitcher,31.0,145.66666666666666,27.0,26.0,0.28907563025210087,0.06218487394957983,0.15135135135135136,4.14,3.999313501144165,297.5,297.5,4.14,4.14,Boston Red Sox,statsapi,False
mlbam-683003,Jared Jones,2024,MLB,Pittsburgh Pirates,pitcher,23.0,121.66666666666667,22.0,22.0,0.2619047619047619,0.07936507936507936,0.1323529411764706,4.14,3.9383561643835616,252.0,252.0,4.14,4.14,Pittsburgh Pirates,statsapi,False
mlbam-670174,Josh Winckowski,2024,MLB,Boston Red Sox,pitcher,26.0,76.0,40.0,6.0,0.17857142857142858,0.08630952380952381,0.125,4.14,4.41578947368421,168.0,168.0,4.14,4.14,Boston Red Sox,statsapi,False
mlbam-608334,Carson Fulmer,2024,MLB,Los Angeles Angels,pitcher,31.0,86.66666666666667,37.0,8.0,0.21372031662269128,0.11609498680738786,0.102803738317757,4.15,4.438461538461539,189.5,189.5,4.15,4.15,Los Angeles Angels,statsapi,False
mlbam-571771,Enrique Hernández,2024,MLB,Los Angeles Dodgers,pitcher,33.0,4.333333333333333,4.0,0.0,0.0,0.0,0.0,4.15,3.1,9.0,9.0,4.15,4.15,Los Angeles Dodgers,statsapi,False
mlbam-668943,Ryan Miller,2024,MLB,Los Angeles Angels,pitcher,28.0,13.0,13.0,0.0,0.1896551724137931,0.1724137931034483,0.125,4.15,5.253846153846154,29.0,29.0,4.15,4.15,Los Angeles Angels,statsapi,False
mlbam-663767,Chase Shugart,2024,MLB,Boston Red Sox,pitcher,28.0,8.666666666666666,6.0,0.0,0.2222222222222222,0.08333333333333333,0.07142857142857142,4.15,3.7923076923076926,18.0,18.0,4.15,4.15,Boston Red Sox,statsapi,False
mlbam-605135,Chris Bassitt,2024,MLB,Toronto Blue Jays,pitcher,35.0,171.0,31.0,31.0,0.22163588390501318,0.09498680738786279,0.09045226130653267,4.16,4.012280701754386,379.0,379.0,4.16,4.16,Toronto Blue Jays,statsapi,False
mlbam-687792,DJ Herz,2024,MLB,Washington Nationals,pitcher,23.0,88.66666666666667,19.0,19.0,0.2774869109947644,0.09424083769633508,0.10476190476190476,4.16,3.6413533834586467,191.0,191.0,4.16,4.16,Washington Nationals,statsapi,False
mlbam-681869,Shawn Dubin,2024,MLB,Houston Astros,pitcher,29.0,45.333333333333336,31.0,2.0,0.23671497584541062,0.12560386473429952,0.06382978723404255,4.17,3.651470588235294,103.5,103.5,4.17,4.17,Houston Astros,statsapi,False
mlbam-680573,Simeon Woods Richardson,2024,MLB,Minnesota Twins,pitcher,24.0,133.66666666666666,28.0,28.0,0.2056239015817223,0.0843585237258348,0.08333333333333333,4.17,4.050124688279302,284.5,284.5,4.17,4.17,Minnesota Twins,statsapi,False
mlbam-450203,Charlie Morton,2024,MLB,Atlanta Braves,pitcher,41.0,165.33333333333334,30.0,30.0,0.23823109843081314,0.09415121255349501,0.1503267973856209,4.19,4.394354838709678,350.5,350.5,4.19,4.19,Atlanta Braves,statsapi,False
mlbam-688297,Chris Roycroft,2024,MLB,St. Louis Cardinals,pitcher,27.0,34.333333333333336,27.0,0.0,0.2129032258064516,0.10967741935483871,0.07142857142857142,4.19,3.769902912621359,77.5,77.5,4.19,4.19,St. Louis Cardinals,statsapi,False
mlbam-668873,Caleb Kilian,2024,MLB,Chicago Cubs,pitcher,27.0,10.666666666666666,2.0,1.0,0.14583333333333334,0.125,0.14285714285714285,4.22,5.9125,24.0,24.0,4.22,4.22,Chicago Cubs,statsapi,False
mlbam-669459,Kyle Nelson,2024,MLB,Arizona Diamondbacks,pitcher,28.0,10.666666666666666,11.0,0.0,0.19047619047619047,0.11904761904761904,0.14285714285714285,4.22,5.1625,21.0,21.0,4.22,4.22,Arizona Diamondbacks,statsapi,False
mlbam-676395,Robert Garcia,2024,MLB,Washington Nationals,pitcher,28.0,59.666666666666664,72.0,0.0,0.29880478087649404,0.06772908366533864,0.07142857142857142,4.22,2.3122905027932963,125.5,125.5,4.22,4.22,Washington Nationals,statsapi,False
mlbam-669372,J.T. Ginn,2024,MLB,Oakland Athletics,pitcher,25.0,34.0,8.0,6.0,0.20422535211267606,0.07042253521126761,0.11764705882352941,4.24,3.8941176470588235,71.0,71.0,4.24,4.24,Oakland Athletics,statsapi,False
mlbam-669194,Ryne Nelson,2024,MLB,Arizona Diamondbacks,pitcher,26.0,150.66666666666666,28.0,25.0,0.2,0.05714285714285714,0.09714285714285714,4.24,3.6707964601769913,315.0,315.0,4.24,4.24,Arizona Diamondbacks,statsapi,False
mlbam-502043,Kyle Gibson,2024,MLB,St. Louis Cardinals,pitcher,37.0,169.66666666666666,30.0,30.0,0.20914127423822715,0.09556786703601108,0.12169312169312169,4.24,4.355402750491159,361.0,361.0,4.24,4.24,St. Louis Cardinals,statsapi,False
mlbam-656605,Mitch Keller,2024,MLB,Pittsburgh Pirates,pitcher,28.0,178.0,31.0,31.0,0.2147477360931436,0.0646830530401035,0.107981220657277,4.25,4.010112359550562,386.5,386.5,4.25,4.25,Pittsburgh Pirates,statsapi,False
mlbam-605130,Scott Barlow,2024,MLB,Cleveland Guardians,pitcher,32.0,55.0,63.0,0.0,0.2821576763485477,0.13278008298755187,0.1276595744680851,4.25,3.9545454545454546,120.5,120.5,4.25,4.25,Cleveland Guardians,statsapi,False
mlbam-571760,Andrew Heaney,2024,MLB,Texas Rangers,pitcher,33.0,160.0,32.0,31.0,0.22943722943722944,0.06060606060606061,0.1036036036036036,4.28,3.975,346.5,346.5,4.28,4.28,Texas Rangers,statsapi,False
mlbam-680767,Victor Vodnik,2024,MLB,Colorado Rockies,pitcher,25.0,73.66666666666667,64.0,0.0,0.203125,0.11875,0.11290322580645161,4.28,4.118099547511312,160.0,160.0,4.28,4.28,Colorado Rockies,statsapi,False
mlbam-680730,Mitchell Parker,2024,MLB,Washington Nationals,pitcher,25.0,151.0,29.0,29.0,0.20588235294117646,0.06656346749226007,0.08823529411764706,4.29,3.7821192052980135,323.0,323.0,4.29,4.29,Washington Nationals,statsapi,False
mlbam-607067,Colin Rea,2024,MLB,Milwaukee Brewers,pitcher,34.0,167.66666666666666,32.0,27.0,0.18907563025210083,0.06162464985994398,0.1288888888888889,4.29,4.686481113320079,357.0,357.0,4.29,4.29,Milwaukee Brewers,statsapi,False
mlbam-694363,Jared Shuster,2024,MLB,Chicago White Sox,pitcher,26.0,73.33333333333333,39.0,4.0,0.17445482866043613,0.102803738317757,0.08571428571428572,4.3,4.5181818181818185,160.5,160.5,4.3,4.3,Chicago White Sox,statsapi,False
mlbam-678495,Randy Rodríguez,2024,MLB,San Francisco Giants,pitcher,25.0,52.333333333333336,35.0,1.0,0.2398190045248869,0.08144796380090498,0.06779661016949153,4.3,3.271974522292994,110.5,110.5,4.3,4.3,San Francisco Giants,statsapi,False
mlbam-680744,Ty Madden,2024,MLB,Detroit Tigers,pitcher,24.0,23.0,6.0,1.0,0.16831683168316833,0.07920792079207921,0.07142857142857142,4.3,3.9260869565217393,50.5,50.5,4.3,4.3,Detroit Tigers,statsapi,False
mlbam-573186,Marcus Stroman,2024,MLB,New York Yankees,pitcher,33.0,154.66666666666666,30.0,29.0,0.1674074074074074,0.08888888888888889,0.1130952380952381,4.31,4.554741379310345,337.5,337.5,4.31,4.31,New York Yankees,statsapi,False
mlbam-623149,Paul Sewald,2024,MLB,Arizona Diamondbacks,pitcher,34.0,39.666666666666664,42.0,0.0,0.2606060606060606,0.06666666666666667,0.1,4.31,3.881512605042017,82.5,82.5,4.31,4.31,Arizona Diamondbacks,statsapi,False
mlbam-600917,José Leclerc,2024,MLB,Texas Rangers,pitcher,31.0,66.66666666666667,64.0,0.0,0.3090277777777778,0.11458333333333333,0.1,4.32,3.415,144.0,144.0,4.32,4.32,Texas Rangers,statsapi,False
mlbam-663436,Davis Martin,2024,MLB,Chicago White Sox,pitcher,27.0,50.0,11.0,10.0,0.21363636363636362,0.10454545454545454,0.09090909090909091,4.32,4.2,110.0,110.0,4.32,4.32,Chicago White Sox,statsapi,False
mlbam-675989,Cody Bolton,2024,MLB,Seattle Mariners,pitcher,26.0,18.666666666666668,17.0,0.0,0.20481927710843373,0.10843373493975904,0.12,4.34,4.814285714285714,41.5,41.5,4.34,4.34,Seattle Mariners,statsapi,False
mlbam-656638,Alex Lange,2024,MLB,Detroit Tigers,pitcher,29.0,18.666666666666668,21.0,0.0,0.23333333333333334,0.18888888888888888,0.0,4.34,3.9035714285714285,45.0,45.0,4.34,4.34,Detroit Tigers,statsapi,False
mlbam-493603,Adam Ottavino,2024,MLB,New York Mets,pitcher,39.0,56.0,60.0,0.0,0.2857142857142857,0.09795918367346938,0.10526315789473684,4.34,3.6,122.5,122.5,4.34,4.34,New York Mets,statsapi,False
mlbam-672710,Roansy Contreras,2024,MLB,Los Angeles Angels,pitcher,25.0,68.33333333333333,49.0,3.0,0.18791946308724833,0.12416107382550336,0.13253012048192772,4.35,5.090243902439025,149.0,149.0,4.35,4.35,Los Angeles Angels,statsapi,False
mlbam-686539,Declan Cronin,2024,MLB,Miami Marlins,pitcher,27.0,70.33333333333333,56.0,0.0,0.23529411764705882,0.0915032679738562,0.02040816326530612,4.35,2.5170616113744075,153.0,153.0,4.35,4.35,Miami Marlins,statsapi,False
mlbam-541640,Erasmo Ramírez,2024,MLB,Tampa Bay Rays,pitcher,34.0,20.666666666666668,13.0,0.0,0.17647058823529413,0.12941176470588237,0.16129032258064516,4.35,6.390322580645162,42.5,42.5,4.35,4.35,Tampa Bay Rays,statsapi,False
mlbam-669912,Kirby Snead,2024,MLB,Seattle Mariners,pitcher,30.0,10.333333333333334,11.0,0.0,0.14583333333333334,0.14583333333333334,0.0,4.35,3.7774193548387096,24.0,24.0,4.35,4.35,Seattle Mariners,statsapi,False
mlbam-650644,Aaron Civale,2024,MLB,Milwaukee Brewers,pitcher,29.0,161.0,31.0,31.0,0.216255442670537,0.07547169811320754,0.13122171945701358,4.36,4.671428571428572,344.5,344.5,4.36,4.36,Milwaukee Brewers,statsapi,False
mlbam-676710,Kutter Crawford,2024,MLB,Boston Red Sox,pitcher,28.0,183.66666666666666,33.0,33.0,0.230566534914361,0.06719367588932806,0.12927756653992395,4.36,4.580943738656988,379.5,379.5,4.36,4.36,Boston Red Sox,statsapi,False
mlbam-606930,Jacob Barnes,2024,MLB,Washington Nationals,pitcher,34.0,66.0,63.0,0.0,0.19855595667870035,0.07942238267148015,0.11764705882352941,4.36,4.3121212121212125,138.5,138.5,4.36,4.36,Washington Nationals,statsapi,False
mlbam-623474,Jimmy Herget,2024,MLB,Atlanta Braves,pitcher,31.0,12.333333333333334,8.0,0.0,0.28846153846153844,0.057692307692307696,0.11764705882352941,4.38,3.5054054054054054,26.0,26.0,4.38,4.38,Atlanta Braves,statsapi,False
mlbam-608371,Lucas Sims,2024,MLB,Boston Red Sox,pitcher,30.0,49.333333333333336,58.0,0.0,0.22790697674418606,0.13953488372093023,0.10526315789473684,4.38,5.167567567567568,107.5,107.5,4.38,4.38,Boston Red Sox,statsapi,False
mlbam-676664,JP Sears,2024,MLB,Oakland Athletics,pitcher,28.0,180.66666666666666,32.0,32.0,0.18073878627968337,0.06464379947229551,0.1076923076923077,4.38,4.644280442804428,379.0,379.0,4.38,4.38,Oakland Athletics,statsapi,False
mlbam-605121,Justin Anderson,2024,MLB,Chicago White Sox,pitcher,32.0,53.333333333333336,56.0,0.0,0.23553719008264462,0.13636363636363635,0.078125,4.39,4.15,121.0,121.0,4.39,4.39,Chicago White Sox,statsapi,False
mlbam-669461,Matthew Liberatore,2024,MLB,St. Louis Cardinals,pitcher,25.0,86.0,60.0,6.0,0.2122905027932961,0.08659217877094973,0.10784313725490197,4.4,4.0418604651162795,179.0,179.0,4.4,4.4,St. Louis Cardinals,statsapi,False
mlbam-572020,James Paxton,2024,MLB,Boston Red Sox,pitcher,36.0,100.33333333333333,21.0,21.0,0.16704805491990846,0.11441647597254005,0.08450704225352113,4.4,4.724584717607973,218.5,218.5,4.4,4.4,Boston Red Sox,statsapi,False
mlbam-621199,Matt Bowman,2024,MLB,Baltimore Orioles,pitcher,33.0,30.666666666666668,25.0,1.0,0.18181818181818182,0.10606060606060606,0.125,4.4,5.121739130434783,66.0,66.0,4.4,4.4,Baltimore Orioles,statsapi,False
mlbam-663623,Jake Irvin,2024,MLB,Washington Nationals,pitcher,27.0,187.66666666666666,33.0,33.0,0.20286085825747724,0.06892067620286085,0.13488372093023257,4.41,4.341563055062167,384.5,384.5,4.41,4.41,Washington Nationals,statsapi,False
mlbam-642397,Gregory Soto,2024,MLB,Baltimore Orioles,pitcher,29.0,53.0,66.0,0.0,0.26639344262295084,0.12295081967213115,0.08888888888888889,4.42,3.609433962264151,122.0,122.0,4.42,4.42,Baltimore Orioles,statsapi,False
mlbam-686796,Blake Walston,2024,MLB,Arizona Diamondbacks,pitcher,23.0,18.333333333333332,7.0,2.0,0.21686746987951808,0.12048192771084337,0.14814814814814814,4.42,6.1,41.5,41.5,4.42,4.42,Arizona Diamondbacks,statsapi,False
mlbam-663559,Bailey Falter,2024,MLB,Pittsburgh Pirates,pitcher,27.0,142.33333333333334,28.0,28.0,0.16468590831918506,0.07640067911714771,0.08808290155440414,4.43,4.238173302107729,294.5,294.5,4.43,4.43,Pittsburgh Pirates,statsapi,False
mlbam-640451,Hunter Harvey,2024,MLB,Kansas City Royals,pitcher,30.0,50.666666666666664,49.0,0.0,0.2511415525114155,0.0821917808219178,0.11904761904761904,4.44,3.455263157894737,109.5,109.5,4.44,4.44,Kansas City Royals,statsapi,False
mlbam-622554,Seranthony Domínguez,2024,MLB,Baltimore Orioles,pitcher,30.0,58.666666666666664,63.0,0.0,0.26666666666666666,0.08235294117647059,0.15,4.45,4.617045454545455,127.5,127.5,4.45,4.45,Baltimore Orioles,statsapi,False
mlbam-663992,Richard Lovelady,2024,MLB,Tampa Bay Rays,pitcher,29.0,34.333333333333336,35.0,0.0,0.17687074829931973,0.08163265306122448,0.08571428571428572,4.46,3.8572815533980584,73.5,73.5,4.46,4.46,Tampa Bay Rays,statsapi,False
mlbam-684320,Yariel Rodríguez,2024,MLB,Toronto Blue Jays,pitcher,27.0,86.66666666666667,21.0,21.0,0.23097826086956522,0.10869565217391304,0.10377358490566038,4.47,4.276923076923077,184.0,184.0,4.47,4.47,Toronto Blue Jays,statsapi,False
mlbam-592351,Jon Gray,2024,MLB,Texas Rangers,pitcher,33.0,102.66666666666667,23.0,19.0,0.1958997722095672,0.06605922551252848,0.08270676691729323,4.47,3.6357142857142857,219.5,219.5,4.47,4.47,Texas Rangers,statsapi,False
mlbam-663878,Nate Pearson,2024,MLB,Chicago Cubs,pitcher,28.0,66.33333333333333,60.0,1.0,0.2596491228070175,0.07368421052631578,0.14814814814814814,4.48,4.306030150753769,142.5,142.5,4.48,4.48,Chicago Cubs,statsapi,False
mlbam-663554,Casey Mize,2024,MLB,Detroit Tigers,pitcher,27.0,102.33333333333333,22.0,20.0,0.17256637168141592,0.06415929203539823,0.10091743119266056,4.49,3.881758957654723,226.0,226.0,4.49,4.49,Detroit Tigers,statsapi,False
mlbam-686563,Jonathan Cannon,2024,MLB,Chicago White Sox,pitcher,24.0,124.33333333333333,23.0,21.0,0.1743295019157088,0.07662835249042145,0.1111111111111111,4.49,4.5798927613941025,261.0,261.0,4.49,4.49,Chicago White Sox,statsapi,False
mlbam-678394,Brayan Bello,2024,MLB,Boston Red Sox,pitcher,25.0,162.33333333333334,30.0,30.0,0.21794871794871795,0.09116809116809117,0.13380281690140844,4.49,4.12258726899384,351.0,351.0,4.49,4.49,Boston Red Sox,statsapi,False
mlbam-663372,Ryan Feltner,2024,MLB,Colorado Rockies,pitcher,28.0,162.33333333333334,30.0,30.0,0.1994219653179191,0.07514450867052024,0.10869565217391304,4.49,4.091786447638603,346.0,346.0,4.49,4.49,Colorado Rockies,statsapi,False
mlbam-622088,Tejay Antone,2024,MLB,Cincinnati Reds,pitcher,31.0,2.0,4.0,0.0,0.18181818181818182,0.36363636363636365,0.0,4.5,7.1,5.5,5.5,4.5,4.5,Cincinnati Reds,statsapi,False
mlbam-641343,Jake Bauers,2024,MLB,Milwaukee Brewers,pitcher,29.0,4.0,4.0,0.0,0.05,0.2,0.0,4.5,5.6,10.0,10.0,4.5,4.5,Milwaukee Brewers,statsapi,False
mlbam-656222,Jalen Beeks,2024,MLB,Pittsburgh Pirates,pitcher,31.0,70.0,71.0,0.0,0.1762820512820513,0.09294871794871795,0.06818181818181818,4.5,3.928571428571429,156.0,156.0,4.5,4.5,Pittsburgh Pirates,statsapi,False
mlbam-656234,Jake Bird,2024,MLB,Colorado Rockies,pitcher,29.0,40.0,35.0,0.0,0.16756756756756758,0.14054054054054055,0.125,4.5,5.35,92.5,92.5,4.5,4.5,Colorado Rockies,statsapi,False
mlbam-676961,Caleb Boushley,2024,MLB,Minnesota Twins,pitcher,31.0,4.0,2.0,0.0,0.05,0.1,0.0,4.5,4.1,10.0,10.0,4.5,4.5,Minnesota Twins,statsapi,False
mlbam-671109,Jake Eder,2024,MLB,Chicago White Sox,pitcher,26.0,2.0,1.0,0.0,0.1111111111111111,0.1111111111111111,0.0,4.5,5.1,4.5,4.5,4.5,4.5,Chicago White Sox,statsapi,False
mlbam-664139,Ian Gibaut,2024,MLB,Cincinnati Reds,pitcher,31.0,2.0,2.0,0.0,0.1,0.1,0.0,4.5,3.6,5.0,5.0,4.5,4.5,Cincinnati Reds,statsapi,False
mlbam-477132,Clayton Kershaw,2024,MLB,Los Angeles Dodgers,pitcher,36.0,30.0,7.0,7.0,0.18045112781954886,0.07518796992481203,0.0625,4.5,3.466666666666667,66.5,66.5,4.5,4.5,Los Angeles Dodgers,statsapi,False
mlbam-643396,Isiah Kiner-Falefa,2024,MLB,Toronto Blue Jays,pitcher,29.0,2.0,2.0,0.0,0.0,0.2222222222222222,0.0,4.5,6.1,4.5,4.5,4.5,4.5,Toronto Blue Jays,statsapi,False
mlbam-669270,Joel Kuhnel,2024,MLB,Tampa Bay Rays,pitcher,29.0,10.0,6.0,0.0,0.1282051282051282,0.0,0.07692307692307693,4.5,3.7,19.5,19.5,4.5,4.5,Tampa Bay Rays,statsapi,False
mlbam-643410,Mark Leiter Jr.,2024,MLB,New York Yankees,pitcher,33.0,58.0,60.0,0.0,0.3359375,0.08984375,0.15384615384615385,4.5,3.220689655172414,128.0,128.0,4.5,4.5,New York Yankees,statsapi,False
mlbam-641941,Emilio Pagán,2024,MLB,Cincinnati Reds,pitcher,33.0,38.0,38.0,1.0,0.27848101265822783,0.06962025316455696,0.1276595744680851,4.5,3.705263157894737,79.0,79.0,4.5,4.5,Cincinnati Reds,statsapi,False
mlbam-622103,Gerardo Reyes,2024,MLB,Oakland Athletics,pitcher,31.0,4.0,3.0,0.0,0.1111111111111111,0.16666666666666666,0.0,4.5,4.35,9.0,9.0,4.5,4.5,Oakland Athletics,statsapi,False
mlbam-666163,Ben Rortvedt,2024,MLB,Tampa Bay Rays,pitcher,27.0,2.0,1.0,0.0,0.09090909090909091,0.18181818181818182,0.5,4.5,11.6,5.5,5.5,4.5,4.5,Tampa Bay Rays,statsapi,False
mlbam-666208,Alex Speas,2024,MLB,Houston Astros,pitcher,26.0,2.0,1.0,0.0,0.25,0.125,0.5,4.5,9.1,4.0,4.0,4.5,4.5,Houston Astros,statsapi,False
mlbam-545121,Ildemaro Vargas,2024,MLB,Washington Nationals,pitcher,33.0,2.0,2.0,0.0,0.0,0.0,0.2,4.5,11.1,4.5,4.5,4.5,4.5,Washington Nationals,statsapi,False
mlbam-663897,Luke Williams,2024,MLB,Atlanta Braves,pitcher,28.0,4.0,3.0,0.0,0.0,0.05263157894736842,0.0,4.5,4.6,9.5,9.5,4.5,4.5,Atlanta Braves,statsapi,False
mlbam-571946,Shelby Miller,2024,MLB,Detroit Tigers,pitcher,34.0,55.666666666666664,51.0,0.0,0.21777777777777776,0.057777777777777775,0.11688311688311688,4.53,4.411377245508982,112.5,112.5,4.53,4.53,Detroit Tigers,statsapi,False
mlbam-672335,Cionel Pérez,2024,MLB,Baltimore Orioles,pitcher,28.0,53.666666666666664,62.0,0.0,0.19327731092436976,0.11764705882352941,0.0,4.53,3.230434782608696,119.0,119.0,4.53,4.53,Baltimore Orioles,statsapi,False
mlbam-681293,Spencer Arrighetti,2024,MLB,Houston Astros,pitcher,24.0,145.0,29.0,28.0,0.27056962025316456,0.10284810126582279,0.12209302325581395,4.53,4.113793103448276,316.0,316.0,4.53,4.53,Houston Astros,statsapi,False
mlbam-527048,Martín Pérez,2024,MLB,San Diego Padres,pitcher,33.0,135.0,26.0,26.0,0.18135593220338983,0.08305084745762711,0.1375,4.53,4.833333333333334,295.0,295.0,4.53,4.53,San Diego Padres,statsapi,False
mlbam-679525,Alec Marsh,2024,MLB,Kansas City Royals,pitcher,26.0,129.0,26.0,25.0,0.22445255474452555,0.072992700729927,0.12179487179487179,4.53,4.270542635658915,274.0,274.0,4.53,4.53,Kansas City Royals,statsapi,False
mlbam-664849,Danny Young,2024,MLB,New York Mets,pitcher,30.0,37.666666666666664,42.0,0.0,0.2909090909090909,0.11515151515151516,0.125,4.54,3.57787610619469,82.5,82.5,4.54,4.54,New York Mets,statsapi,False
mlbam-594835,Marco Gonzales,2024,MLB,Pittsburgh Pirates,pitcher,32.0,33.666666666666664,7.0,7.0,0.152317880794702,0.0728476821192053,0.10638297872340426,4.54,4.644554455445545,75.5,75.5,4.54,4.54,Pittsburgh Pirates,statsapi,False
mlbam-670950,Trevor Richards,2024,MLB,Minnesota Twins,pitcher,31.0,65.33333333333333,55.0,2.0,0.22382671480144403,0.1263537906137184,0.07692307692307693,4.55,4.293877551020408,138.5,138.5,4.55,4.55,Minnesota Twins,statsapi,False
mlbam-683409,Angel Chivilli,2024,MLB,Colorado Rockies,pitcher,22.0,31.666666666666668,30.0,0.0,0.21052631578947367,0.07518796992481203,0.21875,4.55,5.247368421052632,66.5,66.5,4.55,4.55,Colorado Rockies,statsapi,False
mlbam-690986,Kyle Harrison,2024,MLB,San Francisco Giants,pitcher,23.0,124.33333333333333,24.0,24.0,0.22180451127819548,0.07894736842105263,0.11538461538461539,4.56,4.266219839142091,266.0,266.0,4.56,4.56,San Francisco Giants,statsapi,False
mlbam-681035,Christian Scott,2024,MLB,New York Mets,pitcher,25.0,47.333333333333336,9.0,9.0,0.19796954314720813,0.06091370558375635,0.1111111111111111,4.56,4.5366197183098596,98.5,98.5,4.56,4.56,New York Mets,statsapi,False
mlbam-687765,Mitch Spence,2024,MLB,Oakland Athletics,pitcher,26.0,151.33333333333334,35.0,24.0,0.1935483870967742,0.06758832565284179,0.12121212121212122,4.58,4.144052863436123,325.5,325.5,4.58,4.58,Oakland Athletics,statsapi,False
mlbam-686747,Joe La Sorsa,2024,MLB,Washington Nationals,pitcher,26.0,17.666666666666668,16.0,0.0,0.1891891891891892,0.08108108108108109,0.18181818181818182,4.58,5.477358490566038,37.0,37.0,4.58,4.58,Washington Nationals,statsapi,False
mlbam-676661,Max Lazar,2024,MLB,Philadelphia Phillies,pitcher,25.0,13.666666666666666,11.0,0.0,0.16666666666666666,0.037037037037037035,0.125,4.61,4.12439024390244,27.0,27.0,4.61,4.61,Philadelphia Phillies,statsapi,False
mlbam-657571,Caleb Ferguson,2024,MLB,Houston Astros,pitcher,28.0,54.333333333333336,62.0,0.0,0.26907630522088355,0.10441767068273092,0.1111111111111111,4.64,3.6705521472392637,124.5,124.5,4.64,4.64,Houston Astros,statsapi,False
mlbam-675540,Xzavion Curry,2024,MLB,Miami Marlins,pitcher,26.0,42.666666666666664,16.0,5.0,0.16279069767441862,0.046511627906976744,0.1,4.64,4.7171875,86.0,86.0,4.64,4.64,Miami Marlins,statsapi,False
mlbam-646242,Jhonathan Díaz,2024,MLB,Seattle Mariners,pitcher,28.0,9.666666666666666,5.0,1.0,0.1702127659574468,0.06382978723404255,0.14285714285714285,4.66,5.065517241379311,23.5,23.5,4.66,4.66,Seattle Mariners,statsapi,False
mlbam-672552,Jack O'Loughlin,2024,MLB,Oakland Athletics,pitcher,24.0,9.666666666666666,4.0,0.0,0.1276595744680851,0.10638297872340426,0.07692307692307693,4.66,4.755172413793104,23.5,23.5,4.66,4.66,Oakland Athletics,statsapi,False
mlbam-621112,Paul Blackburn,2024,MLB,New York Mets,pitcher,31.0,75.33333333333333,14.0,14.0,0.18670886075949367,0.06645569620253164,0.14285714285714285,4.66,4.560176991150443,158.0,158.0,4.66,4.66,New York Mets,statsapi,False
mlbam-622253,Dillon Tate,2024,MLB,Toronto Blue Jays,pitcher,30.0,36.666666666666664,33.0,0.0,0.16463414634146342,0.07317073170731707,0.06060606060606061,4.66,3.6454545454545455,82.0,82.0,4.66,4.66,Toronto Blue Jays,statsapi,False
mlbam-640470,Adbert Alzolay,2024,MLB,Chicago Cubs,pitcher,29.0,17.333333333333332,18.0,0.0,0.17333333333333334,0.08,0.2222222222222222,4.67,7.311538461538461,37.5,37.5,4.67,4.67,Chicago Cubs,statsapi,False
mlbam-666214,Joey Wentz,2024,MLB,Pittsburgh Pirates,pitcher,27.0,67.33333333333333,46.0,0.0,0.24013157894736842,0.1118421052631579,0.10126582278481013,4.68,4.124752475247525,152.0,152.0,4.68,4.68,Pittsburgh Pirates,statsapi,False
mlbam-700669,Gordon Graceffo,2024,MLB,St. Louis Cardinals,pitcher,24.0,7.666666666666667,2.0,1.0,0.1935483870967742,0.06451612903225806,0.125,4.7,4.01304347826087,15.5,15.5,4.7,4.7,St. Louis Cardinals,statsapi,False
mlbam-664079,Tyler Jay,2024,MLB,Milwaukee Brewers,pitcher,30.0,7.666666666666667,5.0,0.0,0.16666666666666666,0.16666666666666666,0.0,4.7,3.882608695652174,18.0,18.0,4.7,4.7,Milwaukee Brewers,statsapi,False
mlbam-606160,Rafael Montero,2024,MLB,Houston Astros,pitcher,34.0,38.333333333333336,41.0,0.0,0.1402439024390244,0.11585365853658537,0.1509433962264151,4.7,6.334782608695653,82.0,82.0,4.7,4.7,Houston Astros,statsapi,False
mlbam-592662,Robbie Ray,2024,MLB,San Francisco Giants,pitcher,33.0,30.666666666666668,7.0,7.0,0.3333333333333333,0.11627906976744186,0.16666666666666666,4.7,4.893478260869565,64.5,64.5,4.7,4.7,San Francisco Giants,statsapi,False
mlbam-694297,Brandon Pfaadt,2024,MLB,Arizona Diamondbacks,pitcher,26.0,181.66666666666666,32.0,32.0,0.24342105263157895,0.056578947368421055,0.11822660098522167,4.71,3.5403669724770643,380.0,380.0,4.71,4.71,Arizona Diamondbacks,statsapi,False
mlbam-682990,Quinn Priester,2024,MLB,Boston Red Sox,pitcher,24.0,49.666666666666664,11.0,7.0,0.1493212669683258,0.06334841628959276,0.15555555555555556,4.71,4.630201342281879,110.5,110.5,4.71,4.71,Boston Red Sox,statsapi,False
mlbam-571948,Hoby Milner,2024,MLB,Milwaukee Brewers,pitcher,33.0,64.66666666666667,61.0,1.0,0.23880597014925373,0.05970149253731343,0.10526315789473684,4.73,3.069072164948454,134.0,134.0,4.73,4.73,Milwaukee Brewers,statsapi,False
mlbam-647336,Michael Soroka,2024,MLB,Chicago White Sox,pitcher,27.0,79.66666666666667,25.0,9.0,0.2420749279538905,0.12968299711815562,0.14444444444444443,4.74,4.882426778242678,173.5,173.5,4.74,4.74,Chicago White Sox,statsapi,False
mlbam-596295,Austin Gomber,2024,MLB,Colorado Rockies,pitcher,31.0,165.0,30.0,30.0,0.16666666666666666,0.05459770114942529,0.1282051282051282,4.75,4.766666666666667,348.0,348.0,4.75,4.75,Colorado Rockies,statsapi,False
mlbam-676106,Emerson Hancock,2024,MLB,Seattle Mariners,pitcher,25.0,60.666666666666664,12.0,12.0,0.14661654135338345,0.07142857142857142,0.12371134020618557,4.75,5.6219780219780215,133.0,133.0,4.75,4.75,Seattle Mariners,statsapi,False
mlbam-806185,Hayden Birdsong,2024,MLB,San Francisco Giants,pitcher,23.0,72.0,16.0,16.0,0.27936507936507937,0.1365079365079365,0.1375,4.75,4.6,157.5,157.5,4.75,4.75,San Francisco Giants,statsapi,False
mlbam-672456,Keider Montero,2024,MLB,Detroit Tigers,pitcher,24.0,98.33333333333333,19.0,16.0,0.18689320388349515,0.07524271844660194,0.1532258064516129,4.76,5.083050847457628,206.0,206.0,4.76,4.76,Detroit Tigers,statsapi,False
mlbam-666157,Nick Lodolo,2024,MLB,Cincinnati Reds,pitcher,26.0,115.33333333333333,21.0,21.0,0.24746450304259635,0.07505070993914807,0.10483870967741936,4.76,3.8803468208092484,246.5,246.5,4.76,4.76,Cincinnati Reds,statsapi,False
mlbam-663432,Tanner Rainey,2024,MLB,Washington Nationals,pitcher,32.0,51.0,50.0,0.0,0.19047619047619047,0.12987012987012986,0.09090909090909091,4.76,5.354901960784314,115.5,115.5,4.76,4.76,Washington Nationals,statsapi,False
mlbam-523260,Joe Kelly,2024,MLB,Los Angeles Dodgers,pitcher,36.0,32.0,35.0,0.0,0.24475524475524477,0.11888111888111888,0.13793103448275862,4.78,4.50625,71.5,71.5,4.78,4.78,Los Angeles Dodgers,statsapi,False
mlbam-642520,Gerson Garabito,2024,MLB,Texas Rangers,pitcher,29.0,26.333333333333332,18.0,2.0,0.19130434782608696,0.10434782608695652,0.125,4.78,5.226582278481013,57.5,57.5,4.78,4.78,Texas Rangers,statsapi,False
mlbam-671111,Sammy Peralta,2024,MLB,Chicago White Sox,pitcher,26.0,15.0,9.0,0.0,0.1527777777777778,0.09722222222222222,0.125,4.8,4.766666666666667,36.0,36.0,4.8,4.8,Chicago White Sox,statsapi,False
mlbam-593423,Frankie Montas,2024,MLB,Milwaukee Brewers,pitcher,31.0,150.66666666666666,30.0,30.0,0.22595419847328244,0.10076335877862595,0.13259668508287292,4.84,4.639823008849557,327.5,327.5,4.84,4.84,Milwaukee Brewers,statsapi,False
mlbam-691951,Sam Aldegheri,2024,MLB,Los Angeles Angels,pitcher,23.0,13.0,3.0,3.0,0.14925373134328357,0.14925373134328357,0.07142857142857142,4.85,6.330769230769231,33.5,33.5,4.85,4.85,Los Angeles Angels,statsapi,False
mlbam-668909,Gavin Williams,2024,MLB,Cleveland Guardians,pitcher,25.0,76.0,16.0,16.0,0.23795180722891565,0.0963855421686747,0.08333333333333333,4.86,3.6,166.0,166.0,4.86,4.86,Cleveland Guardians,statsapi,False
mlbam-542888,Shawn Armstrong,2024,MLB,Chicago Cubs,pitcher,34.0,66.66666666666667,57.0,7.0,0.22372881355932203,0.0847457627118644,0.07407407407407407,4.86,3.505,147.5,147.5,4.86,4.86,Chicago Cubs,statsapi,False
mlbam-518585,Fernando Cruz,2024,MLB,Cincinnati Reds,pitcher,34.0,66.66666666666667,69.0,3.0,0.3784722222222222,0.1284722222222222,0.14516129032258066,4.86,3.205,144.0,144.0,4.86,4.86,Cincinnati Reds,statsapi,False
mlbam-681190,Randy Vásquez,2024,MLB,San Diego Padres,pitcher,26.0,98.0,20.0,20.0,0.14385150812064965,0.06960556844547564,0.0962962962962963,4.87,4.630612244897959,215.5,215.5,4.87,4.87,San Diego Padres,statsapi,False
mlbam-660825,Eduard Bazardo,2024,MLB,Seattle Mariners,pitcher,29.0,27.666666666666668,23.0,0.0,0.3055555555555556,0.08333333333333333,0.09523809523809523,4.88,2.630120481927711,54.0,54.0,4.88,4.88,Seattle Mariners,statsapi,False
mlbam-666159,Matt Manning,2024,MLB,Detroit Tigers,pitcher,26.0,27.666666666666668,5.0,5.0,0.18699186991869918,0.0975609756097561,0.06818181818181818,4.88,4.148192771084338,61.5,61.5,4.88,4.88,Detroit Tigers,statsapi,False
mlbam-592773,Ryne Stanek,2024,MLB,New York Mets,pitcher,33.0,55.333333333333336,63.0,0.0,0.27800829875518673,0.11203319502074689,0.11267605633802817,4.88,4.075903614457832,120.5,120.5,4.88,4.88,New York Mets,statsapi,False
mlbam-666808,Camilo Doval,2024,MLB,San Francisco Giants,pitcher,27.0,59.0,62.0,0.0,0.2878228782287823,0.15129151291512916,0.15151515151515152,4.88,3.642372881355932,135.5,135.5,4.88,4.88,San Francisco Giants,statsapi,False
mlbam-472610,Luis García,2024,MLB,Boston Red Sox,pitcher,37.0,59.0,60.0,0.0,0.20866141732283464,0.06692913385826772,0.14545454545454545,4.88,3.98135593220339,127.0,127.0,4.88,4.88,Boston Red Sox,statsapi,False
mlbam-676282,Joey Cantillo,2024,MLB,Cleveland Guardians,pitcher,25.0,38.666666666666664,9.0,8.0,0.26993865030674846,0.09202453987730061,0.16666666666666666,4.89,4.005172413793104,81.5,81.5,4.89,4.89,Cleveland Guardians,statsapi,False
mlbam-701581,David Festa,2024,MLB,Minnesota Twins,pitcher,24.0,64.33333333333333,14.0,13.0,0.2779783393501805,0.08303249097472924,0.13043478260869565,4.9,3.6906735751295336,138.5,138.5,4.9,4.9,Minnesota Twins,statsapi,False
mlbam-690925,Clayton Beeter,2024,MLB,New York Yankees,pitcher,26.0,3.6666666666666665,3.0,0.0,0.3333333333333333,0.06666666666666667,0.0,4.91,1.190909090909091,7.5,7.5,4.91,4.91,New York Yankees,statsapi,False
mlbam-448179,Rich Hill,2024,MLB,Boston Red Sox,pitcher,44.0,3.6666666666666665,4.0,0.0,0.3333333333333333,0.2,0.3333333333333333,4.91,7.190909090909091,7.5,7.5,4.91,4.91,Boston Red Sox,statsapi,False
mlbam-666204,Dany Jiménez,2024,MLB,Oakland Athletics,pitcher,31.0,25.666666666666668,25.0,0.0,0.21367521367521367,0.1623931623931624,0.15789473684210525,4.91,6.5285714285714285,58.5,58.5,4.91,4.91,Oakland Athletics,statsapi,False
mlbam-666619,Gregory Santos,2024,MLB,Seattle Mariners,pitcher,25.0,7.333333333333333,8.0,0.0,0.1935483870967742,0.03225806451612903,0.0,4.91,2.2818181818181817,15.5,15.5,4.91,4.91,Seattle Mariners,statsapi,False
mlbam-663362,Matt Waldron,2024,MLB,San Diego Padres,pitcher,28.0,146.66666666666666,27.0,26.0,0.2128,0.064,0.1076923076923077,4.91,4.190909090909091,312.5,312.5,4.91,4.91,San Diego Padres,statsapi,False
mlbam-669432,Trevor Rogers,2024,MLB,Baltimore Orioles,pitcher,27.0,124.33333333333333,25.0,25.0,0.17259786476868327,0.10320284697508897,0.0979020979020979,4.92,4.451206434316354,281.0,281.0,4.92,4.92,Baltimore Orioles,statsapi,False
mlbam-663704,James McArthur,2024,MLB,Kansas City Royals,pitcher,28.0,56.666666666666664,57.0,0.0,0.19838056680161945,0.06477732793522267,0.15384615384615385,4.92,4.105882352941176,123.5,123.5,4.92,4.92,Kansas City Royals,statsapi,False
mlbam-623167,Chris Flexen,2024,MLB,Chicago White Sox,pitcher,30.0,160.0,33.0,30.0,0.173974540311174,0.09052333804809053,0.10434782608695652,4.95,4.73125,353.5,353.5,4.95,4.95,Chicago White Sox,statsapi,False
mlbam-665795,Edward Cabrera,2024,MLB,Miami Marlins,pitcher,26.0,96.33333333333333,20.0,20.0,0.25598086124401914,0.11961722488038277,0.15789473684210525,4.95,4.615570934256056,209.0,209.0,4.95,4.95,Miami Marlins,statsapi,False
mlbam-572143,Burch Smith,2024,MLB,Baltimore Orioles,pitcher,34.0,56.333333333333336,50.0,0.0,0.1908713692946058,0.04979253112033195,0.08695652173913043,4.95,3.597041420118343,120.5,120.5,4.95,4.95,Baltimore Orioles,statsapi,False
mlbam-691172,Yosver Zulueta,2024,MLB,Cincinnati Reds,pitcher,26.0,16.333333333333332,12.0,0.0,0.2898550724637681,0.10144927536231885,0.18181818181818182,4.96,3.7122448979591836,34.5,34.5,4.96,4.96,Cincinnati Reds,statsapi,False
mlbam-641816,Tyler Mahle,2024,MLB,Texas Rangers,pitcher,30.0,12.666666666666666,3.0,3.0,0.17857142857142858,0.07142857142857142,0.05555555555555555,4.97,3.7315789473684213,28.0,28.0,4.97,4.97,Texas Rangers,statsapi,False
mlbam-615698,Cal Quantrill,2024,MLB,Colorado Rockies,pitcher,29.0,148.33333333333334,29.0,29.0,0.1676829268292683,0.10518292682926829,0.13450292397660818,4.98,5.250561797752809,328.0,328.0,4.98,4.98,Colorado Rockies,statsapi,False
mlbam-663978,Chris Paddack,2024,MLB,Minnesota Twins,pitcher,28.0,88.33333333333333,17.0,17.0,0.20572916666666666,0.0546875,0.11382113821138211,4.99,4.118867924528302,192.0,192.0,4.99,4.99,Minnesota Twins,statsapi,False
mlbam-666200,Jesús Luzardo,2024,MLB,Miami Marlins,pitcher,27.0,66.66666666666667,12.0,12.0,0.2116788321167883,0.08029197080291971,0.1125,5.0,4.195,137.0,137.0,5.0,5.0,Miami Marlins,statsapi,False
mlbam-663465,Kolby Allard,2024,MLB,Philadelphia Phillies,pitcher,27.0,27.0,7.0,4.0,0.19658119658119658,0.06837606837606838,0.15151515151515152,5.0,4.692592592592593,58.5,58.5,5.0,5.0,Philadelphia Phillies,statsapi,False
mlbam-608648,Tyler Duffey,2024,MLB,Kansas City Royals,pitcher,34.0,9.0,9.0,0.0,0.23809523809523808,0.19047619047619047,0.0,5.0,3.8777777777777778,21.0,21.0,5.0,5.0,Kansas City Royals,statsapi,False
mlbam-683155,Joey Estes,2024,MLB,Oakland Athletics,pitcher,23.0,127.66666666666667,25.0,24.0,0.1694290976058932,0.05156537753222836,0.09663865546218488,5.01,4.87023498694517,271.5,271.5,5.01,5.01,Oakland Athletics,statsapi,False
mlbam-641329,Bryan Baker,2024,MLB,Baltimore Orioles,pitcher,30.0,23.333333333333332,19.0,0.0,0.24731182795698925,0.07526881720430108,0.11538461538461539,5.01,3.7,46.5,46.5,5.01,5.01,Baltimore Orioles,statsapi,False
mlbam-669084,DL Hall,2024,MLB,Milwaukee Brewers,pitcher,26.0,43.0,13.0,7.0,0.2233502538071066,0.1065989847715736,0.13043478260869565,5.02,4.611627906976745,98.5,98.5,5.02,5.02,Milwaukee Brewers,statsapi,False
mlbam-519043,Matt Moore,2024,MLB,Los Angeles Angels,pitcher,35.0,48.333333333333336,51.0,0.0,0.19523809523809524,0.13333333333333333,0.1375,5.03,6.1,105.0,105.0,5.03,5.03,Los Angeles Angels,statsapi,False
mlbam-657024,Erik Swanson,2024,MLB,Toronto Blue Jays,pitcher,31.0,39.333333333333336,45.0,0.0,0.22023809523809523,0.08333333333333333,0.21153846153846154,5.03,5.998305084745763,84.0,84.0,5.03,5.03,Toronto Blue Jays,statsapi,False
mlbam-593958,Eduardo Rodriguez,2024,MLB,Arizona Diamondbacks,pitcher,31.0,50.0,10.0,10.0,0.20982142857142858,0.08928571428571429,0.125,5.04,4.5,112.0,112.0,5.04,5.04,Arizona Diamondbacks,statsapi,False
mlbam-605156,Aaron Brooks,2024,MLB,Oakland Athletics,pitcher,34.0,26.666666666666668,5.0,4.0,0.10084033613445378,0.06722689075630252,0.1111111111111111,5.06,5.1625,59.5,59.5,5.06,5.06,Oakland Athletics,statsapi,False
mlbam-607237,Amir Garrett,2024,MLB,Los Angeles Angels,pitcher,32.0,5.333333333333333,6.0,0.0,0.4583333333333333,0.20833333333333334,0.2,5.06,4.225,12.0,12.0,5.06,5.06,Los Angeles Angels,statsapi,False
mlbam-677955,Jaden Hill,2024,MLB,Colorado Rockies,pitcher,25.0,10.666666666666666,9.0,0.0,0.13333333333333333,0.08888888888888889,0.16666666666666666,5.06,6.1,22.5,22.5,5.06,5.06,Colorado Rockies,statsapi,False
mlbam-543391,Casey Kelly,2024,MLB,Cincinnati Reds,pitcher,35.0,5.333333333333333,2.0,0.0,0.19047619047619047,0.047619047619047616,0.125,5.06,4.6,10.5,10.5,5.06,5.06,Cincinnati Reds,statsapi,False
mlbam-641771,Chad Kuhl,2024,MLB,Chicago White Sox,pitcher,32.0,53.333333333333336,31.0,1.0,0.225,0.10833333333333334,0.09433962264150944,5.06,4.0375,120.0,120.0,5.06,5.06,Chicago White Sox,statsapi,False
mlbam-676755,Isaac Mattson,2024,MLB,Pittsburgh Pirates,pitcher,29.0,5.333333333333333,3.0,0.0,0.2608695652173913,0.21739130434782608,0.0,5.06,4.225,11.5,11.5,5.06,5.06,Pittsburgh Pirates,statsapi,False
mlbam-656793,Nick Nelson,2024,MLB,Philadelphia Phillies,pitcher,29.0,5.333333333333333,4.0,0.0,0.3076923076923077,0.07692307692307693,0.0,5.06,1.7875,13.0,13.0,5.06,5.06,Philadelphia Phillies,statsapi,False
mlbam-677053,Andrew Nardi,2024,MLB,Miami Marlins,pitcher,26.0,49.666666666666664,59.0,0.0,0.3333333333333333,0.09047619047619047,0.125,5.07,3.261073825503356,105.0,105.0,5.07,5.07,Miami Marlins,statsapi,False
mlbam-571927,Steven Matz,2024,MLB,St. Louis Cardinals,pitcher,33.0,44.333333333333336,12.0,7.0,0.1736842105263158,0.08421052631578947,0.1346153846153846,5.08,4.814285714285714,95.0,95.0,5.08,5.08,St. Louis Cardinals,statsapi,False
mlbam-663776,Patrick Sandoval,2024,MLB,Los Angeles Angels,pitcher,28.0,79.66666666666667,16.0,16.0,0.22946175637393768,0.1048158640226629,0.0963855421686747,5.08,3.802928870292887,176.5,176.5,5.08,5.08,Los Angeles Angels,statsapi,False
mlbam-592426,Luke Jackson,2024,MLB,Atlanta Braves,pitcher,33.0,53.0,52.0,0.0,0.251063829787234,0.11063829787234042,0.15217391304347827,5.09,4.175471698113208,117.5,117.5,5.09,5.09,Atlanta Braves,statsapi,False
mlbam-595345,Steven Okert,2024,MLB,Minnesota Twins,pitcher,33.0,35.333333333333336,44.0,1.0,0.20625,0.11875,0.12244897959183673,5.09,5.052830188679245,80.0,80.0,5.09,5.09,Minnesota Twins,statsapi,False
mlbam-670871,Guillo Zuñiga,2024,MLB,Los Angeles Angels,pitcher,26.0,17.666666666666668,15.0,0.0,0.15789473684210525,0.13157894736842105,0.17857142857142858,5.09,6.949056603773585,38.0,38.0,5.09,5.09,Los Angeles Angels,statsapi,False
mlbam-641302,Tyler Alexander,2024,MLB,Tampa Bay Rays,pitcher,30.0,107.66666666666667,23.0,9.0,0.1978021978021978,0.054945054945054944,0.13450292397660818,5.1,5.013312693498452,227.5,227.5,5.1,5.1,Tampa Bay Rays,statsapi,False
mlbam-608344,Cole Irvin,2024,MLB,Minnesota Twins,pitcher,30.0,111.0,29.0,16.0,0.15853658536585366,0.06097560975609756,0.11612903225806452,5.11,4.748648648648649,246.0,246.0,5.11,5.11,Minnesota Twins,statsapi,False
mlbam-677020,Josh Walker,2024,MLB,New York Mets,pitcher,30.0,12.333333333333334,10.0,0.0,0.2,0.10909090909090909,0.08333333333333333,5.11,3.82972972972973,27.5,27.5,5.11,5.11,New York Mets,statsapi,False
mlbam-663474,Triston McKenzie,2024,MLB,Cleveland Guardians,pitcher,27.0,75.66666666666667,16.0,16.0,0.21764705882352942,0.14705882352941177,0.17592592592592593,5.11,6.390748898678414,170.0,170.0,5.11,5.11,Cleveland Guardians,statsapi,False
mlbam-675627,Michael Grove,2024,MLB,Los Angeles Dodgers,pitcher,28.0,51.0,39.0,2.0,0.25,0.07407407407407407,0.12,5.12,3.8058823529411767,108.0,108.0,5.12,5.12,Los Angeles Dodgers,statsapi,False
mlbam-656232,Brandon Bielak,2024,MLB,Oakland Athletics,pitcher,28.0,29.666666666666668,16.0,0.0,0.1,0.09285714285714286,0.1111111111111111,5.16,5.864044943820225,70.0,70.0,5.16,5.16,Oakland Athletics,statsapi,False
mlbam-592779,Brock Stewart,2024,MLB,Minnesota Twins,pitcher,33.0,15.666666666666666,16.0,0.0,0.29850746268656714,0.11940298507462686,0.125,5.17,3.738297872340426,33.5,33.5,5.17,5.17,Minnesota Twins,statsapi,False
mlbam-665622,Luis Medina,2024,MLB,Oakland Athletics,pitcher,25.0,40.0,8.0,8.0,0.17777777777777778,0.11666666666666667,0.07017543859649122,5.18,4.375,90.0,90.0,5.18,5.18,Oakland Athletics,statsapi,False
mlbam-656288,Griffin Canning,2024,MLB,Los Angeles Angels,pitcher,28.0,171.66666666666666,32.0,31.0,0.17591339648173207,0.09066305818673884,0.1341991341991342,5.19,5.19126213592233,369.5,369.5,5.19,5.19,Los Angeles Angels,statsapi,False
mlbam-700249,Cade Povich,2024,MLB,Baltimore Orioles,pitcher,24.0,79.66666666666667,16.0,16.0,0.19602272727272727,0.09943181818181818,0.10526315789473684,5.2,4.719246861924686,176.0,176.0,5.2,5.2,Baltimore Orioles,statsapi,False
mlbam-660853,Enyel De Los Santos,2024,MLB,Chicago White Sox,pitcher,29.0,64.0,64.0,0.0,0.23741007194244604,0.09352517985611511,0.20238095238095238,5.2,5.896875,139.0,139.0,5.2,5.2,Chicago White Sox,statsapi,False
mlbam-663568,Stephen Kolek,2024,MLB,San Diego Padres,pitcher,27.0,46.666666666666664,42.0,0.0,0.1848341232227488,0.05687203791469194,0.11764705882352941,5.21,3.507142857142857,105.5,105.5,5.21,5.21,San Diego Padres,statsapi,False
mlbam-600986,Thyago Vieira,2024,MLB,Arizona Diamondbacks,pitcher,31.0,38.0,28.0,0.0,0.22033898305084745,0.15254237288135594,0.1702127659574468,5.21,5.994736842105263,88.5,88.5,5.21,5.21,Arizona Diamondbacks,statsapi,False
mlbam-528748,Humberto Castellanos,2024,MLB,Arizona Diamondbacks,pitcher,26.0,10.333333333333334,7.0,0.0,0.14583333333333334,0.08333333333333333,0.0,5.23,3.4870967741935486,24.0,24.0,5.23,5.23,Arizona Diamondbacks,statsapi,False
mlbam-682052,Jacob Lopez,2024,MLB,Tampa Bay Rays,pitcher,26.0,10.333333333333334,4.0,1.0,0.17391304347826086,0.15217391304347827,0.09523809523809523,5.23,6.680645161290323,23.0,23.0,5.23,5.23,Tampa Bay Rays,statsapi,False
mlbam-664192,Joey Lucchesi,2024,MLB,New York Mets,pitcher,31.0,10.333333333333334,2.0,2.0,0.15217391304347827,0.17391304347826086,0.1,5.23,5.325806451612904,23.0,23.0,5.23,5.23,New York Mets,statsapi,False
mlbam-668933,Graham Ashcraft,2024,MLB,Cincinnati Reds,pitcher,26.0,77.33333333333333,15.0,15.0,0.16285714285714287,0.07714285714285714,0.12790697674418605,5.24,4.755172413793104,175.0,175.0,5.24,5.24,Cincinnati Reds,statsapi,False
mlbam-607536,Kyle Freeland,2024,MLB,Colorado Rockies,pitcher,31.0,113.33333333333333,21.0,21.0,0.17346938775510204,0.053061224489795916,0.1437908496732026,5.24,4.838235294117647,245.0,245.0,5.24,5.24,Colorado Rockies,statsapi,False
mlbam-622072,Alex Wood,2024,MLB,Oakland Athletics,pitcher,33.0,39.333333333333336,9.0,9.0,0.1774193548387097,0.10752688172043011,0.11538461538461539,5.26,5.235593220338983,93.0,93.0,5.26,5.26,Oakland Athletics,statsapi,False
mlbam-641540,Dane Dunning,2024,MLB,Texas Rangers,pitcher,30.0,95.0,26.0,15.0,0.2161520190023753,0.09738717339667459,0.16216216216216217,5.31,5.1,210.5,210.5,5.31,5.31,Texas Rangers,statsapi,False
mlbam-670124,Adam Oller,2024,MLB,Miami Marlins,pitcher,30.0,42.333333333333336,8.0,8.0,0.19047619047619047,0.1164021164021164,0.1206896551724138,5.31,5.249606299212598,94.5,94.5,5.31,5.31,Miami Marlins,statsapi,False
mlbam-573204,Caleb Thielbar,2024,MLB,Minnesota Twins,pitcher,37.0,47.333333333333336,59.0,0.0,0.24537037037037038,0.12037037037037036,0.10526315789473684,5.32,4.029577464788733,108.0,108.0,5.32,5.32,Minnesota Twins,statsapi,False
mlbam-518886,Craig Kimbrel,2024,MLB,Baltimore Orioles,pitcher,36.0,52.333333333333336,57.0,0.0,0.3146551724137931,0.13793103448275862,0.1206896551724138,5.33,4.112738853503185,116.0,116.0,5.33,5.33,Baltimore Orioles,statsapi,False
mlbam-571945,Miles Mikolas,2024,MLB,St. Louis Cardinals,pitcher,36.0,171.66666666666666,32.0,32.0,0.16944444444444445,0.034722222222222224,0.11818181818181818,5.35,4.171844660194175,360.0,360.0,5.35,5.35,St. Louis Cardinals,statsapi,False
mlbam-666129,Braxton Garrett,2024,MLB,Miami Marlins,pitcher,27.0,37.0,7.0,7.0,0.2111801242236025,0.024844720496894408,0.13513513513513514,5.35,3.7486486486486488,80.5,80.5,5.35,5.35,Miami Marlins,statsapi,False
mlbam-621111,Walker Buehler,2024,MLB,Los Angeles Dodgers,pitcher,30.0,75.33333333333333,16.0,16.0,0.18604651162790697,0.08139534883720931,0.1702127659574468,5.38,5.476106194690265,172.0,172.0,5.38,5.38,Los Angeles Dodgers,statsapi,False
mlbam-502624,Chase Anderson,2024,MLB,Texas Rangers,pitcher,37.0,58.333333333333336,29.0,1.0,0.16470588235294117,0.08627450980392157,0.1276595744680851,5.4,5.62,127.5,127.5,5.4,5.4,Texas Rangers,statsapi,False
mlbam-664123,Scott Effross,2024,MLB,New York Yankees,pitcher,31.0,3.3333333333333335,3.0,0.0,0.14285714285714285,0.14285714285714285,0.3333333333333333,5.4,7.6,7.0,7.0,5.4,5.4,New York Yankees,statsapi,False
mlbam-669438,Mason Englert,2024,MLB,Detroit Tigers,pitcher,25.0,21.666666666666668,12.0,1.0,0.17204301075268819,0.06451612903225806,0.12903225806451613,5.4,4.853846153846154,46.5,46.5,5.4,5.4,Detroit Tigers,statsapi,False
mlbam-642546,Jonathan Hernández,2024,MLB,Seattle Mariners,pitcher,28.0,43.333333333333336,29.0,1.0,0.203125,0.15104166666666666,0.14634146341463414,5.4,5.107692307692307,96.0,96.0,5.4,5.4,Seattle Mariners,statsapi,False
mlbam-572971,Dallas Keuchel,2024,MLB,Milwaukee Brewers,pitcher,36.0,16.666666666666668,4.0,4.0,0.13924050632911392,0.10126582278481013,0.16666666666666666,5.4,5.5600000000000005,39.5,39.5,5.4,5.4,Milwaukee Brewers,statsapi,False
mlbam-667725,Kyle Tyler,2024,MLB,Miami Marlins,pitcher,28.0,31.666666666666668,8.0,7.0,0.176056338028169,0.1267605633802817,0.14814814814814814,5.4,4.963157894736842,71.0,71.0,5.4,5.4,Miami Marlins,statsapi,False
mlbam-621097,Jacob Waguespack,2024,MLB,Tampa Bay Rays,pitcher,31.0,10.0,4.0,1.0,0.21568627450980393,0.19607843137254902,0.125,5.4,5.2,25.5,25.5,5.4,5.4,Tampa Bay Rays,statsapi,False
mlbam-641745,Brad Keller,2024,MLB,Boston Red Sox,pitcher,29.0,41.333333333333336,16.0,2.0,0.16666666666666666,0.078125,0.16363636363636364,5.44,5.616129032258065,96.0,96.0,5.44,5.44,Boston Red Sox,statsapi,False
mlbam-686730,Carson Spiers,2024,MLB,Cincinnati Reds,pitcher,27.0,90.66666666666667,22.0,10.0,0.1951219512195122,0.06585365853658537,0.15267175572519084,5.46,5.261764705882353,205.0,205.0,5.46,5.46,Cincinnati Reds,statsapi,False
mlbam-663531,Logan Allen,2024,MLB,Arizona Diamondbacks,pitcher,27.0,28.0,12.0,0.0,0.1640625,0.078125,0.08333333333333333,5.46,4.2785714285714285,64.0,64.0,5.46,5.46,Arizona Diamondbacks,statsapi,False
mlbam-696136,Jordan Wicks,2024,MLB,Chicago Cubs,pitcher,25.0,46.0,11.0,10.0,0.19811320754716982,0.09433962264150944,0.15517241379310345,5.48,5.252173913043478,106.0,106.0,5.48,5.48,Chicago Cubs,statsapi,False
mlbam-434378,Justin Verlander,2024,MLB,Houston Astros,pitcher,41.0,90.33333333333333,17.0,17.0,0.18686868686868688,0.06818181818181818,0.09615384615384616,5.48,4.716236162361624,198.0,198.0,5.48,5.48,Houston Astros,statsapi,False
mlbam-689672,Drew Thorpe,2024,MLB,Chicago White Sox,pitcher,24.0,44.333333333333336,9.0,9.0,0.13157894736842105,0.11052631578947368,0.11267605633802817,5.48,5.806766917293233,95.0,95.0,5.48,5.48,Chicago White Sox,statsapi,False
mlbam-657508,Mike Baumann,2024,MLB,Miami Marlins,pitcher,29.0,58.333333333333336,57.0,0.0,0.2196969696969697,0.10984848484848485,0.125,5.55,4.762857142857143,132.0,132.0,5.55,5.55,Miami Marlins,statsapi,False
mlbam-608717,Chris Stratton,2024,MLB,Kansas City Royals,pitcher,34.0,58.333333333333336,57.0,0.0,0.17120622568093385,0.13229571984435798,0.07462686567164178,5.55,4.557142857142857,128.5,128.5,5.55,5.55,Kansas City Royals,statsapi,False
mlbam-677976,Randy Dobnak,2024,MLB,Minnesota Twins,pitcher,29.0,9.666666666666666,5.0,0.0,0.15555555555555556,0.13333333333333333,0.14285714285714285,5.59,4.548275862068966,22.5,22.5,5.59,5.59,Minnesota Twins,statsapi,False
mlbam-647315,Zach Pop,2024,MLB,Toronto Blue Jays,pitcher,28.0,48.333333333333336,58.0,0.0,0.15789473684210525,0.11004784688995216,0.16981132075471697,5.59,5.458620689655172,104.5,104.5,5.59,5.59,Toronto Blue Jays,statsapi,False
mlbam-458677,Justin Wilson,2024,MLB,Cincinnati Reds,pitcher,37.0,46.666666666666664,60.0,0.0,0.24401913875598086,0.06698564593301436,0.15625,5.59,4.664285714285715,104.5,104.5,5.59,5.59,Cincinnati Reds,statsapi,False
mlbam-681066,Ky Bush,2024,MLB,Chicago White Sox,pitcher,25.0,17.666666666666668,4.0,4.0,0.12643678160919541,0.19540229885057472,0.07692307692307693,5.6,6.213207547169811,43.5,43.5,5.6,5.6,Chicago White Sox,statsapi,False
mlbam-571578,Patrick Corbin,2024,MLB,Washington Nationals,pitcher,35.0,174.66666666666666,32.0,32.0,0.18193717277486912,0.07198952879581152,0.13227513227513227,5.62,4.348091603053435,382.0,382.0,5.62,5.62,Washington Nationals,statsapi,False
mlbam-518617,Jake Diekman,2024,MLB,New York Mets,pitcher,37.0,32.0,43.0,0.0,0.27586206896551724,0.16551724137931034,0.21212121212121213,5.63,6.06875,72.5,72.5,5.63,5.63,New York Mets,statsapi,False
mlbam-678061,Ray Kerr,2024,MLB,Atlanta Braves,pitcher,30.0,22.333333333333332,10.0,2.0,0.2621359223300971,0.06796116504854369,0.15384615384615385,5.64,4.353731343283583,51.5,51.5,5.64,5.64,Atlanta Braves,statsapi,False
mlbam-471911,Carlos Carrasco,2024,MLB,Cleveland Guardians,pitcher,37.0,103.66666666666667,21.0,21.0,0.19910514541387025,0.0738255033557047,0.16521739130434782,5.64,4.865273311897106,223.5,223.5,5.64,5.64,Cleveland Guardians,statsapi,False
mlbam-605155,Colten Brewer,2024,MLB,Chicago Cubs,pitcher,32.0,20.666666666666668,16.0,0.0,0.23157894736842105,0.09473684210526316,0.05,5.66,3.0516129032258066,47.5,47.5,5.66,5.66,Chicago Cubs,statsapi,False
mlbam-656924,Ryder Ryan,2024,MLB,Pittsburgh Pirates,pitcher,29.0,20.666666666666668,15.0,0.0,0.1827956989247312,0.0967741935483871,0.06666666666666667,5.66,4.45483870967742,46.5,46.5,5.66,5.66,Pittsburgh Pirates,statsapi,False
mlbam-687424,Anthony Maldonado,2024,MLB,Miami Marlins,pitcher,26.0,19.0,16.0,1.0,0.13414634146341464,0.12195121951219512,0.03125,5.68,3.731578947368421,41.0,41.0,5.68,5.68,Miami Marlins,statsapi,False
mlbam-676974,Max Meyer,2024,MLB,Miami Marlins,pitcher,25.0,57.0,11.0,11.0,0.18548387096774194,0.07661290322580645,0.21875,5.68,5.836842105263158,124.0,124.0,5.68,5.68,Miami Marlins,statsapi,False
mlbam-680736,Justin Wrobleski,2024,MLB,Los Angeles Dodgers,pitcher,24.0,36.333333333333336,8.0,6.0,0.16883116883116883,0.1038961038961039,0.15517241379310345,5.7,6.292660550458716,77.0,77.0,5.7,5.7,Los Angeles Dodgers,statsapi,False
mlbam-670036,Matt Festa,2024,MLB,Texas Rangers,pitcher,31.0,23.666666666666668,19.0,0.0,0.24,0.09,0.05405405405405406,5.7,3.311267605633803,50.0,50.0,5.7,5.7,Texas Rangers,statsapi,False
mlbam-642100,Gabe Speier,2024,MLB,Seattle Mariners,pitcher,29.0,23.666666666666668,29.0,0.0,0.3173076923076923,0.14423076923076922,0.08333333333333333,5.7,3.4380281690140846,52.0,52.0,5.7,5.7,Seattle Mariners,statsapi,False
mlbam-621051,Steven Wilson,2024,MLB,Chicago White Sox,pitcher,30.0,34.666666666666664,40.0,0.0,0.2085889570552147,0.19631901840490798,0.13793103448275862,5.71,6.648076923076923,81.5,81.5,5.71,5.71,Chicago White Sox,statsapi,False
mlbam-663567,Peter Lambert,2024,MLB,Colorado Rockies,pitcher,27.0,61.333333333333336,28.0,3.0,0.17857142857142858,0.11071428571428571,0.09333333333333334,5.72,4.469565217391304,140.0,140.0,5.72,5.72,Colorado Rockies,statsapi,False
mlbam-671106,Logan Allen,2024,MLB,Cleveland Guardians,pitcher,26.0,97.33333333333333,20.0,20.0,0.18287037037037038,0.09490740740740741,0.1896551724137931,5.73,5.802054794520548,216.0,216.0,5.73,5.73,Cleveland Guardians,statsapi,False
mlbam-663562,Noah Davis,2024,MLB,Colorado Rockies,pitcher,27.0,20.333333333333332,9.0,0.0,0.15625,0.07291666666666667,0.12,5.75,4.575409836065574,48.0,48.0,5.75,5.75,Colorado Rockies,statsapi,False
mlbam-670280,David Bednar,2024,MLB,Pittsburgh Pirates,pitcher,30.0,57.666666666666664,62.0,0.0,0.22137404580152673,0.1183206106870229,0.1111111111111111,5.77,4.730057803468208,131.0,131.0,5.77,5.77,Pittsburgh Pirates,statsapi,False
mlbam-656271,Brock Burke,2024,MLB,Los Angeles Angels,pitcher,28.0,34.0,34.0,1.0,0.2662337662337662,0.11688311688311688,0.12903225806451613,5.82,3.8058823529411767,77.0,77.0,5.82,5.82,Los Angeles Angels,statsapi,False
mlbam-605288,Adrian Houser,2024,MLB,New York Mets,pitcher,31.0,69.33333333333333,23.0,7.0,0.14563106796116504,0.10355987055016182,0.10126582278481013,5.84,4.859615384615385,154.5,154.5,5.84,5.84,New York Mets,statsapi,False
mlbam-605154,John Brebbia,2024,MLB,Atlanta Braves,pitcher,34.0,55.333333333333336,59.0,0.0,0.2768595041322314,0.07851239669421488,0.14473684210526316,5.86,4.455421686746988,121.0,121.0,5.86,5.86,Atlanta Braves,statsapi,False
mlbam-687134,Bradley Blalock,2024,MLB,Colorado Rockies,pitcher,24.0,30.666666666666668,7.0,6.0,0.1360544217687075,0.1360544217687075,0.08888888888888889,5.87,5.5456521739130435,73.5,73.5,5.87,5.87,Colorado Rockies,statsapi,False
mlbam-669330,Tyler Wells,2024,MLB,Baltimore Orioles,pitcher,30.0,15.333333333333334,3.0,3.0,0.19402985074626866,0.04477611940298507,0.13636363636363635,5.87,4.534782608695652,33.5,33.5,5.87,5.87,Baltimore Orioles,statsapi,False
mlbam-543294,Kyle Hendricks,2024,MLB,Chicago Cubs,pitcher,35.0,130.66666666666666,29.0,24.0,0.15343915343915343,0.07583774250440917,0.13291139240506328,5.92,4.913775510204082,283.5,283.5,5.92,5.92,Chicago Cubs,statsapi,False
mlbam-612434,Miguel Castro,2024,MLB,Arizona Diamondbacks,pitcher,30.0,13.666666666666666,11.0,0.0,0.125,0.046875,0.17647058823529413,5.93,5.660975609756098,32.0,32.0,5.93,5.93,Arizona Diamondbacks,statsapi,False
mlbam-570257,Joely Rodríguez,2024,MLB,Boston Red Sox,pitcher,33.0,13.666666666666666,14.0,0.0,0.1875,0.03125,0.2727272727272727,5.93,4.85609756097561,32.0,32.0,5.93,5.93,Boston Red Sox,statsapi,False
mlbam-683232,Nick Mears,2024,MLB,Milwaukee Brewers,pitcher,28.0,57.666666666666664,54.0,0.0,0.29296875,0.09765625,0.11290322580645161,5.93,3.325433526011561,128.0,128.0,5.93,5.93,Milwaukee Brewers,statsapi,False
mlbam-656848,Michael Petersen,2024,MLB,Miami Marlins,pitcher,30.0,19.666666666666668,16.0,0.0,0.15555555555555556,0.13333333333333333,0.09090909090909091,5.95,5.489830508474576,45.0,45.0,5.95,5.95,Miami Marlins,statsapi,False
mlbam-542882,Matt Andriese,2024,MLB,Miami Marlins,pitcher,35.0,6.0,4.0,0.0,0.2692307692307692,0.07692307692307693,0.25,6.0,5.6,13.0,13.0,6.0,6.0,Miami Marlins,statsapi,False
mlbam-641149,Wes Parsons,2024,MLB,Cleveland Guardians,pitcher,32.0,9.0,4.0,0.0,0.18421052631578946,0.05263157894736842,0.2222222222222222,6.0,5.1,19.0,19.0,6.0,6.0,Cleveland Guardians,statsapi,False
mlbam-670046,Kenny Rosenberg,2024,MLB,Los Angeles Angels,pitcher,29.0,24.0,7.0,1.0,0.16346153846153846,0.08653846153846154,0.13513513513513514,6.0,5.391666666666667,52.0,52.0,6.0,6.0,Los Angeles Angels,statsapi,False
mlbam-548389,Ross Stripling,2024,MLB,Oakland Athletics,pitcher,35.0,85.33333333333333,22.0,14.0,0.12860892388451445,0.06299212598425197,0.0603448275862069,6.01,3.8265625,190.5,190.5,6.01,6.01,Oakland Athletics,statsapi,False
mlbam-660761,José Suarez,2024,MLB,Los Angeles Angels,pitcher,26.0,52.333333333333336,22.0,3.0,0.23333333333333334,0.1125,0.12962962962962962,6.02,4.475796178343949,120.0,120.0,6.02,6.02,Los Angeles Angels,statsapi,False
mlbam-664350,Sixto Sánchez,2024,MLB,Miami Marlins,pitcher,26.0,35.666666666666664,14.0,7.0,0.10493827160493827,0.08641975308641975,0.07894736842105263,6.06,4.670093457943926,81.0,81.0,6.06,6.06,Miami Marlins,statsapi,False
mlbam-598286,Nick Ramirez,2024,MLB,Los Angeles Dodgers,pitcher,35.0,13.333333333333334,8.0,0.0,0.07936507936507936,0.12698412698412698,0.0,6.08,3.925,31.5,31.5,6.08,6.08,Los Angeles Dodgers,statsapi,False
mlbam-628317,Kenta Maeda,2024,MLB,Detroit Tigers,pitcher,36.0,112.33333333333333,29.0,17.0,0.1979381443298969,0.06391752577319587,0.13836477987421383,6.09,4.898219584569733,242.5,242.5,6.09,6.09,Detroit Tigers,statsapi,False
mlbam-694037,Daniel Palencia,2024,MLB,Chicago Cubs,pitcher,24.0,14.666666666666666,10.0,0.0,0.2318840579710145,0.17391304347826086,0.0,6.14,3.577272727272727,34.5,34.5,6.14,6.14,Chicago Cubs,statsapi,False
mlbam-641712,Dakota Hudson,2024,MLB,Colorado Rockies,pitcher,30.0,89.0,18.0,18.0,0.12128712871287128,0.12376237623762376,0.11702127659574468,6.17,5.459550561797753,202.0,202.0,6.17,6.17,Colorado Rockies,statsapi,False
mlbam-641755,Tyler Kinley,2024,MLB,Colorado Rockies,pitcher,33.0,64.0,67.0,0.0,0.25263157894736843,0.12280701754385964,0.15492957746478872,6.19,4.725,142.5,142.5,6.19,6.19,Colorado Rockies,statsapi,False
mlbam-670990,Yohan Ramírez,2024,MLB,Boston Red Sox,pitcher,29.0,45.0,38.0,0.0,0.21634615384615385,0.09134615384615384,0.08695652173913043,6.2,4.188888888888889,104.0,104.0,6.2,6.2,Boston Red Sox,statsapi,False
mlbam-675921,Spencer Howard,2024,MLB,Cleveland Guardians,pitcher,28.0,29.0,9.0,3.0,0.1875,0.09722222222222222,0.11904761904761904,6.21,4.927586206896552,72.0,72.0,6.21,6.21,Cleveland Guardians,statsapi,False
mlbam-670766,Darren McCaughan,2024,MLB,Miami Marlins,pitcher,28.0,42.0,12.0,5.0,0.14358974358974358,0.07692307692307693,0.13432835820895522,6.21,6.052380952380952,97.5,97.5,6.21,6.21,Miami Marlins,statsapi,False
mlbam-669721,Davis Daniel,2024,MLB,Los Angeles Angels,pitcher,27.0,30.333333333333332,6.0,6.0,0.208955223880597,0.04477611940298507,0.12195121951219512,6.23,4.089010989010989,67.0,67.0,6.23,6.23,Los Angeles Angels,statsapi,False
mlbam-656756,Jordan Montgomery,2024,MLB,Arizona Diamondbacks,pitcher,32.0,117.0,25.0,21.0,0.15601503759398497,0.08834586466165413,0.09655172413793103,6.23,4.4162393162393165,266.0,266.0,6.23,6.23,Arizona Diamondbacks,statsapi,False
mlbam-687924,Julian Aguiar,2024,MLB,Cincinnati Reds,pitcher,23.0,31.666666666666668,7.0,7.0,0.1357142857142857,0.09285714285714286,0.1568627450980392,6.25,6.794736842105263,70.0,70.0,6.25,6.25,Cincinnati Reds,statsapi,False
mlbam-630023,Yonny Chirinos,2024,MLB,Miami Marlins,pitcher,31.0,30.0,6.0,6.0,0.1736111111111111,0.09027777777777778,0.1590909090909091,6.3,6.066666666666666,72.0,72.0,6.3,6.3,Miami Marlins,statsapi,False
mlbam-656794,Sean Newcomb,2024,MLB,Oakland Athletics,pitcher,31.0,10.0,7.0,0.0,0.15555555555555556,0.2,0.2,6.3,7.0,22.5,22.5,6.3,6.3,Oakland Athletics,statsapi,False
mlbam-622694,Elieser Hernández,2024,MLB,Milwaukee Brewers,pitcher,29.0,15.666666666666666,9.0,1.0,0.125,0.078125,0.14705882352941177,6.32,7.185106382978724,32.0,32.0,6.32,6.32,Milwaukee Brewers,statsapi,False
mlbam-673929,Jordan Leasure,2024,MLB,Chicago White Sox,pitcher,26.0,31.333333333333332,33.0,0.0,0.18309859154929578,0.1267605633802817,0.13636363636363635,6.32,5.748936170212766,71.0,71.0,6.32,6.32,Chicago White Sox,statsapi,False
mlbam-641835,Tim Mayza,2024,MLB,New York Yankees,pitcher,32.0,42.666666666666664,50.0,0.0,0.14358974358974358,0.08717948717948718,0.1,6.33,4.4359375,97.5,97.5,6.33,6.33,New York Yankees,statsapi,False
mlbam-671212,Joe Boyle,2024,MLB,Oakland Athletics,pitcher,25.0,47.666666666666664,13.0,10.0,0.24778761061946902,0.17699115044247787,0.07547169811320754,6.42,4.6104895104895105,113.0,113.0,6.42,6.42,Oakland Athletics,statsapi,False
mlbam-489119,Wade Miley,2024,MLB,Milwaukee Brewers,pitcher,38.0,7.0,2.0,2.0,0.06666666666666667,0.13333333333333333,0.14285714285714285,6.43,6.5285714285714285,15.0,15.0,6.43,6.43,Milwaukee Brewers,statsapi,False
mlbam-696131,Mason Black,2024,MLB,San Francisco Giants,pitcher,25.0,36.333333333333336,9.0,8.0,0.1834319526627219,0.08875739644970414,0.1206896551724138,6.44,5.384403669724771,84.5,84.5,6.44,6.44,San Francisco Giants,statsapi,False
mlbam-664875,Justin Lawrence,2024,MLB,Colorado Rockies,pitcher,30.0,59.666666666666664,56.0,0.0,0.16129032258064516,0.12186379928315412,0.16363636363636364,6.49,5.563687150837989,139.5,139.5,6.49,6.49,Colorado Rockies,statsapi,False
mlbam-681892,Kody Funderburk,2024,MLB,Minnesota Twins,pitcher,28.0,34.666666666666664,27.0,0.0,0.19875776397515527,0.09316770186335403,0.16666666666666666,6.49,4.484615384615385,80.5,80.5,6.49,6.49,Minnesota Twins,statsapi,False
mlbam-690544,Bailey Horn,2024,MLB,Boston Red Sox,pitcher,26.0,18.0,18.0,0.0,0.14772727272727273,0.13636363636363635,0.22727272727272727,6.5,6.933333333333334,44.0,44.0,6.5,6.5,Boston Red Sox,statsapi,False
mlbam-693821,Bryce Elder,2024,MLB,Atlanta Braves,pitcher,25.0,49.666666666666664,10.0,10.0,0.20353982300884957,0.0752212389380531,0.16326530612244897,6.52,4.489261744966443,113.0,113.0,6.52,6.52,Atlanta Braves,statsapi,False
mlbam-606149,Giovanny Gallegos,2024,MLB,St. Louis Cardinals,pitcher,33.0,20.666666666666668,21.0,0.0,0.22340425531914893,0.10638297872340426,0.2727272727272727,6.53,6.293548387096774,47.0,47.0,6.53,6.53,St. Louis Cardinals,statsapi,False
mlbam-682610,Roddery Muñoz,2024,MLB,Miami Marlins,pitcher,24.0,82.66666666666667,18.0,17.0,0.18469656992084432,0.11081794195250659,0.20155038759689922,6.53,7.200806451612904,189.5,189.5,6.53,6.53,Miami Marlins,statsapi,False
mlbam-519293,Will Smith,2024,MLB,Kansas City Royals,pitcher,35.0,41.333333333333336,45.0,0.0,0.15591397849462366,0.0913978494623656,0.10294117647058823,6.53,5.20483870967742,93.0,93.0,6.53,6.53,Kansas City Royals,statsapi,False
mlbam-656786,Parker Mushinski,2024,MLB,Houston Astros,pitcher,29.0,11.0,10.0,0.0,0.06,0.1,0.058823529411764705,6.55,5.372727272727273,25.0,25.0,6.55,6.55,Houston Astros,statsapi,False
mlbam-642028,Josh Rogers,2024,MLB,Colorado Rockies,pitcher,30.0,11.0,6.0,0.0,0.06,0.08,0.05263157894736842,6.55,5.1,25.0,25.0,6.55,6.55,Colorado Rockies,statsapi,False
mlbam-622608,Antonio Senzatela,2024,MLB,Colorado Rockies,pitcher,29.0,12.333333333333334,3.0,3.0,0.12962962962962962,0.14814814814814814,0.21428571428571427,6.57,7.072972972972973,27.0,27.0,6.57,6.57,Colorado Rockies,statsapi,False
mlbam-605447,Jordan Romano,2024,MLB,Toronto Blue Jays,pitcher,31.0,13.666666666666666,15.0,0.0,0.20967741935483872,0.08064516129032258,0.19047619047619047,6.59,6.1,31.0,31.0,6.59,6.59,Toronto Blue Jays,statsapi,False
mlbam-657240,Julian Merryweather,2024,MLB,Chicago Cubs,pitcher,33.0,15.0,15.0,0.0,0.1891891891891892,0.12162162162162163,0.0,6.6,3.6333333333333333,37.0,37.0,6.6,6.6,Chicago Cubs,statsapi,False
mlbam-592288,Kent Emanuel,2024,MLB,Miami Marlins,pitcher,32.0,17.666666666666668,12.0,0.0,0.14634146341463414,0.08536585365853659,0.23529411764705882,6.62,6.3830188679245285,41.0,41.0,6.62,6.62,Miami Marlins,statsapi,False
mlbam-608678,Dominic Leone,2024,MLB,Chicago White Sox,pitcher,33.0,19.0,23.0,0.0,0.19101123595505617,0.16853932584269662,0.2222222222222222,6.63,6.257894736842106,44.5,44.5,6.63,6.63,Chicago White Sox,statsapi,False
mlbam-677944,Slade Cecconi,2024,MLB,Arizona Diamondbacks,pitcher,25.0,77.0,20.0,13.0,0.1893491124260355,0.05325443786982249,0.1322314049586777,6.66,4.957142857142857,169.0,169.0,6.66,6.66,Arizona Diamondbacks,statsapi,False
mlbam-805673,Zebby Matthews,2024,MLB,Minnesota Twins,pitcher,24.0,37.666666666666664,9.0,9.0,0.24293785310734464,0.062146892655367235,0.22916666666666666,6.69,5.6486725663716815,88.5,88.5,6.69,6.69,Minnesota Twins,statsapi,False
mlbam-607179,Jordan Weems,2024,MLB,Washington Nationals,pitcher,32.0,41.666666666666664,41.0,0.0,0.17857142857142858,0.12244897959183673,0.125,6.7,5.476000000000001,98.0,98.0,6.7,6.7,Washington Nationals,statsapi,False
mlbam-672282,Reid Detmers,2024,MLB,Los Angeles Angels,pitcher,25.0,87.33333333333333,17.0,17.0,0.27877237851662406,0.09718670076726342,0.1782178217821782,6.7,4.657251908396947,195.5,195.5,6.7,6.7,Los Angeles Angels,statsapi,False
mlbam-672851,Joan Adon,2024,MLB,Washington Nationals,pitcher,26.0,10.666666666666666,8.0,1.0,0.125,0.08333333333333333,0.2,6.75,5.81875,24.0,24.0,6.75,6.75,Washington Nationals,statsapi,False
mlbam-598264,Matt Barnes,2024,MLB,Washington Nationals,pitcher,34.0,13.333333333333334,14.0,0.0,0.16666666666666666,0.06666666666666667,0.05263157894736842,6.75,3.475,30.0,30.0,6.75,6.75,Washington Nationals,statsapi,False
mlbam-605182,Mike Clevinger,2024,MLB,Chicago White Sox,pitcher,34.0,16.0,4.0,4.0,0.19230769230769232,0.1282051282051282,0.17391304347826086,6.75,6.1625,39.0,39.0,6.75,6.75,Chicago White Sox,statsapi,False
mlbam-606965,Chris Devenski,2024,MLB,Tampa Bay Rays,pitcher,34.0,26.666666666666668,19.0,0.0,0.19672131147540983,0.11475409836065574,0.1836734693877551,6.75,7.262499999999999,61.0,61.0,6.75,6.75,Tampa Bay Rays,statsapi,False
mlbam-571657,Kyle Farmer,2024,MLB,Minnesota Twins,pitcher,34.0,4.0,3.0,0.0,0.0,0.05263157894736842,0.0,6.75,3.85,9.5,9.5,6.75,6.75,Minnesota Twins,statsapi,False
mlbam-661269,Vladimir Gutierrez,2024,MLB,Miami Marlins,pitcher,29.0,4.0,1.0,0.0,0.23529411764705882,0.11764705882352941,0.125,6.75,5.85,8.5,8.5,6.75,6.75,Miami Marlins,statsapi,False
mlbam-701643,Grant Hartwig,2024,MLB,New York Mets,pitcher,27.0,6.666666666666667,4.0,0.0,0.12903225806451613,0.12903225806451613,0.1,6.75,6.55,15.5,15.5,6.75,6.75,New York Mets,statsapi,False
mlbam-694646,Chayce McDermott,2024,MLB,Baltimore Orioles,pitcher,26.0,4.0,1.0,1.0,0.16666666666666666,0.1111111111111111,0.2,6.75,6.35,9.0,9.0,6.75,6.75,Baltimore Orioles,statsapi,False
mlbam-608566,Germán Márquez,2024,MLB,Colorado Rockies,pitcher,29.0,4.0,1.0,1.0,0.15,0.2,0.2,6.75,7.85,10.0,10.0,6.75,6.75,Colorado Rockies,statsapi,False
mlbam-681217,Chase Silseth,2024,MLB,Los Angeles Angels,pitcher,24.0,8.0,2.0,2.0,0.3157894736842105,0.10526315789473684,0.25,6.75,6.475,19.0,19.0,6.75,6.75,Los Angeles Angels,statsapi,False
mlbam-666277,George Soriano,2024,MLB,Miami Marlins,pitcher,25.0,29.333333333333332,22.0,0.0,0.22137404580152673,0.09923664122137404,0.14893617021276595,6.75,5.963636363636364,65.5,65.5,6.75,6.75,Miami Marlins,statsapi,False
mlbam-642133,Rowdy Tellez,2024,MLB,Pittsburgh Pirates,pitcher,29.0,2.6666666666666665,3.0,0.0,0.0,0.06666666666666667,0.0,6.75,6.475,7.5,7.5,6.75,6.75,Pittsburgh Pirates,statsapi,False
mlbam-676568,Ricky Vanasco,2024,MLB,Detroit Tigers,pitcher,26.0,4.0,4.0,0.0,0.06666666666666667,0.0,0.0,6.75,2.6,7.5,7.5,6.75,6.75,Detroit Tigers,statsapi,False
mlbam-681806,Andrew Wantz,2024,MLB,Los Angeles Angels,pitcher,29.0,1.3333333333333333,1.0,0.0,0.5,0.16666666666666666,0.5,6.75,10.6,3.0,3.0,6.75,6.75,Los Angeles Angels,statsapi,False
mlbam-683627,Anthony Molina,2024,MLB,Colorado Rockies,pitcher,22.0,59.666666666666664,35.0,1.0,0.1553030303030303,0.08712121212121213,0.06944444444444445,6.79,4.0217877094972065,132.0,132.0,6.79,6.79,Colorado Rockies,statsapi,False
mlbam-663969,Tyler Phillips,2024,MLB,Philadelphia Phillies,pitcher,27.0,36.666666666666664,8.0,7.0,0.175,0.04375,0.20454545454545456,6.87,5.5,80.0,80.0,6.87,6.87,Philadelphia Phillies,statsapi,False
mlbam-542585,José Cisnero,2024,MLB,Los Angeles Angels,pitcher,35.0,15.666666666666666,15.0,0.0,0.22972972972972974,0.10810810810810811,0.2222222222222222,6.89,6.163829787234043,37.0,37.0,6.89,6.89,Los Angeles Angels,statsapi,False
mlbam-682842,Abner Uribe,2024,MLB,Milwaukee Brewers,pitcher,24.0,14.333333333333334,14.0,0.0,0.21212121212121213,0.21212121212121213,0.1111111111111111,6.91,4.565116279069768,33.0,33.0,6.91,6.91,Milwaukee Brewers,statsapi,False
mlbam-628708,Yunior Marte,2024,MLB,Philadelphia Phillies,pitcher,29.0,26.0,23.0,0.0,0.18110236220472442,0.11811023622047244,0.19230769230769232,6.92,5.561538461538461,63.5,63.5,6.92,6.92,Philadelphia Phillies,statsapi,False
mlbam-621389,Ty Blach,2024,MLB,Colorado Rockies,pitcher,34.0,71.33333333333333,20.0,12.0,0.10909090909090909,0.05454545454545454,0.16666666666666666,6.94,6.198130841121495,165.0,165.0,6.94,6.94,Colorado Rockies,statsapi,False
mlbam-814005,Jake Bloss,2024,MLB,Houston Astros,pitcher,23.0,11.666666666666666,3.0,3.0,0.2,0.05454545454545454,0.23809523809523808,6.94,7.557142857142857,27.5,27.5,6.94,6.94,Houston Astros,statsapi,False
mlbam-642629,Emmanuel Ramirez,2024,MLB,Miami Marlins,pitcher,30.0,20.666666666666668,15.0,0.0,0.22826086956521738,0.08695652173913043,0.13043478260869565,6.97,4.551612903225807,46.0,46.0,6.97,6.97,Miami Marlins,statsapi,False
mlbam-675911,Spencer Strider,2024,MLB,Atlanta Braves,pitcher,26.0,9.0,2.0,2.0,0.2857142857142857,0.11904761904761904,0.2222222222222222,7.0,4.988888888888889,21.0,21.0,7.0,7.0,Atlanta Braves,statsapi,False
mlbam-643256,Adam Cimber,2024,MLB,Los Angeles Angels,pitcher,34.0,24.333333333333332,28.0,0.0,0.17757009345794392,0.14953271028037382,0.038461538461538464,7.03,4.538356164383561,53.5,53.5,7.03,7.03,Los Angeles Angels,statsapi,False
mlbam-674072,Tommy Henry,2024,MLB,Arizona Diamondbacks,pitcher,27.0,38.333333333333336,9.0,7.0,0.16483516483516483,0.0989010989010989,0.17647058823529413,7.04,6.308695652173913,91.0,91.0,7.04,7.04,Arizona Diamondbacks,statsapi,False
mlbam-680897,Nick Nastrini,2024,MLB,Chicago White Sox,pitcher,24.0,35.666666666666664,9.0,8.0,0.14942528735632185,0.20689655172413793,0.12280701754385964,7.07,7.305607476635515,87.0,87.0,7.07,7.07,Chicago White Sox,statsapi,False
mlbam-665620,Deivi García,2024,MLB,Chicago White Sox,pitcher,25.0,14.0,14.0,0.0,0.22058823529411764,0.17647058823529413,0.1111111111111111,7.07,5.171428571428572,34.0,34.0,7.07,7.07,Chicago White Sox,statsapi,False
mlbam-592836,Taijuan Walker,2024,MLB,Philadelphia Phillies,pitcher,32.0,83.66666666666667,19.0,15.0,0.15223097112860892,0.09711286089238845,0.1889763779527559,7.1,6.876892430278884,190.5,190.5,7.1,7.1,Philadelphia Phillies,statsapi,False
mlbam-456501,Johnny Cueto,2024,MLB,Los Angeles Angels,pitcher,38.0,11.333333333333334,2.0,2.0,0.12,0.08,0.23529411764705882,7.15,7.423529411764706,25.0,25.0,7.15,7.15,Los Angeles Angels,statsapi,False
mlbam-670810,Logan Gillaspie,2024,MLB,San Diego Padres,pitcher,27.0,11.333333333333334,9.0,0.0,0.14285714285714285,0.0,0.10526315789473684,7.15,4.423529411764706,24.5,24.5,7.15,7.15,San Diego Padres,statsapi,False
mlbam-676969,Brett de Geus,2024,MLB,Toronto Blue Jays,pitcher,27.0,11.333333333333334,13.0,0.0,0.1346153846153846,0.07692307692307693,0.0,7.15,3.7176470588235295,26.0,26.0,7.15,7.15,Toronto Blue Jays,statsapi,False
mlbam-676775,Keaton Winn,2024,MLB,San Francisco Giants,pitcher,26.0,55.333333333333336,12.0,12.0,0.20168067226890757,0.08403361344537816,0.16666666666666666,7.16,4.780722891566265,119.0,119.0,7.16,7.16,San Francisco Giants,statsapi,False
mlbam-669952,Mitch White,2024,MLB,Milwaukee Brewers,pitcher,30.0,23.666666666666668,13.0,0.0,0.11818181818181818,0.13636363636363635,0.12903225806451613,7.23,5.973239436619718,55.0,55.0,7.23,7.23,Milwaukee Brewers,statsapi,False
mlbam-692230,Carlos Rodriguez,2024,MLB,Milwaukee Brewers,pitcher,23.0,12.333333333333334,3.0,3.0,0.15789473684210525,0.05263157894736842,0.15,7.3,5.532432432432433,28.5,28.5,7.3,7.3,Milwaukee Brewers,statsapi,False
mlbam-621366,Ryan Borucki,2024,MLB,Pittsburgh Pirates,pitcher,30.0,11.0,14.0,0.0,0.2549019607843137,0.0784313725490196,0.2,7.36,4.463636363636364,25.5,25.5,7.36,7.36,Pittsburgh Pirates,statsapi,False
mlbam-657053,Touki Toussaint,2024,MLB,Chicago White Sox,pitcher,28.0,23.0,11.0,0.0,0.2222222222222222,0.15384615384615385,0.17647058823529413,7.43,5.01304347826087,58.5,58.5,7.43,7.43,Chicago White Sox,statsapi,False
mlbam-543518,Scott McGough,2024,MLB,Arizona Diamondbacks,pitcher,35.0,32.666666666666664,26.0,2.0,0.16666666666666666,0.14,0.13953488372093023,7.44,5.977551020408164,75.0,75.0,7.44,7.44,Arizona Diamondbacks,statsapi,False
mlbam-641585,J.P. France,2024,MLB,Houston Astros,pitcher,29.0,25.333333333333332,5.0,5.0,0.18181818181818182,0.09917355371900827,0.125,7.46,5.468421052631579,60.5,60.5,7.46,7.46,Houston Astros,statsapi,False
mlbam-800049,Adam Mazur,2024,MLB,San Diego Padres,pitcher,23.0,33.666666666666664,8.0,8.0,0.13924050632911392,0.13291139240506328,0.1111111111111111,7.49,6.159405940594059,79.0,79.0,7.49,7.49,San Diego Padres,statsapi,False
mlbam-543351,Jay Jackson,2024,MLB,Minnesota Twins,pitcher,37.0,26.333333333333332,20.0,0.0,0.2543859649122807,0.07894736842105263,0.20588235294117646,7.52,5.378481012658228,57.0,57.0,7.52,7.52,Minnesota Twins,statsapi,False
mlbam-686973,Louis Varland,2024,MLB,Minnesota Twins,pitcher,27.0,49.666666666666664,16.0,7.0,0.20588235294117646,0.07142857142857142,0.2,7.61,5.475838926174497,119.0,119.0,7.61,7.61,Minnesota Twins,statsapi,False
mlbam-621016,Jose Cuas,2024,MLB,Toronto Blue Jays,pitcher,30.0,16.333333333333332,13.0,0.0,0.20481927710843373,0.13253012048192772,0.18181818181818182,7.71,6.957142857142857,41.5,41.5,7.71,7.71,Toronto Blue Jays,statsapi,False
mlbam-669422,Matt Sauer,2024,MLB,Kansas City Royals,pitcher,25.0,16.333333333333332,14.0,0.0,0.10714285714285714,0.13095238095238096,0.0967741935483871,7.71,6.589795918367347,42.0,42.0,7.71,7.71,Kansas City Royals,statsapi,False
mlbam-668390,Cole Winn,2024,MLB,Texas Rangers,pitcher,25.0,17.333333333333332,13.0,0.0,0.18181818181818182,0.05194805194805195,0.08,7.79,4.196153846153846,38.5,38.5,7.79,7.79,Texas Rangers,statsapi,False
mlbam-593334,Domingo Germán,2024,MLB,Pittsburgh Pirates,pitcher,32.0,20.666666666666668,7.0,2.0,0.18,0.14,0.12903225806451613,7.84,6.051612903225807,50.0,50.0,7.84,7.84,Pittsburgh Pirates,statsapi,False
mlbam-663321,Nick Hernandez,2024,MLB,Houston Astros,pitcher,30.0,8.0,5.0,0.0,0.29411764705882354,0.029411764705882353,0.4444444444444444,7.88,7.475,17.0,17.0,7.88,7.88,Houston Astros,statsapi,False
mlbam-663765,Jake Woodford,2024,MLB,Pittsburgh Pirates,pitcher,28.0,35.0,9.0,7.0,0.15568862275449102,0.05389221556886228,0.12,7.97,4.871428571428572,83.5,83.5,7.97,7.97,Pittsburgh Pirates,statsapi,False
mlbam-681982,Grant Anderson,2024,MLB,Texas Rangers,pitcher,27.0,26.666666666666668,23.0,0.0,0.24166666666666667,0.10833333333333334,0.28205128205128205,8.1,7.525,60.0,60.0,8.1,8.1,Texas Rangers,statsapi,False
mlbam-642834,Jonathan Bermúdez,2024,MLB,Miami Marlins,pitcher,29.0,6.666666666666667,3.0,1.0,0.12121212121212122,0.06060606060606061,0.2,8.1,7.6,16.5,16.5,8.1,8.1,Miami Marlins,statsapi,False
mlbam-676714,Brandon Hughes,2024,MLB,Arizona Diamondbacks,pitcher,29.0,17.666666666666668,15.0,2.0,0.23595505617977527,0.11235955056179775,0.27586206896551724,8.15,8.647169811320754,44.5,44.5,8.15,8.15,Arizona Diamondbacks,statsapi,False
mlbam-656420,J.P. Feyereisen,2024,MLB,Los Angeles Dodgers,pitcher,31.0,11.0,10.0,0.0,0.1875,0.10416666666666667,0.1875,8.18,6.6454545454545455,24.0,24.0,8.18,8.18,Los Angeles Dodgers,statsapi,False
mlbam-668676,Zach Plesac,2024,MLB,Los Angeles Angels,pitcher,29.0,12.0,3.0,3.0,0.09259259259259259,0.12962962962962962,0.14285714285714285,8.25,8.35,27.0,27.0,8.25,8.25,Los Angeles Angels,statsapi,False
mlbam-641312,Shaun Anderson,2024,MLB,Miami Marlins,pitcher,30.0,16.333333333333332,6.0,2.0,0.11764705882352941,0.011764705882352941,0.1111111111111111,8.27,4.630612244897959,42.5,42.5,8.27,8.27,Miami Marlins,statsapi,False
mlbam-502179,Paolo Espino,2024,MLB,Toronto Blue Jays,pitcher,37.0,8.666666666666666,3.0,1.0,0.06818181818181818,0.11363636363636363,0.1875,8.31,8.984615384615385,22.0,22.0,8.31,8.31,Toronto Blue Jays,statsapi,False
mlbam-595881,Tyler Beede,2024,MLB,Cleveland Guardians,pitcher,31.0,14.0,13.0,0.0,0.2647058823529412,0.14705882352941177,0.18181818181818182,8.36,4.957142857142857,34.0,34.0,8.36,8.36,Cleveland Guardians,statsapi,False
mlbam-687014,Nick Avila,2024,MLB,San Francisco Giants,pitcher,27.0,11.666666666666666,8.0,0.0,0.2545454545454545,0.05454545454545454,0.125,8.49,3.7,27.5,27.5,8.49,8.49,San Francisco Giants,statsapi,False
mlbam-676272,Bobby Miller,2024,MLB,Los Angeles Dodgers,pitcher,25.0,56.0,13.0,13.0,0.20155038759689922,0.11627906976744186,0.25757575757575757,8.52,6.9035714285714285,129.0,129.0,8.52,8.52,Los Angeles Dodgers,statsapi,False
mlbam-670241,Darius Vines,2024,MLB,Atlanta Braves,pitcher,26.0,13.666666666666666,4.0,2.0,0.13636363636363635,0.06060606060606061,0.19047619047619047,8.56,6.685365853658537,33.0,33.0,8.56,8.56,Atlanta Braves,statsapi,False
mlbam-641360,Phil Bickford,2024,MLB,New York Yankees,pitcher,29.0,8.333333333333334,8.0,0.0,0.15384615384615385,0.02564102564102564,0.07692307692307693,8.64,3.94,19.5,19.5,8.64,8.64,New York Yankees,statsapi,False
mlbam-685299,Tanner Gordon,2024,MLB,Colorado Rockies,pitcher,27.0,34.333333333333336,8.0,8.0,0.1625,0.0375,0.20408163265306123,8.65,6.070873786407767,80.0,80.0,8.65,8.65,Colorado Rockies,statsapi,False
mlbam-668984,Casey Legumina,2024,MLB,Cincinnati Reds,pitcher,27.0,9.333333333333334,6.0,0.0,0.14893617021276595,0.0425531914893617,0.2222222222222222,8.68,5.35,23.5,23.5,8.68,8.68,Cincinnati Reds,statsapi,False
mlbam-666720,Yerry Rodríguez,2024,MLB,Toronto Blue Jays,pitcher,27.0,21.666666666666668,16.0,0.0,0.1619047619047619,0.13333333333333333,0.22580645161290322,8.72,7.807692307692308,52.5,52.5,8.72,8.72,Toronto Blue Jays,statsapi,False
mlbam-683004,Jack Leiter,2024,MLB,Texas Rangers,pitcher,24.0,35.666666666666664,9.0,6.0,0.1791907514450867,0.09826589595375723,0.14,8.83,5.595327102803738,86.5,86.5,8.83,8.83,Texas Rangers,statsapi,False
mlbam-670103,Raymond Burgos,2024,MLB,San Francisco Giants,pitcher,26.0,1.0,1.0,0.0,0.14285714285714285,0.14285714285714285,0.0,9.0,4.1,3.5,3.5,9.0,9.0,San Francisco Giants,statsapi,False
mlbam-665019,Kody Clemens,2024,MLB,Philadelphia Phillies,pitcher,28.0,1.0,1.0,0.0,0.0,0.16666666666666666,0.25,9.0,19.1,3.0,3.0,9.0,9.0,Philadelphia Phillies,statsapi,False
mlbam-676391,Ernie Clement,2024,MLB,Toronto Blue Jays,pitcher,28.0,1.0,1.0,0.0,0.0,0.0,0.0,9.0,3.1,2.5,2.5,9.0,9.0,Toronto Blue Jays,statsapi,False
mlbam-664351,Luis Contreras,2024,MLB,Houston Astros,pitcher,28.0,6.0,5.0,0.0,0.23076923076923078,0.07692307692307693,0.0,9.0,2.1,13.0,13.0,9.0,9.0,Houston Astros,statsapi,False
mlbam-656354,Austin Davis,2024,MLB,San Diego Padres,pitcher,31.0,7.0,7.0,0.0,0.18181818181818182,0.15151515151515152,0.0,9.0,4.385714285714286,16.5,16.5,9.0,9.0,San Diego Padres,statsapi,False
mlbam-689266,Dylan Dodd,2024,MLB,Atlanta Braves,pitcher,26.0,2.0,1.0,0.0,0.2222222222222222,0.1111111111111111,0.0,9.0,2.6,4.5,4.5,9.0,9.0,Atlanta Braves,statsapi,False
mlbam-666149,Tyler Fitzgerald,2024,MLB,San Francisco Giants,pitcher,27.0,3.0,3.0,0.0,0.0,0.0,0.0,9.0,3.1,7.0,7.0,9.0,9.0,San Francisco Giants,statsapi,False
mlbam-664129,Geoff Hartlieb,2024,MLB,Colorado Rockies,pitcher,31.0,9.0,5.0,0.0,0.1590909090909091,0.11363636363636363,0.07692307692307693,9.0,4.322222222222223,22.0,22.0,9.0,9.0,Colorado Rockies,statsapi,False
mlbam-682073,David Hensley,2024,MLB,Miami Marlins,pitcher,28.0,2.0,1.0,0.0,0.0,0.1,0.0,9.0,6.1,5.0,5.0,9.0,9.0,Miami Marlins,statsapi,False
mlbam-682175,Joe Jacques,2024,MLB,Arizona Diamondbacks,pitcher,29.0,3.0,2.0,0.0,0.125,0.0625,0.25,9.0,8.1,8.0,8.0,9.0,9.0,Arizona Diamondbacks,statsapi,False
mlbam-656716,Zach McKinstry,2024,MLB,Detroit Tigers,pitcher,29.0,2.0,3.0,0.0,0.0,0.125,0.2,9.0,11.1,4.0,4.0,9.0,9.0,Detroit Tigers,statsapi,False
mlbam-680891,Jack Neely,2024,MLB,Chicago Cubs,pitcher,24.0,6.0,6.0,0.0,0.25,0.07142857142857142,0.2,9.0,6.1,14.0,14.0,9.0,9.0,Chicago Cubs,statsapi,False
mlbam-656896,Emmanuel Rivera,2024,MLB,Miami Marlins,pitcher,28.0,4.0,4.0,0.0,0.0,0.0,0.125,9.0,7.1,10.0,10.0,9.0,9.0,Miami Marlins,statsapi,False
mlbam-668942,Josh Rojas,2024,MLB,Seattle Mariners,pitcher,30.0,2.0,2.0,0.0,0.0,0.25,0.2,9.0,12.6,4.0,4.0,9.0,9.0,Seattle Mariners,statsapi,False
mlbam-543766,Bryan Shaw,2024,MLB,Chicago White Sox,pitcher,37.0,4.0,5.0,0.0,0.16666666666666666,0.20833333333333334,0.2,9.0,7.35,12.0,12.0,9.0,9.0,Chicago White Sox,statsapi,False
mlbam-677865,Justin Bruihl,2024,MLB,Pittsburgh Pirates,pitcher,27.0,5.666666666666667,7.0,0.0,0.18518518518518517,0.07407407407407407,0.25,9.53,4.688235294117647,13.5,13.5,9.53,9.53,Pittsburgh Pirates,statsapi,False
mlbam-668868,Zack Thompson,2024,MLB,St. Louis Cardinals,pitcher,27.0,17.0,5.0,2.0,0.24096385542168675,0.0963855421686747,0.2727272727272727,9.53,6.923529411764706,41.5,41.5,9.53,9.53,St. Louis Cardinals,statsapi,False
mlbam-702674,Caden Dana,2024,MLB,Los Angeles Angels,pitcher,21.0,10.333333333333334,3.0,3.0,0.15384615384615385,0.1346153846153846,0.38461538461538464,9.58,10.164516129032258,26.0,26.0,9.58,9.58,Los Angeles Angels,statsapi,False
mlbam-622259,Trey Wingenter,2024,MLB,Chicago Cubs,pitcher,30.0,8.333333333333334,7.0,0.0,0.14285714285714285,0.09523809523809523,0.2857142857142857,9.72,6.22,21.0,21.0,9.72,9.72,Chicago Cubs,statsapi,False
mlbam-641726,Daulton Jefferies,2024,MLB,Pittsburgh Pirates,pitcher,29.0,14.666666666666666,6.0,1.0,0.1643835616438356,0.0547945205479452,0.2,9.82,6.031818181818182,36.5,36.5,9.82,9.82,Pittsburgh Pirates,statsapi,False
mlbam-678906,Kai-Wei Teng,2024,MLB,San Francisco Giants,pitcher,26.0,11.0,4.0,0.0,0.12727272727272726,0.14545454545454545,0.13333333333333333,9.82,6.6454545454545455,27.5,27.5,9.82,9.82,San Francisco Giants,statsapi,False
mlbam-554431,Tyler Matzek,2024,MLB,Atlanta Braves,pitcher,34.0,10.0,11.0,0.0,0.20833333333333334,0.0625,0.2,9.9,5.9,24.0,24.0,9.9,9.9,Atlanta Braves,statsapi,False
mlbam-605335,Brandon Leibrandt,2024,MLB,Cincinnati Reds,pitcher,32.0,6.333333333333333,2.0,0.0,0.15625,0.0625,0.375,9.95,8.626315789473685,16.0,16.0,9.95,9.95,Cincinnati Reds,statsapi,False
mlbam-701542,Will Warren,2024,MLB,New York Yankees,pitcher,25.0,22.666666666666668,6.0,5.0,0.2636363636363636,0.09090909090909091,0.18518518518518517,10.32,4.864705882352942,55.0,55.0,10.32,10.32,New York Yankees,statsapi,False
mlbam-571539,Matt Carasiti,2024,MLB,Colorado Rockies,pitcher,33.0,8.666666666666666,7.0,0.0,0.16279069767441862,0.06976744186046512,0.25,10.38,5.86923076923077,21.5,21.5,10.38,10.38,Colorado Rockies,statsapi,False
mlbam-543238,Anthony Gose,2024,MLB,Cleveland Guardians,pitcher,34.0,4.333333333333333,3.0,0.0,0.18181818181818182,0.045454545454545456,0.6666666666666666,10.38,7.946153846153846,11.0,11.0,10.38,10.38,Cleveland Guardians,statsapi,False
mlbam-687922,Easton Lucas,2024,MLB,Toronto Blue Jays,pitcher,28.0,11.666666666666666,8.0,0.0,0.16393442622950818,0.14754098360655737,0.07142857142857142,10.8,5.071428571428571,30.5,30.5,10.8,10.8,Toronto Blue Jays,statsapi,False
mlbam-620982,Ricardo Pinto,2024,MLB,Philadelphia Phillies,pitcher,30.0,10.666666666666666,6.0,0.0,0.13559322033898305,0.0847457627118644,0.2,10.97,6.00625,29.5,29.5,10.97,10.97,Philadelphia Phillies,statsapi,False
mlbam-694361,Will Klein,2024,MLB,Oakland Athletics,pitcher,25.0,7.333333333333333,8.0,0.0,0.18421052631578946,0.15789473684210525,0.0,11.05,3.6454545454545455,19.0,19.0,11.05,11.05,Oakland Athletics,statsapi,False
mlbam-675650,Michael Mercado,2024,MLB,Philadelphia Phillies,pitcher,25.0,13.0,5.0,2.0,0.15625,0.140625,0.3333333333333333,11.08,12.86923076923077,32.0,32.0,11.08,11.08,Philadelphia Phillies,statsapi,False
mlbam-621294,Ben Heller,2024,MLB,Pittsburgh Pirates,pitcher,33.0,12.0,8.0,0.0,0.22727272727272727,0.10606060606060606,0.07692307692307693,11.25,4.683333333333334,33.0,33.0,11.25,11.25,Pittsburgh Pirates,statsapi,False
mlbam-676617,Riley O'Brien,2024,MLB,St. Louis Cardinals,pitcher,29.0,8.0,8.0,0.0,0.2391304347826087,0.17391304347826086,0.18181818181818182,11.25,6.975,23.0,23.0,11.25,11.25,St. Louis Cardinals,statsapi,False
mlbam-676680,Tom Cosgrove,2024,MLB,San Diego Padres,pitcher,28.0,14.666666666666666,18.0,0.0,0.19736842105263158,0.07894736842105263,0.15789473684210525,11.66,5.75909090909091,38.0,38.0,11.66,11.66,San Diego Padres,statsapi,False
mlbam-682989,Victor Mederos,2024,MLB,Los Angeles Angels,pitcher,23.0,5.333333333333333,4.0,0.0,0.18518518518518517,0.2222222222222222,0.2,11.81,7.0375,13.5,13.5,11.81,11.81,Los Angeles Angels,statsapi,False
mlbam-641645,Luis Guillorme,2024,MLB,Los Angeles Angels,pitcher,30.0,3.0,3.0,0.0,0.0,0.13333333333333333,0.25,12.0,9.433333333333334,7.5,7.5,12.0,12.0,Los Angeles Angels,statsapi,False
mlbam-691441,Cristian Mena,2024,MLB,Arizona Diamondbacks,pitcher,22.0,3.0,1.0,1.0,0.13333333333333333,0.2,0.3333333333333333,12.0,13.433333333333334,7.5,7.5,12.0,12.0,Arizona Diamondbacks,statsapi,False
mlbam-643493,Austin Pruitt,2024,MLB,Texas Rangers,pitcher,35.0,4.333333333333333,4.0,0.0,0.041666666666666664,0.16666666666666666,0.2727272727272727,12.46,13.715384615384616,12.0,12.0,12.46,12.46,Texas Rangers,statsapi,False
mlbam-680742,Jonathan Bowlan,2024,MLB,Kansas City Royals,pitcher,28.0,2.6666666666666665,1.0,1.0,0.17647058823529413,0.17647058823529413,0.6,13.5,18.85,8.5,8.5,13.5,13.5,Kansas City Royals,statsapi,False
mlbam-641427,Alan Busenitz,2024,MLB,Cincinnati Reds,pitcher,34.0,4.0,3.0,0.0,0.14285714285714285,0.0,0.2,13.5,4.85,10.5,10.5,13.5,13.5,Cincinnati Reds,statsapi,False
mlbam-687377,Orlando Ribalta,2024,MLB,Washington Nationals,pitcher,26.0,3.3333333333333335,4.0,0.0,0.13043478260869565,0.08695652173913043,0.0,13.5,4.0,11.5,11.5,13.5,13.5,Washington Nationals,statsapi,False
mlbam-527054,Julio Teheran,2024,MLB,New York Mets,pitcher,33.0,2.6666666666666665,1.0,1.0,0.1875,0.125,0.25,13.5,7.975,8.0,8.0,13.5,13.5,New York Mets,statsapi,False
mlbam-624431,Jose Trevino,2024,MLB,New York Yankees,pitcher,32.0,2.0,2.0,0.0,0.0,0.15384615384615385,0.0,13.5,6.1,6.5,6.5,13.5,13.5,New York Yankees,statsapi,False
mlbam-666818,Luis Frías,2024,MLB,Toronto Blue Jays,pitcher,26.0,9.666666666666666,11.0,0.0,0.22641509433962265,0.1320754716981132,0.25,13.97,5.479310344827587,26.5,26.5,13.97,13.97,Toronto Blue Jays,statsapi,False
mlbam-680686,Josiah Gray,2024,MLB,Washington Nationals,pitcher,27.0,8.333333333333334,2.0,2.0,0.20454545454545456,0.11363636363636363,0.14285714285714285,14.04,5.859999999999999,22.0,22.0,14.04,14.04,Washington Nationals,statsapi,False
mlbam-685116,Austin Kitchen,2024,MLB,Miami Marlins,pitcher,27.0,7.0,4.0,1.0,0.09523809523809523,0.07142857142857142,0.2,14.14,5.1,21.0,21.0,14.14,14.14,Miami Marlins,statsapi,False
mlbam-694350,Zach Brzykcy,2024,MLB,Washington Nationals,pitcher,25.0,5.666666666666667,6.0,0.0,0.14285714285714285,0.10714285714285714,0.18181818181818182,14.29,7.864705882352942,14.0,14.0,14.29,14.29,Washington Nationals,statsapi,False
mlbam-686654,Ty Adcock,2024,MLB,New York Mets,pitcher,27.0,4.333333333333333,3.0,0.0,0.14285714285714285,0.09523809523809523,0.4,14.54,15.1,10.5,10.5,14.54,14.54,New York Mets,statsapi,False
mlbam-676083,Janson Junk,2024,MLB,Oakland Athletics,pitcher,28.0,8.0,6.0,0.0,0.16666666666666666,0.08333333333333333,0.2727272727272727,14.63,7.475,24.0,24.0,14.63,14.63,Oakland Athletics,statsapi,False
mlbam-656186,Dan Altavilla,2024,MLB,Kansas City Royals,pitcher,32.0,3.6666666666666665,5.0,1.0,0.23809523809523808,0.14285714285714285,0.25,14.73,7.190909090909091,10.5,10.5,14.73,14.73,Kansas City Royals,statsapi,False
mlbam-571912,Luke Maile,2024,MLB,Cincinnati Reds,pitcher,33.0,3.6666666666666665,3.0,0.0,0.0,0.0,0.1111111111111111,14.73,6.6454545454545455,9.0,9.0,14.73,14.73,Cincinnati Reds,statsapi,False
mlbam-642216,Allan Winans,2024,MLB,Atlanta Braves,pitcher,29.0,7.666666666666667,2.0,2.0,0.0975609756097561,0.0975609756097561,0.375,15.26,8.708695652173914,20.5,20.5,15.26,15.26,Atlanta Braves,statsapi,False
mlbam-595928,John Curtiss,2024,MLB,Colorado Rockies,pitcher,31.0,2.3333333333333335,3.0,0.0,0.08333333333333333,0.0,0.3333333333333333,15.43,13.385714285714284,6.0,6.0,15.43,15.43,Colorado Rockies,statsapi,False
mlbam-596117,Garrett Stubbs,2024,MLB,Philadelphia Phillies,pitcher,31.0,4.0,4.0,0.0,0.0,0.10526315789473684,0.25,15.75,11.1,9.5,9.5,15.75,15.75,Philadelphia Phillies,statsapi,False
mlbam-663462,Isaiah Campbell,2024,MLB,Boston Red Sox,pitcher,27.0,6.666666666666667,8.0,0.0,0.16216216216216217,0.05405405405405406,0.375,16.2,8.05,18.5,18.5,16.2,16.2,Boston Red Sox,statsapi,False
mlbam-694462,Hurston Waldrep,2024,MLB,Atlanta Braves,pitcher,22.0,7.0,2.0,2.0,0.08333333333333333,0.2222222222222222,0.3,16.71,11.67142857142857,18.0,18.0,16.71,16.71,Atlanta Braves,statsapi,False
mlbam-669169,Jonathan Heasley,2024,MLB,Baltimore Orioles,pitcher,27.0,5.333333333333333,4.0,0.0,0.13793103448275862,0.10344827586206896,0.4,16.88,8.725,14.5,14.5,16.88,16.88,Baltimore Orioles,statsapi,False
mlbam-571466,Tucker Barnhart,2024,MLB,Arizona Diamondbacks,pitcher,33.0,1.0,1.0,0.0,0.0,0.0,0.5,18.0,16.1,3.5,3.5,18.0,18.0,Arizona Diamondbacks,statsapi,False
mlbam-543305,Aaron Hicks,2024,MLB,Los Angeles Angels,pitcher,35.0,1.0,1.0,0.0,0.0,0.16666666666666666,0.25,18.0,19.1,3.0,3.0,18.0,18.0,Los Angeles Angels,statsapi,False
mlbam-640454,Matt Krook,2024,MLB,Baltimore Orioles,pitcher,30.0,1.0,1.0,0.0,0.3333333333333333,0.16666666666666666,1.0,18.0,15.1,3.0,3.0,18.0,18.0,Baltimore Orioles,statsapi,False
mlbam-656657,Zach Logue,2024,MLB,Los Angeles Dodgers,pitcher,28.0,2.0,2.0,0.0,0.3333333333333333,0.0,0.5,18.0,5.6,6.0,6.0,18.0,18.0,Los Angeles Dodgers,statsapi,False
mlbam-543510,James McCann,2024,MLB,Baltimore Orioles,pitcher,34.0,1.0,1.0,0.0,0.0,0.0,0.3333333333333333,18.0,16.1,2.5,2.5,18.0,18.0,Baltimore Orioles,statsapi,False
mlbam-680911,Owen Miller,2024,MLB,Milwaukee Brewers,pitcher,28.0,2.0,1.0,0.0,0.0,0.08333333333333333,0.16666666666666666,18.0,11.1,6.0,6.0,18.0,18.0,Milwaukee Brewers,statsapi,False
mlbam-686294,Amos Willingham,2024,MLB,Washington Nationals,pitcher,26.0,1.0,1.0,0.0,0.2,0.0,0.5,18.0,14.1,2.5,2.5,18.0,18.0,Washington Nationals,statsapi,False
mlbam-573262,Mike Yastrzemski,2024,MLB,San Francisco Giants,pitcher,34.0,1.0,1.0,0.0,0.0,0.375,0.12,18.0,12.1,4.0,4.0,18.0,18.0,San Francisco Giants,statsapi,False
mlbam-670161,Parker Dunshee,2024,MLB,Atlanta Braves,pitcher,29.0,2.3333333333333335,1.0,0.0,0.21428571428571427,0.14285714285714285,0.6666666666666666,19.29,15.528571428571427,7.0,7.0,19.29,19.29,Atlanta Braves,statsapi,False
mlbam-679358,Eric Orze,2024,MLB,New York Mets,pitcher,27.0,1.6666666666666665,2.0,0.0,0.09090909090909091,0.18181818181818182,0.2,21.6,15.100000000000001,5.5,5.5,21.6,21.6,New York Mets,statsapi,False
mlbam-666207,Riley Pint,2024,MLB,Colorado Rockies,pitcher,27.0,3.3333333333333335,4.0,0.0,0.3181818181818182,0.22727272727272727,0.5,21.6,13.0,11.0,11.0,21.6,21.6,Colorado Rockies,statsapi,False
mlbam-641401,Connor Brogdon,2024,MLB,Los Angeles Dodgers,pitcher,29.0,3.0,4.0,0.0,0.15789473684210525,0.3157894736842105,0.6666666666666666,24.0,24.433333333333334,9.5,9.5,24.0,24.0,Los Angeles Dodgers,statsapi,False
mlbam-669391,Owen White,2024,MLB,Texas Rangers,pitcher,25.0,3.0,3.0,0.0,0.0,0.05555555555555555,0.25,24.0,8.433333333333334,9.0,9.0,24.0,24.0,Texas Rangers,statsapi,False
mlbam-677076,Clayton Andrews,2024,MLB,New York Yankees,pitcher,27.0,0.3333333333333333,1.0,0.0,0.3333333333333333,0.0,1.0,27.0,45.1,1.5,1.5,27.0,27.0,New York Yankees,statsapi,False
mlbam-543063,Brandon Crawford,2024,MLB,St. Louis Cardinals,pitcher,37.0,1.3333333333333333,1.0,0.0,0.0,0.2,0.0,27.0,9.85,5.0,5.0,27.0,27.0,St. Louis Cardinals,statsapi,False
mlbam-656814,Luis Ortiz,2024,MLB,Philadelphia Phillies,pitcher,29.0,0.6666666666666666,1.0,0.0,0.0,0.0,0.12,27.0,3.1,2.0,2.0,27.0,27.0,Philadelphia Phillies,statsapi,False
mlbam-680689,Lyon Richardson,2024,MLB,Cincinnati Reds,pitcher,24.0,0.6666666666666666,1.0,0.0,0.2,0.2,0.5,27.0,24.1,2.5,2.5,27.0,27.0,Cincinnati Reds,statsapi,False
mlbam-621399,Brady Feigl,2024,MLB,Pittsburgh Pirates,pitcher,34.0,1.6666666666666665,1.0,0.0,0.0,0.0,0.5,32.4,10.9,5.5,5.5,32.4,32.4,Pittsburgh Pirates,statsapi,False
mlbam-686751,Seth Johnson,2024,MLB,Philadelphia Phillies,pitcher,26.0,2.3333333333333335,1.0,1.0,0.0,0.16666666666666666,0.2,34.71,12.528571428571428,9.0,9.0,34.71,34.71,Philadelphia Phillies,statsapi,False
mlbam-685314,Andrew Saalfrank,2024,MLB,Arizona Diamondbacks,pitcher,27.0,1.0,2.0,0.0,0.0,0.625,0.0,36.0,15.1,4.0,4.0,36.0,36.0,Arizona Diamondbacks,statsapi,False
mlbam-660644,Vidal Bruján,2024,MLB,Miami Marlins,pitcher,26.0,1.6666666666666665,2.0,0.0,0.0625,0.1875,0.3333333333333333,43.2,24.700000000000003,8.0,8.0,43.2,43.2,Miami Marlins,statsapi,False
mlbam-656458,Lucas Gilbreath,2024,MLB,Colorado Rockies,pitcher,28.0,1.0,3.0,0.0,0.0,0.08333333333333333,0.3333333333333333,54.0,22.1,6.0,6.0,54.0,54.0,Colorado Rockies,statsapi,False
mlbam-571863,Matt Koch,2024,MLB,Colorado Rockies,pitcher,34.0,0.3333333333333333,2.0,0.0,0.0,0.2,0.5,81.0,51.1,2.5,2.5,81.0,81.0,Colorado Rockies,statsapi,False
mlbam-670223,Matt Mervis,2024,MLB,Chicago Cubs,pitcher,26.0,0.6666666666666666,1.0,0.0,0.0,0.0,0.0,81.0,3.1,4.5,4.5,81.0,81.0,Chicago Cubs,statsapi,False
mlbam-668874,Blair Henley,2024,MLB,Houston Astros,pitcher,27.0,0.3333333333333333,1.0,1.0,0.0,0.3333333333333333,0.0,135.0,39.1,4.5,4.5,135.0,135.0,Houston Astros,statsapi,False
mlbam-670183,Garrett Acton,2025,MLB,Tampa Bay Rays,pitcher,27.0,1.0,1.0,0.0,0.0,0.4,0.0,0.0,9.1,2.5,2.5,0.0,0.0,Tampa Bay Rays,statsapi,False
mlbam-676070,Jacob Amaya,2025,MLB,Chicago White Sox,pitcher,27.0,1.0,1.0,0.0,0.0,0.0,0.0,0.0,3.1,1.5,1.5,0.0,0.0,Chicago White Sox,statsapi,False
mlbam-682995,Hunter Barco,2025,MLB,Pittsburgh Pirates,pitcher,25.0,3.0,2.0,0.0,0.25,0.0,0.0,0.0,1.1,6.0,6.0,0.0,0.0,Pittsburgh Pirates,statsapi,False
mlbam-595897,Nick Burdi,2025,MLB,Boston Red Sox,pitcher,32.0,5.333333333333333,4.0,0.0,0.23809523809523808,0.09523809523809523,0.0,0.0,2.35,10.5,10.5,0.0,0.0,Boston Red Sox,statsapi,False
mlbam-676475,Alec Burleson,2025,MLB,St. Louis Cardinals,pitcher,27.0,1.0,1.0,0.0,0.0,0.0,0.0,0.0,6.1,2.0,2.0,0.0,0.0,St. Louis Cardinals,statsapi,False
mlbam-621114,Ryan Burr,2025,MLB,Toronto Blue Jays,pitcher,31.0,2.0,2.0,0.0,0.375,0.125,0.0,0.0,1.6,4.0,4.0,0.0,0.0,Toronto Blue Jays,statsapi,False
mlbam-650489,Willi Castro,2025,MLB,Minnesota Twins,pitcher,28.0,1.0,1.0,0.0,0.0,0.0,0.0,0.0,3.1,2.0,2.0,0.0,0.0,Minnesota Twins,statsapi,False
mlbam-669722,Logan Davidson,2025,MLB,Los Angeles Angels,pitcher,28.0,1.0,1.0,0.0,0.3333333333333333,0.0,0.0,0.0,1.1,1.5,1.5,0.0,0.0,Los Angeles Angels,statsapi,False
mlbam-677649,Ezequiel Duran,2025,MLB,Texas Rangers,pitcher,26.0,3.3333333333333335,4.0,0.0,0.0,0.0,0.0,0.0,3.1,5.5,5.5,0.0,0.0,Texas Rangers,statsapi,False
mlbam-646242,Jhonathan Díaz,2025,MLB,Seattle Mariners,pitcher,29.0,1.3333333333333333,1.0,0.0,0.2,0.0,0.0,0.0,1.6,2.5,2.5,0.0,0.0,Seattle Mariners,statsapi,False
mlbam-681987,Nate Eaton,2025,MLB,Boston Red Sox,pitcher,29.0,1.0,1.0,0.0,0.0,0.0,0.0,0.0,3.1,2.0,2.0,0.0,0.0,Boston Red Sox,statsapi,False
mlbam-664744,Jose Espada,2025,MLB,Baltimore Orioles,pitcher,28.0,3.0,1.0,0.0,0.4444444444444444,0.0,0.0,0.0,0.43333333333333357,4.5,4.5,0.0,0.0,Baltimore Orioles,statsapi,False
mlbam-680837,Ryan Fitzgerald,2025,MLB,Minnesota Twins,pitcher,31.0,2.0,2.0,0.0,0.0,0.0,0.0,0.0,3.1,4.0,4.0,0.0,0.0,Minnesota Twins,statsapi,False
mlbam-687589,Dom Hamel,2025,MLB,New York Mets,pitcher,26.0,1.0,1.0,0.0,0.0,0.0,0.0,0.0,6.1,3.0,3.0,0.0,0.0,New York Mets,statsapi,False
mlbam-641658,Garrett Hampson,2025,MLB,St. Louis Cardinals,pitcher,31.0,1.0,1.0,0.0,0.0,0.0,0.0,0.0,3.1,1.5,1.5,0.0,0.0,St. Louis Cardinals,statsapi,False
mlbam-640451,Hunter Harvey,2025,MLB,Kansas City Royals,pitcher,31.0,10.666666666666666,12.0,0.0,0.28205128205128205,0.02564102564102564,0.0,0.0,1.31875,19.5,19.5,0.0,0.0,Kansas City Royals,statsapi,False
mlbam-694359,Niko Kavadas,2025,MLB,Los Angeles Angels,pitcher,27.0,1.6666666666666665,1.0,0.0,0.1111111111111111,0.1111111111111111,0.0,0.0,3.7,4.5,4.5,0.0,0.0,Los Angeles Angels,statsapi,False
mlbam-543391,Casey Kelly,2025,MLB,Arizona Diamondbacks,pitcher,36.0,1.6666666666666665,2.0,0.0,0.0,0.16666666666666666,0.0,0.0,4.9,3.0,3.0,0.0,0.0,Arizona Diamondbacks,statsapi,False
mlbam-643396,Isiah Kiner-Falefa,2025,MLB,Toronto Blue Jays,pitcher,30.0,0.6666666666666666,1.0,0.0,0.0,0.0,0.0,0.0,3.1,1.0,1.0,0.0,0.0,Toronto Blue Jays,statsapi,False
mlbam-683766,Christian Koss,2025,MLB,San Francisco Giants,pitcher,27.0,4.0,4.0,0.0,0.0,0.0,0.0,0.0,3.1,8.0,8.0,0.0,0.0,San Francisco Giants,statsapi,False
mlbam-656638,Alex Lange,2025,MLB,Detroit Tigers,pitcher,30.0,1.0,1.0,0.0,0.16666666666666666,0.16666666666666666,0.0,0.0,4.1,3.0,3.0,0.0,0.0,Detroit Tigers,statsapi,False
mlbam-670032,Nicky Lopez,2025,MLB,Los Angeles Angels,pitcher,30.0,0.3333333333333333,1.0,0.0,0.0,0.5,0.0,0.0,12.1,1.0,1.0,0.0,0.0,Los Angeles Angels,statsapi,False
mlbam-680862,Willie MacIver,2025,MLB,Athletics,pitcher,29.0,2.0,2.0,0.0,0.0,0.0,0.0,0.0,3.1,5.0,5.0,0.0,0.0,Athletics,statsapi,False
mlbam-571912,Luke Maile,2025,MLB,Kansas City Royals,pitcher,34.0,1.0,1.0,0.0,0.0,0.25,0.0,0.0,6.1,2.0,2.0,0.0,0.0,Kansas City Royals,statsapi,False
mlbam-670156,Miles Mastrobuoni,2025,MLB,Seattle Mariners,pitcher,30.0,1.0,1.0,0.0,0.0,0.3333333333333333,0.0,0.0,9.1,3.0,3.0,0.0,0.0,Seattle Mariners,statsapi,False
mlbam-656716,Zach McKinstry,2025,MLB,Detroit Tigers,pitcher,30.0,0.3333333333333333,1.0,0.0,0.0,0.0,0.12,0.0,3.1,0.5,0.5,0.0,0.0,Detroit Tigers,statsapi,False
mlbam-801216,Christian Montes De Oca,2025,MLB,Arizona Diamondbacks,pitcher,26.0,2.6666666666666665,1.0,0.0,0.2222222222222222,0.1111111111111111,0.0,0.0,2.725,4.5,4.5,0.0,0.0,Arizona Diamondbacks,statsapi,False
mlbam-621512,Tomás Nido,2025,MLB,Detroit Tigers,pitcher,31.0,1.6666666666666665,1.0,0.0,0.0,0.0,0.0,0.0,4.9,3.0,3.0,0.0,0.0,Detroit Tigers,statsapi,False
mlbam-493603,Adam Ottavino,2025,MLB,New York Yankees,pitcher,40.0,1.6666666666666665,3.0,0.0,0.3333333333333333,0.4444444444444444,0.0,0.0,6.700000000000001,4.5,4.5,0.0,0.0,New York Yankees,statsapi,False
mlbam-623465,Evan Phillips,2025,MLB,Los Angeles Dodgers,pitcher,31.0,5.666666666666667,7.0,0.0,0.2727272727272727,0.09090909090909091,0.0,0.0,2.041176470588235,11.0,11.0,0.0,0.0,Los Angeles Dodgers,statsapi,False
mlbam-687166,Austin Pope,2025,MLB,Arizona Diamondbacks,pitcher,27.0,2.0,1.0,0.0,0.1111111111111111,0.1111111111111111,0.0,0.0,3.6,4.5,4.5,0.0,0.0,Arizona Diamondbacks,statsapi,False
mlbam-650671,José Quijada,2025,MLB,Los Angeles Angels,pitcher,30.0,1.3333333333333333,2.0,0.0,0.375,0.25,0.0,0.0,3.1,4.0,4.0,0.0,0.0,Los Angeles Angels,statsapi,False
mlbam-675919,Nick Raquet,2025,MLB,St. Louis Cardinals,pitcher,30.0,2.0,2.0,0.0,0.14285714285714285,0.14285714285714285,0.0,0.0,3.6,3.5,3.5,0.0,0.0,St. Louis Cardinals,statsapi,False
mlbam-660844,Leo Rivas,2025,MLB,Seattle Mariners,pitcher,28.0,1.0,1.0,0.0,0.0,0.16666666666666666,0.0,0.0,6.1,3.0,3.0,0.0,0.0,Seattle Mariners,statsapi,False
mlbam-685005,Christian Roa,2025,MLB,Miami Marlins,pitcher,26.0,3.0,2.0,0.0,0.25,0.25,0.0,0.0,4.1,6.0,6.0,0.0,0.0,Miami Marlins,statsapi,False
mlbam-663967,César Salazar,2025,MLB,Houston Astros,pitcher,29.0,1.0,1.0,0.0,0.0,0.0,0.0,0.0,6.1,2.0,2.0,0.0,0.0,Houston Astros,statsapi,False
mlbam-665665,Reiver Sanmartin,2025,MLB,Cincinnati Reds,pitcher,29.0,1.6666666666666665,1.0,0.0,0.25,0.25,0.0,0.0,2.5,4.0,4.0,0.0,0.0,Cincinnati Reds,statsapi,False
mlbam-678011,Anthony Seigler,2025,MLB,Milwaukee Brewers,pitcher,26.0,1.0,1.0,0.0,0.0,0.0,0.0,0.0,3.1,2.0,2.0,0.0,0.0,Milwaukee Brewers,statsapi,False
mlbam-596103,Austin Slater,2025,MLB,New York Yankees,pitcher,33.0,0.6666666666666666,1.0,0.0,0.0,0.0,0.12,0.0,3.1,1.5,1.5,0.0,0.0,New York Yankees,statsapi,False
mlbam-683021,Michael Stefanic,2025,MLB,Toronto Blue Jays,pitcher,29.0,1.0,1.0,0.0,0.0,0.0,0.0,0.0,3.1,1.5,1.5,0.0,0.0,Toronto Blue Jays,statsapi,False
mlbam-605507,Zach Thompson,2025,MLB,Atlanta Braves,pitcher,32.0,3.6666666666666665,2.0,0.0,0.25,0.08333333333333333,0.0,0.0,2.2818181818181817,6.0,6.0,0.0,0.0,Atlanta Braves,statsapi,False
mlbam-676701,Alan Trejo,2025,MLB,Colorado Rockies,pitcher,29.0,1.0,1.0,0.0,0.0,0.0,0.12,0.0,3.1,1.5,1.5,0.0,0.0,Colorado Rockies,statsapi,False
mlbam-669707,Jared Triolo,2025,MLB,Pittsburgh Pirates,pitcher,27.0,1.0,1.0,0.0,0.0,0.125,0.25,0.0,19.1,4.0,4.0,0.0,0.0,Pittsburgh Pirates,statsapi,False
mlbam-676679,Luis Vázquez,2025,MLB,Baltimore Orioles,pitcher,26.0,4.333333333333333,4.0,0.0,0.0,0.07142857142857142,0.0,0.0,3.7923076923076926,7.0,7.0,0.0,0.0,Baltimore Orioles,statsapi,False
mlbam-642215,Weston Wilson,2025,MLB,Philadelphia Phillies,pitcher,31.0,3.0,2.0,0.0,0.0,0.0,0.0,0.0,3.1,6.0,6.0,0.0,0.0,Philadelphia Phillies,statsapi,False
mlbam-676724,Jared Young,2025,MLB,New York Mets,pitcher,30.0,0.3333333333333333,1.0,0.0,0.0,0.3333333333333333,0.0,0.0,12.1,1.5,1.5,0.0,0.0,New York Mets,statsapi,False
mlbam-664875,Justin Lawrence,2025,MLB,Pittsburgh Pirates,pitcher,31.0,17.666666666666668,17.0,0.0,0.3333333333333333,0.14492753623188406,0.0,0.51,2.1943396226415097,34.5,34.5,0.51,0.51,Pittsburgh Pirates,statsapi,False
mlbam-676760,Ron Marinaccio,2025,MLB,San Diego Padres,pitcher,30.0,10.666666666666666,7.0,0.0,0.2857142857142857,0.09523809523809523,0.0,0.84,1.975,21.0,21.0,0.84,0.84,San Diego Padres,statsapi,False
mlbam-681810,Austin Warren,2025,MLB,New York Mets,pitcher,29.0,9.333333333333334,5.0,0.0,0.2647058823529412,0.11764705882352941,0.1,0.96,3.85,17.0,17.0,0.96,0.96,New York Mets,statsapi,False
mlbam-547973,Aroldis Chapman,2025,MLB,Boston Red Sox,pitcher,37.0,61.333333333333336,67.0,0.0,0.37280701754385964,0.06578947368421052,0.046153846153846156,1.17,1.6978260869565218,114.0,114.0,1.17,1.17,Boston Red Sox,statsapi,False
mlbam-689520,Cody Laweryson,2025,MLB,Minnesota Twins,pitcher,27.0,7.666666666666667,5.0,0.0,0.2692307692307692,0.0,0.0,1.17,1.273913043478261,13.0,13.0,1.17,1.17,Minnesota Twins,statsapi,False
mlbam-699134,Bradgley Rodriguez,2025,MLB,San Diego Padres,pitcher,22.0,7.666666666666667,7.0,0.0,0.2903225806451613,0.12903225806451613,0.0,1.17,3.1,15.5,15.5,1.17,1.17,San Diego Padres,statsapi,False
mlbam-685314,Andrew Saalfrank,2025,MLB,Arizona Diamondbacks,pitcher,28.0,29.0,28.0,0.0,0.168141592920354,0.09734513274336283,0.027777777777777776,1.24,3.2724137931034485,56.5,56.5,1.24,1.24,Arizona Diamondbacks,statsapi,False
mlbam-679883,Luinder Avila,2025,MLB,Kansas City Royals,pitcher,24.0,14.0,13.0,0.0,0.2857142857142857,0.10714285714285714,0.0,1.29,2.1,28.0,28.0,1.29,1.29,Kansas City Royals,statsapi,False
mlbam-691441,Cristian Mena,2025,MLB,Arizona Diamondbacks,pitcher,23.0,6.666666666666667,3.0,0.0,0.3076923076923077,0.11538461538461539,0.2,1.35,4.0,13.0,13.0,1.35,1.35,Arizona Diamondbacks,statsapi,False
mlbam-681916,Dylan Smith,2025,MLB,Detroit Tigers,pitcher,25.0,13.0,7.0,0.0,0.08333333333333333,0.10416666666666667,0.0,1.38,4.330769230769231,24.0,24.0,1.38,1.38,Detroit Tigers,statsapi,False
mlbam-669062,Erik Miller,2025,MLB,San Francisco Giants,pitcher,27.0,30.0,36.0,0.0,0.171875,0.1875,0.0,1.5,3.9333333333333336,64.0,64.0,1.5,1.5,San Francisco Giants,statsapi,False
mlbam-668390,Cole Winn,2025,MLB,Texas Rangers,pitcher,26.0,41.666666666666664,33.0,0.0,0.21604938271604937,0.11728395061728394,0.07142857142857142,1.51,3.8680000000000003,81.0,81.0,1.51,1.51,Texas Rangers,statsapi,False
mlbam-681151,Jayden Murray,2025,MLB,Houston Astros,pitcher,28.0,11.666666666666666,9.0,1.0,0.1702127659574468,0.06382978723404255,0.0,1.54,2.5,23.5,23.5,1.54,1.54,Houston Astros,statsapi,False
mlbam-690544,Bailey Horn,2025,MLB,Detroit Tigers,pitcher,27.0,11.333333333333334,10.0,0.0,0.2,0.14,0.07692307692307693,1.59,4.3352941176470585,25.0,25.0,1.59,1.59,Detroit Tigers,statsapi,False
mlbam-621242,Edwin Díaz,2025,MLB,New York Mets,pitcher,31.0,66.33333333333333,62.0,0.0,0.3798449612403101,0.08139534883720931,0.0784313725490196,1.63,2.2407035175879395,129.0,129.0,1.63,1.63,New York Mets,statsapi,False
mlbam-621345,A.J. Minter,2025,MLB,New York Mets,pitcher,32.0,11.0,13.0,0.0,0.3181818181818182,0.11363636363636363,0.0,1.64,1.9181818181818182,22.0,22.0,1.64,1.64,New York Mets,statsapi,False
mlbam-681217,Chase Silseth,2025,MLB,Los Angeles Angels,pitcher,25.0,11.0,10.0,0.0,0.2653061224489796,0.14285714285714285,0.1,1.64,3.827272727272727,24.5,24.5,1.64,1.64,Los Angeles Angels,statsapi,False
mlbam-682842,Abner Uribe,2025,MLB,Milwaukee Brewers,pitcher,25.0,75.33333333333333,75.0,0.0,0.30201342281879195,0.09731543624161074,0.0784313725490196,1.67,2.7150442477876107,149.0,149.0,1.67,1.67,Milwaukee Brewers,statsapi,False
mlbam-805123,AJ Blubaugh,2025,MLB,Houston Astros,pitcher,25.0,32.0,11.0,3.0,0.28225806451612906,0.08870967741935484,0.13636363636363635,1.69,4.38125,62.0,62.0,1.69,1.69,Houston Astros,statsapi,False
mlbam-677976,Randy Dobnak,2025,MLB,Minnesota Twins,pitcher,30.0,5.333333333333333,1.0,0.0,0.05263157894736842,0.10526315789473684,0.14285714285714285,1.69,6.2875,9.5,9.5,1.69,1.69,Minnesota Twins,statsapi,False
mlbam-670766,Darren McCaughan,2025,MLB,Minnesota Twins,pitcher,29.0,5.333333333333333,3.0,0.0,0.2608695652173913,0.043478260869565216,0.0,1.69,1.4125,11.5,11.5,1.69,1.69,Minnesota Twins,statsapi,False
mlbam-669704,Kade Strowd,2025,MLB,Baltimore Orioles,pitcher,28.0,26.333333333333332,25.0,0.0,0.22857142857142856,0.12380952380952381,0.041666666666666664,1.71,3.3658227848101268,52.5,52.5,1.71,1.71,Baltimore Orioles,statsapi,False
mlbam-543135,Nathan Eovaldi,2025,MLB,Texas Rangers,pitcher,35.0,130.0,22.0,22.0,0.2600806451612903,0.04435483870967742,0.09523809523809523,1.73,2.7615384615384615,248.0,248.0,1.73,1.73,Texas Rangers,statsapi,False
mlbam-662253,Andrés Muñoz,2025,MLB,Seattle Mariners,pitcher,26.0,62.333333333333336,64.0,0.0,0.32677165354330706,0.1220472440944882,0.0425531914893617,1.73,2.394117647058824,127.0,127.0,1.73,1.73,Seattle Mariners,statsapi,False
mlbam-701656,Logan Henderson,2025,MLB,Milwaukee Brewers,pitcher,23.0,25.333333333333332,5.0,5.0,0.3333333333333333,0.08080808080808081,0.08823529411764706,1.78,2.9815789473684213,49.5,49.5,1.78,1.78,Milwaukee Brewers,statsapi,False
mlbam-678495,Randy Rodríguez,2025,MLB,San Francisco Giants,pitcher,26.0,50.666666666666664,50.0,0.0,0.3383838383838384,0.05555555555555555,0.07692307692307693,1.78,2.3697368421052634,99.0,99.0,1.78,1.78,San Francisco Giants,statsapi,False
mlbam-686790,Trevor McDonald,2025,MLB,San Francisco Giants,pitcher,24.0,15.0,3.0,2.0,0.23333333333333334,0.03333333333333333,0.07142857142857142,1.8,2.5,30.0,30.0,1.8,1.8,San Francisco Giants,statsapi,False
mlbam-669432,Trevor Rogers,2025,MLB,Baltimore Orioles,pitcher,28.0,109.66666666666667,18.0,18.0,0.24349881796690306,0.06855791962174941,0.05128205128205128,1.81,2.7808510638297874,211.5,211.5,1.81,1.81,Baltimore Orioles,statsapi,False
mlbam-681870,Erik Sabrowski,2025,MLB,Cleveland Guardians,pitcher,28.0,29.333333333333332,33.0,0.0,0.34710743801652894,0.17355371900826447,0.06451612903225806,1.84,3.577272727272727,60.5,60.5,1.84,1.84,Cleveland Guardians,statsapi,False
mlbam-660761,José Suarez,2025,MLB,Atlanta Braves,pitcher,27.0,19.333333333333332,7.0,1.0,0.19753086419753085,0.13580246913580246,0.05555555555555555,1.86,3.6689655172413795,40.5,40.5,1.86,1.86,Atlanta Braves,statsapi,False
mlbam-592094,Jason Adam,2025,MLB,San Diego Padres,pitcher,34.0,65.33333333333333,65.0,0.0,0.25925925925925924,0.1037037037037037,0.056338028169014086,1.93,3.038775510204082,135.0,135.0,1.93,1.93,San Diego Padres,statsapi,False
mlbam-694335,Matt Svanson,2025,MLB,St. Louis Cardinals,pitcher,26.0,60.333333333333336,39.0,0.0,0.2905982905982906,0.08547008547008547,0.047619047619047616,1.94,2.6856353591160222,117.0,117.0,1.94,1.94,St. Louis Cardinals,statsapi,False
mlbam-694973,Paul Skenes,2025,MLB,Pittsburgh Pirates,pitcher,23.0,187.66666666666666,32.0,32.0,0.2946793997271487,0.0572987721691678,0.062146892655367235,1.97,2.327353463587922,366.5,366.5,1.97,1.97,Pittsburgh Pirates,statsapi,False
mlbam-643511,Tyler Rogers,2025,MLB,New York Mets,pitcher,35.0,77.33333333333333,81.0,0.0,0.1605351170568562,0.023411371237458192,0.06557377049180328,1.98,2.8413793103448275,149.5,149.5,1.98,1.98,New York Mets,statsapi,False
mlbam-642121,Cole Sulser,2025,MLB,Tampa Bay Rays,pitcher,35.0,22.666666666666668,18.0,0.0,0.24444444444444444,0.08888888888888889,0.043478260869565216,1.99,2.658823529411765,45.0,45.0,1.99,1.99,Tampa Bay Rays,statsapi,False
mlbam-667297,Tommy Nance,2025,MLB,Toronto Blue Jays,pitcher,34.0,31.666666666666668,30.0,0.0,0.25396825396825395,0.05555555555555555,0.0,1.99,1.836842105263158,63.0,63.0,1.99,1.99,Toronto Blue Jays,statsapi,False
mlbam-663671,Nic Enright,2025,MLB,Cleveland Guardians,pitcher,28.0,31.0,27.0,0.0,0.23622047244094488,0.09448818897637795,0.07142857142857142,2.03,3.7774193548387096,63.5,63.5,2.03,2.03,Cleveland Guardians,statsapi,False
mlbam-623352,Josh Hader,2025,MLB,Houston Astros,pitcher,31.0,52.666666666666664,48.0,0.0,0.36893203883495146,0.0825242718446602,0.11428571428571428,2.05,3.2139240506329116,103.0,103.0,2.05,2.05,Houston Astros,statsapi,False
mlbam-661395,Jhoan Duran,2025,MLB,Philadelphia Phillies,pitcher,27.0,70.0,72.0,0.0,0.2787456445993031,0.08013937282229965,0.07317073170731707,2.06,2.3142857142857145,143.5,143.5,2.06,2.06,Philadelphia Phillies,statsapi,False
mlbam-690997,Nolan McLean,2025,MLB,New York Mets,pitcher,24.0,48.0,8.0,8.0,0.30319148936170215,0.0851063829787234,0.13793103448275862,2.06,2.9333333333333336,94.0,94.0,2.06,2.06,New York Mets,statsapi,False
mlbam-676617,Riley O'Brien,2025,MLB,St. Louis Cardinals,pitcher,30.0,48.0,42.0,0.0,0.22613065326633167,0.12060301507537688,0.05405405405405406,2.06,3.5791666666666666,99.5,99.5,2.06,2.06,St. Louis Cardinals,statsapi,False
mlbam-668941,JoJo Romero,2025,MLB,St. Louis Cardinals,pitcher,29.0,61.0,65.0,0.0,0.21568627450980393,0.13333333333333333,0.0392156862745098,2.07,3.2475409836065574,127.5,127.5,2.07,2.07,St. Louis Cardinals,statsapi,False
mlbam-641745,Brad Keller,2025,MLB,Chicago Cubs,pitcher,30.0,69.66666666666667,68.0,1.0,0.2717391304347826,0.07971014492753623,0.07017543859649122,2.07,2.899043062200957,138.0,138.0,2.07,2.07,Chicago Cubs,statsapi,False
mlbam-680702,Joey Gerber,2025,MLB,Tampa Bay Rays,pitcher,28.0,4.333333333333333,2.0,0.0,0.26666666666666666,0.0,0.2,2.08,4.253846153846154,7.5,7.5,2.08,2.08,Tampa Bay Rays,statsapi,False
mlbam-670970,Adrian Morejon,2025,MLB,San Diego Padres,pitcher,26.0,73.66666666666667,75.0,0.0,0.24475524475524477,0.06993006993006994,0.031746031746031744,2.08,2.2447963800904978,143.0,143.0,2.08,2.08,San Diego Padres,statsapi,False
mlbam-655889,Manuel Rodríguez,2025,MLB,Tampa Bay Rays,pitcher,29.0,30.333333333333332,31.0,0.0,0.2066115702479339,0.049586776859504134,0.08695652173913043,2.08,3.001098901098901,60.5,60.5,2.08,2.08,Tampa Bay Rays,statsapi,False
mlbam-676879,Aaron Ashby,2025,MLB,Milwaukee Brewers,pitcher,27.0,66.66666666666667,43.0,1.0,0.2814814814814815,0.08888888888888889,0.08571428571428572,2.16,2.665,135.0,135.0,2.16,2.16,Milwaukee Brewers,statsapi,False
mlbam-669622,Anthony Bender,2025,MLB,Miami Marlins,pitcher,30.0,50.0,51.0,0.0,0.20588235294117646,0.11274509803921569,0.05454545454545454,2.16,3.58,102.0,102.0,2.16,2.16,Miami Marlins,statsapi,False
mlbam-606965,Chris Devenski,2025,MLB,New York Mets,pitcher,35.0,16.666666666666668,13.0,1.0,0.2153846153846154,0.07692307692307693,0.058823529411764705,2.16,3.46,32.5,32.5,2.16,2.16,New York Mets,statsapi,False
mlbam-519141,Drew Pomeranz,2025,MLB,Chicago Cubs,pitcher,37.0,49.666666666666664,57.0,4.0,0.28078817733990147,0.07881773399014778,0.0847457627118644,2.17,3.3214765100671144,101.5,101.5,2.17,2.17,Chicago Cubs,statsapi,False
mlbam-642701,Dennis Santana,2025,MLB,Pittsburgh Pirates,pitcher,29.0,70.33333333333333,70.0,0.0,0.2222222222222222,0.06296296296296296,0.053763440860215055,2.18,3.171090047393365,135.0,135.0,2.18,2.18,Pittsburgh Pirates,statsapi,False
mlbam-641816,Tyler Mahle,2025,MLB,Texas Rangers,pitcher,31.0,86.66666666666667,16.0,16.0,0.1907514450867052,0.0838150289017341,0.04424778761061947,2.18,3.330769230769231,173.0,173.0,2.18,2.18,Texas Rangers,statsapi,False
mlbam-680704,Nick Sandlin,2025,MLB,Toronto Blue Jays,pitcher,28.0,16.333333333333332,19.0,0.0,0.2318840579710145,0.11594202898550725,0.09523809523809523,2.2,4.569387755102041,34.5,34.5,2.2,2.2,Toronto Blue Jays,statsapi,False
mlbam-669373,Tarik Skubal,2025,MLB,Detroit Tigers,pitcher,29.0,195.33333333333334,31.0,31.0,0.32219251336898397,0.04411764705882353,0.0967741935483871,2.21,2.4139931740614333,374.0,374.0,2.21,2.21,Detroit Tigers,statsapi,False
mlbam-678692,Ronny Henriquez,2025,MLB,Miami Marlins,pitcher,25.0,73.0,69.0,0.0,0.3234323432343234,0.09570957095709572,0.1,2.22,3.1136986301369864,151.5,151.5,2.22,2.22,Miami Marlins,statsapi,False
mlbam-676680,Tom Cosgrove,2025,MLB,Chicago Cubs,pitcher,29.0,4.0,2.0,0.0,0.1875,0.0625,0.0,2.25,2.35,8.0,8.0,2.25,2.25,Chicago Cubs,statsapi,False
mlbam-641585,J.P. France,2025,MLB,Houston Astros,pitcher,30.0,4.0,2.0,0.0,0.3125,0.125,0.0,2.25,2.1,8.0,8.0,2.25,2.25,Houston Astros,statsapi,False
mlbam-518886,Craig Kimbrel,2025,MLB,Houston Astros,pitcher,37.0,12.0,14.0,0.0,0.3469387755102041,0.14285714285714285,0.15384615384615385,2.25,4.183333333333334,24.5,24.5,2.25,2.25,Houston Astros,statsapi,False
mlbam-676477,Garrett Whitlock,2025,MLB,Boston Red Sox,pitcher,29.0,72.0,62.0,0.0,0.310580204778157,0.08873720136518772,0.03225806451612903,2.25,2.1416666666666666,146.5,146.5,2.25,2.25,Boston Red Sox,statsapi,False
mlbam-650556,Bryan Abreu,2025,MLB,Houston Astros,pitcher,28.0,71.0,70.0,0.0,0.3547297297297297,0.10472972972972973,0.057971014492753624,2.28,2.3535211267605636,148.0,148.0,2.28,2.28,Houston Astros,statsapi,False
mlbam-670280,David Bednar,2025,MLB,New York Yankees,pitcher,31.0,62.666666666666664,64.0,0.0,0.3426294820717131,0.08366533864541832,0.07017543859649122,2.3,2.1425531914893616,125.5,125.5,2.3,2.3,New York Yankees,statsapi,False
mlbam-543056,Danny Coulombe,2025,MLB,Texas Rangers,pitcher,36.0,43.0,55.0,1.0,0.24431818181818182,0.10227272727272728,0.06,2.3,3.2627906976744185,88.0,88.0,2.3,2.3,Texas Rangers,statsapi,False
mlbam-542888,Shawn Armstrong,2025,MLB,Texas Rangers,pitcher,35.0,74.0,71.0,2.0,0.2605633802816901,0.07042253521126761,0.05319148936170213,2.31,3.0324324324324325,142.0,142.0,2.31,2.31,Texas Rangers,statsapi,False
mlbam-674841,Andrew Alvarez,2025,MLB,Washington Nationals,pitcher,26.0,23.333333333333332,5.0,5.0,0.20408163265306123,0.10204081632653061,0.041666666666666664,2.31,3.357142857142857,49.0,49.0,2.31,2.31,Washington Nationals,statsapi,False
mlbam-669620,Brady Basso,2025,MLB,Athletics,pitcher,28.0,11.666666666666666,11.0,1.0,0.14285714285714285,0.17857142857142858,0.0,2.31,4.042857142857143,28.0,28.0,2.31,2.31,Athletics,statsapi,False
mlbam-544150,Albert Suárez,2025,MLB,Baltimore Orioles,pitcher,36.0,11.666666666666666,5.0,1.0,0.22727272727272727,0.06818181818181818,0.0,2.31,2.157142857142857,22.0,22.0,2.31,2.31,Baltimore Orioles,statsapi,False
mlbam-813349,Connelly Early,2025,MLB,Boston Red Sox,pitcher,23.0,19.333333333333332,4.0,4.0,0.3670886075949367,0.05063291139240506,0.0,2.33,0.875862068965517,39.5,39.5,2.33,2.33,Boston Red Sox,statsapi,False
mlbam-664076,Garrett Cleavinger,2025,MLB,Tampa Bay Rays,pitcher,31.0,61.333333333333336,67.0,0.0,0.3374485596707819,0.07407407407407407,0.16666666666666666,2.35,3.5565217391304347,121.5,121.5,2.35,2.35,Tampa Bay Rays,statsapi,False
mlbam-694361,Will Klein,2025,MLB,Los Angeles Dodgers,pitcher,26.0,15.333333333333334,14.0,0.0,0.3,0.14285714285714285,0.0,2.35,2.708695652173913,35.0,35.0,2.35,2.35,Los Angeles Dodgers,statsapi,False
mlbam-697812,Joe Rock,2025,MLB,Tampa Bay Rays,pitcher,25.0,7.666666666666667,3.0,0.0,0.3142857142857143,0.05714285714285714,0.2,2.35,3.491304347826087,17.5,17.5,2.35,2.35,Tampa Bay Rays,statsapi,False
mlbam-605483,Blake Snell,2025,MLB,Los Angeles Dodgers,pitcher,33.0,61.333333333333336,11.0,11.0,0.28346456692913385,0.1062992125984252,0.061224489795918366,2.35,2.6597826086956524,127.0,127.0,2.35,2.35,Los Angeles Dodgers,statsapi,False
mlbam-683618,Edgardo Henriquez,2025,MLB,Los Angeles Dodgers,pitcher,23.0,19.0,22.0,0.0,0.23076923076923078,0.0641025641025641,0.1,2.37,3.363157894736842,39.0,39.0,2.37,2.37,Los Angeles Dodgers,statsapi,False
mlbam-685801,Hunter Bigge,2025,MLB,Tampa Bay Rays,pitcher,27.0,15.0,13.0,0.0,0.2,0.08333333333333333,0.21052631578947367,2.4,6.166666666666667,30.0,30.0,2.4,2.4,Tampa Bay Rays,statsapi,False
mlbam-605177,Andrew Chafin,2025,MLB,Los Angeles Angels,pitcher,35.0,33.666666666666664,42.0,0.0,0.2517482517482518,0.13286713286713286,0.05714285714285714,2.41,3.4267326732673267,71.5,71.5,2.41,2.41,Los Angeles Angels,statsapi,False
mlbam-666711,Joel Peguero,2025,MLB,San Francisco Giants,pitcher,28.0,22.333333333333332,17.0,0.0,0.19767441860465115,0.10465116279069768,0.08695652173913043,2.42,3.816417910447761,43.0,43.0,2.42,2.42,San Francisco Giants,statsapi,False
mlbam-686613,Hunter Brown,2025,MLB,Houston Astros,pitcher,27.0,185.33333333333334,31.0,31.0,0.2825788751714678,0.07956104252400549,0.10303030303030303,2.43,3.1053956834532377,364.5,364.5,2.43,2.43,Houston Astros,statsapi,False
mlbam-676428,Brant Hurter,2025,MLB,Detroit Tigers,pitcher,27.0,63.0,43.0,4.0,0.24548736462093862,0.10830324909747292,0.06896551724137931,2.43,3.5761904761904764,138.5,138.5,2.43,2.43,Detroit Tigers,statsapi,False
mlbam-663574,Tony Santillan,2025,MLB,Cincinnati Reds,pitcher,28.0,73.66666666666667,80.0,0.0,0.24916943521594684,0.09634551495016612,0.08045977011494253,2.44,3.6837104072398192,150.5,150.5,2.44,2.44,Cincinnati Reds,statsapi,False
mlbam-608032,Carlos Estévez,2025,MLB,Kansas City Royals,pitcher,33.0,66.0,67.0,0.0,0.20074349442379183,0.10408921933085502,0.045871559633027525,2.45,3.6303030303030304,134.5,134.5,2.45,2.45,Kansas City Royals,statsapi,False
mlbam-656629,Michael Kopech,2025,MLB,Los Angeles Dodgers,pitcher,29.0,11.0,14.0,0.0,0.22641509433962265,0.24528301886792453,0.0,2.45,4.463636363636364,26.5,26.5,2.45,2.45,Los Angeles Dodgers,statsapi,False
mlbam-676755,Isaac Mattson,2025,MLB,Pittsburgh Pirates,pitcher,30.0,47.666666666666664,44.0,0.0,0.22727272727272727,0.10606060606060606,0.05333333333333334,2.45,3.6244755244755247,99.0,99.0,2.45,2.45,Pittsburgh Pirates,statsapi,False
mlbam-548384,Brooks Raley,2025,MLB,New York Mets,pitcher,37.0,25.666666666666668,30.0,0.0,0.25252525252525254,0.06060606060606061,0.0,2.45,2.0870129870129874,49.5,49.5,2.45,2.45,New York Mets,statsapi,False
mlbam-541640,Erasmo Ramírez,2025,MLB,Minnesota Twins,pitcher,35.0,11.0,9.0,0.0,0.11904761904761904,0.07142857142857142,0.125,2.45,5.1,21.0,21.0,2.45,2.45,Minnesota Twins,statsapi,False
mlbam-660604,Alan Rangel,2025,MLB,Philadelphia Phillies,pitcher,28.0,11.0,5.0,0.0,0.17391304347826086,0.13043478260869565,0.06666666666666667,2.45,4.463636363636364,23.0,23.0,2.45,2.45,Philadelphia Phillies,statsapi,False
mlbam-668670,Jake Rogers,2025,MLB,Detroit Tigers,pitcher,30.0,3.6666666666666665,4.0,0.0,0.0,0.0,0.0,2.45,3.9181818181818184,8.0,8.0,2.45,2.45,Detroit Tigers,statsapi,False
mlbam-676206,Freddy Tarnok,2025,MLB,Miami Marlins,pitcher,27.0,7.333333333333333,5.0,0.0,0.35714285714285715,0.14285714285714285,0.25,2.45,4.190909090909091,14.0,14.0,2.45,2.45,Miami Marlins,statsapi,False
mlbam-642239,Rob Zastryzny,2025,MLB,Milwaukee Brewers,pitcher,33.0,22.0,26.0,1.0,0.21505376344086022,0.13978494623655913,0.11538461538461539,2.45,4.554545454545455,46.5,46.5,2.45,2.45,Milwaukee Brewers,statsapi,False
mlbam-666374,Matt Brash,2025,MLB,Seattle Mariners,pitcher,27.0,47.333333333333336,53.0,0.0,0.2914572864321608,0.10050251256281408,0.12121212121212122,2.47,3.015492957746479,99.5,99.5,2.47,2.47,Seattle Mariners,statsapi,False
mlbam-656186,Dan Altavilla,2025,MLB,Chicago White Sox,pitcher,33.0,29.0,28.0,0.0,0.175,0.125,0.13333333333333333,2.48,5.410344827586207,60.0,60.0,2.48,2.48,Chicago White Sox,statsapi,False
mlbam-623474,Jimmy Herget,2025,MLB,Colorado Rockies,pitcher,32.0,83.33333333333333,59.0,0.0,0.2334293948126801,0.07780979827089338,0.058823529411764705,2.48,3.2800000000000002,173.5,173.5,2.48,2.48,Colorado Rockies,statsapi,False
mlbam-808967,Yoshinobu Yamamoto,2025,MLB,Los Angeles Dodgers,pitcher,27.0,173.66666666666666,30.0,30.0,0.29385964912280704,0.08625730994152046,0.09929078014184398,2.49,2.904222648752399,342.0,342.0,2.49,2.49,Los Angeles Dodgers,statsapi,False
mlbam-656730,Trevor Megill,2025,MLB,Milwaukee Brewers,pitcher,32.0,47.0,50.0,0.0,0.3125,0.10416666666666667,0.06521739130434782,2.49,2.4617021276595743,96.0,96.0,2.49,2.49,Milwaukee Brewers,statsapi,False
mlbam-650911,Cristopher Sánchez,2025,MLB,Philadelphia Phillies,pitcher,29.0,202.0,32.0,32.0,0.26270136307311026,0.05452292441140025,0.08391608391608392,2.5,2.515841584158416,403.5,403.5,2.5,2.5,Philadelphia Phillies,statsapi,False
mlbam-678024,Mike Vasil,2025,MLB,Chicago White Sox,pitcher,25.0,101.0,47.0,3.0,0.1938534278959811,0.1347517730496454,0.07766990291262135,2.5,4.288118811881188,211.5,211.5,2.5,2.5,Chicago White Sox,statsapi,False
mlbam-660825,Eduard Bazardo,2025,MLB,Seattle Mariners,pitcher,30.0,78.66666666666667,73.0,0.0,0.26198083067092653,0.0926517571884984,0.09090909090909091,2.52,3.6084745762711865,156.5,156.5,2.52,2.52,Seattle Mariners,statsapi,False
mlbam-680694,Kyle Bradish,2025,MLB,Baltimore Orioles,pitcher,29.0,32.0,6.0,6.0,0.373015873015873,0.07936507936507936,0.0967741935483871,2.53,2.4125,63.0,63.0,2.53,2.53,Baltimore Orioles,statsapi,False
mlbam-663460,Kris Bubic,2025,MLB,Kansas City Royals,pitcher,28.0,116.33333333333333,20.0,20.0,0.24369747899159663,0.08403361344537816,0.05405405405405406,2.55,2.8593123209169056,238.0,238.0,2.55,2.55,Kansas City Royals,statsapi,False
mlbam-670810,Logan Gillaspie,2025,MLB,San Diego Padres,pitcher,28.0,7.0,3.0,0.0,0.12903225806451613,0.12903225806451613,0.125,2.57,5.957142857142857,15.5,15.5,2.57,2.57,San Diego Padres,statsapi,False
mlbam-519242,Chris Sale,2025,MLB,Atlanta Braves,pitcher,36.0,125.66666666666667,21.0,20.0,0.3235294117647059,0.06274509803921569,0.09016393442622951,2.58,2.6384615384615384,255.0,255.0,2.58,2.58,Atlanta Braves,statsapi,False
mlbam-676979,Garrett Crochet,2025,MLB,Boston Red Sox,pitcher,26.0,205.33333333333334,32.0,32.0,0.3132678132678133,0.056511056511056514,0.12834224598930483,2.59,2.851623376623377,407.0,407.0,2.59,2.59,Boston Red Sox,statsapi,False
mlbam-445276,Kenley Jansen,2025,MLB,Los Angeles Angels,pitcher,38.0,59.0,62.0,0.0,0.24358974358974358,0.08974358974358974,0.08791208791208792,2.59,3.947457627118644,117.0,117.0,2.59,2.59,Los Angeles Angels,statsapi,False
mlbam-642585,Félix Bautista,2025,MLB,Baltimore Orioles,pitcher,30.0,34.666666666666664,35.0,0.0,0.352112676056338,0.1619718309859155,0.10714285714285714,2.6,3.330769230769231,71.0,71.0,2.6,2.6,Baltimore Orioles,statsapi,False
mlbam-642100,Gabe Speier,2025,MLB,Seattle Mariners,pitcher,30.0,62.0,76.0,0.0,0.3374485596707819,0.04938271604938271,0.07246376811594203,2.61,2.2774193548387096,121.5,121.5,2.61,2.61,Seattle Mariners,statsapi,False
mlbam-695243,Mason Miller,2025,MLB,San Diego Padres,pitcher,27.0,61.666666666666664,60.0,0.0,0.4444444444444444,0.1282051282051282,0.1111111111111111,2.63,2.191891891891892,117.0,117.0,2.63,2.63,San Diego Padres,statsapi,False
mlbam-592779,Brock Stewart,2025,MLB,Los Angeles Dodgers,pitcher,34.0,37.666666666666664,43.0,0.0,0.27672955974842767,0.09433962264150944,0.06521739130434782,2.63,3.1530973451327435,79.5,79.5,2.63,2.63,Los Angeles Dodgers,statsapi,False
mlbam-663465,Kolby Allard,2025,MLB,Cleveland Guardians,pitcher,28.0,65.0,33.0,2.0,0.15789473684210525,0.06390977443609022,0.05319148936170213,2.63,3.5,133.0,133.0,2.63,2.63,Cleveland Guardians,statsapi,False
mlbam-806188,Cade Gibson,2025,MLB,Miami Marlins,pitcher,27.0,54.666666666666664,44.0,1.0,0.18695652173913044,0.10434782608695652,0.057692307692307696,2.63,3.7219512195121953,115.0,115.0,2.63,2.63,Miami Marlins,statsapi,False
mlbam-573204,Caleb Thielbar,2025,MLB,Chicago Cubs,pitcher,38.0,58.0,67.0,0.0,0.2545454545454545,0.06363636363636363,0.06666666666666667,2.64,2.9620689655172416,110.0,110.0,2.64,2.64,Chicago Cubs,statsapi,False
mlbam-668674,Lucas Erceg,2025,MLB,Kansas City Royals,pitcher,30.0,61.333333333333336,61.0,0.0,0.1927710843373494,0.08433734939759036,0.06557377049180328,2.64,3.458695652173913,124.5,124.5,2.64,2.64,Kansas City Royals,statsapi,False
mlbam-682790,Wikelman González,2025,MLB,Chicago White Sox,pitcher,23.0,20.333333333333332,16.0,0.0,0.28735632183908044,0.13793103448275862,0.038461538461538464,2.66,3.050819672131148,43.5,43.5,2.66,2.66,Chicago White Sox,statsapi,False
mlbam-669203,Corbin Burnes,2025,MLB,Arizona Diamondbacks,pitcher,31.0,64.33333333333333,11.0,11.0,0.23773584905660378,0.1018867924528302,0.1206896551724138,2.66,3.908290155440415,132.5,132.5,2.66,2.66,Arizona Diamondbacks,statsapi,False
mlbam-688158,David Morgan,2025,MLB,San Diego Padres,pitcher,26.0,47.333333333333336,41.0,2.0,0.25906735751295334,0.12435233160621761,0.09090909090909091,2.66,3.6704225352112676,96.5,96.5,2.66,2.66,San Diego Padres,statsapi,False
mlbam-690990,Cade Horton,2025,MLB,Chicago Cubs,pitcher,24.0,118.0,23.0,22.0,0.20378151260504201,0.06932773109243698,0.07042253521126761,2.67,3.5491525423728816,238.0,238.0,2.67,2.67,Chicago Cubs,statsapi,False
mlbam-680755,Braydon Fisher,2025,MLB,Toronto Blue Jays,pitcher,25.0,50.0,52.0,1.0,0.3069306930693069,0.09900990099009901,0.07142857142857142,2.7,2.98,101.0,101.0,2.7,2.7,Toronto Blue Jays,statsapi,False
mlbam-642547,Freddy Peralta,2025,MLB,Milwaukee Brewers,pitcher,29.0,176.66666666666666,33.0,33.0,0.2821576763485477,0.0912863070539419,0.10144927536231885,2.7,3.609433962264151,361.5,361.5,2.7,2.7,Milwaukee Brewers,statsapi,False
mlbam-596112,Robert Stephenson,2025,MLB,Los Angeles Angels,pitcher,32.0,10.0,12.0,0.0,0.23809523809523808,0.09523809523809523,0.07142857142857142,2.7,3.6,21.0,21.0,2.7,2.7,Los Angeles Angels,statsapi,False
mlbam-554430,Zack Wheeler,2025,MLB,Philadelphia Phillies,pitcher,35.0,149.66666666666666,24.0,24.0,0.3333333333333333,0.05641025641025641,0.13380281690140844,2.71,2.9663697104677063,292.5,292.5,2.71,2.71,Philadelphia Phillies,statsapi,False
mlbam-677952,Braxton Ashcraft,2025,MLB,Pittsburgh Pirates,pitcher,26.0,69.66666666666667,26.0,8.0,0.24315068493150685,0.08561643835616438,0.05084745762711865,2.71,2.741148325358852,146.0,146.0,2.71,2.71,Pittsburgh Pirates,statsapi,False
mlbam-800048,Parker Messick,2025,MLB,Cleveland Guardians,pitcher,25.0,39.666666666666664,7.0,7.0,0.23030303030303031,0.03636363636363636,0.0975609756097561,2.72,2.9487394957983195,82.5,82.5,2.72,2.72,Cleveland Guardians,statsapi,False
mlbam-656794,Sean Newcomb,2025,MLB,Athletics,pitcher,32.0,92.33333333333333,48.0,5.0,0.23273657289002558,0.08439897698209718,0.05434782608695652,2.73,3.0025270758122744,195.5,195.5,2.73,2.73,Athletics,statsapi,False
mlbam-641154,Pablo López,2025,MLB,Minnesota Twins,pitcher,29.0,75.66666666666667,14.0,14.0,0.23397435897435898,0.0641025641025641,0.06741573033707865,2.74,3.152863436123348,156.0,156.0,2.74,2.74,Minnesota Twins,statsapi,False
mlbam-571946,Shelby Miller,2025,MLB,Milwaukee Brewers,pitcher,35.0,46.0,48.0,0.0,0.2903225806451613,0.10215053763440861,0.08771929824561403,2.74,3.4043478260869566,93.0,93.0,2.74,2.74,Milwaukee Brewers,statsapi,False
mlbam-621381,Matt Strahm,2025,MLB,Philadelphia Phillies,pitcher,34.0,62.333333333333336,66.0,0.0,0.2734375,0.08203125,0.052083333333333336,2.74,2.955614973262032,128.0,128.0,2.74,2.74,Philadelphia Phillies,statsapi,False
mlbam-668881,Hunter Greene,2025,MLB,Cincinnati Reds,pitcher,26.0,107.66666666666667,19.0,19.0,0.3142857142857143,0.06190476190476191,0.11278195488721804,2.76,3.2393188854489163,210.0,210.0,2.76,2.76,Cincinnati Reds,statsapi,False
mlbam-675512,Troy Melton,2025,MLB,Detroit Tigers,pitcher,25.0,45.666666666666664,16.0,4.0,0.2,0.08333333333333333,0.11864406779661017,2.76,4.567153284671533,90.0,90.0,2.76,2.76,Detroit Tigers,statsapi,False
mlbam-656876,Drew Rasmussen,2025,MLB,Tampa Bay Rays,pitcher,30.0,150.0,31.0,31.0,0.2170940170940171,0.06495726495726496,0.11688311688311688,2.76,3.8066666666666666,292.5,292.5,2.76,2.76,Tampa Bay Rays,statsapi,False
mlbam-643361,Kevin Herget,2025,MLB,New York Mets,pitcher,34.0,13.0,7.0,0.0,0.10714285714285714,0.08928571428571429,0.0,2.77,3.330769230769231,28.0,28.0,2.77,2.77,New York Mets,statsapi,False
mlbam-687911,Bryan King,2025,MLB,Houston Astros,pitcher,29.0,68.0,68.0,0.0,0.2509090909090909,0.04,0.11904761904761904,2.78,3.6441176470588235,137.5,137.5,2.78,2.78,Houston Astros,statsapi,False
mlbam-663969,Tyler Phillips,2025,MLB,Miami Marlins,pitcher,28.0,77.66666666666667,54.0,1.0,0.16613418530351437,0.07667731629392971,0.11267605633802817,2.78,4.104291845493562,156.5,156.5,2.78,2.78,Miami Marlins,statsapi,False
mlbam-664208,Phil Maton,2025,MLB,Texas Rangers,pitcher,32.0,61.333333333333336,63.0,0.0,0.32661290322580644,0.10080645161290322,0.05555555555555555,2.79,2.5619565217391305,124.0,124.0,2.79,2.79,Texas Rangers,statsapi,False
mlbam-669711,Greg Weissert,2025,MLB,Boston Red Sox,pitcher,30.0,67.0,72.0,0.0,0.20503597122302158,0.07913669064748201,0.07142857142857142,2.82,3.637313432835821,139.0,139.0,2.82,2.82,Boston Red Sox,statsapi,False
mlbam-686218,Emmet Sheehan,2025,MLB,Los Angeles Dodgers,pitcher,26.0,73.33333333333333,15.0,12.0,0.30584192439862545,0.07560137457044673,0.07777777777777778,2.82,2.8954545454545455,145.5,145.5,2.82,2.82,Los Angeles Dodgers,statsapi,False
mlbam-664126,Pete Fairbanks,2025,MLB,Tampa Bay Rays,pitcher,32.0,60.333333333333336,61.0,0.0,0.24180327868852458,0.07377049180327869,0.1111111111111111,2.83,3.5972375690607734,122.0,122.0,2.83,2.83,Tampa Bay Rays,statsapi,False
mlbam-656641,Jacob Latz,2025,MLB,Texas Rangers,pitcher,29.0,85.66666666666667,33.0,8.0,0.21839080459770116,0.11206896551724138,0.0660377358490566,2.84,3.6836575875486384,174.0,174.0,2.84,2.84,Texas Rangers,statsapi,False
mlbam-656986,Bennett Sousa,2025,MLB,Houston Astros,pitcher,30.0,50.666666666666664,44.0,0.0,0.2964824120603015,0.07537688442211055,0.07692307692307693,2.84,2.685526315789474,99.5,99.5,2.84,2.84,Houston Astros,statsapi,False
mlbam-608331,Max Fried,2025,MLB,New York Yankees,pitcher,31.0,195.33333333333334,32.0,32.0,0.23595505617977527,0.06367041198501873,0.08,2.86,3.0334470989761093,400.5,400.5,2.86,2.86,New York Yankees,statsapi,False
mlbam-657649,Jared Koenig,2025,MLB,Milwaukee Brewers,pitcher,31.0,66.0,72.0,0.0,0.2537313432835821,0.07835820895522388,0.08571428571428572,2.86,3.312121212121212,134.0,134.0,2.86,2.86,Milwaukee Brewers,statsapi,False
mlbam-671096,Andrew Abbott,2025,MLB,Cincinnati Reds,pitcher,26.0,166.33333333333334,29.0,29.0,0.21783625730994152,0.06286549707602339,0.07661290322580645,2.87,3.623046092184369,342.0,342.0,2.87,2.87,Cincinnati Reds,statsapi,False
mlbam-660271,Shohei Ohtani,2025,MLB,Los Angeles Dodgers,pitcher,31.0,47.0,14.0,14.0,0.32978723404255317,0.047872340425531915,0.075,2.87,1.8659574468085107,94.0,94.0,2.87,2.87,Los Angeles Dodgers,statsapi,False
mlbam-601713,Nick Pivetta,2025,MLB,San Diego Padres,pitcher,32.0,181.66666666666666,31.0,31.0,0.2635228848821082,0.07073509015256588,0.09361702127659574,2.87,3.4577981651376146,360.5,360.5,2.87,2.87,San Diego Padres,statsapi,False
mlbam-694462,Hurston Waldrep,2025,MLB,Atlanta Braves,pitcher,23.0,56.333333333333336,10.0,9.0,0.24017467248908297,0.10043668122270742,0.06382978723404255,2.88,3.1710059171597633,114.5,114.5,2.88,2.88,Atlanta Braves,statsapi,False
mlbam-683175,Connor Phillips,2025,MLB,Cincinnati Reds,pitcher,24.0,25.0,21.0,0.0,0.32653061224489793,0.12244897959183673,0.10344827586206896,2.88,3.7800000000000002,49.0,49.0,2.88,2.88,Cincinnati Reds,statsapi,False
mlbam-641941,Emilio Pagán,2025,MLB,Cincinnati Reds,pitcher,34.0,68.66666666666667,70.0,0.0,0.3,0.08148148148148149,0.10204081632653061,2.88,3.6825242718446605,135.0,135.0,2.88,2.88,Cincinnati Reds,statsapi,False
mlbam-694037,Daniel Palencia,2025,MLB,Chicago Cubs,pitcher,25.0,52.666666666666664,54.0,0.0,0.2837209302325581,0.07906976744186046,0.08928571428571429,2.91,3.0430379746835445,107.5,107.5,2.91,2.91,Chicago Cubs,statsapi,False
mlbam-669330,Tyler Wells,2025,MLB,Baltimore Orioles,pitcher,31.0,21.666666666666668,4.0,4.0,0.21951219512195122,0.024390243902439025,0.12121212121212122,2.91,4.115384615384615,41.0,41.0,2.91,2.91,Baltimore Orioles,statsapi,False
mlbam-671922,Cade Smith,2025,MLB,Cleveland Guardians,pitcher,26.0,73.66666666666667,76.0,0.0,0.3466666666666667,0.07333333333333333,0.05555555555555555,2.93,1.919004524886878,150.0,150.0,2.93,2.93,Cleveland Guardians,statsapi,False
mlbam-693433,Bryan Woo,2025,MLB,Seattle Mariners,pitcher,25.0,186.66666666666666,30.0,30.0,0.2708618331053352,0.049247606019151846,0.11981566820276497,2.94,3.4321428571428574,365.5,365.5,2.94,2.94,Seattle Mariners,statsapi,False
mlbam-676263,Jack Dreyer,2025,MLB,Los Angeles Dodgers,pitcher,26.0,76.33333333333333,67.0,5.0,0.24104234527687296,0.09446254071661238,0.043010752688172046,2.95,2.7855895196506553,153.5,153.5,2.95,2.95,Los Angeles Dodgers,statsapi,False
mlbam-676395,Robert Garcia,2025,MLB,Texas Rangers,pitcher,29.0,64.0,71.0,0.0,0.2527881040892193,0.08921933085501858,0.1095890410958904,2.95,3.678125,134.5,134.5,2.95,2.95,Texas Rangers,statsapi,False
mlbam-693645,Cam Schlittler,2025,MLB,New York Yankees,pitcher,24.0,73.0,14.0,14.0,0.27631578947368424,0.10197368421052631,0.09523809523809523,2.96,3.7027397260273975,152.0,152.0,2.96,2.96,New York Yankees,statsapi,False
mlbam-596001,Jakob Junis,2025,MLB,Cleveland Guardians,pitcher,33.0,66.66666666666667,57.0,0.0,0.20072992700729927,0.072992700729927,0.06756756756756757,2.97,3.415,137.0,137.0,2.97,2.97,Cleveland Guardians,statsapi,False
mlbam-594798,Jacob deGrom,2025,MLB,Texas Rangers,pitcher,37.0,172.66666666666666,30.0,30.0,0.2765321375186846,0.05530642750373692,0.12380952380952381,2.97,3.6096525096525096,334.5,334.5,2.97,2.97,Texas Rangers,statsapi,False
mlbam-663158,Robert Suarez,2025,MLB,San Diego Padres,pitcher,34.0,69.66666666666667,70.0,0.0,0.2788104089219331,0.06691449814126393,0.07228915662650602,2.97,2.8416267942583735,134.5,134.5,2.97,2.97,San Diego Padres,statsapi,False
mlbam-686973,Louis Varland,2025,MLB,Toronto Blue Jays,pitcher,28.0,72.66666666666667,74.0,1.0,0.2533783783783784,0.0777027027027027,0.1111111111111111,2.97,3.1,148.0,148.0,2.97,2.97,Toronto Blue Jays,statsapi,False
mlbam-455119,Chris Martin,2025,MLB,Texas Rangers,pitcher,39.0,42.333333333333336,49.0,0.0,0.2471264367816092,0.06321839080459771,0.1276595744680851,2.98,3.5488188976377955,87.0,87.0,2.98,2.98,Texas Rangers,statsapi,False
mlbam-702070,Noah Cameron,2025,MLB,Kansas City Royals,pitcher,26.0,138.33333333333334,24.0,24.0,0.20503597122302158,0.07913669064748201,0.10588235294117647,2.99,4.1409638554216865,278.0,278.0,2.99,2.99,Kansas City Royals,statsapi,False
mlbam-686654,Ty Adcock,2025,MLB,New York Mets,pitcher,28.0,3.0,3.0,0.0,0.35714285714285715,0.14285714285714285,0.2,3.0,6.1,7.0,7.0,3.0,3.0,New York Mets,statsapi,False
mlbam-669724,Brenan Hanifee,2025,MLB,Detroit Tigers,pitcher,27.0,60.0,54.0,0.0,0.15384615384615385,0.06153846153846154,0.05454545454545454,3.0,3.216666666666667,130.0,130.0,3.0,3.0,Detroit Tigers,statsapi,False
mlbam-686753,Drey Jameson,2025,MLB,Arizona Diamondbacks,pitcher,28.0,3.0,3.0,0.0,0.0,0.23076923076923078,0.0,3.0,6.1,6.5,6.5,3.0,3.0,Arizona Diamondbacks,statsapi,False
mlbam-686676,Korey Lee,2025,MLB,Chicago White Sox,pitcher,27.0,3.0,2.0,0.0,0.0,0.14285714285714285,0.0,3.0,5.1,7.0,7.0,3.0,3.0,Chicago White Sox,statsapi,False
mlbam-687074,Tyler Owens,2025,MLB,Detroit Tigers,pitcher,24.0,3.0,3.0,0.0,0.06666666666666667,0.2,0.0,3.0,5.433333333333334,7.5,7.5,3.0,3.0,Detroit Tigers,statsapi,False
mlbam-657097,Jacob Webb,2025,MLB,Texas Rangers,pitcher,32.0,66.0,55.0,0.0,0.21722846441947566,0.07865168539325842,0.10526315789473684,3.0,4.266666666666667,133.5,133.5,3.0,3.0,Texas Rangers,statsapi,False
mlbam-663897,Luke Williams,2025,MLB,Atlanta Braves,pitcher,29.0,6.0,6.0,0.0,0.16,0.04,0.09090909090909091,3.0,4.433333333333334,12.5,12.5,3.0,3.0,Atlanta Braves,statsapi,False
mlbam-691094,Randy Wynne,2025,MLB,Cincinnati Reds,pitcher,32.0,3.0,1.0,0.0,0.23076923076923078,0.07692307692307693,0.2,3.0,6.433333333333334,6.5,6.5,3.0,3.0,Cincinnati Reds,statsapi,False
mlbam-595345,Steven Okert,2025,MLB,Houston Astros,pitcher,34.0,71.66666666666667,68.0,1.0,0.30434782608695654,0.07246376811594203,0.06060606060606061,3.01,2.7232558139534886,138.0,138.0,3.01,3.01,Houston Astros,statsapi,False
mlbam-676684,Will Vest,2025,MLB,Detroit Tigers,pitcher,30.0,68.66666666666667,64.0,0.0,0.2640845070422535,0.08098591549295775,0.0784313725490196,3.01,2.6776699029126214,142.0,142.0,3.01,3.01,Detroit Tigers,statsapi,False
mlbam-681911,Alex Vesia,2025,MLB,Los Angeles Dodgers,pitcher,29.0,59.666666666666664,68.0,0.0,0.33755274261603374,0.10548523206751055,0.1232876712328767,3.02,3.7368715083798882,118.5,118.5,3.02,3.02,Los Angeles Dodgers,statsapi,False
mlbam-673540,Kodai Senga,2025,MLB,New York Mets,pitcher,32.0,113.33333333333333,22.0,22.0,0.22614107883817428,0.11410788381742738,0.10714285714285714,3.02,4.088235294117647,241.0,241.0,3.02,3.02,New York Mets,statsapi,False
mlbam-680767,Victor Vodnik,2025,MLB,Colorado Rockies,pitcher,26.0,50.666666666666664,52.0,0.0,0.22790697674418606,0.13023255813953488,0.1,3.02,3.7315789473684213,107.5,107.5,3.02,3.02,Colorado Rockies,statsapi,False
mlbam-679358,Eric Orze,2025,MLB,Tampa Bay Rays,pitcher,28.0,41.666666666666664,33.0,0.0,0.2247191011235955,0.11235955056179775,0.0784313725490196,3.02,4.0120000000000005,89.0,89.0,3.02,3.02,Tampa Bay Rays,statsapi,False
mlbam-663893,Brendon Little,2025,MLB,Toronto Blue Jays,pitcher,29.0,68.33333333333333,79.0,0.0,0.30847457627118646,0.16610169491525423,0.05405405405405406,3.03,2.8804878048780487,147.5,147.5,3.03,3.03,Toronto Blue Jays,statsapi,False
mlbam-572955,Pierce Johnson,2025,MLB,Atlanta Braves,pitcher,34.0,59.0,65.0,0.0,0.24789915966386555,0.08823529411764706,0.10126582278481013,3.05,3.8796610169491528,119.0,119.0,3.05,3.05,Atlanta Braves,statsapi,False
mlbam-571927,Steven Matz,2025,MLB,Boston Red Sox,pitcher,34.0,76.66666666666667,53.0,2.0,0.19093851132686085,0.03559870550161812,0.08888888888888889,3.05,3.4260869565217393,154.5,154.5,3.05,3.05,Boston Red Sox,statsapi,False
mlbam-663738,Daniel Lynch IV,2025,MLB,Kansas City Royals,pitcher,29.0,67.66666666666667,57.0,2.0,0.15570934256055363,0.09342560553633218,0.10526315789473684,3.06,4.725615763546798,144.5,144.5,3.06,3.06,Kansas City Royals,statsapi,False
mlbam-668909,Gavin Williams,2025,MLB,Cleveland Guardians,pitcher,26.0,167.66666666666666,31.0,31.0,0.24573863636363635,0.11789772727272728,0.13068181818181818,3.06,4.35844930417495,352.0,352.0,3.06,3.06,Cleveland Guardians,statsapi,False
mlbam-681517,Kyle Leahy,2025,MLB,St. Louis Cardinals,pitcher,28.0,88.0,62.0,1.0,0.22038567493112948,0.07988980716253444,0.056818181818181816,3.07,3.0090909090909093,181.5,181.5,3.07,3.07,St. Louis Cardinals,statsapi,False
mlbam-621383,Tanner Banks,2025,MLB,Philadelphia Phillies,pitcher,34.0,67.33333333333333,69.0,1.0,0.22846441947565543,0.04868913857677903,0.10975609756097561,3.07,3.604950495049505,133.5,133.5,3.07,3.07,Philadelphia Phillies,statsapi,False
mlbam-684320,Yariel Rodríguez,2025,MLB,Toronto Blue Jays,pitcher,28.0,73.0,66.0,1.0,0.2214765100671141,0.12416107382550336,0.09523809523809523,3.08,4.36027397260274,149.0,149.0,3.08,3.08,Toronto Blue Jays,statsapi,False
mlbam-607074,Carlos Rodón,2025,MLB,New York Yankees,pitcher,33.0,195.33333333333334,33.0,33.0,0.2572877059569075,0.09252217997465145,0.10138248847926268,3.09,3.7450511945392493,394.5,394.5,3.09,3.09,New York Yankees,statsapi,False
mlbam-657612,Tim Hill,2025,MLB,New York Yankees,pitcher,35.0,67.0,70.0,0.0,0.137546468401487,0.07063197026022305,0.14035087719298245,3.09,4.264179104477612,134.5,134.5,3.09,3.09,New York Yankees,statsapi,False
mlbam-680885,Spencer Schwellenbach,2025,MLB,Atlanta Braves,pitcher,25.0,110.66666666666667,17.0,17.0,0.2488479262672811,0.04377880184331797,0.12149532710280374,3.09,3.2174698795180725,217.0,217.0,3.09,3.09,Atlanta Braves,statsapi,False
mlbam-623167,Chris Flexen,2025,MLB,Chicago Cubs,pitcher,31.0,43.666666666666664,21.0,1.0,0.12359550561797752,0.06741573033707865,0.0958904109589041,3.09,5.000763358778626,89.0,89.0,3.09,3.09,Chicago Cubs,statsapi,False
mlbam-683769,Hunter Gaddis,2025,MLB,Cleveland Guardians,pitcher,27.0,66.66666666666667,73.0,0.0,0.2664233576642336,0.08394160583941605,0.10256410256410256,3.11,3.46,137.0,137.0,3.11,3.11,Cleveland Guardians,statsapi,False
mlbam-669684,Chris Murphy,2025,MLB,Boston Red Sox,pitcher,27.0,34.666666666666664,23.0,0.0,0.20270270270270271,0.14189189189189189,0.12121212121212122,3.12,5.032692307692308,74.0,74.0,3.12,3.12,Boston Red Sox,statsapi,False
mlbam-687396,Brent Headrick,2025,MLB,New York Yankees,pitcher,28.0,23.0,17.0,0.0,0.32608695652173914,0.08695652173913043,0.13793103448275862,3.13,3.7956521739130435,46.0,46.0,3.13,3.13,New York Yankees,statsapi,False
mlbam-657514,Brennan Bernardino,2025,MLB,Boston Red Sox,pitcher,33.0,51.666666666666664,55.0,3.0,0.19196428571428573,0.13839285714285715,0.019230769230769232,3.14,3.370967741935484,112.0,112.0,3.14,3.14,Boston Red Sox,statsapi,False
mlbam-593974,Wandy Peralta,2025,MLB,San Diego Padres,pitcher,34.0,71.66666666666667,71.0,1.0,0.2012779552715655,0.10543130990415335,0.08771929824561403,3.14,3.588372093023256,156.5,156.5,3.14,3.14,San Diego Padres,statsapi,False
mlbam-806960,Luis Morales,2025,MLB,Athletics,pitcher,23.0,48.666666666666664,10.0,9.0,0.21608040201005024,0.09045226130653267,0.11594202898550725,3.14,4.641095890410959,99.5,99.5,3.14,3.14,Athletics,statsapi,False
mlbam-670329,Rico Garcia,2025,MLB,Baltimore Orioles,pitcher,31.0,34.333333333333336,29.0,1.0,0.2676056338028169,0.07746478873239436,0.1388888888888889,3.15,3.653398058252427,71.0,71.0,3.15,3.15,Baltimore Orioles,statsapi,False
mlbam-681857,Reese Olson,2025,MLB,Detroit Tigers,pitcher,26.0,68.66666666666667,13.0,13.0,0.22807017543859648,0.09473684210526316,0.06756756756756757,3.15,3.4640776699029128,142.5,142.5,3.15,3.15,Detroit Tigers,statsapi,False
mlbam-622554,Seranthony Domínguez,2025,MLB,Toronto Blue Jays,pitcher,31.0,62.666666666666664,67.0,0.0,0.30268199233716475,0.14559386973180077,0.0847457627118644,3.16,3.4351063829787236,130.5,130.5,3.16,3.16,Toronto Blue Jays,statsapi,False
mlbam-688107,Robert Gasser,2025,MLB,Milwaukee Brewers,pitcher,26.0,5.666666666666667,2.0,2.0,0.1724137931034483,0.13793103448275862,0.1,3.18,6.805882352941176,14.5,14.5,3.18,3.18,Milwaukee Brewers,statsapi,False
mlbam-547184,Michael Kelly,2025,MLB,Athletics,pitcher,33.0,39.666666666666664,42.0,0.0,0.1746987951807229,0.13253012048192772,0.09803921568627451,3.18,4.789075630252101,83.0,83.0,3.18,3.18,Athletics,statsapi,False
mlbam-641778,Eric Lauer,2025,MLB,Toronto Blue Jays,pitcher,30.0,104.66666666666667,28.0,15.0,0.23943661971830985,0.06338028169014084,0.09615384615384616,3.18,3.81656050955414,213.0,213.0,3.18,3.18,Toronto Blue Jays,statsapi,False
mlbam-607455,Anthony Banda,2025,MLB,Los Angeles Dodgers,pitcher,32.0,65.0,71.0,1.0,0.22761194029850745,0.14925373134328357,0.0963855421686747,3.18,4.484615384615385,134.0,134.0,3.18,3.18,Los Angeles Dodgers,statsapi,False
mlbam-686993,Justin Sterner,2025,MLB,Athletics,pitcher,29.0,65.0,59.0,1.0,0.2631578947368421,0.08646616541353383,0.1111111111111111,3.18,4.2384615384615385,133.0,133.0,3.18,3.18,Athletics,statsapi,False
mlbam-607192,Tyler Glasnow,2025,MLB,Los Angeles Dodgers,pitcher,32.0,90.33333333333333,18.0,18.0,0.2896174863387978,0.11748633879781421,0.11235955056179775,3.19,3.7199261992619927,183.0,183.0,3.19,3.19,Los Angeles Dodgers,statsapi,False
mlbam-665660,Elvis Alvarado,2025,MLB,Athletics,pitcher,26.0,42.333333333333336,37.0,0.0,0.273224043715847,0.12568306010928962,0.11764705882352941,3.19,4.281102362204725,91.5,91.5,3.19,3.19,Athletics,statsapi,False
mlbam-657424,Matt Gage,2025,MLB,San Francisco Giants,pitcher,32.0,31.0,33.0,2.0,0.19708029197080293,0.0948905109489051,0.0,3.19,2.7129032258064516,68.5,68.5,3.19,3.19,San Francisco Giants,statsapi,False
mlbam-663687,Hogan Harris,2025,MLB,Athletics,pitcher,29.0,64.66666666666667,48.0,0.0,0.23465703971119134,0.13357400722021662,0.06097560975609756,3.2,3.6721649484536085,138.5,138.5,3.2,3.2,Athletics,statsapi,False
mlbam-605540,Brandon Woodruff,2025,MLB,Milwaukee Brewers,pitcher,32.0,64.66666666666667,12.0,12.0,0.3229571984435798,0.054474708171206226,0.10975609756097561,3.2,3.1309278350515464,128.5,128.5,3.2,3.2,Milwaukee Brewers,statsapi,False
mlbam-624133,Ranger Suarez,2025,MLB,Philadelphia Phillies,pitcher,30.0,157.33333333333334,26.0,26.0,0.23195084485407066,0.05837173579109063,0.08433734939759036,3.2,3.176271186440678,325.5,325.5,3.2,3.2,Philadelphia Phillies,statsapi,False
mlbam-571510,Matthew Boyd,2025,MLB,Chicago Cubs,pitcher,34.0,179.66666666666666,31.0,31.0,0.21448467966573817,0.0584958217270195,0.0811965811965812,3.21,3.6120593692022265,359.0,359.0,3.21,3.21,Chicago Cubs,statsapi,False
mlbam-628452,Raisel Iglesias,2025,MLB,Atlanta Braves,pitcher,35.0,67.33333333333333,70.0,0.0,0.2744360902255639,0.06766917293233082,0.08695652173913043,3.21,3.2782178217821785,133.0,133.0,3.21,3.21,Atlanta Braves,statsapi,False
mlbam-676282,Joey Cantillo,2025,MLB,Cleveland Guardians,pitcher,26.0,95.33333333333333,34.0,13.0,0.26932668329177056,0.10473815461346633,0.09615384615384616,3.21,3.5195804195804197,200.5,200.5,3.21,3.21,Cleveland Guardians,statsapi,False
mlbam-681882,Colin Selby,2025,MLB,Baltimore Orioles,pitcher,28.0,14.0,11.0,0.0,0.23333333333333334,0.03333333333333333,0.14285714285714285,3.21,3.3857142857142857,30.0,30.0,3.21,3.21,Baltimore Orioles,statsapi,False
mlbam-702056,Trey Yesavage,2025,MLB,Toronto Blue Jays,pitcher,22.0,14.0,3.0,3.0,0.25806451612903225,0.11290322580645161,0.0,3.21,2.3142857142857145,31.0,31.0,3.21,3.21,Toronto Blue Jays,statsapi,False
mlbam-657277,Logan Webb,2025,MLB,San Francisco Giants,pitcher,29.0,207.0,34.0,34.0,0.2616822429906542,0.053738317757009345,0.0979020979020979,3.22,2.568599033816425,428.0,428.0,3.22,3.22,San Francisco Giants,statsapi,False
mlbam-594902,Ben Lively,2025,MLB,Cleveland Guardians,pitcher,33.0,44.666666666666664,9.0,9.0,0.16292134831460675,0.08426966292134831,0.08450704225352113,3.22,4.5552238805970156,89.0,89.0,3.22,3.22,Cleveland Guardians,statsapi,False
mlbam-681982,Grant Anderson,2025,MLB,Milwaukee Brewers,pitcher,28.0,69.66666666666667,66.0,0.0,0.24749163879598662,0.10702341137123746,0.1,3.23,3.803349282296651,149.5,149.5,3.23,3.23,Milwaukee Brewers,statsapi,False
mlbam-661403,Emmanuel Clase,2025,MLB,Cleveland Guardians,pitcher,27.0,47.333333333333336,48.0,0.0,0.23383084577114427,0.06965174129353234,0.041666666666666664,3.23,2.6774647887323946,100.5,100.5,3.23,3.23,Cleveland Guardians,statsapi,False
mlbam-664294,Dauri Moreta,2025,MLB,Pittsburgh Pirates,pitcher,29.0,16.666666666666668,18.0,0.0,0.27941176470588236,0.11764705882352941,0.09523809523809523,3.24,3.64,34.0,34.0,3.24,3.24,Pittsburgh Pirates,statsapi,False
mlbam-664199,Taylor Clarke,2025,MLB,Kansas City Royals,pitcher,32.0,55.333333333333336,51.0,0.0,0.21359223300970873,0.043689320388349516,0.12307692307692308,3.25,3.9313253012048195,103.0,103.0,3.25,3.25,Kansas City Royals,statsapi,False
mlbam-519326,Hunter Strickland,2025,MLB,Los Angeles Angels,pitcher,37.0,22.0,19.0,0.0,0.15384615384615385,0.13186813186813187,0.06060606060606061,3.27,4.372727272727273,45.5,45.5,3.27,3.27,Los Angeles Angels,statsapi,False
mlbam-660787,Yerry De los Santos,2025,MLB,New York Yankees,pitcher,28.0,35.666666666666664,25.0,0.0,0.175,0.10625,0.03333333333333333,3.28,3.4084112149532713,80.0,80.0,3.28,3.28,New York Yankees,statsapi,False
mlbam-676534,Calvin Faucher,2025,MLB,Miami Marlins,pitcher,30.0,60.333333333333336,65.0,0.0,0.23137254901960785,0.09411764705882353,0.12698412698412698,3.28,4.210497237569061,127.5,127.5,3.28,3.28,Miami Marlins,statsapi,False
mlbam-669276,Dylan Lee,2025,MLB,Atlanta Braves,pitcher,31.0,68.33333333333333,74.0,0.0,0.2857142857142857,0.05639097744360902,0.16455696202531644,3.29,3.963414634146342,133.0,133.0,3.29,3.29,Atlanta Braves,statsapi,False
mlbam-689147,Orion Kerkering,2025,MLB,Philadelphia Phillies,pitcher,24.0,60.0,69.0,0.0,0.24436090225563908,0.11278195488721804,0.08823529411764706,3.3,3.783333333333333,133.0,133.0,3.3,3.3,Philadelphia Phillies,statsapi,False
mlbam-605288,Adrian Houser,2025,MLB,Tampa Bay Rays,pitcher,32.0,125.0,21.0,21.0,0.1776061776061776,0.07335907335907337,0.08064516129032258,3.31,3.7720000000000002,259.0,259.0,3.31,3.31,Tampa Bay Rays,statsapi,False
mlbam-661563,Luis Gil,2025,MLB,New York Yankees,pitcher,27.0,57.0,11.0,11.0,0.1680327868852459,0.13524590163934427,0.05813953488372093,3.32,4.591228070175439,122.0,122.0,3.32,3.32,New York Yankees,statsapi,False
mlbam-682990,Quinn Priester,2025,MLB,Milwaukee Brewers,pitcher,25.0,157.33333333333334,29.0,24.0,0.20214395099540583,0.07656967840735068,0.12857142857142856,3.32,3.977118644067797,326.5,326.5,3.32,3.32,Milwaukee Brewers,statsapi,False
mlbam-657376,Clarke Schmidt,2025,MLB,New York Yankees,pitcher,29.0,78.66666666666667,14.0,14.0,0.2310126582278481,0.0949367088607595,0.08333333333333333,3.32,3.9135593220338984,158.0,158.0,3.32,3.32,New York Yankees,statsapi,False
mlbam-666157,Nick Lodolo,2025,MLB,Cincinnati Reds,pitcher,27.0,156.66666666666666,29.0,28.0,0.24299065420560748,0.04984423676012461,0.12429378531073447,3.33,3.776595744680851,321.0,321.0,3.33,3.33,Cincinnati Reds,statsapi,False
mlbam-678394,Brayan Bello,2025,MLB,Boston Red Sox,pitcher,26.0,166.66666666666666,29.0,28.0,0.17714285714285713,0.08428571428571428,0.09195402298850575,3.35,4.156000000000001,350.0,350.0,3.35,3.35,Boston Red Sox,statsapi,False
mlbam-458677,Justin Wilson,2025,MLB,Boston Red Sox,pitcher,38.0,48.333333333333336,61.0,0.0,0.2753623188405797,0.1111111111111111,0.07142857142857142,3.35,2.913793103448276,103.5,103.5,3.35,3.35,Boston Red Sox,statsapi,False
mlbam-687888,Brandon Walter,2025,MLB,Houston Astros,pitcher,29.0,53.666666666666664,9.0,9.0,0.24528301886792453,0.018867924528301886,0.15625,3.35,3.975776397515528,106.0,106.0,3.35,3.35,Houston Astros,statsapi,False
mlbam-477132,Clayton Kershaw,2025,MLB,Los Angeles Dodgers,pitcher,37.0,112.66666666666667,23.0,22.0,0.18142548596112312,0.0755939524838013,0.06349206349206349,3.36,3.5171597633136096,231.5,231.5,3.36,3.36,Los Angeles Dodgers,statsapi,False
mlbam-656271,Brock Burke,2025,MLB,Los Angeles Angels,pitcher,29.0,61.666666666666664,69.0,1.0,0.20233463035019456,0.08560311284046693,0.13114754098360656,3.36,4.121621621621622,128.5,128.5,3.36,3.36,Los Angeles Angels,statsapi,False
mlbam-802686,Hayden Harris,2025,MLB,Atlanta Braves,pitcher,26.0,2.6666666666666665,3.0,0.0,0.0,0.16666666666666666,0.0,3.38,5.35,6.0,6.0,3.38,3.38,Atlanta Braves,statsapi,False
mlbam-677955,Jaden Hill,2025,MLB,Colorado Rockies,pitcher,26.0,29.333333333333332,28.0,0.0,0.24031007751937986,0.09302325581395349,0.06666666666666667,3.38,3.4068181818181817,64.5,64.5,3.38,3.38,Colorado Rockies,statsapi,False
mlbam-663773,Bryan Hoeing,2025,MLB,San Diego Padres,pitcher,29.0,8.0,7.0,0.0,0.1388888888888889,0.08333333333333333,0.0,3.38,2.975,18.0,18.0,3.38,3.38,San Diego Padres,statsapi,False
mlbam-681432,Luke Little,2025,MLB,Chicago Cubs,pitcher,25.0,2.6666666666666665,2.0,0.0,0.26666666666666666,0.4,0.0,3.38,6.85,7.5,7.5,3.38,3.38,Chicago Cubs,statsapi,False
mlbam-640462,A.J. Puk,2025,MLB,Arizona Diamondbacks,pitcher,30.0,8.0,8.0,0.0,0.34285714285714286,0.05714285714285714,0.2222222222222222,3.38,4.475,17.5,17.5,3.38,3.38,Arizona Diamondbacks,statsapi,False
mlbam-573124,Taylor Rogers,2025,MLB,Chicago Cubs,pitcher,35.0,50.666666666666664,57.0,0.0,0.2398190045248869,0.11312217194570136,0.12962962962962962,3.38,4.343421052631579,110.5,110.5,3.38,3.38,Chicago Cubs,statsapi,False
mlbam-669194,Ryne Nelson,2025,MLB,Arizona Diamondbacks,pitcher,27.0,154.0,33.0,23.0,0.21324717285945072,0.06623586429725363,0.08717948717948718,3.39,3.6974025974025975,309.5,309.5,3.39,3.39,Arizona Diamondbacks,statsapi,False
mlbam-552640,Andrew Kittredge,2025,MLB,Chicago Cubs,pitcher,35.0,53.0,54.0,0.0,0.3076923076923077,0.057692307692307696,0.15217391304347827,3.4,3.0245283018867926,104.0,104.0,3.4,3.4,Chicago Cubs,statsapi,False
mlbam-663767,Chase Shugart,2025,MLB,Pittsburgh Pirates,pitcher,29.0,45.0,35.0,0.0,0.1712707182320442,0.10497237569060773,0.08823529411764706,3.4,4.655555555555556,90.5,90.5,3.4,3.4,Pittsburgh Pirates,statsapi,False
mlbam-678226,Daysbel Hernández,2025,MLB,Atlanta Braves,pitcher,29.0,37.0,39.0,0.0,0.20121951219512196,0.18902439024390244,0.06976744186046512,3.41,4.964864864864865,82.0,82.0,3.41,3.41,Atlanta Braves,statsapi,False
mlbam-669211,Keegan Akin,2025,MLB,Baltimore Orioles,pitcher,30.0,63.333333333333336,64.0,3.0,0.22014925373134328,0.13059701492537312,0.12195121951219512,3.41,4.9,134.0,134.0,3.41,3.41,Baltimore Orioles,statsapi,False
mlbam-608337,Lucas Giolito,2025,MLB,Boston Red Sox,pitcher,31.0,145.0,26.0,26.0,0.19738988580750408,0.09135399673735727,0.08808290155440414,3.41,4.13448275862069,306.5,306.5,3.41,3.41,Boston Red Sox,statsapi,False
mlbam-472610,Luis García,2025,MLB,Los Angeles Angels,pitcher,38.0,55.333333333333336,58.0,0.0,0.20600858369098712,0.13304721030042918,0.04878048780487805,3.42,3.244578313253012,116.5,116.5,3.42,3.42,Los Angeles Angels,statsapi,False
mlbam-621051,Steven Wilson,2025,MLB,Chicago White Sox,pitcher,31.0,55.333333333333336,59.0,0.0,0.21161825726141079,0.0995850622406639,0.07777777777777778,3.42,4.256626506024096,120.5,120.5,3.42,3.42,Chicago White Sox,statsapi,False
mlbam-657746,Joe Ryan,2025,MLB,Minnesota Twins,pitcher,29.0,171.0,31.0,30.0,0.28156748911465895,0.05660377358490566,0.12093023255813953,3.42,3.7023391812865496,344.5,344.5,3.42,3.42,Minnesota Twins,statsapi,False
mlbam-682825,Luis Mey,2025,MLB,Cincinnati Reds,pitcher,24.0,21.0,23.0,0.0,0.21875,0.17708333333333334,0.14285714285714285,3.43,5.5285714285714285,48.0,48.0,3.43,3.43,Cincinnati Reds,statsapi,False
mlbam-669302,Logan Gilbert,2025,MLB,Seattle Mariners,pitcher,28.0,131.0,25.0,25.0,0.3233644859813084,0.05794392523364486,0.1360544217687075,3.44,3.313740458015267,267.5,267.5,3.44,3.44,Seattle Mariners,statsapi,False
mlbam-650633,Michael King,2025,MLB,San Diego Padres,pitcher,30.0,73.33333333333333,15.0,15.0,0.24675324675324675,0.08441558441558442,0.12631578947368421,3.44,4.381818181818182,154.0,154.0,3.44,3.44,San Diego Padres,statsapi,False
mlbam-663399,Brandon Waddell,2025,MLB,New York Mets,pitcher,31.0,31.333333333333332,11.0,1.0,0.16417910447761194,0.08208955223880597,0.09302325581395349,3.45,4.504255319148936,67.0,67.0,3.45,3.45,New York Mets,statsapi,False
mlbam-669093,Jeremiah Estrada,2025,MLB,San Diego Padres,pitcher,27.0,73.0,77.0,0.0,0.35526315789473684,0.09539473684210527,0.15384615384615385,3.45,3.510958904109589,152.0,152.0,3.45,3.45,San Diego Padres,statsapi,False
mlbam-640448,Kyle Finnegan,2025,MLB,Detroit Tigers,pitcher,34.0,57.0,56.0,0.0,0.24017467248908297,0.08733624454148471,0.07017543859649122,3.47,3.0824561403508772,114.5,114.5,3.47,3.47,Detroit Tigers,statsapi,False
mlbam-669084,DL Hall,2025,MLB,Milwaukee Brewers,pitcher,27.0,38.666666666666664,20.0,3.0,0.17419354838709677,0.10967741935483871,0.038461538461538464,3.49,3.6948275862068964,77.5,77.5,3.49,3.49,Milwaukee Brewers,statsapi,False
mlbam-683232,Nick Mears,2025,MLB,Milwaukee Brewers,pitcher,29.0,56.666666666666664,63.0,0.0,0.2081447963800905,0.06334841628959276,0.08641975308641975,3.49,3.823529411764706,110.5,110.5,3.49,3.49,Milwaukee Brewers,statsapi,False
mlbam-681892,Kody Funderburk,2025,MLB,Minnesota Twins,pitcher,29.0,41.0,39.0,0.0,0.2185792349726776,0.10382513661202186,0.0625,3.51,3.3195121951219515,91.5,91.5,3.51,3.51,Minnesota Twins,statsapi,False
mlbam-663568,Stephen Kolek,2025,MLB,Kansas City Royals,pitcher,28.0,112.66666666666667,19.0,19.0,0.16702819956616052,0.06941431670281996,0.07627118644067797,3.51,3.783431952662722,230.5,230.5,3.51,3.51,Kansas City Royals,statsapi,False
mlbam-677651,Luis Garcia,2025,MLB,Houston Astros,pitcher,29.0,7.666666666666667,2.0,2.0,0.25,0.03571428571428571,0.15384615384615385,3.52,5.447826086956521,14.0,14.0,3.52,3.52,Houston Astros,statsapi,False
mlbam-518876,Merrill Kelly,2025,MLB,Texas Rangers,pitcher,37.0,184.0,32.0,32.0,0.2232620320855615,0.06417112299465241,0.10747663551401869,3.52,3.725,374.0,374.0,3.52,3.52,Texas Rangers,statsapi,False
mlbam-665795,Edward Cabrera,2025,MLB,Miami Marlins,pitcher,27.0,137.66666666666666,26.0,26.0,0.25817555938037867,0.08261617900172118,0.13076923076923078,3.53,3.7900726392251816,290.5,290.5,3.53,3.53,Miami Marlins,statsapi,False
mlbam-605280,Clay Holmes,2025,MLB,New York Mets,pitcher,32.0,165.66666666666666,33.0,31.0,0.18220338983050846,0.09322033898305085,0.09722222222222222,3.53,4.0718309859154935,354.0,354.0,3.53,3.53,New York Mets,statsapi,False
mlbam-694477,Chad Patrick,2025,MLB,Milwaukee Brewers,pitcher,27.0,119.66666666666667,27.0,23.0,0.2524850894632207,0.08151093439363817,0.087248322147651,3.53,3.492757660167131,251.5,251.5,3.53,3.53,Milwaukee Brewers,statsapi,False
mlbam-527048,Martín Pérez,2025,MLB,Chicago White Sox,pitcher,34.0,56.0,11.0,10.0,0.19298245614035087,0.09649122807017543,0.0821917808219178,3.54,4.207142857142857,114.0,114.0,3.54,3.54,Chicago White Sox,statsapi,False
mlbam-622491,Luis Castillo,2025,MLB,Seattle Mariners,pitcher,33.0,180.66666666666666,32.0,32.0,0.2174496644295302,0.06174496644295302,0.10454545454545454,3.54,3.8416974169741698,372.5,372.5,3.54,3.54,Seattle Mariners,statsapi,False
mlbam-669387,Carmen Mlodzinski,2025,MLB,Pittsburgh Pirates,pitcher,26.0,99.0,34.0,12.0,0.21241050119331742,0.06443914081145585,0.08080808080808081,3.55,3.291919191919192,209.5,209.5,3.55,3.55,Pittsburgh Pirates,statsapi,False
mlbam-668964,Tobias Myers,2025,MLB,Milwaukee Brewers,pitcher,27.0,50.666666666666664,22.0,6.0,0.17272727272727273,0.06818181818181818,0.0684931506849315,3.55,3.889473684210526,110.0,110.0,3.55,3.55,Milwaukee Brewers,statsapi,False
mlbam-518585,Fernando Cruz,2025,MLB,New York Yankees,pitcher,35.0,48.0,49.0,0.0,0.36,0.12,0.12195121951219512,3.56,3.1416666666666666,100.0,100.0,3.56,3.56,New York Yankees,statsapi,False
mlbam-681867,Cooper Criswell,2025,MLB,Boston Red Sox,pitcher,29.0,17.666666666666668,7.0,1.0,0.1125,0.0625,0.13636363636363635,3.57,5.137735849056604,40.0,40.0,3.57,3.57,Boston Red Sox,statsapi,False
mlbam-681895,Evan Sisk,2025,MLB,Pittsburgh Pirates,pitcher,28.0,17.666666666666668,19.0,0.0,0.3125,0.125,0.06666666666666667,3.57,3.043396226415094,40.0,40.0,3.57,3.57,Pittsburgh Pirates,statsapi,False
mlbam-669456,Shane Bieber,2025,MLB,Toronto Blue Jays,pitcher,30.0,40.333333333333336,7.0,7.0,0.23270440251572327,0.0440251572327044,0.18181818181818182,3.57,4.438842975206612,79.5,79.5,3.57,3.57,Toronto Blue Jays,statsapi,False
mlbam-670912,Johan Oviedo,2025,MLB,Pittsburgh Pirates,pitcher,27.0,40.333333333333336,9.0,9.0,0.24705882352941178,0.13529411764705881,0.10714285714285714,3.57,4.885123966942149,85.0,85.0,3.57,3.57,Pittsburgh Pirates,statsapi,False
mlbam-623211,Huascar Brazobán,2025,MLB,New York Mets,pitcher,36.0,63.0,52.0,3.0,0.21755725190839695,0.10687022900763359,0.09090909090909091,3.57,4.004761904761905,131.0,131.0,3.57,3.57,New York Mets,statsapi,False
mlbam-666808,Camilo Doval,2025,MLB,New York Yankees,pitcher,28.0,65.33333333333333,69.0,0.0,0.2589928057553957,0.12949640287769784,0.07692307692307693,3.58,3.4367346938775514,139.0,139.0,3.58,3.58,New York Yankees,statsapi,False
mlbam-657571,Caleb Ferguson,2025,MLB,Seattle Mariners,pitcher,29.0,65.33333333333333,70.0,0.0,0.18888888888888888,0.09259259259259259,0.03225806451612903,3.58,3.222448979591837,135.0,135.0,3.58,3.58,Seattle Mariners,statsapi,False
mlbam-592332,Kevin Gausman,2025,MLB,Toronto Blue Jays,pitcher,34.0,193.0,32.0,32.0,0.24387096774193548,0.06709677419354838,0.08502024291497975,3.59,3.37979274611399,387.5,387.5,3.59,3.59,Toronto Blue Jays,statsapi,False
mlbam-641343,Jake Bauers,2025,MLB,Milwaukee Brewers,pitcher,30.0,5.0,5.0,0.0,0.034482758620689655,0.10344827586206896,0.0,3.6,5.7,14.5,14.5,3.6,3.6,Milwaukee Brewers,statsapi,False
mlbam-689266,Dylan Dodd,2025,MLB,Atlanta Braves,pitcher,27.0,35.0,28.0,0.0,0.22058823529411764,0.03676470588235294,0.13157894736842105,3.6,3.757142857142857,68.0,68.0,3.6,3.6,Atlanta Braves,statsapi,False
mlbam-596133,Luke Weaver,2025,MLB,New York Yankees,pitcher,32.0,64.66666666666667,64.0,0.0,0.2748091603053435,0.08015267175572519,0.10204081632653061,3.62,3.8577319587628867,131.0,131.0,3.62,3.62,New York Yankees,statsapi,False
mlbam-693855,Ian Seymour,2025,MLB,Tampa Bay Rays,pitcher,27.0,57.0,19.0,5.0,0.2644628099173554,0.08264462809917356,0.07936507936507936,3.63,3.1526315789473687,121.0,121.0,3.63,3.63,Tampa Bay Rays,statsapi,False
mlbam-665871,Javier Assad,2025,MLB,Chicago Cubs,pitcher,28.0,37.0,8.0,7.0,0.1503267973856209,0.0784313725490196,0.07894736842105263,3.65,4.208108108108108,76.5,76.5,3.65,3.65,Chicago Cubs,statsapi,False
mlbam-668820,Max Kranick,2025,MLB,New York Mets,pitcher,28.0,37.0,24.0,0.0,0.16891891891891891,0.033783783783783786,0.09090909090909091,3.65,3.910810810810811,74.0,74.0,3.65,3.65,New York Mets,statsapi,False
mlbam-676571,PJ Poulin,2025,MLB,Washington Nationals,pitcher,29.0,24.666666666666668,28.0,0.0,0.24545454545454545,0.11818181818181818,0.07692307692307693,3.65,3.789189189189189,55.0,55.0,3.65,3.65,Washington Nationals,statsapi,False
mlbam-592662,Robbie Ray,2025,MLB,San Francisco Giants,pitcher,34.0,182.33333333333334,32.0,32.0,0.24635761589403973,0.09668874172185431,0.09606986899563319,3.65,3.8952468007312615,377.5,377.5,3.65,3.65,San Francisco Giants,statsapi,False
mlbam-686701,Ryan Bergert,2025,MLB,Kansas City Royals,pitcher,25.0,76.33333333333333,19.0,15.0,0.2260061919504644,0.11145510835913312,0.07339449541284404,3.66,3.964628820960699,161.5,161.5,3.66,3.66,Kansas City Royals,statsapi,False
mlbam-664285,Framber Valdez,2025,MLB,Houston Astros,pitcher,32.0,192.0,31.0,31.0,0.23316708229426433,0.08478802992518704,0.10948905109489052,3.66,3.3395833333333336,401.0,401.0,3.66,3.66,Houston Astros,statsapi,False
mlbam-663947,Tyler Holton,2025,MLB,Detroit Tigers,pitcher,29.0,78.66666666666667,70.0,6.0,0.20512820512820512,0.057692307692307696,0.16853932584269662,3.66,4.6,156.0,156.0,3.66,3.66,Detroit Tigers,statsapi,False
mlbam-592791,Jameson Taillon,2025,MLB,Chicago Cubs,pitcher,34.0,129.66666666666666,23.0,23.0,0.18882466281310212,0.05202312138728324,0.1218274111675127,3.68,4.619280205655527,259.5,259.5,3.68,3.68,Chicago Cubs,statsapi,False
mlbam-622503,Nabil Crismatt,2025,MLB,Arizona Diamondbacks,pitcher,31.0,34.0,8.0,5.0,0.16339869281045752,0.058823529411764705,0.14285714285714285,3.71,4.805882352941176,76.5,76.5,3.71,3.71,Arizona Diamondbacks,statsapi,False
mlbam-684007,Shota Imanaga,2025,MLB,Chicago Cubs,pitcher,32.0,144.66666666666666,25.0,25.0,0.20634920634920634,0.04585537918871252,0.1297071129707113,3.73,4.828110599078341,283.5,283.5,3.73,3.73,Chicago Cubs,statsapi,False
mlbam-674444,Steven Cruz,2025,MLB,Kansas City Royals,pitcher,26.0,45.666666666666664,47.0,0.0,0.20105820105820105,0.10052910052910052,0.08333333333333333,3.74,4.107299270072993,94.5,94.5,3.74,3.74,Kansas City Royals,statsapi,False
mlbam-664192,Joey Lucchesi,2025,MLB,San Francisco Giants,pitcher,32.0,38.333333333333336,38.0,0.0,0.18787878787878787,0.07878787878787878,0.1111111111111111,3.76,3.9347826086956523,82.5,82.5,3.76,3.76,San Francisco Giants,statsapi,False
mlbam-656222,Jalen Beeks,2025,MLB,Arizona Diamondbacks,pitcher,32.0,57.333333333333336,61.0,2.0,0.20346320346320346,0.09523809523809523,0.09230769230769231,3.77,3.9720930232558143,115.5,115.5,3.77,3.77,Arizona Diamondbacks,statsapi,False
mlbam-664141,JT Brubaker,2025,MLB,San Francisco Giants,pitcher,32.0,28.666666666666668,17.0,1.0,0.18803418803418803,0.1111111111111111,0.0,3.77,2.9255813953488374,58.5,58.5,3.77,3.77,San Francisco Giants,statsapi,False
mlbam-656288,Griffin Canning,2025,MLB,New York Mets,pitcher,29.0,76.33333333333333,16.0,16.0,0.21341463414634146,0.10670731707317073,0.1038961038961039,3.77,4.003930131004367,164.0,164.0,3.77,3.77,New York Mets,statsapi,False
mlbam-641835,Tim Mayza,2025,MLB,Philadelphia Phillies,pitcher,33.0,16.666666666666668,15.0,0.0,0.20270270270270271,0.06756756756756757,0.13333333333333333,3.78,4.12,37.0,37.0,3.78,3.78,Philadelphia Phillies,statsapi,False
mlbam-670955,Edwin Uceta,2025,MLB,Tampa Bay Rays,pitcher,27.0,76.0,70.0,0.0,0.32087227414330216,0.09345794392523364,0.13095238095238096,3.79,3.6526315789473687,160.5,160.5,3.79,3.79,Tampa Bay Rays,statsapi,False
mlbam-694738,Landen Roupp,2025,MLB,San Francisco Giants,pitcher,27.0,106.66666666666667,22.0,22.0,0.21428571428571427,0.09663865546218488,0.09565217391304348,3.8,3.878125,238.0,238.0,3.8,3.8,San Francisco Giants,statsapi,False
mlbam-670167,John Schreiber,2025,MLB,Kansas City Royals,pitcher,31.0,64.0,74.0,0.0,0.2339622641509434,0.07547169811320754,0.12658227848101267,3.8,4.13125,132.5,132.5,3.8,3.8,Kansas City Royals,statsapi,False
mlbam-621237,José Alvarado,2025,MLB,Philadelphia Phillies,pitcher,30.0,26.0,28.0,0.0,0.2807017543859649,0.06140350877192982,0.14285714285714285,3.81,3.5615384615384618,57.0,57.0,3.81,3.81,Philadelphia Phillies,statsapi,False
mlbam-641793,Zack Littell,2025,MLB,Cincinnati Reds,pitcher,30.0,186.66666666666666,32.0,32.0,0.1712779973649539,0.043478260869565216,0.13432835820895522,3.81,4.8410714285714285,379.5,379.5,3.81,3.81,Cincinnati Reds,statsapi,False
mlbam-607481,Aaron Bummer,2025,MLB,Atlanta Braves,pitcher,32.0,54.333333333333336,42.0,2.0,0.2170212765957447,0.08936170212765958,0.075,3.81,3.4865030674846627,117.5,117.5,3.81,3.81,Atlanta Braves,statsapi,False
mlbam-681343,Shane Smith,2025,MLB,Chicago White Sox,pitcher,25.0,146.33333333333334,29.0,29.0,0.2353896103896104,0.09577922077922078,0.09497206703910614,3.81,4.063553530751708,308.0,308.0,3.81,3.81,Chicago White Sox,statsapi,False
mlbam-669438,Mason Englert,2025,MLB,Tampa Bay Rays,pitcher,26.0,44.666666666666664,29.0,0.0,0.23783783783783785,0.05945945945945946,0.08,3.83,3.1,92.5,92.5,3.83,3.83,Tampa Bay Rays,statsapi,False
mlbam-681190,Randy Vásquez,2025,MLB,San Diego Padres,pitcher,27.0,133.66666666666666,28.0,26.0,0.1368421052631579,0.09298245614035087,0.08,3.84,4.813216957605985,285.0,285.0,3.84,3.84,San Diego Padres,statsapi,False
mlbam-571948,Hoby Milner,2025,MLB,Texas Rangers,pitcher,34.0,70.33333333333333,73.0,0.0,0.19795221843003413,0.08191126279863481,0.08333333333333333,3.84,3.355924170616114,146.5,146.5,3.84,3.84,Texas Rangers,statsapi,False
mlbam-434378,Justin Verlander,2025,MLB,San Francisco Giants,pitcher,42.0,152.0,29.0,29.0,0.20694864048338368,0.08006042296072508,0.07804878048780488,3.85,3.810526315789474,331.0,331.0,3.85,3.85,San Francisco Giants,statsapi,False
mlbam-680742,Jonathan Bowlan,2025,MLB,Kansas City Royals,pitcher,29.0,44.333333333333336,34.0,1.0,0.25555555555555554,0.09444444444444444,0.15384615384615385,3.86,3.9345864661654137,90.0,90.0,3.86,3.86,Kansas City Royals,statsapi,False
mlbam-687847,Marc Church,2025,MLB,Texas Rangers,pitcher,24.0,4.666666666666667,5.0,0.0,0.21739130434782608,0.2608695652173913,0.0,3.86,4.814285714285714,11.5,11.5,3.86,3.86,Texas Rangers,statsapi,False
mlbam-699911,Dugan Darnell,2025,MLB,Colorado Rockies,pitcher,28.0,11.666666666666666,9.0,0.0,0.10416666666666667,0.14583333333333334,0.07142857142857142,3.86,5.1571428571428575,24.0,24.0,3.86,3.86,Colorado Rockies,statsapi,False
mlbam-554340,Yimi García,2025,MLB,Toronto Blue Jays,pitcher,35.0,21.0,22.0,0.0,0.2777777777777778,0.14444444444444443,0.08695652173913043,3.86,3.8142857142857145,45.0,45.0,3.86,3.86,Toronto Blue Jays,statsapi,False
mlbam-683004,Jack Leiter,2025,MLB,Texas Rangers,pitcher,25.0,151.66666666666666,29.0,29.0,0.22910216718266255,0.10371517027863777,0.09183673469387756,3.86,4.115384615384616,323.0,323.0,3.86,3.86,Texas Rangers,statsapi,False
mlbam-700363,AJ Smith-Shawver,2025,MLB,Atlanta Braves,pitcher,23.0,44.333333333333336,9.0,9.0,0.21875,0.109375,0.07272727272727272,3.86,3.8669172932330826,96.0,96.0,3.86,3.86,Atlanta Braves,statsapi,False
mlbam-624431,Jose Trevino,2025,MLB,Cincinnati Reds,pitcher,33.0,2.3333333333333335,2.0,0.0,0.08333333333333333,0.08333333333333333,0.0,3.86,3.5285714285714285,6.0,6.0,3.86,3.86,Cincinnati Reds,statsapi,False
mlbam-608379,Michael Wacha,2025,MLB,Kansas City Royals,pitcher,34.0,172.66666666666666,31.0,31.0,0.17597765363128492,0.06284916201117319,0.06382978723404255,3.86,3.6212355212355214,358.0,358.0,3.86,3.86,Kansas City Royals,statsapi,False
mlbam-670174,Josh Winckowski,2025,MLB,Boston Red Sox,pitcher,27.0,11.666666666666666,6.0,0.0,0.17307692307692307,0.09615384615384616,0.0,3.86,3.1,26.0,26.0,3.86,3.86,Boston Red Sox,statsapi,False
mlbam-686752,Ryan Pepiot,2025,MLB,Tampa Bay Rays,pitcher,28.0,167.66666666666666,31.0,31.0,0.24594992636229748,0.0898379970544919,0.12871287128712872,3.86,4.322664015904573,339.5,339.5,3.86,3.86,Tampa Bay Rays,statsapi,False
mlbam-663554,Casey Mize,2025,MLB,Detroit Tigers,pitcher,28.0,149.0,28.0,28.0,0.22169059011164274,0.05901116427432217,0.11052631578947368,3.87,3.8516778523489936,313.5,313.5,3.87,3.87,Detroit Tigers,statsapi,False
mlbam-656457,Tyler Gilbert,2025,MLB,Chicago White Sox,pitcher,32.0,51.0,46.0,5.0,0.22790697674418606,0.12558139534883722,0.07352941176470588,3.88,3.9823529411764707,107.5,107.5,3.88,3.88,Chicago White Sox,statsapi,False
mlbam-676130,José Buttó,2025,MLB,San Francisco Giants,pitcher,27.0,67.0,55.0,0.0,0.20422535211267606,0.11971830985915492,0.06153846153846154,3.9,3.6671641791044776,142.0,142.0,3.9,3.9,San Francisco Giants,statsapi,False
mlbam-623437,Justin Topa,2025,MLB,Minnesota Twins,pitcher,34.0,60.0,54.0,1.0,0.1828358208955224,0.07835820895522388,0.034482758620689655,3.9,3.0,134.0,134.0,3.9,3.9,Minnesota Twins,statsapi,False
mlbam-657585,Reed Garrett,2025,MLB,New York Mets,pitcher,32.0,55.333333333333336,58.0,1.0,0.2689075630252101,0.11764705882352941,0.09090909090909091,3.9,3.4253012048192772,119.0,119.0,3.9,3.9,New York Mets,statsapi,False
mlbam-673929,Jordan Leasure,2025,MLB,Chicago White Sox,pitcher,27.0,64.33333333333333,68.0,1.0,0.30111524163568776,0.11524163568773234,0.13636363636363635,3.92,4.452331606217617,134.5,134.5,3.92,3.92,Chicago White Sox,statsapi,False
mlbam-657044,Ryan Thompson,2025,MLB,Arizona Diamondbacks,pitcher,33.0,41.333333333333336,48.0,0.0,0.2057142857142857,0.08571428571428572,0.09090909090909091,3.92,3.7048387096774196,87.5,87.5,3.92,3.92,Arizona Diamondbacks,statsapi,False
mlbam-666200,Jesús Luzardo,2025,MLB,Philadelphia Phillies,pitcher,28.0,183.66666666666666,32.0,32.0,0.2849604221635884,0.07519788918205805,0.0898876404494382,3.92,2.8604355716878405,379.0,379.0,3.92,3.92,Philadelphia Phillies,statsapi,False
mlbam-595928,John Curtiss,2025,MLB,Arizona Diamondbacks,pitcher,32.0,36.666666666666664,30.0,0.0,0.1702127659574468,0.03546099290780142,0.08620689655172414,3.93,3.9727272727272727,70.5,70.5,3.93,3.93,Arizona Diamondbacks,statsapi,False
mlbam-669199,Lake Bachar,2025,MLB,Miami Marlins,pitcher,30.0,71.0,53.0,1.0,0.2533783783783784,0.11148648648648649,0.10989010989010989,3.93,4.2126760563380286,148.0,148.0,3.93,3.93,Miami Marlins,statsapi,False
mlbam-681347,Mike Burrows,2025,MLB,Pittsburgh Pirates,pitcher,26.0,96.0,23.0,19.0,0.24129353233830847,0.07960199004975124,0.11818181818181818,3.94,3.9645833333333336,201.0,201.0,3.94,3.94,Pittsburgh Pirates,statsapi,False
mlbam-620454,José Castillo,2025,MLB,Baltimore Orioles,pitcher,29.0,32.0,29.0,0.0,0.20134228187919462,0.10067114093959731,0.14285714285714285,3.94,4.5375,74.5,74.5,3.94,3.94,Baltimore Orioles,statsapi,False
mlbam-656731,Tylor Megill,2025,MLB,New York Mets,pitcher,30.0,68.33333333333333,14.0,14.0,0.29180327868852457,0.10819672131147541,0.08108108108108109,3.95,3.392682926829268,152.5,152.5,3.95,3.95,New York Mets,statsapi,False
mlbam-607067,Colin Rea,2025,MLB,Chicago Cubs,pitcher,35.0,159.33333333333334,32.0,27.0,0.19184290030211482,0.06646525679758308,0.09803921568627451,3.95,4.07907949790795,331.0,331.0,3.95,3.95,Chicago Cubs,statsapi,False
mlbam-672282,Reid Detmers,2025,MLB,Los Angeles Angels,pitcher,26.0,63.666666666666664,61.0,0.0,0.3007518796992481,0.10902255639097744,0.10344827586206896,3.96,3.0842931937172775,133.0,133.0,3.96,3.96,Los Angeles Angels,statsapi,False
mlbam-675848,Juan Mejia,2025,MLB,Colorado Rockies,pitcher,25.0,61.333333333333336,55.0,0.0,0.26053639846743293,0.09961685823754789,0.08823529411764706,3.96,3.6706521739130435,130.5,130.5,3.96,3.96,Colorado Rockies,statsapi,False
mlbam-605135,Chris Bassitt,2025,MLB,Toronto Blue Jays,pitcher,36.0,170.33333333333334,32.0,31.0,0.22554347826086957,0.07065217391304347,0.13095238095238096,3.96,3.9747553816046968,368.0,368.0,3.96,3.96,Toronto Blue Jays,statsapi,False
mlbam-641755,Tyler Kinley,2025,MLB,Atlanta Braves,pitcher,34.0,72.66666666666667,73.0,0.0,0.237012987012987,0.12012987012987013,0.061224489795918366,3.96,3.65045871559633,154.0,154.0,3.96,3.96,Atlanta Braves,statsapi,False
mlbam-500779,Jose Quintana,2025,MLB,Milwaukee Brewers,pitcher,36.0,131.66666666666666,24.0,24.0,0.16007194244604317,0.08992805755395683,0.10526315789473684,3.96,4.7784810126582276,278.0,278.0,3.96,3.96,Milwaukee Brewers,statsapi,False
mlbam-642152,Lou Trivino III,2025,MLB,Philadelphia Phillies,pitcher,34.0,47.666666666666664,47.0,2.0,0.178743961352657,0.09178743961352658,0.08823529411764706,3.97,4.694405594405595,103.5,103.5,3.97,3.97,Philadelphia Phillies,statsapi,False
mlbam-672841,Carlos Vargas,2025,MLB,Seattle Mariners,pitcher,26.0,77.0,70.0,0.0,0.16314199395770393,0.08157099697885196,0.12658227848101267,3.97,4.554545454545455,165.5,165.5,3.97,3.97,Seattle Mariners,statsapi,False
mlbam-673513,Yuki Matsui,2025,MLB,San Diego Padres,pitcher,30.0,63.333333333333336,61.0,0.0,0.22426470588235295,0.12867647058823528,0.1111111111111111,3.98,4.836842105263158,136.0,136.0,3.98,3.98,San Diego Padres,statsapi,False
mlbam-579328,Yusei Kikuchi,2025,MLB,Los Angeles Angels,pitcher,34.0,178.33333333333334,33.0,33.0,0.22538860103626943,0.09974093264248704,0.10810810810810811,3.99,4.1934579439252335,386.0,386.0,3.99,3.99,Los Angeles Angels,statsapi,False
mlbam-656550,Grant Holmes,2025,MLB,Atlanta Braves,pitcher,29.0,115.0,22.0,21.0,0.25,0.11178861788617886,0.14035087719298245,3.99,4.360869565217391,246.0,246.0,3.99,3.99,Atlanta Braves,statsapi,False
mlbam-677960,Ryan Weathers,2025,MLB,Miami Marlins,pitcher,26.0,38.333333333333336,8.0,8.0,0.22289156626506024,0.07228915662650602,0.14893617021276595,3.99,4.560869565217391,83.0,83.0,3.99,3.99,Miami Marlins,statsapi,False
mlbam-668933,Graham Ashcraft,2025,MLB,Cincinnati Reds,pitcher,27.0,65.33333333333333,62.0,0.0,0.22535211267605634,0.0880281690140845,0.05128205128205128,3.99,2.686734693877551,142.0,142.0,3.99,3.99,Cincinnati Reds,statsapi,False
mlbam-702352,Spencer Bivens,2025,MLB,San Francisco Giants,pitcher,31.0,81.0,54.0,0.0,0.17784256559766765,0.07580174927113703,0.075,4.0,3.667901234567901,171.5,171.5,4.0,4.0,San Francisco Giants,statsapi,False
mlbam-656848,Michael Petersen,2025,MLB,Miami Marlins,pitcher,31.0,18.0,15.0,0.0,0.21518987341772153,0.11392405063291139,0.1111111111111111,4.0,4.544444444444444,39.5,39.5,4.0,4.0,Miami Marlins,statsapi,False
mlbam-696149,Bubba Chandler,2025,MLB,Pittsburgh Pirates,pitcher,23.0,31.333333333333332,7.0,4.0,0.25,0.03225806451612903,0.06451612903225806,4.02,2.621276595744681,62.0,62.0,4.02,4.02,Pittsburgh Pirates,statsapi,False
mlbam-663903,Brady Singer,2025,MLB,Cincinnati Reds,pitcher,29.0,169.66666666666666,32.0,32.0,0.2276536312849162,0.08379888268156424,0.09595959595959595,4.03,3.9428290766208254,358.0,358.0,4.03,4.03,Cincinnati Reds,statsapi,False
mlbam-690986,Kyle Harrison,2025,MLB,Boston Red Sox,pitcher,24.0,35.666666666666664,11.0,6.0,0.24358974358974358,0.09615384615384616,0.09302325581395349,4.04,3.688785046728972,78.0,78.0,4.04,4.04,Boston Red Sox,statsapi,False
mlbam-680573,Simeon Woods Richardson,2025,MLB,Minnesota Twins,pitcher,25.0,111.33333333333333,23.0,22.0,0.22717622080679406,0.09766454352441614,0.10493827160493827,4.04,4.483233532934132,235.5,235.5,4.04,4.04,Minnesota Twins,statsapi,False
mlbam-592254,José De León,2025,MLB,Boston Red Sox,pitcher,33.0,6.666666666666667,1.0,1.0,0.2857142857142857,0.10714285714285714,0.16666666666666666,4.05,4.0,14.0,14.0,4.05,4.05,Boston Red Sox,statsapi,False
mlbam-674072,Tommy Henry,2025,MLB,Arizona Diamondbacks,pitcher,28.0,6.666666666666667,2.0,0.0,0.3076923076923077,0.038461538461538464,0.6,4.05,7.449999999999999,13.0,13.0,4.05,4.05,Arizona Diamondbacks,statsapi,False
mlbam-592426,Luke Jackson,2025,MLB,Seattle Mariners,pitcher,34.0,51.0,52.0,0.0,0.1735159817351598,0.1506849315068493,0.07272727272727272,4.06,4.452941176470588,109.5,109.5,4.06,4.06,Seattle Mariners,statsapi,False
mlbam-641329,Bryan Baker,2025,MLB,Tampa Bay Rays,pitcher,31.0,68.66666666666667,73.0,0.0,0.3029197080291971,0.06204379562043796,0.16666666666666666,4.06,3.8864077669902914,137.0,137.0,4.06,4.06,Tampa Bay Rays,statsapi,False
mlbam-596271,Casey Lawrence,2025,MLB,Seattle Mariners,pitcher,38.0,17.666666666666668,6.0,0.0,0.0875,0.0125,0.06896551724137931,4.08,4.118867924528302,40.0,40.0,4.08,4.08,Seattle Mariners,statsapi,False
mlbam-502085,David Robertson,2025,MLB,Philadelphia Phillies,pitcher,40.0,17.666666666666668,20.0,0.0,0.28205128205128205,0.11538461538461539,0.2222222222222222,4.08,4.911320754716981,39.0,39.0,4.08,4.08,Philadelphia Phillies,statsapi,False
mlbam-592836,Taijuan Walker,2025,MLB,Philadelphia Phillies,pitcher,33.0,123.66666666666667,34.0,21.0,0.15985130111524162,0.07806691449814127,0.1346153846153846,4.08,5.032614555256065,269.0,269.0,4.08,4.08,Philadelphia Phillies,statsapi,False
mlbam-608650,Dietrich Enns,2025,MLB,Baltimore Orioles,pitcher,34.0,46.333333333333336,24.0,3.0,0.245,0.095,0.125,4.08,3.639568345323741,100.0,100.0,4.08,4.08,Baltimore Orioles,statsapi,False
mlbam-682052,Jacob Lopez,2025,MLB,Athletics,pitcher,27.0,92.66666666666667,21.0,17.0,0.2832080200501253,0.09273182957393483,0.12195121951219512,4.08,4.222302158273381,199.5,199.5,4.08,4.08,Athletics,statsapi,False
mlbam-669854,Ronel Blanco,2025,MLB,Houston Astros,pitcher,32.0,48.333333333333336,9.0,9.0,0.24120603015075376,0.10050251256281408,0.1076923076923077,4.1,4.2379310344827585,99.5,99.5,4.1,4.1,Houston Astros,statsapi,False
mlbam-695445,Chase Lee,2025,MLB,Detroit Tigers,pitcher,27.0,37.333333333333336,32.0,0.0,0.24324324324324326,0.06756756756756757,0.15555555555555556,4.1,4.492857142857143,74.0,74.0,4.1,4.1,Detroit Tigers,statsapi,False
mlbam-663436,Davis Martin,2025,MLB,Chicago White Sox,pitcher,28.0,142.66666666666666,26.0,25.0,0.17304492512479203,0.08153078202995008,0.11904761904761904,4.1,4.6,300.5,300.5,4.1,4.1,Chicago White Sox,statsapi,False
mlbam-605488,Jeffrey Springs,2025,MLB,Athletics,pitcher,33.0,171.0,32.0,30.0,0.1935483870967742,0.07573632538569425,0.10687022900763359,4.11,4.614619883040936,356.5,356.5,4.11,4.11,Athletics,statsapi,False
mlbam-679885,Justin Martinez,2025,MLB,Arizona Diamondbacks,pitcher,24.0,15.333333333333334,17.0,0.0,0.3283582089552239,0.19402985074626866,0.1111111111111111,4.11,4.01304347826087,33.5,33.5,4.11,4.11,Arizona Diamondbacks,statsapi,False
mlbam-676254,Ryan Walker,2025,MLB,San Francisco Giants,pitcher,30.0,61.333333333333336,68.0,0.0,0.22556390977443608,0.07518796992481203,0.08333333333333333,4.11,3.2630434782608697,133.0,133.0,4.11,4.11,San Francisco Giants,statsapi,False
mlbam-670036,Matt Festa,2025,MLB,Cleveland Guardians,pitcher,32.0,54.666666666666664,63.0,0.0,0.24778761061946902,0.0752212389380531,0.07017543859649122,4.12,3.1,113.0,113.0,4.12,4.12,Cleveland Guardians,statsapi,False
mlbam-690928,Hunter Dobbins,2025,MLB,Boston Red Sox,pitcher,26.0,61.0,13.0,11.0,0.17578125,0.0703125,0.08823529411764706,4.13,3.837704918032787,128.0,128.0,4.13,4.13,Boston Red Sox,statsapi,False
mlbam-607625,Seth Lugo,2025,MLB,Kansas City Royals,pitcher,36.0,145.33333333333334,26.0,26.0,0.20458265139116202,0.09165302782324058,0.140625,4.15,5.054128440366973,305.5,305.5,4.15,4.15,Kansas City Royals,statsapi,False
mlbam-692285,Luis Guerrero,2025,MLB,Boston Red Sox,pitcher,25.0,17.333333333333332,13.0,0.0,0.1388888888888889,0.19444444444444445,0.0,4.15,4.36923076923077,36.0,36.0,4.15,4.15,Boston Red Sox,statsapi,False
mlbam-642016,Daniel Robert,2025,MLB,Philadelphia Phillies,pitcher,31.0,13.0,15.0,0.0,0.2542372881355932,0.1694915254237288,0.1111111111111111,4.15,5.1,29.5,29.5,4.15,4.15,Philadelphia Phillies,statsapi,False
mlbam-669022,MacKenzie Gore,2025,MLB,Washington Nationals,pitcher,26.0,159.66666666666666,30.0,30.0,0.27205882352941174,0.09411764705882353,0.10869565217391304,4.17,3.707515657620042,340.0,340.0,4.17,4.17,Washington Nationals,statsapi,False
mlbam-676083,Janson Junk,2025,MLB,Miami Marlins,pitcher,29.0,110.0,21.0,16.0,0.17225950782997762,0.029082774049217,0.056338028169014086,4.17,3.1090909090909093,223.5,223.5,4.17,4.17,Miami Marlins,statsapi,False
mlbam-621244,José Berríos,2025,MLB,Toronto Blue Jays,pitcher,31.0,166.0,31.0,30.0,0.1977077363896848,0.0830945558739255,0.12871287128712872,4.17,4.612048192771084,349.0,349.0,4.17,4.17,Toronto Blue Jays,statsapi,False
mlbam-672582,Angel Zerpa,2025,MLB,Kansas City Royals,pitcher,26.0,64.66666666666667,69.0,2.0,0.2109090909090909,0.08,0.18421052631578946,4.18,3.8268041237113404,137.5,137.5,4.18,4.18,Kansas City Royals,statsapi,False
mlbam-642397,Gregory Soto,2025,MLB,New York Mets,pitcher,30.0,60.333333333333336,70.0,0.0,0.25089605734767023,0.08960573476702509,0.07017543859649122,4.18,3.381767955801105,139.5,139.5,4.18,4.18,New York Mets,statsapi,False
mlbam-656605,Mitch Keller,2025,MLB,Pittsburgh Pirates,pitcher,29.0,176.33333333333334,32.0,32.0,0.20026702269692923,0.06809078771695594,0.1024390243902439,4.19,3.98468809073724,374.5,374.5,4.19,4.19,Pittsburgh Pirates,statsapi,False
mlbam-678022,Jack Perkins,2025,MLB,Athletics,pitcher,26.0,38.666666666666664,12.0,4.0,0.22981366459627328,0.11180124223602485,0.0851063829787234,4.19,4.082758620689655,80.5,80.5,4.19,4.19,Athletics,statsapi,False
mlbam-665152,Dean Kremer,2025,MLB,Baltimore Orioles,pitcher,29.0,171.66666666666666,31.0,29.0,0.20056497175141244,0.0635593220338983,0.09865470852017937,4.19,3.933009708737864,354.0,354.0,4.19,4.19,Baltimore Orioles,statsapi,False
mlbam-666661,Juan Morillo,2025,MLB,Arizona Diamondbacks,pitcher,26.0,34.333333333333336,42.0,0.0,0.23684210526315788,0.13157894736842105,0.07407407407407407,4.19,3.595145631067961,76.0,76.0,4.19,4.19,Arizona Diamondbacks,statsapi,False
mlbam-669461,Matthew Liberatore,2025,MLB,St. Louis Cardinals,pitcher,26.0,151.66666666666666,29.0,29.0,0.1882716049382716,0.06172839506172839,0.09268292682926829,4.21,3.99010989010989,324.0,324.0,4.21,4.21,St. Louis Cardinals,statsapi,False
mlbam-669923,George Kirby,2025,MLB,Seattle Mariners,pitcher,27.0,126.0,23.0,23.0,0.26145038167938933,0.05534351145038168,0.11450381679389313,4.21,3.3301587301587303,262.0,262.0,4.21,4.21,Seattle Mariners,statsapi,False
mlbam-605130,Scott Barlow,2025,MLB,Cincinnati Reds,pitcher,33.0,68.33333333333333,75.0,1.0,0.24752475247524752,0.15841584158415842,0.11428571428571428,4.21,4.6658536585365855,151.5,151.5,4.21,4.21,Cincinnati Reds,statsapi,False
mlbam-656849,David Peterson,2025,MLB,New York Mets,pitcher,30.0,168.66666666666666,30.0,30.0,0.2074688796680498,0.0912863070539419,0.07857142857142857,4.22,3.449802371541502,361.5,361.5,4.22,4.22,New York Mets,statsapi,False
mlbam-641386,Ben Bowden,2025,MLB,Athletics,pitcher,31.0,10.666666666666666,11.0,0.0,0.14893617021276595,0.10638297872340426,0.13333333333333333,4.22,5.63125,23.5,23.5,4.22,4.22,Athletics,statsapi,False
mlbam-680732,Sean Burke,2025,MLB,Chicago White Sox,pitcher,26.0,134.33333333333334,28.0,22.0,0.2231543624161074,0.10570469798657718,0.1270718232044199,4.22,4.886600496277916,298.0,298.0,4.22,4.22,Chicago White Sox,statsapi,False
mlbam-695549,Jackson Jobe,2025,MLB,Detroit Tigers,pitcher,23.0,49.0,10.0,10.0,0.17889908256880735,0.12385321100917432,0.10606060606060606,4.22,5.140816326530612,109.0,109.0,4.22,4.22,Detroit Tigers,statsapi,False
mlbam-643377,Griffin Jax,2025,MLB,Tampa Bay Rays,pitcher,31.0,66.0,73.0,2.0,0.3498233215547703,0.08480565371024736,0.12962962962962962,4.23,2.478787878787879,141.5,141.5,4.23,4.23,Tampa Bay Rays,statsapi,False
mlbam-686642,Fraser Ellard,2025,MLB,Chicago White Sox,pitcher,28.0,17.0,18.0,3.0,0.2972972972972973,0.25675675675675674,0.058823529411764705,4.24,4.805882352941176,37.0,37.0,4.24,4.24,Chicago White Sox,statsapi,False
mlbam-663804,Jackson Kowar,2025,MLB,Seattle Mariners,pitcher,29.0,17.0,15.0,0.0,0.2112676056338028,0.09859154929577464,0.14285714285714285,4.24,5.805882352941177,35.5,35.5,4.24,4.24,Seattle Mariners,statsapi,False
mlbam-686580,Justin Slaten,2025,MLB,Boston Red Sox,pitcher,28.0,34.0,36.0,0.0,0.18248175182481752,0.08759124087591241,0.06666666666666667,4.24,3.658823529411765,68.5,68.5,4.24,4.24,Boston Red Sox,statsapi,False
mlbam-676440,Tanner Bibee,2025,MLB,Cleveland Guardians,pitcher,26.0,182.33333333333334,31.0,31.0,0.2125984251968504,0.07217847769028872,0.12735849056603774,4.24,4.30109689213894,381.0,381.0,4.24,4.24,Cleveland Guardians,statsapi,False
mlbam-642528,Jonathan Loáisiga,2025,MLB,New York Yankees,pitcher,31.0,29.666666666666668,30.0,0.0,0.18518518518518517,0.0962962962962963,0.21212121212121213,4.25,5.796629213483146,67.5,67.5,4.25,4.25,New York Yankees,statsapi,False
mlbam-691587,Eury Pérez,2025,MLB,Miami Marlins,pitcher,22.0,95.33333333333333,20.0,20.0,0.2727272727272727,0.08311688311688312,0.09375,4.25,3.634965034965035,192.5,192.5,4.25,4.25,Miami Marlins,statsapi,False
mlbam-671106,Logan Allen,2025,MLB,Cleveland Guardians,pitcher,27.0,156.66666666666666,30.0,29.0,0.1804733727810651,0.09319526627218935,0.09375,4.25,4.3382978723404255,338.0,338.0,4.25,4.25,Cleveland Guardians,statsapi,False
mlbam-676917,Cade Cavalli,2025,MLB,Washington Nationals,pitcher,27.0,48.666666666666664,10.0,10.0,0.182648401826484,0.0684931506849315,0.14285714285714285,4.25,4.497260273972603,109.5,109.5,4.25,4.25,Washington Nationals,statsapi,False
mlbam-667755,José Soriano,2025,MLB,Los Angeles Angels,pitcher,27.0,169.0,31.0,31.0,0.20994475138121546,0.10773480662983426,0.12121212121212122,4.26,3.697633136094675,362.0,362.0,4.26,4.26,Los Angeles Angels,statsapi,False
mlbam-690925,Clayton Beeter,2025,MLB,Washington Nationals,pitcher,27.0,25.333333333333332,26.0,0.0,0.3173076923076923,0.17307692307692307,0.12,4.26,4.16578947368421,52.0,52.0,4.26,4.26,Washington Nationals,statsapi,False
mlbam-686751,Seth Johnson,2025,MLB,Philadelphia Phillies,pitcher,27.0,12.666666666666666,10.0,0.0,0.3148148148148148,0.07407407407407407,0.25,4.26,4.442105263157895,27.0,27.0,4.26,4.26,Philadelphia Phillies,statsapi,False
mlbam-554431,Tyler Matzek,2025,MLB,New York Yankees,pitcher,35.0,6.333333333333333,7.0,0.0,0.2,0.14285714285714285,0.0,4.26,3.2578947368421054,17.5,17.5,4.26,4.26,New York Yankees,statsapi,False
mlbam-622253,Dillon Tate,2025,MLB,Toronto Blue Jays,pitcher,31.0,6.333333333333333,6.0,0.0,0.23529411764705882,0.17647058823529413,0.1111111111111111,4.26,5.942105263157895,17.0,17.0,4.26,4.26,Toronto Blue Jays,statsapi,False
mlbam-669371,Cole Henry,2025,MLB,Washington Nationals,pitcher,26.0,52.666666666666664,57.0,0.0,0.2157676348547718,0.13692946058091288,0.0945945945945946,4.27,5.302531645569621,120.5,120.5,4.27,4.27,Washington Nationals,statsapi,False
mlbam-641656,Ian Hamilton,2025,MLB,New York Yankees,pitcher,30.0,40.0,36.0,1.0,0.25301204819277107,0.13855421686746988,0.10869565217391304,4.28,4.35,83.0,83.0,4.28,4.28,New York Yankees,statsapi,False
mlbam-543243,Sonny Gray,2025,MLB,St. Louis Cardinals,pitcher,36.0,180.66666666666666,32.0,32.0,0.26693227091633465,0.05046480743691899,0.13736263736263737,4.28,3.3546125461254612,376.5,376.5,4.28,4.28,St. Louis Cardinals,statsapi,False
mlbam-677944,Slade Cecconi,2025,MLB,Cleveland Guardians,pitcher,26.0,132.0,23.0,23.0,0.2,0.060550458715596334,0.1411764705882353,4.3,4.607575757575757,272.5,272.5,4.3,4.3,Cleveland Guardians,statsapi,False
mlbam-688138,Logan Evans,2025,MLB,Seattle Mariners,pitcher,24.0,81.33333333333333,16.0,15.0,0.16857142857142857,0.09142857142857143,0.12037037037037036,4.32,5.018032786885247,175.0,175.0,4.32,4.32,Seattle Mariners,statsapi,False
mlbam-801434,Paul Gervase,2025,MLB,Los Angeles Dodgers,pitcher,25.0,8.333333333333334,6.0,0.0,0.20512820512820512,0.15384615384615385,0.16666666666666666,4.32,8.02,19.5,19.5,4.32,4.32,Los Angeles Dodgers,statsapi,False
mlbam-680736,Justin Wrobleski,2025,MLB,Los Angeles Dodgers,pitcher,25.0,66.66666666666667,24.0,2.0,0.2714285714285714,0.06428571428571428,0.10909090909090909,4.32,2.89,140.0,140.0,4.32,4.32,Los Angeles Dodgers,statsapi,False
mlbam-664849,Danny Young,2025,MLB,New York Mets,pitcher,31.0,8.333333333333334,10.0,0.0,0.35135135135135137,0.08108108108108109,0.0,4.32,1.4200000000000002,18.5,18.5,4.32,4.32,New York Mets,statsapi,False
mlbam-695418,Brad Lord,2025,MLB,Washington Nationals,pitcher,25.0,130.66666666666666,48.0,19.0,0.1978021978021978,0.07875457875457875,0.12408759124087591,4.34,4.194387755102041,273.0,273.0,4.34,4.34,Washington Nationals,statsapi,False
mlbam-519151,Ryan Pressly,2025,MLB,Chicago Cubs,pitcher,37.0,41.333333333333336,44.0,0.0,0.15384615384615385,0.09340659340659341,0.16216216216216217,4.35,5.0112903225806456,91.0,91.0,4.35,4.35,Chicago Cubs,statsapi,False
mlbam-657756,Connor Seabold,2025,MLB,Atlanta Braves,pitcher,29.0,10.333333333333334,7.0,0.0,0.20833333333333334,0.125,0.06666666666666667,4.35,4.164516129032258,24.0,24.0,4.35,4.35,Atlanta Braves,statsapi,False
mlbam-642232,Ryan Yarbrough,2025,MLB,New York Yankees,pitcher,34.0,64.0,19.0,8.0,0.20833333333333334,0.07196969696969698,0.16049382716049382,4.36,5.00625,132.0,132.0,4.36,4.36,New York Yankees,statsapi,False
mlbam-660853,Enyel De Los Santos,2025,MLB,Houston Astros,pitcher,30.0,66.0,65.0,0.0,0.22142857142857142,0.09285714285714286,0.08139534883720931,4.36,3.7818181818181817,140.0,140.0,4.36,4.36,Houston Astros,statsapi,False
mlbam-694819,Jacob Misiorowski,2025,MLB,Milwaukee Brewers,pitcher,23.0,66.0,15.0,14.0,0.31868131868131866,0.11355311355311355,0.11764705882352941,4.36,3.584848484848485,136.5,136.5,4.36,4.36,Milwaukee Brewers,statsapi,False
mlbam-682847,Luis Ortiz,2025,MLB,Cleveland Guardians,pitcher,26.0,88.66666666666667,16.0,16.0,0.2513089005235602,0.1099476439790576,0.13636363636363635,4.36,4.148872180451128,191.0,191.0,4.36,4.36,Cleveland Guardians,statsapi,False
mlbam-656546,Jeff Hoffman,2025,MLB,Toronto Blue Jays,pitcher,32.0,68.0,71.0,0.0,0.2926829268292683,0.0975609756097561,0.18292682926829268,4.37,4.864705882352942,143.5,143.5,4.37,4.37,Toronto Blue Jays,statsapi,False
mlbam-672456,Keider Montero,2025,MLB,Detroit Tigers,pitcher,25.0,90.66666666666667,20.0,12.0,0.18508997429305912,0.07969151670951156,0.13559322033898305,4.37,4.8977941176470585,194.5,194.5,4.37,4.37,Detroit Tigers,statsapi,False
mlbam-687606,Paxton Schultz,2025,MLB,Toronto Blue Jays,pitcher,27.0,24.666666666666668,13.0,2.0,0.2545454545454545,0.07272727272727272,0.13333333333333333,4.38,4.032432432432432,55.0,55.0,4.38,4.38,Toronto Blue Jays,statsapi,False
mlbam-685126,Brandon Eisert,2025,MLB,Chicago White Sox,pitcher,27.0,69.66666666666667,72.0,3.0,0.24183006535947713,0.10130718954248366,0.14285714285714285,4.39,4.506698564593302,153.0,153.0,4.39,4.39,Chicago White Sox,statsapi,False
mlbam-571578,Patrick Corbin,2025,MLB,Texas Rangers,pitcher,36.0,155.33333333333334,31.0,30.0,0.1975867269984917,0.0784313725490196,0.11052631578947368,4.4,4.213733905579399,331.5,331.5,4.4,4.4,Texas Rangers,statsapi,False
mlbam-688497,Taylor Rashi,2025,MLB,Arizona Diamondbacks,pitcher,29.0,16.333333333333332,10.0,0.0,0.3055555555555556,0.1111111111111111,0.0,4.41,1.8755102040816327,36.0,36.0,4.41,4.41,Arizona Diamondbacks,statsapi,False
mlbam-700241,Michael McGreevy,2025,MLB,St. Louis Cardinals,pitcher,25.0,95.66666666666667,17.0,16.0,0.145,0.05,0.10434782608695652,4.42,4.239372822299652,200.0,200.0,4.42,4.42,St. Louis Cardinals,statsapi,False
mlbam-592454,Tommy Kahnle,2025,MLB,Detroit Tigers,pitcher,36.0,63.0,66.0,0.0,0.18726591760299627,0.11610486891385768,0.11594202898550725,4.43,4.6873015873015875,133.5,133.5,4.43,4.43,Detroit Tigers,statsapi,False
mlbam-701542,Will Warren,2025,MLB,New York Yankees,pitcher,26.0,162.33333333333334,33.0,33.0,0.24050632911392406,0.09142053445850915,0.12429378531073447,4.44,4.0301848049281315,355.5,355.5,4.44,4.44,New York Yankees,statsapi,False
mlbam-689254,Mason Fluharty,2025,MLB,Toronto Blue Jays,pitcher,24.0,52.666666666666664,55.0,0.0,0.26046511627906976,0.13023255813953488,0.1,4.44,3.9354430379746836,107.5,107.5,4.44,4.44,Toronto Blue Jays,statsapi,False
mlbam-663455,Konnor Pilkington,2025,MLB,Washington Nationals,pitcher,28.0,28.333333333333332,32.0,0.0,0.2764227642276423,0.13821138211382114,0.1794871794871795,4.45,5.923529411764706,61.5,61.5,4.45,4.45,Washington Nationals,statsapi,False
mlbam-663559,Bailey Falter,2025,MLB,Kansas City Royals,pitcher,28.0,125.33333333333333,26.0,24.0,0.15637065637065636,0.0888030888030888,0.10382513661202186,4.45,4.903191489361703,259.0,259.0,4.45,4.45,Kansas City Royals,statsapi,False
mlbam-675911,Spencer Strider,2025,MLB,Atlanta Braves,pitcher,27.0,125.33333333333333,23.0,23.0,0.24304267161410018,0.09461966604823747,0.136986301369863,4.45,4.496276595744681,269.5,269.5,4.45,4.45,Atlanta Braves,statsapi,False
mlbam-607259,Nick Martinez,2025,MLB,Cincinnati Reds,pitcher,35.0,165.66666666666666,40.0,26.0,0.1698389458272328,0.0629575402635432,0.10091743119266056,4.45,4.295171026156941,341.5,341.5,4.45,4.45,Cincinnati Reds,statsapi,False
mlbam-820862,José Fermin,2025,MLB,Los Angeles Angels,pitcher,24.0,34.333333333333336,40.0,0.0,0.2565789473684211,0.16447368421052633,0.1568627450980392,4.46,5.954368932038834,76.0,76.0,4.46,4.46,Los Angeles Angels,statsapi,False
mlbam-808963,Roki Sasaki,2025,MLB,Los Angeles Dodgers,pitcher,24.0,36.333333333333336,10.0,8.0,0.17391304347826086,0.13664596273291926,0.11764705882352941,4.46,5.769724770642202,80.5,80.5,4.46,4.46,Los Angeles Dodgers,statsapi,False
mlbam-606160,Rafael Montero,2025,MLB,Detroit Tigers,pitcher,35.0,60.333333333333336,59.0,0.0,0.22924901185770752,0.1541501976284585,0.08064516129032258,4.48,4.094475138121547,126.5,126.5,4.48,4.48,Detroit Tigers,statsapi,False
mlbam-678606,José A. Ferrer,2025,MLB,Washington Nationals,pitcher,25.0,76.33333333333333,72.0,0.0,0.2191358024691358,0.05246913580246913,0.1111111111111111,4.48,2.9951965065502186,162.0,162.0,4.48,4.48,Washington Nationals,statsapi,False
mlbam-518489,Ryan Brasier,2025,MLB,Chicago Cubs,pitcher,38.0,26.0,28.0,1.0,0.19047619047619047,0.047619047619047616,0.06896551724137931,4.5,3.1384615384615384,52.5,52.5,4.5,4.5,Chicago Cubs,statsapi,False
mlbam-605218,Carl Edwards Jr.,2025,MLB,Texas Rangers,pitcher,34.0,6.0,4.0,0.0,0.25,0.125,0.125,4.5,4.766666666666667,12.0,12.0,4.5,4.5,Texas Rangers,statsapi,False
mlbam-664854,Ryan Helsley,2025,MLB,New York Mets,pitcher,31.0,56.0,58.0,0.0,0.25,0.1111111111111111,0.13333333333333333,4.5,4.1,126.0,126.0,4.5,4.5,New York Mets,statsapi,False
mlbam-645444,Jose Herrera,2025,MLB,Arizona Diamondbacks,pitcher,28.0,2.0,2.0,0.0,0.0,0.0,0.0,4.5,3.1,5.0,5.0,4.5,4.5,Arizona Diamondbacks,statsapi,False
mlbam-687209,Zach Maxwell,2025,MLB,Cincinnati Reds,pitcher,24.0,10.0,8.0,0.0,0.3023255813953488,0.09302325581395349,0.2727272727272727,4.5,5.6,21.5,21.5,4.5,4.5,Cincinnati Reds,statsapi,False
mlbam-663485,Cole Sands,2025,MLB,Minnesota Twins,pitcher,28.0,72.0,69.0,3.0,0.2140468227424749,0.07023411371237458,0.08536585365853659,4.5,3.5444444444444443,149.5,149.5,4.5,4.5,Minnesota Twins,statsapi,False
mlbam-607732,Jacob Stallings,2025,MLB,Colorado Rockies,pitcher,36.0,2.0,1.0,0.0,0.125,0.0,0.0,4.5,2.1,4.0,4.0,4.5,4.5,Colorado Rockies,statsapi,False
mlbam-669713,Hayden Wesneski,2025,MLB,Houston Astros,pitcher,28.0,32.0,6.0,6.0,0.22137404580152673,0.04580152671755725,0.1590909090909091,4.5,4.7875,65.5,65.5,4.5,4.5,Houston Astros,statsapi,False
mlbam-676775,Keaton Winn,2025,MLB,San Francisco Giants,pitcher,27.0,10.0,7.0,0.0,0.21428571428571427,0.047619047619047616,0.1,4.5,3.2,21.0,21.0,4.5,4.5,San Francisco Giants,statsapi,False
mlbam-676969,Brett de Geus,2025,MLB,Philadelphia Phillies,pitcher,28.0,2.0,1.0,0.0,0.0,0.3,0.0,4.5,7.6,5.0,5.0,4.5,4.5,Philadelphia Phillies,statsapi,False
mlbam-647336,Michael Soroka,2025,MLB,Chicago Cubs,pitcher,28.0,89.66666666666667,22.0,17.0,0.25065963060686014,0.07651715039577836,0.12371134020618557,4.52,4.1929368029739775,189.5,189.5,4.52,4.52,Chicago Cubs,statsapi,False
mlbam-608718,Brent Suter,2025,MLB,Cincinnati Reds,pitcher,36.0,67.66666666666667,48.0,3.0,0.18213058419243985,0.06529209621993128,0.12222222222222222,4.52,4.533497536945813,145.5,145.5,4.52,4.52,Cincinnati Reds,statsapi,False
mlbam-622663,Luis Severino,2025,MLB,Athletics,pitcher,31.0,162.66666666666666,29.0,29.0,0.17588652482269504,0.07234042553191489,0.0761904761904762,4.54,4.0713114754098365,352.5,352.5,4.54,4.54,Athletics,statsapi,False
mlbam-680689,Lyon Richardson,2025,MLB,Cincinnati Reds,pitcher,25.0,37.666666666666664,34.0,0.0,0.1744186046511628,0.14534883720930233,0.0625,4.54,4.029203539823009,86.0,86.0,4.54,4.54,Cincinnati Reds,statsapi,False
mlbam-656302,Dylan Cease,2025,MLB,San Diego Padres,pitcher,30.0,168.0,32.0,32.0,0.29778393351800553,0.10110803324099724,0.11413043478260869,4.55,3.5226190476190475,361.0,361.0,4.55,4.55,San Diego Padres,statsapi,False
mlbam-542881,Tyler Anderson,2025,MLB,Los Angeles Angels,pitcher,36.0,136.33333333333334,26.0,26.0,0.17362270450751252,0.1018363939899833,0.12556053811659193,4.56,5.564547677261613,299.5,299.5,4.56,4.56,Los Angeles Angels,statsapi,False
mlbam-663795,Justin Hagenman,2025,MLB,New York Mets,pitcher,29.0,23.666666666666668,9.0,1.0,0.23232323232323232,0.020202020202020204,0.11764705882352941,4.56,3.7338028169014086,49.5,49.5,4.56,4.56,New York Mets,statsapi,False
mlbam-695505,Chase Burns,2025,MLB,Cincinnati Reds,pitcher,22.0,43.333333333333336,13.0,8.0,0.35638297872340424,0.0851063829787234,0.12195121951219512,4.57,2.6153846153846154,94.0,94.0,4.57,4.57,Cincinnati Reds,statsapi,False
mlbam-682274,Yaramil Hiraldo,2025,MLB,Baltimore Orioles,pitcher,30.0,19.666666666666668,18.0,0.0,0.25,0.10714285714285714,0.14814814814814814,4.58,4.98135593220339,42.0,42.0,4.58,4.58,Baltimore Orioles,statsapi,False
mlbam-623149,Paul Sewald,2025,MLB,Detroit Tigers,pitcher,35.0,19.666666666666668,22.0,0.0,0.24691358024691357,0.07407407407407407,0.10810810810810811,4.58,4.625423728813559,40.5,40.5,4.58,4.58,Detroit Tigers,statsapi,False
mlbam-570632,José Ureña,2025,MLB,Los Angeles Angels,pitcher,34.0,55.0,19.0,6.0,0.13877551020408163,0.09795918367346938,0.1,4.58,5.172727272727273,122.5,122.5,4.58,4.58,Los Angeles Angels,statsapi,False
mlbam-677161,Zack Kelly,2025,MLB,Boston Red Sox,pitcher,30.0,35.333333333333336,28.0,0.0,0.23026315789473684,0.08552631578947369,0.075,4.58,3.49622641509434,76.0,76.0,4.58,4.58,Boston Red Sox,statsapi,False
mlbam-687849,Zak Kent,2025,MLB,Cleveland Guardians,pitcher,27.0,17.666666666666668,12.0,0.0,0.21052631578947367,0.10526315789473684,0.047619047619047616,4.58,3.5528301886792453,38.0,38.0,4.58,4.58,Cleveland Guardians,statsapi,False
mlbam-663941,Tristan Beck,2025,MLB,San Francisco Giants,pitcher,29.0,56.666666666666664,31.0,1.0,0.17672413793103448,0.06896551724137931,0.09210526315789473,4.61,4.211764705882353,116.0,116.0,4.61,4.61,San Francisco Giants,statsapi,False
mlbam-679775,Kyle Backhus,2025,MLB,Arizona Diamondbacks,pitcher,27.0,25.333333333333332,32.0,0.0,0.19130434782608696,0.06956521739130435,0.09375,4.62,4.205263157894737,57.5,57.5,4.62,4.62,Arizona Diamondbacks,statsapi,False
mlbam-664139,Ian Gibaut,2025,MLB,Cincinnati Reds,pitcher,32.0,25.333333333333332,25.0,0.0,0.13761467889908258,0.07339449541284404,0.07317073170731707,4.62,4.402631578947369,54.5,54.5,4.62,4.62,Cincinnati Reds,statsapi,False
mlbam-664299,Cristian Javier,2025,MLB,Houston Astros,pitcher,28.0,37.0,8.0,8.0,0.21656050955414013,0.09554140127388536,0.05454545454545454,4.62,3.6135135135135137,78.5,78.5,4.62,4.62,Houston Astros,statsapi,False
mlbam-621366,Ryan Borucki,2025,MLB,Toronto Blue Jays,pitcher,31.0,35.0,39.0,0.0,0.2206896551724138,0.11724137931034483,0.12903225806451613,4.63,4.214285714285714,72.5,72.5,4.63,4.63,Toronto Blue Jays,statsapi,False
mlbam-676508,Ben Casparius,2025,MLB,Los Angeles Dodgers,pitcher,26.0,77.66666666666667,46.0,3.0,0.2132132132132132,0.06306306306306306,0.07547169811320754,4.64,3.5377682403433477,166.5,166.5,4.64,4.64,Los Angeles Dodgers,statsapi,False
mlbam-547179,Michael Lorenzen,2025,MLB,Kansas City Royals,pitcher,33.0,141.66666666666666,27.0,26.0,0.20957095709570958,0.06435643564356436,0.13736263736263737,4.64,4.554117647058824,303.0,303.0,4.64,4.64,Kansas City Royals,statsapi,False
mlbam-656427,Jack Flaherty,2025,MLB,Detroit Tigers,pitcher,30.0,161.0,31.0,31.0,0.27606461086637296,0.0881057268722467,0.1270718232044199,4.64,3.8142857142857145,340.5,340.5,4.64,4.64,Detroit Tigers,statsapi,False
mlbam-608372,Tomoyuki Sugano,2025,MLB,Baltimore Orioles,pitcher,36.0,157.0,30.0,30.0,0.15703703703703703,0.056296296296296296,0.14347826086956522,4.64,5.322929936305733,337.5,337.5,4.64,4.64,Baltimore Orioles,statsapi,False
mlbam-678368,Valente Bellozo,2025,MLB,Miami Marlins,pitcher,25.0,81.33333333333333,32.0,6.0,0.15517241379310345,0.06609195402298851,0.1111111111111111,4.65,5.165573770491804,174.0,174.0,4.65,4.65,Miami Marlins,statsapi,False
mlbam-621053,Tyler Ferguson,2025,MLB,Athletics,pitcher,32.0,58.0,56.0,0.0,0.21951219512195122,0.14634146341463414,0.05555555555555555,4.66,4.1,123.0,123.0,4.66,4.66,Athletics,statsapi,False
mlbam-667463,John King,2025,MLB,St. Louis Cardinals,pitcher,31.0,48.333333333333336,51.0,0.0,0.12612612612612611,0.06306306306306306,0.1951219512195122,4.66,4.962068965517242,111.0,111.0,4.66,4.66,St. Louis Cardinals,statsapi,False
mlbam-673380,Dedniel Núñez,2025,MLB,New York Mets,pitcher,29.0,9.666666666666666,10.0,0.0,0.2682926829268293,0.14634146341463414,0.06666666666666667,4.66,4.031034482758621,20.5,20.5,4.66,4.66,New York Mets,statsapi,False
mlbam-666142,Cole Ragans,2025,MLB,Kansas City Royals,pitcher,28.0,61.666666666666664,13.0,13.0,0.38132295719844356,0.07782101167315175,0.1320754716981132,4.67,2.467567567567568,128.5,128.5,4.67,4.67,Kansas City Royals,statsapi,False
mlbam-671212,Joe Boyle,2025,MLB,Tampa Bay Rays,pitcher,26.0,52.0,13.0,9.0,0.25663716814159293,0.12831858407079647,0.1016949152542373,4.67,4.157692307692308,113.0,113.0,4.67,4.67,Tampa Bay Rays,statsapi,False
mlbam-663423,Trent Thornton,2025,MLB,Seattle Mariners,pitcher,32.0,42.333333333333336,33.0,0.0,0.17777777777777778,0.08888888888888889,0.12244897959183673,4.68,4.7062992125984255,90.0,90.0,4.68,4.68,Seattle Mariners,statsapi,False
mlbam-685107,Anthony Veneziano,2025,MLB,St. Louis Cardinals,pitcher,28.0,25.0,26.0,1.0,0.21367521367521367,0.09401709401709402,0.16666666666666666,4.68,4.74,58.5,58.5,4.68,4.68,St. Louis Cardinals,statsapi,False
mlbam-701552,Andre Granillo,2025,MLB,St. Louis Cardinals,pitcher,25.0,21.0,14.0,0.0,0.1978021978021978,0.07692307692307693,0.09090909090909091,4.71,4.385714285714286,45.5,45.5,4.71,4.71,St. Louis Cardinals,statsapi,False
mlbam-676974,Max Meyer,2025,MLB,Miami Marlins,pitcher,26.0,64.66666666666667,12.0,12.0,0.23859649122807017,0.07017543859649122,0.18181818181818182,4.73,4.429896907216495,142.5,142.5,4.73,4.73,Miami Marlins,statsapi,False
mlbam-693312,Kyle Nicolas,2025,MLB,Pittsburgh Pirates,pitcher,26.0,38.0,31.0,0.0,0.20359281437125748,0.10778443113772455,0.058823529411764705,4.74,3.9157894736842107,83.5,83.5,4.74,4.74,Pittsburgh Pirates,statsapi,False
mlbam-656945,Tanner Scott,2025,MLB,Los Angeles Dodgers,pitcher,31.0,57.0,61.0,0.0,0.25210084033613445,0.08403361344537816,0.16417910447761194,4.74,4.661403508771929,119.0,119.0,4.74,4.74,Los Angeles Dodgers,statsapi,False
mlbam-666171,Ryan Zeferjahn,2025,MLB,Los Angeles Angels,pitcher,27.0,57.0,62.0,1.0,0.2840466926070039,0.14785992217898833,0.18461538461538463,4.74,5.328070175438596,128.5,128.5,4.74,4.74,Los Angeles Angels,statsapi,False
mlbam-663372,Ryan Feltner,2025,MLB,Colorado Rockies,pitcher,29.0,30.333333333333332,6.0,6.0,0.18518518518518517,0.08888888888888889,0.1111111111111111,4.75,4.352747252747253,67.5,67.5,4.75,4.75,Colorado Rockies,statsapi,False
mlbam-693313,Carson Seymour,2025,MLB,San Francisco Giants,pitcher,27.0,36.0,16.0,3.0,0.16666666666666666,0.08333333333333333,0.225,4.75,6.072222222222223,78.0,78.0,4.75,4.75,San Francisco Giants,statsapi,False
mlbam-543294,Kyle Hendricks,2025,MLB,Los Angeles Angels,pitcher,36.0,164.66666666666666,31.0,31.0,0.16402877697841728,0.06618705035971223,0.10822510822510822,4.76,4.563562753036438,347.5,347.5,4.76,4.76,Los Angeles Angels,statsapi,False
mlbam-605242,Michael Fulmer,2025,MLB,Chicago Cubs,pitcher,32.0,5.666666666666667,3.0,0.0,0.13043478260869565,0.08695652173913043,0.1,4.76,5.394117647058824,11.5,11.5,4.76,4.76,Chicago Cubs,statsapi,False
mlbam-657006,Justin Steele,2025,MLB,Chicago Cubs,pitcher,30.0,22.666666666666668,4.0,4.0,0.22826086956521738,0.05434782608695652,0.19230769230769232,4.76,4.908823529411765,46.0,46.0,4.76,4.76,Chicago Cubs,statsapi,False
mlbam-669920,Jason Alexander,2025,MLB,Houston Astros,pitcher,32.0,77.33333333333333,18.0,13.0,0.19345238095238096,0.07738095238095238,0.16129032258064516,4.77,5.065517241379311,168.0,168.0,4.77,4.77,Houston Astros,statsapi,False
mlbam-676661,Max Lazar,2025,MLB,Philadelphia Phillies,pitcher,26.0,41.333333333333336,36.0,0.0,0.15294117647058825,0.07058823529411765,0.12280701754385964,4.79,4.914516129032258,85.0,85.0,4.79,4.79,Philadelphia Phillies,statsapi,False
mlbam-687075,Brandon Sproat,2025,MLB,New York Mets,pitcher,25.0,20.666666666666668,4.0,4.0,0.20238095238095238,0.08333333333333333,0.0,4.79,2.761290322580645,42.0,42.0,4.79,4.79,New York Mets,statsapi,False
mlbam-642207,Devin Williams,2025,MLB,New York Yankees,pitcher,31.0,62.0,67.0,0.0,0.3474903474903475,0.10038610038610038,0.09803921568627451,4.79,2.6483870967741936,129.5,129.5,4.79,4.79,New York Yankees,statsapi,False
mlbam-806185,Hayden Birdsong,2025,MLB,San Francisco Giants,pitcher,24.0,65.66666666666667,21.0,10.0,0.22818791946308725,0.12416107382550336,0.11494252873563218,4.8,4.92741116751269,149.0,149.0,4.8,4.8,San Francisco Giants,statsapi,False
mlbam-663542,Bryan Hudson,2025,MLB,Chicago White Sox,pitcher,28.0,15.0,16.0,0.0,0.25333333333333335,0.2,0.14285714285714285,4.8,5.300000000000001,37.5,37.5,4.8,4.8,Chicago White Sox,statsapi,False
mlbam-800049,Adam Mazur,2025,MLB,Miami Marlins,pitcher,24.0,30.0,6.0,6.0,0.1366906474820144,0.08633093525179857,0.1,4.8,4.866666666666667,69.5,69.5,4.8,4.8,Miami Marlins,statsapi,False
mlbam-668970,Gavin Hollowell,2025,MLB,Chicago Cubs,pitcher,28.0,9.333333333333334,7.0,0.0,0.23255813953488372,0.16279069767441862,0.1111111111111111,4.82,4.6,21.5,21.5,4.82,4.82,Chicago Cubs,statsapi,False
mlbam-668678,Zac Gallen,2025,MLB,Arizona Diamondbacks,pitcher,30.0,192.0,33.0,33.0,0.21525215252152521,0.08241082410824108,0.1341991341991342,4.83,4.469791666666667,406.5,406.5,4.83,4.83,Arizona Diamondbacks,statsapi,False
mlbam-571945,Miles Mikolas,2025,MLB,St. Louis Cardinals,pitcher,37.0,156.33333333333334,31.0,31.0,0.14947683109118087,0.05680119581464873,0.12831858407079647,4.84,4.999786780383795,334.5,334.5,4.84,4.84,St. Louis Cardinals,statsapi,False
mlbam-643410,Mark Leiter Jr.,2025,MLB,New York Yankees,pitcher,34.0,48.333333333333336,59.0,0.0,0.2465753424657534,0.0776255707762557,0.10204081632653061,4.84,3.513793103448276,109.5,109.5,4.84,4.84,New York Yankees,statsapi,False
mlbam-682120,Tim Herrin,2025,MLB,Cleveland Guardians,pitcher,29.0,42.666666666666664,54.0,0.0,0.23195876288659795,0.16494845360824742,0.1111111111111111,4.85,5.0453125,97.0,97.0,4.85,4.85,Cleveland Guardians,statsapi,False
mlbam-650644,Aaron Civale,2025,MLB,Chicago Cubs,pitcher,30.0,102.0,23.0,18.0,0.20229885057471264,0.07816091954022988,0.10596026490066225,4.85,4.590196078431372,217.5,217.5,4.85,4.85,Chicago Cubs,statsapi,False
mlbam-669358,Shane Baz,2025,MLB,Tampa Bay Rays,pitcher,26.0,166.33333333333334,31.0,31.0,0.24753867791842477,0.090014064697609,0.15476190476190477,4.87,4.33246492985972,355.5,355.5,4.87,4.87,Tampa Bay Rays,statsapi,False
mlbam-543859,Michael Tonkin,2025,MLB,Minnesota Twins,pitcher,36.0,24.0,21.0,0.0,0.18446601941747573,0.07766990291262135,0.08823529411764706,4.88,4.766666666666667,51.5,51.5,4.88,4.88,Minnesota Twins,statsapi,False
mlbam-689017,Landon Knack,2025,MLB,Los Angeles Dodgers,pitcher,28.0,42.333333333333336,10.0,7.0,0.22702702702702704,0.10270270270270271,0.15873015873015872,4.89,5.6748031496063,92.5,92.5,4.89,4.89,Los Angeles Dodgers,statsapi,False
mlbam-672391,Kaleb Ort,2025,MLB,Houston Astros,pitcher,33.0,46.0,49.0,0.0,0.25257731958762886,0.14432989690721648,0.14814814814814814,4.89,4.9913043478260875,97.0,97.0,4.89,4.89,Houston Astros,statsapi,False
mlbam-676106,Emerson Hancock,2025,MLB,Seattle Mariners,pitcher,26.0,90.0,22.0,16.0,0.16623376623376623,0.08051948051948052,0.14150943396226415,4.9,5.044444444444444,192.5,192.5,4.9,4.9,Seattle Mariners,statsapi,False
mlbam-691769,Philip Abner,2025,MLB,Arizona Diamondbacks,pitcher,23.0,3.6666666666666665,5.0,0.0,0.2777777777777778,0.16666666666666666,0.0,4.91,2.827272727272727,9.0,9.0,4.91,4.91,Arizona Diamondbacks,statsapi,False
mlbam-678316,Omar Cruz,2025,MLB,San Diego Padres,pitcher,26.0,3.6666666666666665,2.0,0.0,0.2777777777777778,0.16666666666666666,0.0,4.91,2.827272727272727,9.0,9.0,4.91,4.91,San Diego Padres,statsapi,False
mlbam-671109,Jake Eder,2025,MLB,Los Angeles Angels,pitcher,27.0,18.333333333333332,8.0,0.0,0.19230769230769232,0.1282051282051282,0.10714285714285714,4.91,5.2272727272727275,39.0,39.0,4.91,4.91,Los Angeles Angels,statsapi,False
mlbam-666659,Sauryn Lao,2025,MLB,Washington Nationals,pitcher,26.0,11.0,8.0,0.0,0.1836734693877551,0.04081632653061224,0.15384615384615385,4.91,4.6454545454545455,24.5,24.5,4.91,4.91,Washington Nationals,statsapi,False
mlbam-691799,Grant Taylor,2025,MLB,Chicago White Sox,pitcher,23.0,36.666666666666664,36.0,2.0,0.34394904458598724,0.10191082802547771,0.0,4.91,1.3818181818181818,78.5,78.5,4.91,4.91,Chicago White Sox,statsapi,False
mlbam-621111,Walker Buehler,2025,MLB,Philadelphia Phillies,pitcher,31.0,126.0,26.0,24.0,0.16283185840707964,0.1079646017699115,0.13664596273291926,4.93,5.623809523809523,282.5,282.5,4.93,4.93,Philadelphia Phillies,statsapi,False
mlbam-669160,Dustin May,2025,MLB,Boston Red Sox,pitcher,28.0,132.33333333333334,25.0,23.0,0.2106164383561644,0.10102739726027397,0.13548387096774195,4.96,4.845591939546599,292.0,292.0,4.96,4.96,Boston Red Sox,statsapi,False
mlbam-641302,Tyler Alexander,2025,MLB,Chicago White Sox,pitcher,31.0,97.66666666666667,52.0,5.0,0.1938534278959811,0.08274231678486997,0.0703125,4.98,3.6017064846416385,211.5,211.5,4.98,4.98,Chicago White Sox,statsapi,False
mlbam-607536,Kyle Freeland,2025,MLB,Colorado Rockies,pitcher,32.0,162.66666666666666,31.0,31.0,0.17489421720733428,0.056417489421720736,0.1073170731707317,4.98,4.145081967213115,354.5,354.5,4.98,4.98,Colorado Rockies,statsapi,False
mlbam-678020,Seth Halvorsen,2025,MLB,Colorado Rockies,pitcher,25.0,39.666666666666664,42.0,0.0,0.20809248554913296,0.12716763005780346,0.20588235294117646,4.99,5.167226890756303,86.5,86.5,4.99,4.99,Colorado Rockies,statsapi,False
mlbam-690916,Richard Fitts,2025,MLB,Boston Red Sox,pitcher,26.0,45.0,11.0,10.0,0.20512820512820512,0.08205128205128205,0.18032786885245902,5.0,5.766666666666667,97.5,97.5,5.0,5.0,Boston Red Sox,statsapi,False
mlbam-664062,Tony Gonsolin,2025,MLB,Los Angeles Dodgers,pitcher,31.0,36.0,7.0,7.0,0.24203821656050956,0.11464968152866242,0.20454545454545456,5.0,5.988888888888889,78.5,78.5,5.0,5.0,Los Angeles Dodgers,statsapi,False
mlbam-448179,Rich Hill,2025,MLB,Kansas City Royals,pitcher,45.0,9.0,2.0,2.0,0.09302325581395349,0.18604651162790697,0.16666666666666666,5.0,7.7666666666666675,21.5,21.5,5.0,5.0,Kansas City Royals,statsapi,False
mlbam-687931,Carson Whisenhunt,2025,MLB,San Francisco Giants,pitcher,25.0,23.333333333333332,5.0,5.0,0.1568627450980392,0.11764705882352941,0.1875,5.01,6.871428571428572,51.0,51.0,5.01,5.01,San Francisco Giants,statsapi,False
mlbam-593958,Eduardo Rodriguez,2025,MLB,Arizona Diamondbacks,pitcher,32.0,154.33333333333334,29.0,29.0,0.20605187319884727,0.0893371757925072,0.12626262626262627,5.02,4.538444924406047,347.0,347.0,5.02,5.02,Arizona Diamondbacks,statsapi,False
mlbam-676664,JP Sears,2025,MLB,San Diego Padres,pitcher,29.0,135.66666666666666,27.0,27.0,0.2006861063464837,0.06174957118353345,0.14150943396226415,5.04,5.178624078624079,291.5,291.5,5.04,5.04,San Diego Padres,statsapi,False
mlbam-671737,Taj Bradley,2025,MLB,Minnesota Twins,pitcher,24.0,142.66666666666666,27.0,27.0,0.20991735537190082,0.09256198347107437,0.11515151515151516,5.05,4.312616822429907,302.5,302.5,5.05,5.05,Minnesota Twins,statsapi,False
mlbam-663321,Nick Hernandez,2025,MLB,Houston Astros,pitcher,31.0,10.666666666666666,10.0,0.0,0.21153846153846154,0.15384615384615385,0.16666666666666666,5.06,6.94375,26.0,26.0,5.06,5.06,Houston Astros,statsapi,False
mlbam-701121,Logan VanWey,2025,MLB,Houston Astros,pitcher,26.0,10.666666666666666,9.0,0.0,0.14285714285714285,0.061224489795918366,0.13333333333333333,5.06,5.35,24.5,24.5,5.06,5.06,Houston Astros,statsapi,False
mlbam-681869,Shawn Dubin,2025,MLB,Baltimore Orioles,pitcher,30.0,33.666666666666664,30.0,0.0,0.19310344827586207,0.07586206896551724,0.17142857142857143,5.08,4.911881188118812,72.5,72.5,5.08,5.08,Baltimore Orioles,statsapi,False
mlbam-669372,J.T. Ginn,2025,MLB,Athletics,pitcher,26.0,90.33333333333333,23.0,16.0,0.25255102040816324,0.08163265306122448,0.21518987341772153,5.08,4.58339483394834,196.0,196.0,5.08,5.08,Athletics,statsapi,False
mlbam-680880,Grant Holman,2025,MLB,Athletics,pitcher,25.0,23.0,22.0,2.0,0.1650485436893204,0.08737864077669903,0.0967741935483871,5.09,4.621739130434783,51.5,51.5,5.09,5.09,Athletics,statsapi,False
mlbam-701487,Pierson Ohl,2025,MLB,Minnesota Twins,pitcher,26.0,30.0,14.0,3.0,0.20300751879699247,0.05263157894736842,0.125,5.1,4.166666666666667,66.5,66.5,5.1,5.1,Minnesota Twins,statsapi,False
mlbam-687765,Mitch Spence,2025,MLB,Athletics,pitcher,27.0,84.66666666666667,32.0,8.0,0.176,0.07466666666666667,0.14545454545454545,5.1,5.060629921259842,187.5,187.5,5.1,5.1,Athletics,statsapi,False
mlbam-641927,Bailey Ober,2025,MLB,Minnesota Twins,pitcher,30.0,146.33333333333334,27.0,27.0,0.19230769230769232,0.049679487179487176,0.1271186440677966,5.1,4.863097949886105,312.0,312.0,5.1,5.1,Minnesota Twins,statsapi,False
mlbam-605452,Joe Ross,2025,MLB,Philadelphia Phillies,pitcher,32.0,51.0,37.0,1.0,0.17105263157894737,0.08333333333333333,0.13793103448275862,5.12,4.845098039215687,114.0,114.0,5.12,5.12,Philadelphia Phillies,statsapi,False
mlbam-666974,Yennier Cano,2025,MLB,Baltimore Orioles,pitcher,31.0,58.0,65.0,0.0,0.21115537848605578,0.099601593625498,0.15555555555555556,5.12,4.2379310344827585,125.5,125.5,5.12,5.12,Baltimore Orioles,statsapi,False
mlbam-543101,Anthony DeSclafani,2025,MLB,Arizona Diamondbacks,pitcher,35.0,38.666666666666664,13.0,4.0,0.21301775147928995,0.08284023668639054,0.21153846153846154,5.12,6.255172413793104,84.5,84.5,5.12,5.12,Arizona Diamondbacks,statsapi,False
mlbam-622786,Jesus Tinoco,2025,MLB,Miami Marlins,pitcher,30.0,19.333333333333332,20.0,0.0,0.125,0.1125,0.04,5.12,3.9793103448275864,40.0,40.0,5.12,5.12,Miami Marlins,statsapi,False
mlbam-689690,Alek Jacob,2025,MLB,San Diego Padres,pitcher,27.0,33.333333333333336,29.0,0.0,0.1503267973856209,0.0915032679738562,0.11538461538461539,5.13,5.859999999999999,76.5,76.5,5.13,5.13,San Diego Padres,statsapi,False
mlbam-666619,Gregory Santos,2025,MLB,Seattle Mariners,pitcher,26.0,7.0,8.0,0.0,0.0,0.2777777777777778,0.0,5.14,6.5285714285714285,18.0,18.0,5.14,5.14,Seattle Mariners,statsapi,False
mlbam-672782,Yoendrys Gómez,2025,MLB,Chicago White Sox,pitcher,26.0,62.666666666666664,21.0,9.0,0.20938628158844766,0.09747292418772563,0.1411764705882353,5.17,5.222340425531915,138.5,138.5,5.17,5.17,Chicago White Sox,statsapi,False
mlbam-453286,Max Scherzer,2025,MLB,Toronto Blue Jays,pitcher,41.0,85.0,17.0,17.0,0.22905027932960895,0.06424581005586592,0.14393939393939395,5.19,4.958823529411765,179.0,179.0,5.19,5.19,Toronto Blue Jays,statsapi,False
mlbam-700249,Cade Povich,2025,MLB,Baltimore Orioles,pitcher,25.0,112.33333333333333,22.0,20.0,0.24180327868852458,0.09221311475409837,0.14049586776859505,5.21,4.141543026706231,244.0,244.0,5.21,5.21,Baltimore Orioles,statsapi,False
mlbam-676702,Hunter Stratton,2025,MLB,Atlanta Braves,pitcher,29.0,19.0,15.0,0.0,0.1797752808988764,0.07865168539325842,0.11538461538461539,5.21,5.0473684210526315,44.5,44.5,5.21,5.21,Atlanta Braves,statsapi,False
mlbam-674944,Sean Guenther,2025,MLB,Detroit Tigers,pitcher,30.0,10.333333333333334,9.0,1.0,0.18604651162790697,0.11627906976744186,0.0,5.23,3.003225806451613,21.5,21.5,5.23,5.23,Detroit Tigers,statsapi,False
mlbam-489446,Kirby Yates,2025,MLB,Los Angeles Dodgers,pitcher,38.0,41.333333333333336,50.0,0.0,0.29213483146067415,0.09550561797752809,0.16666666666666666,5.23,4.720967741935484,89.0,89.0,5.23,5.23,Los Angeles Dodgers,statsapi,False
mlbam-694297,Brandon Pfaadt,2025,MLB,Arizona Diamondbacks,pitcher,27.0,176.66666666666666,33.0,33.0,0.19165580182529335,0.05084745762711865,0.11981566820276497,5.25,4.181132075471698,383.5,383.5,5.25,5.25,Arizona Diamondbacks,statsapi,False
mlbam-677865,Justin Bruihl,2025,MLB,Toronto Blue Jays,pitcher,28.0,13.666666666666666,15.0,0.0,0.27692307692307694,0.15384615384615385,0.2222222222222222,5.27,4.12439024390244,32.5,32.5,5.27,5.27,Toronto Blue Jays,statsapi,False
mlbam-693821,Bryce Elder,2025,MLB,Atlanta Braves,pitcher,26.0,156.33333333333334,28.0,28.0,0.19293078055964655,0.07658321060382917,0.14814814814814814,5.3,4.5136460554371,339.5,339.5,5.3,5.3,Atlanta Braves,statsapi,False
mlbam-592773,Ryne Stanek,2025,MLB,New York Mets,pitcher,34.0,56.0,65.0,0.0,0.22745098039215686,0.12549019607843137,0.08139534883720931,5.3,4.367857142857143,127.5,127.5,5.3,5.3,New York Mets,statsapi,False
mlbam-669467,Andre Pallante,2025,MLB,St. Louis Cardinals,pitcher,27.0,162.66666666666666,31.0,31.0,0.15524475524475526,0.08671328671328671,0.15328467153284672,5.31,4.649180327868852,357.5,357.5,5.31,5.31,St. Louis Cardinals,statsapi,False
mlbam-669308,Sean Reynolds,2025,MLB,San Diego Padres,pitcher,27.0,27.0,19.0,1.0,0.21367521367521367,0.1452991452991453,0.10810810810810811,5.33,5.396296296296296,58.5,58.5,5.33,5.33,San Diego Padres,statsapi,False
mlbam-676467,Colton Gordon,2025,MLB,Houston Astros,pitcher,27.0,86.0,20.0,14.0,0.18997361477572558,0.055408970976253295,0.15328467153284672,5.34,5.332558139534884,189.5,189.5,5.34,5.34,Houston Astros,statsapi,False
mlbam-681293,Spencer Arrighetti,2025,MLB,Houston Astros,pitcher,25.0,35.333333333333336,7.0,7.0,0.1987179487179487,0.1282051282051282,0.13043478260869565,5.35,5.50566037735849,78.0,78.0,5.35,5.35,Houston Astros,statsapi,False
mlbam-663978,Chris Paddack,2025,MLB,Detroit Tigers,pitcher,29.0,158.0,33.0,28.0,0.16716417910447762,0.05522388059701493,0.13304721030042918,5.35,4.992405063291139,335.0,335.0,5.35,5.35,Detroit Tigers,statsapi,False
mlbam-669674,Sam Long,2025,MLB,Kansas City Royals,pitcher,30.0,40.333333333333336,39.0,0.0,0.1746031746031746,0.12169312169312169,0.1320754716981132,5.36,5.50495867768595,94.5,94.5,5.36,5.36,Kansas City Royals,statsapi,False
mlbam-645261,Sandy Alcantara,2025,MLB,Miami Marlins,pitcher,30.0,174.66666666666666,31.0,31.0,0.1906040268456376,0.07651006711409396,0.11,5.36,4.245038167938931,372.5,372.5,5.36,5.36,Miami Marlins,statsapi,False
mlbam-506433,Yu Darvish,2025,MLB,San Diego Padres,pitcher,39.0,72.0,15.0,15.0,0.22972972972972974,0.06418918918918919,0.1590909090909091,5.38,4.780555555555556,148.0,148.0,5.38,5.38,San Diego Padres,statsapi,False
mlbam-669721,Davis Daniel,2025,MLB,Atlanta Braves,pitcher,28.0,10.0,3.0,2.0,0.1956521739130435,0.15217391304347827,0.08333333333333333,5.4,5.0,23.0,23.0,5.4,5.4,Atlanta Braves,statsapi,False
mlbam-642759,Julian Fernández,2025,MLB,Washington Nationals,pitcher,30.0,5.0,4.0,0.0,0.25,0.1,0.3333333333333333,5.4,7.5,10.0,10.0,5.4,5.4,Washington Nationals,statsapi,False
mlbam-701581,David Festa,2025,MLB,Minnesota Twins,pitcher,25.0,53.333333333333336,11.0,10.0,0.2314410480349345,0.08296943231441048,0.13157894736842105,5.4,4.84375,114.5,114.5,5.4,5.4,Minnesota Twins,statsapi,False
mlbam-673965,Caleb Freeman,2025,MLB,Chicago White Sox,pitcher,27.0,3.3333333333333335,5.0,0.0,0.1875,0.0625,0.16666666666666666,5.4,6.1,8.0,8.0,5.4,5.4,Chicago White Sox,statsapi,False
mlbam-621057,Justin Garza,2025,MLB,New York Mets,pitcher,31.0,6.666666666666667,5.0,0.0,0.10714285714285714,0.03571428571428571,0.1,5.4,4.6,14.0,14.0,5.4,5.4,New York Mets,statsapi,False
mlbam-534910,Jesse Hahn,2025,MLB,Seattle Mariners,pitcher,36.0,5.0,3.0,0.0,0.12,0.32,0.5,5.4,8.1,12.5,12.5,5.4,5.4,Seattle Mariners,statsapi,False
mlbam-640454,Matt Krook,2025,MLB,Athletics,pitcher,31.0,3.3333333333333335,3.0,0.0,0.2,0.06666666666666667,0.0,5.4,2.2,7.5,7.5,5.4,5.4,Athletics,statsapi,False
mlbam-625643,Reynaldo López,2025,MLB,Atlanta Braves,pitcher,31.0,5.0,1.0,1.0,0.04,0.08,0.14285714285714285,5.4,6.5,12.5,12.5,5.4,5.4,Atlanta Braves,statsapi,False
mlbam-661527,Seth Martinez,2025,MLB,Miami Marlins,pitcher,31.0,6.666666666666667,6.0,0.0,0.14814814814814814,0.1111111111111111,0.14285714285714285,5.4,7.15,13.5,13.5,5.4,5.4,Miami Marlins,statsapi,False
mlbam-622780,Angel Perdomo,2025,MLB,Athletics,pitcher,31.0,3.3333333333333335,4.0,0.0,0.125,0.1875,0.0,5.4,5.5,8.0,8.0,5.4,5.4,Athletics,statsapi,False
mlbam-670990,Yohan Ramírez,2025,MLB,Pittsburgh Pirates,pitcher,30.0,33.333333333333336,24.0,0.0,0.2903225806451613,0.10967741935483871,0.11428571428571428,5.4,3.76,77.5,77.5,5.4,5.4,Pittsburgh Pirates,statsapi,False
mlbam-669947,Jesse Scholtens,2025,MLB,Tampa Bay Rays,pitcher,31.0,8.333333333333334,2.0,0.0,0.3157894736842105,0.07894736842105263,0.1111111111111111,5.4,2.8600000000000003,19.0,19.0,5.4,5.4,Tampa Bay Rays,statsapi,False
mlbam-595014,Blake Treinen,2025,MLB,Los Angeles Dodgers,pitcher,37.0,26.666666666666668,32.0,0.0,0.27906976744186046,0.17829457364341086,0.13333333333333333,5.4,4.7125,64.5,64.5,5.4,5.4,Los Angeles Dodgers,statsapi,False
mlbam-687003,Brian Van Belle,2025,MLB,Tampa Bay Rays,pitcher,29.0,8.333333333333334,4.0,0.0,0.16666666666666666,0.0,0.14285714285714285,5.4,4.78,18.0,18.0,5.4,5.4,Tampa Bay Rays,statsapi,False
mlbam-664991,Grant Wolfram,2025,MLB,Baltimore Orioles,pitcher,29.0,26.666666666666668,21.0,0.0,0.23308270676691728,0.12030075187969924,0.07407407407407407,5.4,3.55,66.5,66.5,5.4,5.4,Baltimore Orioles,statsapi,False
mlbam-676092,Collin Snider,2025,MLB,Seattle Mariners,pitcher,30.0,26.333333333333332,24.0,0.0,0.20168067226890757,0.058823529411764705,0.0967741935483871,5.47,3.669620253164557,59.5,59.5,5.47,5.47,Seattle Mariners,statsapi,False
mlbam-656240,Scott Blewett,2025,MLB,Baltimore Orioles,pitcher,29.0,44.333333333333336,26.0,2.0,0.18041237113402062,0.09278350515463918,0.16363636363636364,5.48,5.445864661654135,97.0,97.0,5.48,5.48,Baltimore Orioles,statsapi,False
mlbam-607200,Erick Fedde,2025,MLB,Milwaukee Brewers,pitcher,32.0,141.0,32.0,24.0,0.1332263242375602,0.10914927768860354,0.09947643979057591,5.49,5.163829787234043,311.5,311.5,5.49,5.49,Milwaukee Brewers,statsapi,False
mlbam-592155,Cam Booser,2025,MLB,Chicago White Sox,pitcher,33.0,31.0,39.0,0.0,0.24475524475524477,0.13986013986013987,0.17391304347826086,5.52,6.229032258064516,71.5,71.5,5.52,5.52,Chicago White Sox,statsapi,False
mlbam-571760,Andrew Heaney,2025,MLB,Los Angeles Dodgers,pitcher,34.0,122.33333333333333,27.0,23.0,0.16044776119402984,0.07462686567164178,0.14450867052023122,5.52,5.552316076294279,268.0,268.0,5.52,5.52,Los Angeles Dodgers,statsapi,False
mlbam-668834,Easton McGee,2025,MLB,Milwaukee Brewers,pitcher,28.0,14.666666666666666,9.0,0.0,0.20967741935483872,0.0967741935483871,0.08333333333333333,5.52,3.2363636363636363,31.0,31.0,5.52,5.52,Milwaukee Brewers,statsapi,False
mlbam-656234,Jake Bird,2025,MLB,New York Yankees,pitcher,30.0,55.333333333333336,48.0,0.0,0.2661290322580645,0.11693548387096774,0.15217391304347827,5.53,3.8771084337349397,124.0,124.0,5.53,5.53,New York Yankees,statsapi,False
mlbam-641401,Connor Brogdon,2025,MLB,Los Angeles Angels,pitcher,30.0,47.0,43.0,0.0,0.24623115577889448,0.11055276381909548,0.15942028985507245,5.55,5.206382978723404,99.5,99.5,5.55,5.55,Los Angeles Angels,statsapi,False
mlbam-805673,Zebby Matthews,2025,MLB,Minnesota Twins,pitcher,25.0,79.33333333333333,16.0,16.0,0.24858757062146894,0.06779661016949153,0.11428571428571428,5.56,3.7554621848739496,177.0,177.0,5.56,5.56,Minnesota Twins,statsapi,False
mlbam-643338,Chad Green,2025,MLB,Toronto Blue Jays,pitcher,34.0,43.666666666666664,45.0,0.0,0.18421052631578946,0.07894736842105263,0.1891891891891892,5.56,6.695419847328244,95.0,95.0,5.56,5.56,Toronto Blue Jays,statsapi,False
mlbam-666214,Joey Wentz,2025,MLB,Atlanta Braves,pitcher,28.0,98.0,39.0,13.0,0.2081447963800905,0.10407239819004525,0.08943089430894309,5.6,4.0285714285714285,221.0,221.0,5.6,5.6,Atlanta Braves,statsapi,False
mlbam-668984,Casey Legumina,2025,MLB,Seattle Mariners,pitcher,28.0,49.666666666666664,48.0,1.0,0.2511415525114155,0.1232876712328767,0.11290322580645161,5.62,4.3483221476510066,109.5,109.5,5.62,5.62,Seattle Mariners,statsapi,False
mlbam-640455,Sean Manaea,2025,MLB,New York Mets,pitcher,33.0,60.666666666666664,15.0,12.0,0.28517110266159695,0.045627376425855515,0.18309859154929578,5.64,4.352747252747253,131.5,131.5,5.64,5.64,New York Mets,statsapi,False
mlbam-805299,Brandyn Garcia,2025,MLB,Arizona Diamondbacks,pitcher,25.0,14.333333333333334,14.0,0.0,0.21212121212121213,0.12121212121212122,0.0,5.65,3.030232558139535,33.0,33.0,5.65,5.65,Arizona Diamondbacks,statsapi,False
mlbam-687473,Ryan Gusto,2025,MLB,Miami Marlins,pitcher,26.0,101.66666666666667,27.0,17.0,0.2141280353200883,0.07947019867549669,0.1223021582733813,5.67,4.575409836065574,226.5,226.5,5.67,5.67,Miami Marlins,statsapi,False
mlbam-682254,Mason Montgomery,2025,MLB,Tampa Bay Rays,pitcher,25.0,46.0,57.0,0.0,0.3014354066985646,0.1291866028708134,0.16216216216216217,5.67,3.882608695652174,104.5,104.5,5.67,5.67,Tampa Bay Rays,statsapi,False
mlbam-682243,Bryce Miller,2025,MLB,Seattle Mariners,pitcher,27.0,90.33333333333333,18.0,18.0,0.18877551020408162,0.08673469387755102,0.14285714285714285,5.68,5.1369003690036905,196.0,196.0,5.68,5.68,Seattle Mariners,statsapi,False
mlbam-672710,Roansy Contreras,2025,MLB,Colorado Rockies,pitcher,26.0,12.666666666666666,5.0,0.0,0.11764705882352941,0.0392156862745098,0.13636363636363635,5.68,5.942105263157895,25.5,25.5,5.68,5.68,Colorado Rockies,statsapi,False
mlbam-681168,Luis Curvelo,2025,MLB,Texas Rangers,pitcher,25.0,19.0,17.0,0.0,0.23809523809523808,0.13095238095238096,0.10714285714285714,5.68,4.626315789473685,42.0,42.0,5.68,5.68,Texas Rangers,statsapi,False
mlbam-680730,Mitchell Parker,2025,MLB,Washington Nationals,pitcher,26.0,164.66666666666666,33.0,30.0,0.14206896551724138,0.08,0.09765625,5.68,4.952226720647774,362.5,362.5,5.68,5.68,Washington Nationals,statsapi,False
mlbam-663623,Jake Irvin,2025,MLB,Washington Nationals,pitcher,28.0,180.0,33.0,33.0,0.15756035578144853,0.07878017789072427,0.15637860082304528,5.7,5.6,393.5,393.5,5.7,5.7,Washington Nationals,statsapi,False
mlbam-686826,Bryce Jarvis,2025,MLB,Arizona Diamondbacks,pitcher,28.0,22.0,12.0,0.0,0.21428571428571427,0.10204081632653061,0.0967741935483871,5.73,4.463636363636364,49.0,49.0,5.73,5.73,Arizona Diamondbacks,statsapi,False
mlbam-677958,Kumar Rocker,2025,MLB,Texas Rangers,pitcher,26.0,64.33333333333333,14.0,14.0,0.1951219512195122,0.08013937282229965,0.16417910447761194,5.74,4.840932642487047,143.5,143.5,5.74,5.74,Texas Rangers,statsapi,False
mlbam-671131,Jackson Rutledge,2025,MLB,Washington Nationals,pitcher,26.0,73.33333333333333,63.0,0.0,0.19696969696969696,0.07272727272727272,0.16326530612244897,5.77,5.431818181818182,165.0,165.0,5.77,5.77,Washington Nationals,statsapi,False
mlbam-676051,Codi Heuer,2025,MLB,Detroit Tigers,pitcher,29.0,4.666666666666667,3.0,0.0,0.23809523809523808,0.09523809523809523,0.42857142857142855,5.79,10.6,10.5,10.5,5.79,5.79,Detroit Tigers,statsapi,False
mlbam-657240,Julian Merryweather,2025,MLB,Chicago Cubs,pitcher,34.0,18.666666666666668,21.0,0.0,0.17045454545454544,0.14772727272727273,0.1111111111111111,5.79,4.6535714285714285,44.0,44.0,5.79,5.79,Chicago Cubs,statsapi,False
mlbam-686563,Jonathan Cannon,2025,MLB,Chicago White Sox,pitcher,25.0,103.66666666666667,22.0,17.0,0.18454935622317598,0.08369098712446352,0.12666666666666668,5.82,5.096784565916399,233.0,233.0,5.82,5.82,Chicago White Sox,statsapi,False
mlbam-641672,Thomas Hatch,2025,MLB,Minnesota Twins,pitcher,31.0,34.0,12.0,1.0,0.14473684210526316,0.125,0.15555555555555556,5.82,5.982352941176471,76.0,76.0,5.82,5.82,Minnesota Twins,statsapi,False
mlbam-608334,Carson Fulmer,2025,MLB,Los Angeles Angels,pitcher,32.0,29.333333333333332,13.0,0.0,0.21138211382113822,0.08943089430894309,0.13513513513513514,5.83,4.668181818181818,61.5,61.5,5.83,5.83,Los Angeles Angels,statsapi,False
mlbam-450203,Charlie Morton,2025,MLB,Atlanta Braves,pitcher,42.0,142.0,33.0,27.0,0.22782874617737003,0.11314984709480122,0.152317880794702,5.83,4.9239436619718315,327.0,327.0,5.83,5.83,Atlanta Braves,statsapi,False
mlbam-606996,Kyle Hart,2025,MLB,San Diego Padres,pitcher,33.0,43.0,20.0,6.0,0.20670391061452514,0.07262569832402235,0.13432835820895522,5.86,5.1465116279069765,89.5,89.5,5.86,5.86,San Diego Padres,statsapi,False
mlbam-674370,Osvaldo Bido,2025,MLB,Athletics,pitcher,30.0,79.66666666666667,26.0,10.0,0.18732782369146006,0.09917355371900827,0.152,5.87,6.03723849372385,181.5,181.5,5.87,5.87,Athletics,statsapi,False
mlbam-687330,Kevin Kelly,2025,MLB,Tampa Bay Rays,pitcher,28.0,39.666666666666664,41.0,0.0,0.2046783625730994,0.05847953216374269,0.22,5.9,5.621008403361345,85.5,85.5,5.9,5.9,Tampa Bay Rays,statsapi,False
mlbam-680729,Garrett McDaniels,2025,MLB,Los Angeles Angels,pitcher,26.0,10.666666666666666,10.0,0.0,0.12,0.16,0.4,5.91,6.94375,25.0,25.0,5.91,5.91,Los Angeles Angels,statsapi,False
mlbam-676962,Ben Brown,2025,MLB,Chicago Cubs,pitcher,26.0,106.33333333333333,25.0,15.0,0.2563559322033898,0.06779661016949153,0.14634146341463414,5.92,4.040438871473354,236.0,236.0,5.92,5.92,Chicago Cubs,statsapi,False
mlbam-621107,Zach Eflin,2025,MLB,Baltimore Orioles,pitcher,31.0,71.33333333333333,14.0,14.0,0.16181229773462782,0.042071197411003236,0.19148936170212766,5.93,5.609345794392524,154.5,154.5,5.93,5.93,Baltimore Orioles,statsapi,False
mlbam-681962,Vinny Capra,2025,MLB,Chicago White Sox,pitcher,29.0,3.0,3.0,0.0,0.06666666666666667,0.0,0.125,6.0,6.766666666666667,7.5,7.5,6.0,6.0,Chicago White Sox,statsapi,False
mlbam-675540,Xzavion Curry,2025,MLB,Miami Marlins,pitcher,27.0,3.0,3.0,0.0,0.0625,0.1875,0.0,6.0,5.433333333333334,8.0,8.0,6.0,6.0,Miami Marlins,statsapi,False
mlbam-595978,Austin Hedges,2025,MLB,Cleveland Guardians,pitcher,33.0,3.0,3.0,0.0,0.0625,0.0625,0.0,6.0,3.4333333333333336,8.0,8.0,6.0,6.0,Cleveland Guardians,statsapi,False
mlbam-694851,Andrew Hoffmann,2025,MLB,Arizona Diamondbacks,pitcher,25.0,12.0,11.0,0.0,0.19672131147540983,0.16393442622950818,0.1111111111111111,6.0,5.766666666666667,30.5,30.5,6.0,6.0,Arizona Diamondbacks,statsapi,False
mlbam-600917,José Leclerc,2025,MLB,Athletics,pitcher,32.0,9.0,10.0,0.0,0.17391304347826086,0.10869565217391304,0.2,6.0,7.322222222222223,23.0,23.0,6.0,6.0,Athletics,statsapi,False
mlbam-669193,Jack Little,2025,MLB,Los Angeles Dodgers,pitcher,27.0,3.0,2.0,0.0,0.14285714285714285,0.07142857142857142,0.0,6.0,3.7666666666666666,7.0,7.0,6.0,6.0,Los Angeles Dodgers,statsapi,False
mlbam-656686,Corbin Martin,2025,MLB,Baltimore Orioles,pitcher,30.0,18.0,17.0,0.0,0.25842696629213485,0.10112359550561797,0.21052631578947367,6.0,5.266666666666667,44.5,44.5,6.0,6.0,Baltimore Orioles,statsapi,False
mlbam-676801,Chas McCormick,2025,MLB,Houston Astros,pitcher,30.0,3.0,3.0,0.0,0.06666666666666667,0.13333333333333333,0.0,6.0,6.433333333333334,7.5,7.5,6.0,6.0,Houston Astros,statsapi,False
mlbam-681799,Ethan Roberts,2025,MLB,Chicago Cubs,pitcher,28.0,9.0,10.0,0.0,0.15384615384615385,0.05128205128205128,0.1875,6.0,7.1,19.5,19.5,6.0,6.0,Chicago Cubs,statsapi,False
mlbam-605400,Aaron Nola,2025,MLB,Philadelphia Phillies,pitcher,32.0,94.33333333333333,17.0,17.0,0.2400990099009901,0.06930693069306931,0.16981132075471697,6.01,4.541696113074205,202.0,202.0,6.01,6.01,Philadelphia Phillies,statsapi,False
mlbam-676961,Caleb Boushley,2025,MLB,Texas Rangers,pitcher,32.0,43.333333333333336,25.0,1.0,0.21243523316062177,0.07772020725388601,0.10869565217391304,6.02,3.8153846153846156,96.5,96.5,6.02,6.02,Texas Rangers,statsapi,False
mlbam-615698,Cal Quantrill,2025,MLB,Atlanta Braves,pitcher,30.0,117.66666666666667,26.0,26.0,0.16569200779727095,0.0682261208576998,0.12359550561797752,6.04,5.105665722379603,256.5,256.5,6.04,6.04,Atlanta Braves,statsapi,False
mlbam-670102,Bowden Francis,2025,MLB,Toronto Blue Jays,pitcher,29.0,64.0,14.0,14.0,0.1875,0.09375,0.19387755102040816,6.05,6.81875,144.0,144.0,6.05,6.05,Toronto Blue Jays,statsapi,False
mlbam-801139,Payton Tolle,2025,MLB,Boston Red Sox,pitcher,23.0,16.333333333333332,7.0,3.0,0.25675675675675674,0.10810810810810811,0.21739130434782608,6.06,6.222448979591837,37.0,37.0,6.06,6.06,Boston Red Sox,statsapi,False
mlbam-686228,Juan Burgos,2025,MLB,Arizona Diamondbacks,pitcher,26.0,13.333333333333334,13.0,0.0,0.2153846153846154,0.13846153846153847,0.13333333333333333,6.08,4.975,32.5,32.5,6.08,6.08,Arizona Diamondbacks,statsapi,False
mlbam-686730,Carson Spiers,2025,MLB,Cincinnati Reds,pitcher,28.0,13.333333333333334,3.0,2.0,0.18333333333333332,0.11666666666666667,0.15,6.08,6.175,30.0,30.0,6.08,6.08,Cincinnati Reds,statsapi,False
mlbam-518397,Scott Alexander,2025,MLB,San Francisco Giants,pitcher,36.0,17.666666666666668,21.0,0.0,0.09876543209876543,0.1111111111111111,0.2631578947368421,6.11,7.571698113207548,40.5,40.5,6.11,6.11,San Francisco Giants,statsapi,False
mlbam-623433,Nick Anderson,2025,MLB,Colorado Rockies,pitcher,35.0,14.666666666666666,12.0,0.0,0.16393442622950818,0.03278688524590164,0.15789473684210525,6.14,4.804545454545455,30.5,30.5,6.14,6.14,Colorado Rockies,statsapi,False
mlbam-691172,Yosver Zulueta,2025,MLB,Cincinnati Reds,pitcher,27.0,7.333333333333333,7.0,0.0,0.15625,0.125,0.08333333333333333,6.14,5.1454545454545455,16.0,16.0,6.14,6.14,Cincinnati Reds,statsapi,False
mlbam-696147,Sam Bachman,2025,MLB,Los Angeles Angels,pitcher,26.0,20.333333333333332,23.0,0.0,0.19148936170212766,0.10638297872340426,0.0625,6.2,3.591803278688525,47.0,47.0,6.2,6.2,Los Angeles Angels,statsapi,False
mlbam-621199,Matt Bowman,2025,MLB,Baltimore Orioles,pitcher,34.0,24.666666666666668,20.0,0.0,0.15789473684210525,0.05263157894736842,0.10810810810810811,6.2,4.721621621621622,57.0,57.0,6.2,6.2,Baltimore Orioles,statsapi,False
mlbam-592866,Trevor Williams,2025,MLB,Washington Nationals,pitcher,33.0,82.66666666666667,17.0,17.0,0.1742627345844504,0.05630026809651475,0.08943089430894309,6.21,4.091935483870968,186.5,186.5,6.21,6.21,Washington Nationals,statsapi,False
mlbam-660896,Jorge Alcala,2025,MLB,St. Louis Cardinals,pitcher,30.0,55.0,56.0,0.0,0.23735408560311283,0.12062256809338522,0.16883116883116883,6.22,5.6454545454545455,128.5,128.5,6.22,6.22,St. Louis Cardinals,statsapi,False
mlbam-690953,Mick Abel,2025,MLB,Minnesota Twins,pitcher,24.0,39.0,10.0,8.0,0.22413793103448276,0.09195402298850575,0.15384615384615385,6.23,5.074358974358974,87.0,87.0,6.23,6.23,Minnesota Twins,statsapi,False
mlbam-621112,Paul Blackburn,2025,MLB,New York Yankees,pitcher,32.0,39.0,15.0,4.0,0.19428571428571428,0.06857142857142857,0.1276595744680851,6.23,4.356410256410257,87.5,87.5,6.23,6.23,New York Yankees,statsapi,False
mlbam-672578,Carlos Hernández,2025,MLB,Cleveland Guardians,pitcher,28.0,43.333333333333336,41.0,0.0,0.1921182266009852,0.11330049261083744,0.06349206349206349,6.23,4.161538461538462,101.5,101.5,6.23,6.23,Cleveland Guardians,statsapi,False
mlbam-690829,Ben Joyce,2025,MLB,Los Angeles Angels,pitcher,25.0,4.333333333333333,5.0,0.0,0.05,0.05,0.14285714285714285,6.23,6.330769230769231,10.0,10.0,6.23,6.23,Los Angeles Angels,statsapi,False
mlbam-573186,Marcus Stroman,2025,MLB,New York Yankees,pitcher,34.0,39.0,9.0,9.0,0.14857142857142858,0.09142857142857143,0.12244897959183673,6.23,5.151282051282051,87.5,87.5,6.23,6.23,New York Yankees,statsapi,False
mlbam-687064,Brandon Young,2025,MLB,Baltimore Orioles,pitcher,27.0,57.666666666666664,12.0,12.0,0.18359375,0.0859375,0.17391304347826086,6.24,5.319653179190752,128.0,128.0,6.24,6.24,Baltimore Orioles,statsapi,False
mlbam-687863,Porter Hodge,2025,MLB,Chicago Cubs,pitcher,24.0,33.0,36.0,0.0,0.272108843537415,0.1292517006802721,0.21951219512195122,6.27,5.857575757575757,73.5,73.5,6.27,6.27,Chicago Cubs,statsapi,False
mlbam-700669,Gordon Graceffo,2025,MLB,St. Louis Cardinals,pitcher,25.0,43.0,26.0,0.0,0.20725388601036268,0.06735751295336788,0.044444444444444446,6.28,2.890697674418605,96.5,96.5,6.28,6.28,St. Louis Cardinals,statsapi,False
mlbam-696136,Jordan Wicks,2025,MLB,Chicago Cubs,pitcher,26.0,14.333333333333334,8.0,0.0,0.19402985074626866,0.014925373134328358,0.10526315789473684,6.28,3.3093023255813954,33.5,33.5,6.28,6.28,Chicago Cubs,statsapi,False
mlbam-593423,Frankie Montas,2025,MLB,New York Mets,pitcher,32.0,38.666666666666664,9.0,7.0,0.1797752808988764,0.07865168539325842,0.14814814814814814,6.28,5.298275862068966,89.0,89.0,6.28,6.28,New York Mets,statsapi,False
mlbam-641482,Nestor Cortes,2025,MLB,San Diego Padres,pitcher,31.0,34.333333333333336,8.0,8.0,0.18471337579617833,0.12738853503184713,0.22807017543859648,6.29,8.255339805825242,78.5,78.5,6.29,6.29,San Diego Padres,statsapi,False
mlbam-685299,Tanner Gordon,2025,MLB,Colorado Rockies,pitcher,28.0,75.33333333333333,15.0,15.0,0.18397626112759644,0.050445103857566766,0.1509433962264151,6.33,5.011504424778761,168.5,168.5,6.33,6.33,Colorado Rockies,statsapi,False
mlbam-669422,Matt Sauer,2025,MLB,Los Angeles Dodgers,pitcher,26.0,29.666666666666668,10.0,1.0,0.18604651162790697,0.06201550387596899,0.17142857142857143,6.37,5.12247191011236,64.5,64.5,6.37,6.37,Los Angeles Dodgers,statsapi,False
mlbam-678906,Kai-Wei Teng,2025,MLB,San Francisco Giants,pitcher,27.0,29.666666666666668,8.0,7.0,0.2805755395683453,0.1223021582733813,0.06896551724137931,6.37,3.7741573033707865,69.5,69.5,6.37,6.37,San Francisco Giants,statsapi,False
mlbam-594580,Sam Moll,2025,MLB,Cincinnati Reds,pitcher,33.0,18.333333333333332,23.0,0.0,0.2716049382716049,0.12345679012345678,0.17391304347826086,6.38,5.172727272727273,40.5,40.5,6.38,6.38,Cincinnati Reds,statsapi,False
mlbam-702674,Caden Dana,2025,MLB,Los Angeles Angels,pitcher,22.0,32.333333333333336,7.0,5.0,0.23404255319148937,0.1276595744680851,0.24324324324324326,6.4,6.4402061855670105,70.5,70.5,6.4,6.4,Los Angeles Angels,statsapi,False
mlbam-680684,Gunnar Hoglund,2025,MLB,Athletics,pitcher,26.0,32.333333333333336,6.0,6.0,0.16546762589928057,0.07913669064748201,0.2127659574468085,6.4,6.718556701030927,69.5,69.5,6.4,6.4,Athletics,statsapi,False
mlbam-663765,Jake Woodford,2025,MLB,Arizona Diamondbacks,pitcher,29.0,36.333333333333336,22.0,0.0,0.13529411764705881,0.08235294117647059,0.06818181818181818,6.44,4.228440366972477,85.0,85.0,6.44,6.44,Arizona Diamondbacks,statsapi,False
mlbam-621121,Lance McCullers Jr.,2025,MLB,Houston Astros,pitcher,32.0,55.333333333333336,16.0,13.0,0.22262773722627738,0.14233576642335766,0.1724137931034483,6.51,5.73855421686747,137.0,137.0,6.51,6.51,Houston Astros,statsapi,False
mlbam-692230,Carlos Rodriguez,2025,MLB,Milwaukee Brewers,pitcher,24.0,9.666666666666666,4.0,0.0,0.22,0.18,0.07692307692307693,6.52,4.962068965517242,25.0,25.0,6.52,6.52,Milwaukee Brewers,statsapi,False
mlbam-801403,Chase Dollander,2025,MLB,Colorado Rockies,pitcher,24.0,98.0,21.0,21.0,0.18594104308390022,0.1111111111111111,0.14754098360655737,6.52,5.497959183673469,220.5,220.5,6.52,6.52,Colorado Rockies,statsapi,False
mlbam-650893,Génesis Cabrera,2025,MLB,Minnesota Twins,pitcher,29.0,42.666666666666664,40.0,0.0,0.18716577540106952,0.10160427807486631,0.2033898305084746,6.54,6.521875,93.5,93.5,6.54,6.54,Minnesota Twins,statsapi,False
mlbam-689225,Beau Brieske,2025,MLB,Detroit Tigers,pitcher,27.0,22.0,22.0,1.0,0.1553398058252427,0.1262135922330097,0.14285714285714285,6.55,6.236363636363636,51.5,51.5,6.55,6.55,Detroit Tigers,statsapi,False
mlbam-605347,Jorge López,2025,MLB,Washington Nationals,pitcher,32.0,24.666666666666668,26.0,0.0,0.16037735849056603,0.0660377358490566,0.037037037037037035,6.57,3.464864864864865,53.0,53.0,6.57,6.57,Washington Nationals,statsapi,False
mlbam-521230,Liam Hendriks,2025,MLB,Boston Red Sox,pitcher,36.0,13.666666666666666,14.0,0.0,0.2033898305084746,0.11864406779661017,0.09523809523809523,6.59,5.002439024390244,29.5,29.5,6.59,6.59,Boston Red Sox,statsapi,False
mlbam-688642,Zach Agnos,2025,MLB,Colorado Rockies,pitcher,25.0,31.333333333333332,30.0,0.0,0.13768115942028986,0.12318840579710146,0.11904761904761904,6.61,5.589361702127659,69.0,69.0,6.61,6.61,Colorado Rockies,statsapi,False
mlbam-622608,Antonio Senzatela,2025,MLB,Colorado Rockies,pitcher,30.0,130.0,30.0,23.0,0.11812297734627832,0.07928802588996764,0.13664596273291926,6.65,5.446153846153846,309.0,309.0,6.65,6.65,Colorado Rockies,statsapi,False
mlbam-669060,Bryse Wilson,2025,MLB,Chicago White Sox,pitcher,28.0,47.333333333333336,20.0,5.0,0.125,0.08482142857142858,0.13924050632911392,6.65,6.269014084507042,112.0,112.0,6.65,6.65,Chicago White Sox,statsapi,False
mlbam-815083,Mitch Farris,2025,MLB,Los Angeles Angels,pitcher,24.0,24.333333333333332,5.0,5.0,0.22429906542056074,0.102803738317757,0.10526315789473684,6.66,4.743835616438356,53.5,53.5,6.66,6.66,Los Angeles Angels,statsapi,False
mlbam-687922,Easton Lucas,2025,MLB,Toronto Blue Jays,pitcher,29.0,24.333333333333332,6.0,5.0,0.21296296296296297,0.1111111111111111,0.15151515151515152,6.66,5.36027397260274,54.0,54.0,6.66,6.66,Toronto Blue Jays,statsapi,False
mlbam-608566,Germán Márquez,2025,MLB,Colorado Rockies,pitcher,30.0,126.33333333333333,26.0,26.0,0.1404399323181049,0.0829103214890017,0.12234042553191489,6.7,5.435092348284961,295.5,295.5,6.7,6.7,Colorado Rockies,statsapi,False
mlbam-696131,Mason Black,2025,MLB,San Francisco Giants,pitcher,26.0,4.0,1.0,0.0,0.2631578947368421,0.0,0.3333333333333333,6.75,7.1,9.5,9.5,6.75,6.75,San Francisco Giants,statsapi,False
mlbam-664351,Luis Contreras,2025,MLB,Houston Astros,pitcher,29.0,12.0,9.0,0.0,0.24074074074074073,0.14814814814814814,0.1111111111111111,6.75,5.1,27.0,27.0,6.75,6.75,Houston Astros,statsapi,False
mlbam-543518,Scott McGough,2025,MLB,Athletics,pitcher,36.0,16.0,13.0,0.0,0.21333333333333335,0.09333333333333334,0.15384615384615385,6.75,5.85,37.5,37.5,6.75,6.75,Athletics,statsapi,False
mlbam-489119,Wade Miley,2025,MLB,Cincinnati Reds,pitcher,39.0,12.0,3.0,2.0,0.12727272727272726,0.10909090909090909,0.1875,6.75,6.933333333333334,27.5,27.5,6.75,6.75,Cincinnati Reds,statsapi,False
mlbam-663558,Jovani Morán,2025,MLB,Boston Red Sox,pitcher,28.0,4.0,2.0,0.0,0.25,0.15,0.0,6.75,2.85,10.0,10.0,6.75,6.75,Boston Red Sox,statsapi,False
mlbam-593576,Héctor Neris,2025,MLB,Houston Astros,pitcher,36.0,26.666666666666668,35.0,0.0,0.28225806451612906,0.13709677419354838,0.18181818181818182,6.75,5.3125,62.0,62.0,6.75,6.75,Houston Astros,statsapi,False
mlbam-621028,Kevin Newman,2025,MLB,Los Angeles Angels,pitcher,32.0,4.0,2.0,0.0,0.0,0.0,0.15384615384615385,6.75,9.6,8.0,8.0,6.75,6.75,Los Angeles Angels,statsapi,False
mlbam-665625,Elvis Peguero,2025,MLB,Chicago White Sox,pitcher,28.0,9.333333333333334,8.0,1.0,0.1702127659574468,0.1276595744680851,0.09090909090909091,6.75,5.0285714285714285,23.5,23.5,6.75,6.75,Chicago White Sox,statsapi,False
mlbam-680701,John Rooney,2025,MLB,Houston Astros,pitcher,28.0,1.3333333333333333,1.0,0.0,0.3333333333333333,0.16666666666666666,0.5,6.75,12.1,3.0,3.0,6.75,6.75,Houston Astros,statsapi,False
mlbam-686799,Jack Kochanowicz,2025,MLB,Los Angeles Angels,pitcher,25.0,111.0,23.0,23.0,0.140625,0.12109375,0.17647058823529413,6.81,6.018918918918919,256.0,256.0,6.81,6.81,Los Angeles Angels,statsapi,False
mlbam-606303,Joel Payamps,2025,MLB,Atlanta Braves,pitcher,31.0,26.333333333333332,30.0,0.0,0.20512820512820512,0.08547008547008547,0.11428571428571428,6.84,4.5050632911392405,58.5,58.5,6.84,6.84,Atlanta Braves,statsapi,False
mlbam-686930,Mason Barnett,2025,MLB,Athletics,pitcher,25.0,22.333333333333332,5.0,5.0,0.17307692307692307,0.10576923076923077,0.09090909090909091,6.85,4.846268656716418,52.0,52.0,6.85,6.85,Athletics,statsapi,False
mlbam-519008,T.J. McFarland,2025,MLB,Athletics,pitcher,36.0,15.666666666666666,27.0,0.0,0.0945945945945946,0.04054054054054054,0.13333333333333333,6.89,4.631914893617021,37.0,37.0,6.89,6.89,Athletics,statsapi,False
mlbam-663855,Jordan Hicks,2025,MLB,Boston Red Sox,pitcher,29.0,67.33333333333333,34.0,9.0,0.18471337579617833,0.10509554140127389,0.11764705882352941,6.95,4.317821782178218,157.0,157.0,6.95,6.95,Boston Red Sox,statsapi,False
mlbam-641540,Dane Dunning,2025,MLB,Atlanta Braves,pitcher,31.0,20.666666666666668,12.0,0.0,0.22105263157894736,0.08421052631578947,0.16666666666666666,6.97,5.035483870967742,47.5,47.5,6.97,6.97,Atlanta Braves,statsapi,False
mlbam-829272,Shinnosuke Ogasawara,2025,MLB,Washington Nationals,pitcher,28.0,38.666666666666664,23.0,2.0,0.17341040462427745,0.09826589595375723,0.16363636363636364,6.98,6.125862068965517,86.5,86.5,6.98,6.98,Washington Nationals,statsapi,False
mlbam-670059,Colin Holderman,2025,MLB,Pittsburgh Pirates,pitcher,30.0,25.666666666666668,24.0,0.0,0.144,0.136,0.15384615384615385,7.01,5.827272727272727,62.5,62.5,7.01,7.01,Pittsburgh Pirates,statsapi,False
mlbam-669020,Ryan Rolison,2025,MLB,Colorado Rockies,pitcher,28.0,42.333333333333336,31.0,1.0,0.12953367875647667,0.10362694300518134,0.22448979591836735,7.02,6.714173228346457,96.5,96.5,7.02,7.02,Colorado Rockies,statsapi,False
mlbam-687377,Orlando Ribalta,2025,MLB,Washington Nationals,pitcher,27.0,24.333333333333332,22.0,0.0,0.20833333333333334,0.14166666666666666,0.16666666666666666,7.03,6.46986301369863,60.0,60.0,7.03,7.03,Washington Nationals,statsapi,False
mlbam-663462,Isaiah Campbell,2025,MLB,Boston Red Sox,pitcher,28.0,7.666666666666667,6.0,0.0,0.08571428571428572,0.02857142857142857,0.2,7.04,4.7956521739130435,17.5,17.5,7.04,7.04,Boston Red Sox,statsapi,False
mlbam-683409,Angel Chivilli,2025,MLB,Colorado Rockies,pitcher,23.0,58.666666666666664,43.0,0.0,0.15636363636363637,0.08727272727272728,0.20967741935483872,7.06,5.997727272727273,137.5,137.5,7.06,7.06,Colorado Rockies,statsapi,False
mlbam-471911,Carlos Carrasco,2025,MLB,Atlanta Braves,pitcher,38.0,45.666666666666664,11.0,9.0,0.16037735849056603,0.08018867924528301,0.15151515151515152,7.09,5.574452554744526,106.0,106.0,7.09,7.09,Atlanta Braves,statsapi,False
mlbam-674384,Eduarniel Núñez,2025,MLB,Athletics,pitcher,26.0,12.666666666666666,10.0,0.0,0.18333333333333332,0.18333333333333332,0.10526315789473684,7.11,6.731578947368421,30.0,30.0,7.11,7.11,Athletics,statsapi,False
mlbam-605513,Spencer Turnbull,2025,MLB,Toronto Blue Jays,pitcher,33.0,6.333333333333333,3.0,1.0,0.12121212121212122,0.12121212121212122,0.14285714285714285,7.11,5.784210526315789,16.5,16.5,7.11,7.11,Toronto Blue Jays,statsapi,False
mlbam-608665,Kendall Graveman,2025,MLB,Arizona Diamondbacks,pitcher,35.0,17.666666666666668,19.0,0.0,0.10975609756097561,0.14634146341463414,0.1111111111111111,7.13,5.760377358490565,41.0,41.0,7.13,7.13,Arizona Diamondbacks,statsapi,False
mlbam-687830,Sawyer Gipson-Long,2025,MLB,Detroit Tigers,pitcher,28.0,31.333333333333332,8.0,3.0,0.19548872180451127,0.045112781954887216,0.18181818181818182,7.18,5.525531914893618,66.5,66.5,7.18,7.18,Detroit Tigers,statsapi,False
mlbam-677020,Josh Walker,2025,MLB,Toronto Blue Jays,pitcher,31.0,5.0,3.0,0.0,0.32,0.08,0.0,7.2,1.7000000000000002,12.5,12.5,7.2,7.2,Toronto Blue Jays,statsapi,False
mlbam-683627,Anthony Molina,2025,MLB,Colorado Rockies,pitcher,23.0,34.666666666666664,17.0,1.0,0.15,0.0375,0.24,7.27,6.907692307692308,80.0,80.0,7.27,7.27,Colorado Rockies,statsapi,False
mlbam-684974,Craig Yoho,2025,MLB,Milwaukee Brewers,pitcher,26.0,8.666666666666666,8.0,0.0,0.17073170731707318,0.21951219512195122,0.1111111111111111,7.27,6.446153846153846,20.5,20.5,7.27,7.27,Milwaukee Brewers,statsapi,False
mlbam-681006,Josh Simpson,2025,MLB,Miami Marlins,pitcher,28.0,30.666666666666668,31.0,0.0,0.23841059602649006,0.15894039735099338,0.18518518518518517,7.34,5.317391304347826,75.5,75.5,7.34,7.34,Miami Marlins,statsapi,False
mlbam-542932,Jon Berti,2025,MLB,Chicago Cubs,pitcher,35.0,3.6666666666666665,4.0,0.0,0.0,0.21052631578947367,0.0,7.36,6.372727272727273,9.5,9.5,7.36,7.36,Chicago Cubs,statsapi,False
mlbam-685326,McCade Brown,2025,MLB,Colorado Rockies,pitcher,25.0,25.666666666666668,7.0,7.0,0.18253968253968253,0.1349206349206349,0.16666666666666666,7.36,6.918181818181818,63.0,63.0,7.36,7.36,Colorado Rockies,statsapi,False
mlbam-656464,Kevin Ginkel,2025,MLB,Arizona Diamondbacks,pitcher,31.0,25.666666666666668,29.0,0.0,0.2396694214876033,0.10743801652892562,0.0625,7.36,3.6064935064935066,60.5,60.5,7.36,7.36,Arizona Diamondbacks,statsapi,False
mlbam-696270,Ryan Johnson,2025,MLB,Los Angeles Angels,pitcher,23.0,14.666666666666666,14.0,0.0,0.2222222222222222,0.08333333333333333,0.23529411764705882,7.36,5.486363636363636,36.0,36.0,7.36,7.36,Los Angeles Angels,statsapi,False
mlbam-682989,Victor Mederos,2025,MLB,Los Angeles Angels,pitcher,24.0,17.0,5.0,3.0,0.1728395061728395,0.14814814814814814,0.16666666666666666,7.41,7.158823529411764,40.5,40.5,7.41,7.41,Los Angeles Angels,statsapi,False
mlbam-642048,Tayler Saucedo,2025,MLB,Seattle Mariners,pitcher,32.0,13.333333333333334,10.0,0.0,0.18181818181818182,0.09090909090909091,0.15384615384615385,7.43,4.825,33.0,33.0,7.43,7.43,Seattle Mariners,statsapi,False
mlbam-690382,Michael Darrell-Hicks,2025,MLB,Pittsburgh Pirates,pitcher,28.0,9.666666666666666,7.0,0.0,0.18604651162790697,0.09302325581395349,0.07142857142857142,7.45,4.341379310344828,21.5,21.5,7.45,7.45,Pittsburgh Pirates,statsapi,False
mlbam-701519,Travis Adams,2025,MLB,Minnesota Twins,pitcher,25.0,33.666666666666664,18.0,2.0,0.1962025316455696,0.10759493670886076,0.125,7.49,5.357425742574257,79.0,79.0,7.49,7.49,Minnesota Twins,statsapi,False
mlbam-596295,Austin Gomber,2025,MLB,Colorado Rockies,pitcher,32.0,57.666666666666664,12.0,12.0,0.125,0.0625,0.16,7.49,6.464161849710983,136.0,136.0,7.49,7.49,Colorado Rockies,statsapi,False
mlbam-612434,Miguel Castro,2025,MLB,Chicago White Sox,pitcher,31.0,6.0,6.0,0.0,0.14285714285714285,0.17857142857142858,0.125,7.5,6.933333333333334,14.0,14.0,7.5,7.5,Chicago White Sox,statsapi,False
mlbam-621139,Brooks Kriske,2025,MLB,Minnesota Twins,pitcher,31.0,18.0,16.0,0.0,0.20454545454545456,0.18181818181818182,0.05263157894736842,7.5,4.322222222222223,44.0,44.0,7.5,7.5,Minnesota Twins,statsapi,False
mlbam-669145,Bruce Zimmermann,2025,MLB,Milwaukee Brewers,pitcher,30.0,6.0,1.0,1.0,0.03571428571428571,0.07142857142857142,0.2222222222222222,7.5,8.1,14.0,14.0,7.5,7.5,Milwaukee Brewers,statsapi,False
mlbam-671111,Sammy Peralta,2025,MLB,Los Angeles Angels,pitcher,27.0,10.666666666666666,5.0,0.0,0.15384615384615385,0.17307692307692307,0.0,7.59,3.2875,26.0,26.0,7.59,7.59,Los Angeles Angels,statsapi,False
mlbam-605154,John Brebbia,2025,MLB,Atlanta Braves,pitcher,35.0,23.333333333333332,22.0,0.0,0.22608695652173913,0.10434782608695652,0.14705882352941177,7.71,5.714285714285714,57.5,57.5,7.71,7.71,Atlanta Braves,statsapi,False
mlbam-622379,Luis F. Castillo,2025,MLB,Seattle Mariners,pitcher,30.0,7.0,2.0,2.0,0.12195121951219512,0.17073170731707318,0.0,7.71,4.671428571428572,20.5,20.5,7.71,7.71,Seattle Mariners,statsapi,False
mlbam-681676,Ryan Fernandez,2025,MLB,St. Louis Cardinals,pitcher,27.0,30.333333333333332,32.0,0.0,0.24285714285714285,0.12857142857142856,0.17647058823529413,7.71,5.110989010989011,70.0,70.0,7.71,7.71,St. Louis Cardinals,statsapi,False
mlbam-592351,Jon Gray,2025,MLB,Texas Rangers,pitcher,34.0,14.0,6.0,0.0,0.19047619047619047,0.09523809523809523,0.16666666666666666,7.71,7.314285714285715,31.5,31.5,7.71,7.71,Texas Rangers,statsapi,False
mlbam-673820,Robinson Piña,2025,MLB,Toronto Blue Jays,pitcher,27.0,2.3333333333333335,2.0,0.0,0.07142857142857142,0.07142857142857142,0.2,7.71,9.1,7.0,7.0,7.71,7.71,Toronto Blue Jays,statsapi,False
mlbam-608717,Chris Stratton,2025,MLB,Los Angeles Dodgers,pitcher,35.0,21.0,15.0,0.0,0.21153846153846154,0.09615384615384616,0.19047619047619047,7.71,4.90952380952381,52.0,52.0,7.71,7.71,Los Angeles Dodgers,statsapi,False
mlbam-804636,Jonah Tong,2025,MLB,New York Mets,pitcher,22.0,18.666666666666668,5.0,5.0,0.25287356321839083,0.10344827586206896,0.13043478260869565,7.71,4.2785714285714285,43.5,43.5,7.71,7.71,New York Mets,statsapi,False
mlbam-664353,José Urquidy,2025,MLB,Detroit Tigers,pitcher,30.0,2.3333333333333335,2.0,0.0,0.21428571428571427,0.21428571428571427,0.0,7.71,4.385714285714286,7.0,7.0,7.71,7.71,Detroit Tigers,statsapi,False
mlbam-663362,Matt Waldron,2025,MLB,San Diego Padres,pitcher,29.0,4.666666666666667,1.0,1.0,0.12,0.24,0.16666666666666666,7.71,8.457142857142857,12.5,12.5,7.71,7.71,San Diego Padres,statsapi,False
mlbam-663546,Sean Hjelle,2025,MLB,San Francisco Giants,pitcher,28.0,15.0,12.0,1.0,0.1506849315068493,0.1506849315068493,0.125,7.8,5.166666666666667,36.5,36.5,7.8,7.8,San Francisco Giants,statsapi,False
mlbam-682171,Penn Murfee,2025,MLB,Chicago White Sox,pitcher,31.0,12.666666666666666,15.0,0.0,0.20634920634920634,0.07936507936507936,0.16666666666666666,7.82,5.5473684210526315,31.5,31.5,7.82,7.82,Chicago White Sox,statsapi,False
mlbam-688297,Chris Roycroft,2025,MLB,St. Louis Cardinals,pitcher,28.0,20.666666666666668,20.0,0.0,0.1485148514851485,0.12871287128712872,0.08333333333333333,7.84,4.793548387096774,50.5,50.5,7.84,7.84,St. Louis Cardinals,statsapi,False
mlbam-628317,Kenta Maeda,2025,MLB,Detroit Tigers,pitcher,37.0,8.0,7.0,0.0,0.18604651162790697,0.13953488372093023,0.1111111111111111,7.88,6.1,21.5,21.5,7.88,7.88,Detroit Tigers,statsapi,False
mlbam-691951,Sam Aldegheri,2025,MLB,Los Angeles Angels,pitcher,24.0,13.666666666666666,4.0,2.0,0.1643835616438356,0.136986301369863,0.17647058823529413,7.9,7.270731707317074,36.5,36.5,7.9,7.9,Los Angeles Angels,statsapi,False
mlbam-605463,Tayler Scott,2025,MLB,Houston Astros,pitcher,33.0,27.333333333333332,24.0,0.0,0.1791044776119403,0.13432835820895522,0.16666666666666666,7.9,6.282926829268293,67.0,67.0,7.9,7.9,Houston Astros,statsapi,False
mlbam-605182,Mike Clevinger,2025,MLB,Chicago White Sox,pitcher,35.0,5.666666666666667,8.0,0.0,0.0967741935483871,0.25806451612903225,0.0,7.94,6.276470588235294,15.5,15.5,7.94,7.94,Chicago White Sox,statsapi,False
mlbam-670950,Trevor Richards,2025,MLB,Arizona Diamondbacks,pitcher,32.0,5.666666666666667,5.0,0.0,0.1724137931034483,0.06896551724137931,0.0,7.94,2.394117647058824,14.5,14.5,7.94,7.94,Arizona Diamondbacks,statsapi,False
mlbam-656557,Tanner Houck,2025,MLB,Boston Red Sox,pitcher,29.0,43.666666666666664,9.0,9.0,0.15763546798029557,0.08374384236453201,0.20833333333333334,8.04,6.122900763358778,101.5,101.5,8.04,8.04,Boston Red Sox,statsapi,False
mlbam-694363,Jared Shuster,2025,MLB,Chicago White Sox,pitcher,27.0,15.666666666666666,12.0,2.0,0.14634146341463414,0.08536585365853659,0.0,8.04,2.9085106382978725,41.0,41.0,8.04,8.04,Chicago White Sox,statsapi,False
mlbam-656257,Jeff Brigham,2025,MLB,Arizona Diamondbacks,pitcher,33.0,3.3333333333333335,4.0,0.0,0.16666666666666666,0.05555555555555555,0.2,8.1,6.1,9.0,9.0,8.1,8.1,Arizona Diamondbacks,statsapi,False
mlbam-676742,Cam Sanders,2025,MLB,Pittsburgh Pirates,pitcher,29.0,6.666666666666667,6.0,0.0,0.11764705882352941,0.14705882352941177,0.14285714285714285,8.1,8.05,17.0,17.0,8.1,8.1,Pittsburgh Pirates,statsapi,False
mlbam-664747,Alexis Díaz,2025,MLB,Atlanta Braves,pitcher,29.0,17.666666666666668,18.0,0.0,0.2,0.1411764705882353,0.21428571428571427,8.15,8.477358490566038,42.5,42.5,8.15,8.15,Atlanta Braves,statsapi,False
mlbam-682610,Roddery Muñoz,2025,MLB,St. Louis Cardinals,pitcher,25.0,11.0,9.0,0.0,0.27450980392156865,0.17647058823529413,0.25,8.18,7.736363636363636,25.5,25.5,8.18,8.18,St. Louis Cardinals,statsapi,False
mlbam-605447,Jordan Romano,2025,MLB,Philadelphia Phillies,pitcher,32.0,42.666666666666664,49.0,0.0,0.25133689839572193,0.0962566844919786,0.18867924528301888,8.23,5.35,93.5,93.5,8.23,8.23,Philadelphia Phillies,statsapi,False
mlbam-672335,Cionel Pérez,2025,MLB,Baltimore Orioles,pitcher,29.0,21.666666666666668,19.0,0.0,0.19090909090909092,0.17272727272727273,0.2,8.31,5.730769230769231,55.0,55.0,8.31,8.31,Baltimore Orioles,statsapi,False
mlbam-666277,George Soriano,2025,MLB,Miami Marlins,pitcher,26.0,36.666666666666664,24.0,0.0,0.20809248554913296,0.11560693641618497,0.23809523809523808,8.35,6.4,86.5,86.5,8.35,8.35,Miami Marlins,statsapi,False
mlbam-674285,Eduardo Salazar,2025,MLB,Washington Nationals,pitcher,27.0,29.0,30.0,0.0,0.15333333333333332,0.10666666666666667,0.22580645161290322,8.38,6.410344827586207,75.0,75.0,8.38,8.38,Washington Nationals,statsapi,False
mlbam-664123,Scott Effross,2025,MLB,New York Yankees,pitcher,32.0,10.666666666666666,11.0,0.0,0.11764705882352941,0.0784313725490196,0.09090909090909091,8.44,4.0375,25.5,25.5,8.44,8.44,New York Yankees,statsapi,False
mlbam-663992,Richard Lovelady,2025,MLB,New York Mets,pitcher,30.0,11.666666666666666,10.0,0.0,0.21052631578947367,0.10526315789473684,0.3,8.49,6.957142857142857,28.5,28.5,8.49,8.49,New York Mets,statsapi,False
mlbam-681751,Lazaro Estrada,2025,MLB,Toronto Blue Jays,pitcher,26.0,7.333333333333333,2.0,0.0,0.2857142857142857,0.02857142857142857,0.25,8.59,5.1454545454545455,17.5,17.5,8.59,8.59,Toronto Blue Jays,statsapi,False
mlbam-687362,Connor Gillispie,2025,MLB,Miami Marlins,pitcher,28.0,26.0,6.0,6.0,0.18699186991869918,0.08943089430894309,0.16216216216216217,8.65,5.7153846153846155,61.5,61.5,8.65,8.65,Miami Marlins,statsapi,False
mlbam-642216,Allan Winans,2025,MLB,New York Yankees,pitcher,30.0,9.333333333333334,3.0,1.0,0.13043478260869565,0.06521739130434782,0.14285714285714285,8.68,6.207142857142857,23.0,23.0,8.68,8.68,New York Yankees,statsapi,False
mlbam-691251,Andry Lara,2025,MLB,Washington Nationals,pitcher,22.0,14.333333333333334,9.0,0.0,0.1282051282051282,0.10256410256410256,0.14285714285714285,8.79,5.402325581395349,39.0,39.0,8.79,8.79,Washington Nationals,statsapi,False
mlbam-614179,José Ruiz,2025,MLB,Atlanta Braves,pitcher,31.0,16.333333333333332,18.0,0.0,0.189873417721519,0.11392405063291139,0.15,8.82,5.3040816326530615,39.5,39.5,8.82,8.82,Atlanta Braves,statsapi,False
mlbam-680735,Austin Cox,2025,MLB,Atlanta Braves,pitcher,28.0,21.333333333333332,13.0,1.0,0.21568627450980393,0.06862745098039216,0.2903225806451613,8.86,7.50625,51.0,51.0,8.86,8.86,Atlanta Braves,statsapi,False
mlbam-687223,Carson Palmquist,2025,MLB,Colorado Rockies,pitcher,25.0,34.333333333333336,9.0,7.0,0.15428571428571428,0.14285714285714285,0.16666666666666666,8.91,7.760194174757281,87.5,87.5,8.91,8.91,Colorado Rockies,statsapi,False
mlbam-606930,Jacob Barnes,2025,MLB,Toronto Blue Jays,pitcher,35.0,8.0,6.0,0.0,0.1388888888888889,0.08333333333333333,0.08333333333333333,9.0,4.6,18.0,18.0,9.0,9.0,Toronto Blue Jays,statsapi,False
mlbam-694350,Zach Brzykcy,2025,MLB,Washington Nationals,pitcher,26.0,23.0,26.0,0.0,0.21818181818181817,0.10909090909090909,0.16666666666666666,9.0,6.230434782608696,55.0,55.0,9.0,9.0,Washington Nationals,statsapi,False
mlbam-680604,Blas Castaño,2025,MLB,Seattle Mariners,pitcher,27.0,3.0,1.0,0.0,0.0625,0.125,0.16666666666666666,9.0,9.766666666666667,8.0,8.0,9.0,9.0,Seattle Mariners,statsapi,False
mlbam-445926,Jesse Chavez,2025,MLB,Atlanta Braves,pitcher,42.0,8.0,4.0,0.0,0.18604651162790697,0.11627906976744186,0.26666666666666666,9.0,9.475,21.5,21.5,9.0,9.0,Atlanta Braves,statsapi,False
mlbam-700270,Yilber Díaz,2025,MLB,Arizona Diamondbacks,pitcher,25.0,3.0,1.0,0.0,0.06666666666666667,0.2,0.0,9.0,5.433333333333334,7.5,7.5,9.0,9.0,Arizona Diamondbacks,statsapi,False
mlbam-571657,Kyle Farmer,2025,MLB,Colorado Rockies,pitcher,35.0,1.0,1.0,0.0,0.0,0.0,0.5,9.0,16.1,2.5,2.5,9.0,9.0,Colorado Rockies,statsapi,False
mlbam-642520,Gerson Garabito,2025,MLB,Texas Rangers,pitcher,30.0,8.0,3.0,0.0,0.1951219512195122,0.024390243902439025,0.14285714285714285,9.0,3.85,20.5,20.5,9.0,9.0,Texas Rangers,statsapi,False
mlbam-656458,Lucas Gilbreath,2025,MLB,Colorado Rockies,pitcher,29.0,1.0,1.0,0.0,0.5,0.0,0.5,9.0,12.1,2.0,2.0,9.0,9.0,Colorado Rockies,statsapi,False
mlbam-624512,Reese McGuire,2025,MLB,Chicago Cubs,pitcher,30.0,1.0,1.0,0.0,0.0,0.16666666666666666,0.3333333333333333,9.0,19.1,3.0,3.0,9.0,9.0,Chicago Cubs,statsapi,False
mlbam-669459,Kyle Nelson,2025,MLB,Arizona Diamondbacks,pitcher,29.0,2.0,3.0,0.0,0.18181818181818182,0.36363636363636365,0.2,9.0,13.6,5.5,5.5,9.0,9.0,Arizona Diamondbacks,statsapi,False
mlbam-682515,Logan Porter,2025,MLB,San Francisco Giants,pitcher,30.0,1.0,1.0,0.0,0.0,0.0,1.0,9.0,16.1,2.5,2.5,9.0,9.0,San Francisco Giants,statsapi,False
mlbam-694918,Blade Tidwell,2025,MLB,New York Mets,pitcher,24.0,15.0,4.0,2.0,0.1282051282051282,0.1282051282051282,0.17391304347826086,9.0,7.433333333333334,39.0,39.0,9.0,9.0,New York Mets,statsapi,False
mlbam-657053,Touki Toussaint,2025,MLB,Los Angeles Angels,pitcher,29.0,2.0,1.0,0.0,0.2727272727272727,0.09090909090909091,0.0,9.0,1.6,5.5,5.5,9.0,9.0,Los Angeles Angels,statsapi,False
mlbam-642180,Tyler Wade,2025,MLB,San Diego Padres,pitcher,31.0,1.0,1.0,0.0,0.0,0.16666666666666666,0.0,9.0,6.1,3.0,3.0,9.0,9.0,San Diego Padres,statsapi,False
mlbam-669391,Owen White,2025,MLB,Chicago White Sox,pitcher,26.0,7.0,3.0,0.0,0.17142857142857143,0.08571428571428572,0.16666666666666666,9.0,4.5285714285714285,17.5,17.5,9.0,9.0,Chicago White Sox,statsapi,False
mlbam-669717,Will Wilson,2025,MLB,Cleveland Guardians,pitcher,27.0,2.0,1.0,0.0,0.0,0.0,0.16666666666666666,9.0,9.6,4.0,4.0,9.0,9.0,Cleveland Guardians,statsapi,False
mlbam-660730,Elvin Rodríguez,2025,MLB,Baltimore Orioles,pitcher,27.0,19.666666666666668,7.0,2.0,0.2,0.07777777777777778,0.23076923076923078,9.15,8.438983050847458,45.0,45.0,9.15,9.15,Baltimore Orioles,statsapi,False
mlbam-663878,Nate Pearson,2025,MLB,Chicago Cubs,pitcher,29.0,14.666666666666666,11.0,0.0,0.09333333333333334,0.14666666666666667,0.07692307692307693,9.2,6.168181818181818,37.5,37.5,9.2,9.2,Chicago Cubs,statsapi,False
mlbam-687134,Bradley Blalock,2025,MLB,Colorado Rockies,pitcher,25.0,58.666666666666664,14.0,12.0,0.09818181818181818,0.08727272727272728,0.1827956989247312,9.36,7.276136363636365,137.5,137.5,9.36,9.36,Colorado Rockies,statsapi,False
mlbam-678821,Luis Peralta,2025,MLB,Colorado Rockies,pitcher,24.0,19.0,22.0,0.0,0.15841584158415842,0.1782178217821782,0.18181818181818182,9.47,8.678947368421053,50.5,50.5,9.47,9.47,Colorado Rockies,statsapi,False
mlbam-664948,Anthony Misiewicz,2025,MLB,Minnesota Twins,pitcher,31.0,4.666666666666667,5.0,0.0,0.21739130434782608,0.17391304347826086,0.25,9.64,9.1,11.5,11.5,9.64,9.64,Minnesota Twins,statsapi,False
mlbam-683155,Joey Estes,2025,MLB,Athletics,pitcher,24.0,11.0,3.0,2.0,0.10909090909090909,0.10909090909090909,0.17391304347826086,9.82,8.645454545454546,27.5,27.5,9.82,9.82,Athletics,statsapi,False
mlbam-687287,Patrick Monteverde,2025,MLB,Miami Marlins,pitcher,28.0,3.6666666666666665,1.0,0.0,0.2,0.05,0.0,9.82,1.7363636363636363,10.0,10.0,9.82,9.82,Miami Marlins,statsapi,False
mlbam-476594,Robert Stock,2025,MLB,Boston Red Sox,pitcher,36.0,2.6666666666666665,2.0,0.0,0.06666666666666667,0.26666666666666666,0.2,10.13,11.725,7.5,7.5,10.13,10.13,Boston Red Sox,statsapi,False
mlbam-641312,Shaun Anderson,2025,MLB,Los Angeles Angels,pitcher,31.0,11.333333333333334,7.0,0.0,0.19642857142857142,0.05357142857142857,0.3157894736842105,10.32,8.83529411764706,28.0,28.0,10.32,10.32,Los Angeles Angels,statsapi,False
mlbam-686747,Joe La Sorsa,2025,MLB,Cincinnati Reds,pitcher,27.0,6.666666666666667,5.0,0.0,0.06060606060606061,0.06060606060606061,0.2857142857142857,10.8,11.2,16.5,16.5,10.8,10.8,Cincinnati Reds,statsapi,False
mlbam-663474,Triston McKenzie,2025,MLB,Cleveland Guardians,pitcher,28.0,5.666666666666667,4.0,0.0,0.13333333333333333,0.23333333333333334,0.1,11.12,7.688235294117646,15.0,15.0,11.12,11.12,Cleveland Guardians,statsapi,False
mlbam-663432,Tanner Rainey,2025,MLB,Detroit Tigers,pitcher,33.0,9.666666666666666,13.0,0.0,0.23404255319148937,0.19148936170212766,0.0,11.17,3.927586206896552,23.5,23.5,11.17,11.17,Detroit Tigers,statsapi,False
mlbam-656420,J.P. Feyereisen,2025,MLB,Los Angeles Dodgers,pitcher,32.0,4.0,4.0,0.0,0.17391304347826086,0.08695652173913043,0.4,11.25,8.35,11.5,11.5,11.25,11.25,Los Angeles Dodgers,statsapi,False
mlbam-676604,Tyler Zuber,2025,MLB,Miami Marlins,pitcher,30.0,12.0,10.0,0.0,0.23728813559322035,0.11864406779661017,0.1875,11.25,5.516666666666667,29.5,29.5,11.25,11.25,Miami Marlins,statsapi,False
mlbam-678215,Luarbert Arias,2025,MLB,Miami Marlins,pitcher,25.0,10.333333333333334,7.0,0.0,0.18181818181818182,0.09090909090909091,0.125,11.32,5.712903225806452,27.5,27.5,11.32,11.32,Miami Marlins,statsapi,False
mlbam-593833,Wander Suero,2025,MLB,Atlanta Braves,pitcher,34.0,6.333333333333333,5.0,0.0,0.21875,0.125,0.3,11.37,8.942105263157895,16.0,16.0,11.37,11.37,Atlanta Braves,statsapi,False
mlbam-666120,Ian Anderson,2025,MLB,Los Angeles Angels,pitcher,27.0,9.333333333333334,7.0,0.0,0.1568627450980392,0.1568627450980392,0.16666666666666666,11.57,6.421428571428571,25.5,25.5,11.57,11.57,Los Angeles Angels,statsapi,False
mlbam-666168,Mason Thompson,2025,MLB,Washington Nationals,pitcher,27.0,10.666666666666666,14.0,0.0,0.18333333333333332,0.23333333333333334,0.07692307692307693,11.81,5.63125,30.0,30.0,11.81,11.81,Washington Nationals,statsapi,False
mlbam-687424,Anthony Maldonado,2025,MLB,Athletics,pitcher,27.0,6.0,6.0,0.0,0.21212121212121213,0.18181818181818182,0.2727272727272727,12.0,9.766666666666667,16.5,16.5,12.0,12.0,Athletics,statsapi,False
mlbam-700187,Troy Taylor,2025,MLB,Seattle Mariners,pitcher,24.0,6.666666666666667,8.0,0.0,0.05405405405405406,0.08108108108108109,0.15384615384615385,12.15,8.2,18.5,18.5,12.15,12.15,Seattle Mariners,statsapi,False
mlbam-669212,Eli Morgan,2025,MLB,Chicago Cubs,pitcher,29.0,7.333333333333333,7.0,0.0,0.11428571428571428,0.11428571428571428,0.3,12.27,8.554545454545455,17.5,17.5,12.27,12.27,Chicago Cubs,statsapi,False
mlbam-691548,Rolddy Muñoz,2025,MLB,Atlanta Braves,pitcher,25.0,3.6666666666666665,3.0,0.0,0.23809523809523808,0.23809523809523808,0.5,12.27,9.645454545454546,10.5,10.5,12.27,12.27,Atlanta Braves,statsapi,False
mlbam-621363,Colin Poche,2025,MLB,New York Mets,pitcher,31.0,9.333333333333334,14.0,0.0,0.21153846153846154,0.2692307692307692,0.08333333333333333,12.54,6.635714285714286,26.0,26.0,12.54,12.54,New York Mets,statsapi,False
mlbam-676272,Bobby Miller,2025,MLB,Los Angeles Dodgers,pitcher,26.0,5.0,2.0,1.0,0.25,0.10714285714285714,0.4,12.6,7.300000000000001,14.0,14.0,12.6,12.6,Los Angeles Dodgers,statsapi,False
mlbam-500743,Miguel Rojas,2025,MLB,Los Angeles Dodgers,pitcher,36.0,5.0,4.0,0.0,0.0,0.07142857142857142,0.3333333333333333,12.6,12.7,14.0,14.0,12.6,12.6,Los Angeles Dodgers,statsapi,False
mlbam-702795,Ryan Loutos,2025,MLB,Washington Nationals,pitcher,26.0,12.0,12.0,0.0,0.11764705882352941,0.11764705882352941,0.2,12.75,8.6,34.0,34.0,12.75,12.75,Washington Nationals,statsapi,False
mlbam-668716,Noah Murdock,2025,MLB,Athletics,pitcher,27.0,17.0,14.0,0.0,0.21428571428571427,0.23469387755102042,0.0,13.24,4.511764705882353,49.0,49.0,13.24,13.24,Athletics,statsapi,False
mlbam-571466,Tucker Barnhart,2025,MLB,Texas Rangers,pitcher,34.0,2.0,1.0,0.0,0.0,0.0,0.0,13.5,4.6,5.5,5.5,13.5,13.5,Texas Rangers,statsapi,False
mlbam-675989,Cody Bolton,2025,MLB,Cleveland Guardians,pitcher,27.0,2.0,1.0,0.0,0.1,0.0,0.0,13.5,2.1,5.0,5.0,13.5,13.5,Cleveland Guardians,statsapi,False
mlbam-660644,Vidal Bruján,2025,MLB,Atlanta Braves,pitcher,27.0,2.0,2.0,0.0,0.0,0.09090909090909091,0.16666666666666666,13.5,11.1,5.5,5.5,13.5,13.5,Atlanta Braves,statsapi,False
mlbam-692024,Alex Carrillo,2025,MLB,New York Mets,pitcher,28.0,4.666666666666667,3.0,0.0,0.18181818181818182,0.09090909090909091,0.36363636363636365,13.5,14.457142857142856,11.0,11.0,13.5,13.5,New York Mets,statsapi,False
mlbam-680951,Doug Nikhazy,2025,MLB,Cleveland Guardians,pitcher,26.0,4.0,2.0,1.0,0.21739130434782608,0.2608695652173913,0.0,13.5,5.1,11.5,11.5,13.5,13.5,Cleveland Guardians,statsapi,False
mlbam-671305,Michel Otañez,2025,MLB,Athletics,pitcher,28.0,5.333333333333333,6.0,0.0,0.21428571428571427,0.17857142857142858,0.2857142857142857,13.5,9.1,14.0,14.0,13.5,13.5,Athletics,statsapi,False
mlbam-642133,Rowdy Tellez,2025,MLB,Texas Rangers,pitcher,30.0,2.0,1.0,0.0,0.0,0.0,0.3333333333333333,13.5,11.1,5.5,5.5,13.5,13.5,Texas Rangers,statsapi,False
mlbam-689958,Andrew Walters,2025,MLB,Cleveland Guardians,pitcher,25.0,1.3333333333333333,2.0,0.0,0.3333333333333333,0.0,0.5,13.5,9.85,3.0,3.0,13.5,13.5,Cleveland Guardians,statsapi,False
mlbam-666215,Forrest Whitley,2025,MLB,Tampa Bay Rays,pitcher,28.0,12.0,10.0,0.0,0.18181818181818182,0.12121212121212122,0.15789473684210525,13.5,6.6,33.0,33.0,13.5,13.5,Tampa Bay Rays,statsapi,False
mlbam-800311,Didier Fuentes,2025,MLB,Atlanta Braves,pitcher,20.0,13.0,4.0,4.0,0.17391304347826086,0.08695652173913043,0.24,13.85,9.1,34.5,34.5,13.85,13.85,Atlanta Braves,statsapi,False
mlbam-608371,Lucas Sims,2025,MLB,Washington Nationals,pitcher,31.0,12.333333333333334,18.0,0.0,0.18055555555555555,0.19444444444444445,0.16666666666666666,13.86,8.208108108108108,36.0,36.0,13.86,13.86,Washington Nationals,statsapi,False
mlbam-685068,Carson Ragsdale,2025,MLB,Baltimore Orioles,pitcher,27.0,5.0,2.0,0.0,0.16,0.04,0.125,14.4,4.7,12.5,12.5,14.4,14.4,Baltimore Orioles,statsapi,False
mlbam-607179,Jordan Weems,2025,MLB,Houston Astros,pitcher,33.0,4.333333333333333,4.0,0.0,0.0,0.13043478260869565,0.0,14.54,5.176923076923077,11.5,11.5,14.54,14.54,Houston Astros,statsapi,False
mlbam-647315,Zach Pop,2025,MLB,New York Mets,pitcher,29.0,6.666666666666667,5.0,0.0,0.07692307692307693,0.05128205128205128,0.5714285714285714,14.85,11.35,19.5,19.5,14.85,14.85,New York Mets,statsapi,False
mlbam-681146,Jonah Bride,2025,MLB,Minnesota Twins,pitcher,30.0,6.0,4.0,0.0,0.05405405405405406,0.08108108108108109,0.0625,15.0,7.1,18.5,18.5,15.0,15.0,Minnesota Twins,statsapi,False
mlbam-675650,Michael Mercado,2025,MLB,Philadelphia Phillies,pitcher,26.0,3.0,3.0,0.0,0.2,0.2,0.25,15.0,8.766666666666667,10.0,10.0,15.0,15.0,Philadelphia Phillies,statsapi,False
mlbam-571771,Enrique Hernández,2025,MLB,Los Angeles Dodgers,pitcher,34.0,5.333333333333333,5.0,0.0,0.02702702702702703,0.21621621621621623,0.1111111111111111,15.19,9.6625,18.5,18.5,15.19,15.19,Los Angeles Dodgers,statsapi,False
mlbam-657024,Erik Swanson,2025,MLB,Toronto Blue Jays,pitcher,32.0,5.333333333333333,6.0,0.0,0.1,0.16666666666666666,0.18181818181818182,15.19,10.225,15.0,15.0,15.19,15.19,Toronto Blue Jays,statsapi,False
mlbam-802419,Thomas Harrington,2025,MLB,Pittsburgh Pirates,pitcher,24.0,8.666666666666666,3.0,1.0,0.14,0.14,0.23076923076923078,15.58,8.407692307692308,25.0,25.0,15.58,15.58,Pittsburgh Pirates,statsapi,False
mlbam-694646,Chayce McDermott,2025,MLB,Baltimore Orioles,pitcher,27.0,8.666666666666666,4.0,1.0,0.17647058823529413,0.23529411764705882,0.23076923076923078,15.58,10.023076923076923,25.5,25.5,15.58,15.58,Baltimore Orioles,statsapi,False
mlbam-573009,Joe Mantiply,2025,MLB,Arizona Diamondbacks,pitcher,34.0,9.666666666666666,10.0,0.0,0.13793103448275862,0.06896551724137931,0.4166666666666667,15.83,9.410344827586208,29.0,29.0,15.83,15.83,Arizona Diamondbacks,statsapi,False
mlbam-692030,Jose Corniell,2025,MLB,Texas Rangers,pitcher,22.0,1.6666666666666665,1.0,0.0,0.1111111111111111,0.1111111111111111,0.25,16.2,11.5,4.5,4.5,16.2,16.2,Texas Rangers,statsapi,False
mlbam-691594,Javier Sanoja,2025,MLB,Miami Marlins,pitcher,23.0,9.333333333333334,8.0,0.0,0.018518518518518517,0.09259259259259259,0.18181818181818182,16.39,10.064285714285713,27.0,27.0,16.39,16.39,Miami Marlins,statsapi,False
mlbam-502043,Kyle Gibson,2025,MLB,Baltimore Orioles,pitcher,38.0,12.333333333333334,4.0,4.0,0.136986301369863,0.0958904109589041,0.3888888888888889,16.78,10.55945945945946,36.5,36.5,16.78,16.78,Baltimore Orioles,statsapi,False
mlbam-547001,Cody Poteet,2025,MLB,Baltimore Orioles,pitcher,31.0,2.6666666666666665,1.0,0.0,0.0625,0.125,0.0,16.88,4.6,8.0,8.0,16.88,16.88,Baltimore Orioles,statsapi,False
mlbam-665019,Kody Clemens,2025,MLB,Minnesota Twins,pitcher,29.0,1.0,1.0,0.0,0.0,0.0,0.5,18.0,29.1,3.0,3.0,18.0,18.0,Minnesota Twins,statsapi,False
mlbam-663562,Noah Davis,2025,MLB,Minnesota Twins,pitcher,28.0,11.0,9.0,0.0,0.23076923076923078,0.09230769230769231,0.5384615384615384,18.0,12.190909090909091,32.5,32.5,18.0,18.0,Minnesota Twins,statsapi,False
mlbam-608671,Travis Jankowski,2025,MLB,New York Mets,pitcher,34.0,1.0,1.0,0.0,0.0,0.16666666666666666,0.0,18.0,9.1,3.0,3.0,18.0,18.0,New York Mets,statsapi,False
mlbam-669449,Jake Palisch,2025,MLB,Chicago White Sox,pitcher,27.0,1.0,1.0,0.0,0.0,0.0,0.0,18.0,3.1,3.0,3.0,18.0,18.0,Chicago White Sox,statsapi,False
mlbam-805427,Drew Sommers,2025,MLB,Detroit Tigers,pitcher,25.0,3.0,4.0,0.0,0.15789473684210525,0.15789473684210525,0.25,18.0,9.433333333333334,9.5,9.5,18.0,18.0,Detroit Tigers,statsapi,False
mlbam-645305,Ali Sánchez,2025,MLB,Toronto Blue Jays,pitcher,28.0,1.0,1.0,0.0,0.16666666666666666,0.0,0.0,18.0,1.1,3.0,3.0,18.0,18.0,Toronto Blue Jays,statsapi,False
mlbam-647351,Abraham Toro,2025,MLB,Boston Red Sox,pitcher,29.0,1.0,1.0,0.0,0.0,0.125,0.0,18.0,6.1,4.0,4.0,18.0,18.0,Boston Red Sox,statsapi,False
mlbam-573262,Mike Yastrzemski,2025,MLB,San Francisco Giants,pitcher,35.0,1.0,1.0,0.0,0.0,0.14285714285714285,0.0,18.0,9.1,3.5,3.5,18.0,18.0,San Francisco Giants,statsapi,False
mlbam-695534,Chase Petty,2025,MLB,Cincinnati Reds,pitcher,22.0,6.0,3.0,2.0,0.175,0.2,0.3,19.5,11.766666666666666,20.0,20.0,19.5,19.5,Cincinnati Reds,statsapi,False
mlbam-671162,Connor Thomas,2025,MLB,Milwaukee Brewers,pitcher,27.0,5.333333333333333,2.0,0.0,0.16129032258064516,0.06451612903225806,0.375,20.25,10.225,15.5,15.5,20.25,20.25,Milwaukee Brewers,statsapi,False
mlbam-640902,Jhonny Pereda,2025,MLB,Athletics,pitcher,29.0,3.0,3.0,0.0,0.15,0.1,0.25,21.0,7.433333333333334,10.0,10.0,21.0,21.0,Athletics,statsapi,False
mlbam-664129,Geoff Hartlieb,2025,MLB,Detroit Tigers,pitcher,32.0,3.3333333333333335,4.0,0.0,0.20833333333333334,0.25,0.4,21.6,13.299999999999999,12.0,12.0,21.6,21.6,Detroit Tigers,statsapi,False
mlbam-676510,Nolan Hoffman,2025,MLB,Philadelphia Phillies,pitcher,28.0,1.0,1.0,0.0,0.2857142857142857,0.14285714285714285,0.12,27.0,2.1,3.5,3.5,27.0,27.0,Philadelphia Phillies,statsapi,False
mlbam-656577,Alex Jackson,2025,MLB,Baltimore Orioles,pitcher,30.0,1.0,1.0,0.0,0.0,0.25,0.0,27.0,9.1,4.0,4.0,27.0,27.0,Baltimore Orioles,statsapi,False
mlbam-702752,Jonathan Pintaro,2025,MLB,New York Mets,pitcher,28.0,0.6666666666666666,1.0,0.0,0.16666666666666666,0.3333333333333333,0.12,27.0,9.1,3.0,3.0,27.0,27.0,New York Mets,statsapi,False
mlbam-622569,Pablo Reyes,2025,MLB,New York Yankees,pitcher,32.0,1.0,1.0,0.0,0.0,0.0,0.3333333333333333,27.0,16.1,4.0,4.0,27.0,27.0,New York Yankees,statsapi,False
mlbam-682144,Jayvien Sandridge,2025,MLB,New York Yankees,pitcher,26.0,0.6666666666666666,1.0,0.0,0.3333333333333333,0.3333333333333333,1.0,27.0,30.1,3.0,3.0,27.0,27.0,New York Yankees,statsapi,False
mlbam-677961,Cole Wilcox,2025,MLB,Tampa Bay Rays,pitcher,26.0,1.0,1.0,0.0,0.08333333333333333,0.25,0.0,27.0,10.1,6.0,6.0,27.0,27.0,Tampa Bay Rays,statsapi,False
mlbam-686249,Nathan Wiles,2025,MLB,Atlanta Braves,pitcher,27.0,1.0,1.0,0.0,0.14285714285714285,0.0,0.0,27.0,1.1,3.5,3.5,27.0,27.0,Atlanta Braves,statsapi,False
mlbam-672724,Oswald Peraza,2025,MLB,Los Angeles Angels,pitcher,25.0,2.3333333333333335,2.0,0.0,0.0,0.0,0.3333333333333333,30.86,9.957142857142857,8.0,8.0,30.86,30.86,Los Angeles Angels,statsapi,False
mlbam-623168,Tyler Heineman,2025,MLB,Toronto Blue Jays,pitcher,34.0,3.3333333333333335,3.0,0.0,0.0,0.0,0.14285714285714285,32.4,8.8,13.5,13.5,32.4,32.4,Toronto Blue Jays,statsapi,False
mlbam-669450,Cooper Hummel,2025,MLB,Houston Astros,pitcher,31.0,1.0,1.0,0.0,0.0,0.0,0.3333333333333333,36.0,19.1,4.5,4.5,36.0,36.0,Houston Astros,statsapi,False
mlbam-664068,Scott Kingery,2025,MLB,Los Angeles Angels,pitcher,31.0,2.0,1.0,0.0,0.05555555555555555,0.0,0.3333333333333333,36.0,15.1,9.0,9.0,36.0,36.0,Los Angeles Angels,statsapi,False
mlbam-642708,Amed Rosario,2025,MLB,Washington Nationals,pitcher,30.0,1.0,1.0,0.0,0.0,0.2,0.5,36.0,22.1,5.0,5.0,36.0,36.0,Washington Nationals,statsapi,False
mlbam-596142,Gary Sánchez,2025,MLB,Baltimore Orioles,pitcher,33.0,1.0,1.0,0.0,0.0,0.14285714285714285,0.25,36.0,22.1,3.5,3.5,36.0,36.0,Baltimore Orioles,statsapi,False
mlbam-622761,Jorge Mateo,2025,MLB,Baltimore Orioles,pitcher,30.0,1.0,1.0,0.0,0.0,0.18181818181818182,0.25,45.0,25.1,5.5,5.5,45.0,45.0,Baltimore Orioles,statsapi,False
mlbam-676609,José Caballero,2025,MLB,Tampa Bay Rays,pitcher,29.0,1.0,1.0,0.0,0.0,0.1111111111111111,0.6666666666666666,54.0,32.1,4.5,4.5,54.0,54.0,Tampa Bay Rays,statsapi,False
mlbam-620443,Luis Torrens,2025,MLB,New York Mets,pitcher,29.0,0.6666666666666666,2.0,0.0,0.0,0.125,0.5,54.0,46.6,4.0,4.0,54.0,54.0,New York Mets,statsapi,False
mlbam-543592,Austin Nola,2025,MLB,Colorado Rockies,pitcher,36.0,1.0,1.0,0.0,0.0,0.0,0.4,72.0,29.1,5.5,5.5,72.0,72.0,Colorado Rockies,statsapi,False
mlbam-656896,Emmanuel Rivera,2025,MLB,Baltimore Orioles,pitcher,29.0,1.0,1.0,0.0,0.0,0.15384615384615385,0.3333333333333333,72.0,22.1,6.5,6.5,72.0,72.0,Baltimore Orioles,statsapi,False
mlbam-679922,Carlos Duran,2025,MLB,Athletics,pitcher,24.0,0.3333333333333333,1.0,0.0,0.0,0.6,0.0,81.0,30.1,2.5,2.5,81.0,81.0,Athletics,statsapi,False
