player_id,player_name,season,league,team,role,age,ip,g,gs,k_pct,bb_pct,hr_fb,era,fip,home_pa,road_pa,home_era,road_era,park_id,source,is_synthetic
P-0352,NPB Pitcher 2,2015,NPB,NPB-T2,pitcher,24.1,111.0,16.0,9.0,0.10367830584995796,0.06617248313923296,0.11366216244771485,4.183281400683027,4.30126497534828,244.20000000000002,233.10000000000002,3.9435947658780433,4.422968035488011,NPB-P4,synthetic,True
P-0353,NPB Pitcher 3,2015,NPB,NPB-T4,pitcher,31.4,141.0,27.0,26.0,0.17586097682684132,0.11599328197752672,0.10819711203136753,5.164311733438065,4.267002689429265,310.20000000000005,296.1,5.373633843572434,4.954989623303695,NPB-P5,synthetic,True
P-0354,NPB Pitcher 4,2015,NPB,NPB-T3,pitcher,27.5,109.0,30.0,14.0,0.1650842710871367,0.09966873426498543,0.07461687622891179,3.924641720993205,3.8215194047718497,239.8,228.9,3.738743237607683,4.110540204378727,NPB-P1,synthetic,True
P-0355,NPB Pitcher 5,2015,NPB,NPB-T7,pitcher,24.7,163.0,32.0,15.0,0.25400966285652143,0.0882129786539014,0.12407170307658329,3.2290770076078217,3.467195471760478,358.6,342.3,3.4144005593990356,3.0437534558166077,NPB-P1,synthetic,True
P-0357,NPB Pitcher 7,2015,NPB,NPB-T5,pitcher,24.1,49.0,27.0,0.0,0.20621509650760503,0.051776178200807585,0.11556292486446414,3.2080879493728776,3.3272226149934916,107.80000000000001,102.9,3.4462470147298174,2.9699288840159377,NPB-P3,synthetic,True
P-0358,NPB Pitcher 8,2015,NPB,NPB-T7,pitcher,24.1,49.0,25.0,12.0,0.2153133192412289,0.05543904037015947,0.13014222302567566,3.828604323300124,3.444184160768839,107.80000000000001,102.9,4.275234292194603,3.3819743544056444,NPB-P3,synthetic,True
P-0359,NPB Pitcher 9,2015,NPB,NPB-T3,pitcher,23.7,55.0,22.0,20.0,0.2749531446710813,0.06943856392052994,0.07961516515158382,2.6764435634674424,2.6297892611935474,121.00000000000001,115.5,2.6549886485860474,2.6978984783488373,NPB-P5,synthetic,True
P-0360,NPB Pitcher 10,2015,NPB,NPB-T2,pitcher,27.9,95.0,26.0,5.0,0.18178405971379982,0.054671696374719206,0.04,3.491096188474871,2.801787878786232,209.00000000000003,199.5,3.7036154448207013,3.2785769321290408,NPB-P2,synthetic,True
P-0361,NPB Pitcher 11,2015,NPB,NPB-T2,pitcher,27.6,67.0,30.0,5.0,0.22030052225805438,0.06426084430536962,0.1313182914629243,3.7935222252093603,3.521908868229243,147.4,140.70000000000002,3.7715110477333464,3.815533402685374,NPB-P5,synthetic,True
P-0362,NPB Pitcher 12,2015,NPB,NPB-T5,pitcher,24.0,164.0,29.0,22.0,0.2405077083653188,0.08366093311585965,0.11699454289450428,3.6334863056510143,3.449814959412809,360.8,344.40000000000003,3.5518044156060733,3.7151681956959552,NPB-P1,synthetic,True
P-0363,NPB Pitcher 13,2015,NPB,NPB-T5,pitcher,29.0,40.0,29.0,25.0,0.24696901269798321,0.07618178081142006,0.11877576717083253,3.2361053547150447,3.326186939861501,88.0,84.0,3.7050107762121236,2.7671999332179658,NPB-P4,synthetic,True
P-0364,NPB Pitcher 14,2015,NPB,NPB-T5,pitcher,27.7,45.0,20.0,0.0,0.1785448363578665,0.07356038891322632,0.15954500252404702,3.7099051183160063,4.249816001336255,99.00000000000001,94.5,3.8505331024943583,3.5692771341376544,NPB-P1,synthetic,True
P-0365,NPB Pitcher 15,2015,NPB,NPB-T6,pitcher,25.6,112.0,32.0,29.0,0.20194727517419134,0.10031072003157199,0.12698050714607115,4.155798152214412,4.057955510446044,246.40000000000003,235.20000000000002,4.265021927986678,4.046574376442146,NPB-P2,synthetic,True
P-0367,NPB Pitcher 17,2015,NPB,NPB-T3,pitcher,25.5,108.0,27.0,5.0,0.20374215321886283,0.08250865346009778,0.07590964466252093,3.5812624606177446,3.31926306239548,237.60000000000002,226.8,3.9669370297993334,3.1955878914361557,NPB-P2,synthetic,True
P-0368,NPB Pitcher 18,2015,NPB,NPB-T2,pitcher,29.6,159.0,16.0,1.0,0.2082741167338021,0.07321940741392674,0.09299673110091573,3.3533068505928365,3.3424072661058615,349.8,333.90000000000003,2.6685690462566547,4.038044654929019,NPB-P3,synthetic,True
P-0369,NPB Pitcher 19,2015,NPB,NPB-T4,pitcher,24.1,180.0,18.0,4.0,0.28297321413619686,0.08443332299105152,0.13948220615455034,3.3640657312889184,3.344236224348547,396.00000000000006,378.0,3.5471000206897245,3.1810314418881123,NPB-P3,synthetic,True
P-0370,NPB Pitcher 20,2015,NPB,NPB-T2,pitcher,23.6,81.0,23.0,0.0,0.21424617848871214,0.08854459258193122,0.053532175671455864,3.2445811921401533,3.083887439788036,178.20000000000002,170.1,2.757417591022322,3.7317447932579846,NPB-P2,synthetic,True
P-0371,NPB Pitcher 21,2015,NPB,NPB-T1,pitcher,25.1,185.0,29.0,22.0,0.23065879592041327,0.040430336438827784,0.10078650966218379,3.575806761382765,2.8477587665244655,407.00000000000006,388.5,3.7006421695660277,3.450971353199502,NPB-P2,synthetic,True
P-0373,NPB Pitcher 23,2015,NPB,NPB-T7,pitcher,25.5,105.0,34.0,23.0,0.15448694136848642,0.07912595654723861,0.061582732598108245,3.530296614967824,3.529443273600055,231.00000000000003,220.5,3.476406656046666,3.584186573888982,NPB-P1,synthetic,True
P-0374,NPB Pitcher 24,2015,NPB,NPB-T2,pitcher,31.0,161.0,29.0,10.0,0.16656411342979707,0.0916351688936699,0.14026022985437145,4.782380265406648,4.369711417829377,354.20000000000005,338.1,4.829370860018775,4.73538967079452,NPB-P4,synthetic,True
P-0376,NPB Pitcher 26,2015,NPB,NPB-T7,pitcher,27.8,54.0,17.0,16.0,0.2753404032549048,0.12466005130736253,0.12975796365679165,4.048923869128679,3.7907770262170293,118.80000000000001,113.4,4.242104686168902,3.8557430520884557,NPB-P2,synthetic,True
P-0377,NPB Pitcher 27,2015,NPB,NPB-T1,pitcher,25.1,58.0,26.0,20.0,0.1645937653643643,0.1018576842003697,0.06100744867122336,3.176507755022473,3.7156165742017557,127.60000000000001,121.80000000000001,3.196557588657097,3.1564579213878488,NPB-P5,synthetic,True
P-0379,NPB Pitcher 29,2015,NPB,NPB-T3,pitcher,29.6,129.0,30.0,22.0,0.23310447435771484,0.05893431155158231,0.09568640175960358,3.260451832586286,2.999239961353305,283.8,270.90000000000003,3.4549946194504786,3.065909045722093,NPB-P2,synthetic,True
P-0380,NPB Pitcher 30,2015,NPB,NPB-T5,pitcher,26.1,163.0,32.0,31.0,0.17079767016611339,0.06911331840111222,0.045629095231096026,2.9588683146357004,3.1192694117954,358.6,342.3,2.5925435078559365,3.3251931214154644,NPB-P2,synthetic,True
P-0161,Pitcher 161,2015,NPB,NPB-T7,pitcher,22.4,161.0,17.0,2.0,0.1030257038118682,0.07272229725101581,0.0901634188579848,4.464987894014279,4.150096125097092,354.20000000000005,338.1,4.761505915108824,4.168469872919735,NPB-P4,synthetic,True
P-0162,Pitcher 162,2015,NPB,NPB-T3,pitcher,25.6,74.0,26.0,19.0,0.3047970845944196,0.07457940274376072,0.09988139386025381,3.0678754257608984,2.65539009477231,162.8,155.4,2.816804350465168,3.318946501056629,NPB-P5,synthetic,True
P-0164,Pitcher 164,2015,NPB,NPB-T4,pitcher,32.2,108.0,15.0,5.0,0.1071838659180441,0.1023212531012287,0.09565640329196938,4.205643555353492,4.5269481427900855,237.60000000000002,226.8,3.9900376543166516,4.421249456390333,NPB-P3,synthetic,True
P-0165,Pitcher 165,2015,NPB,NPB-T7,pitcher,29.8,79.0,23.0,19.0,0.16462853363733487,0.06738439080243609,0.10666835036114394,4.345389120299086,3.7582679241419936,173.8,165.9,4.421906053108275,4.268872187489897,NPB-P1,synthetic,True
P-0166,Pitcher 166,2015,NPB,NPB-T1,pitcher,26.8,126.0,18.0,7.0,0.21814049048320783,0.08010475498825387,0.08578407468801272,3.4613814656100943,3.273973882873511,277.20000000000005,264.6,3.4077003551313085,3.51506257608888,NPB-P2,synthetic,True
P-0167,Pitcher 167,2015,NPB,NPB-T7,pitcher,21.9,185.0,20.0,1.0,0.1730426832294469,0.09214990486545367,0.13100841413184283,4.491744642864836,4.231541533868297,407.00000000000006,388.5,4.636024087941194,4.347465197788478,NPB-P4,synthetic,True
P-0168,Pitcher 168,2015,NPB,NPB-T1,pitcher,22.9,63.0,30.0,25.0,0.2400454067954956,0.06483310759138089,0.1283858940797789,3.571551139603724,3.3414929775303954,138.60000000000002,132.3,3.4733683781726747,3.6697339010347734,NPB-P1,synthetic,True
P-0170,Pitcher 170,2015,NPB,NPB-T5,pitcher,28.7,180.0,30.0,8.0,0.1387634557953851,0.08423250671307045,0.11177680658332485,4.0248761964751845,4.218450500027014,396.00000000000006,378.0,4.233188068120803,3.8165643248295655,NPB-P3,synthetic,True
P-0172,Pitcher 172,2015,NPB,NPB-T6,pitcher,21.8,146.0,33.0,24.0,0.09874664098422888,0.11007939414606438,0.1342603293170791,5.301644987774988,5.073582895049733,321.20000000000005,306.6,5.192683438389364,5.410606537160612,NPB-P1,synthetic,True
P-0173,Pitcher 173,2015,NPB,NPB-T1,pitcher,31.0,134.0,30.0,12.0,0.2138130515206519,0.08878242329037614,0.12211704481113621,4.074701443936972,3.776055115430661,294.8,281.40000000000003,4.3821827243569835,3.76722016351696,NPB-P4,synthetic,True
P-0174,Pitcher 174,2015,NPB,NPB-T6,pitcher,22.1,161.0,29.0,26.0,0.1847255012959789,0.07817752276295695,0.16741390437537038,4.889238094095027,4.3344653065413565,354.20000000000005,338.1,5.1576892865550095,4.620786901635044,NPB-P5,synthetic,True
P-0175,Pitcher 175,2015,NPB,NPB-T7,pitcher,25.6,106.0,21.0,6.0,0.14720331258921387,0.08610703141644983,0.12021809965431583,4.793170077527537,4.257838872826845,233.20000000000002,222.60000000000002,5.345937363482971,4.240402791572103,NPB-P5,synthetic,True
P-0351,NPB Pitcher 1,2016,NPB,NPB-T1,pitcher,29.8,67.0,19.0,10.0,0.20554466498028368,0.0894078595996455,0.09571406651963967,4.078744722744238,3.585677660549873,147.4,140.70000000000002,4.365405506482235,3.792083939006242,NPB-P3,synthetic,True
P-0352,NPB Pitcher 2,2016,NPB,NPB-T7,pitcher,24.2,55.0,22.0,16.0,0.1185090551816548,0.07795134441518838,0.09603794751681036,4.124357100792794,4.147723166697126,121.00000000000001,115.5,3.9897051864057778,4.259009015179811,NPB-P2,synthetic,True
P-0353,NPB Pitcher 3,2016,NPB,NPB-T5,pitcher,31.6,82.0,30.0,22.0,0.195646676693069,0.10350365852458338,0.09717253454090835,3.509843927901048,3.848595834159532,180.4,172.20000000000002,3.552319565541847,3.467368290260249,NPB-P5,synthetic,True
P-0354,NPB Pitcher 4,2016,NPB,NPB-T4,pitcher,27.7,144.0,22.0,9.0,0.15568645748543455,0.10974262244877521,0.08172659944795274,4.318324818583149,4.088685803981353,316.8,302.40000000000003,4.213057210648809,4.42359242651749,NPB-P1,synthetic,True
P-0355,NPB Pitcher 5,2016,NPB,NPB-T4,pitcher,24.8,80.0,19.0,3.0,0.22445842758964724,0.06647995518280854,0.1220737226656939,3.5594302525286605,3.422829268133464,176.0,168.0,3.4645086355678933,3.6543518694894277,NPB-P3,synthetic,True
P-0356,NPB Pitcher 6,2016,NPB,NPB-T5,pitcher,26.7,177.0,32.0,23.0,0.20227815894982565,0.10284982348099413,0.11302239839327756,4.255593944139266,3.9461965941061,389.40000000000003,371.7,4.4522218075628786,4.058966080715653,NPB-P5,synthetic,True
P-0357,NPB Pitcher 7,2016,NPB,NPB-T6,pitcher,24.3,102.0,31.0,3.0,0.21740569404116186,0.04319441937499296,0.11311295825399242,3.2394623333570416,3.1102170627105448,224.4,214.20000000000002,3.502111097217664,2.9768135694964193,NPB-P2,synthetic,True
P-0358,NPB Pitcher 8,2016,NPB,NPB-T3,pitcher,24.2,167.0,18.0,5.0,0.21947086356385587,0.057614403479825785,0.12234022738888171,3.119658548084196,3.3590082071358798,367.40000000000003,350.7,3.15645163494855,3.0828654612198423,NPB-P4,synthetic,True
P-0359,NPB Pitcher 9,2016,NPB,NPB-T6,pitcher,23.9,47.0,18.0,5.0,0.2910725582992791,0.06801727144549954,0.08127443527333424,2.2902268105555654,2.5003711436851046,103.4,98.7,1.905109080266473,2.675344540844658,NPB-P3,synthetic,True
P-0360,NPB Pitcher 10,2016,NPB,NPB-T2,pitcher,28.1,176.0,31.0,22.0,0.16290317947260116,0.06823025414610558,0.04,3.286676347854206,3.115537613972458,387.20000000000005,369.6,3.325095706681014,3.248256989027398,NPB-P3,synthetic,True
P-0362,NPB Pitcher 12,2016,NPB,NPB-T5,pitcher,24.1,179.0,17.0,2.0,0.21584984877373878,0.09987895099274638,0.11071545414489718,3.231173293270383,3.7789031631720182,393.8,375.90000000000003,3.293326840606994,3.169019745933772,NPB-P1,synthetic,True
P-0364,NPB Pitcher 14,2016,NPB,NPB-T2,pitcher,27.9,68.0,28.0,7.0,0.20245959573856878,0.07329910705164813,0.1544628131093062,4.496014365835556,4.00454064980429,149.60000000000002,142.8,4.774806167773606,4.217222563897507,NPB-P5,synthetic,True
P-0365,NPB Pitcher 15,2016,NPB,NPB-T3,pitcher,25.7,70.0,29.0,24.0,0.18631190580829127,0.08835925548132348,0.12834748384384118,4.517801549585355,4.053290657747964,154.0,147.0,5.214143325156547,3.821459774014164,NPB-P4,synthetic,True
P-0367,NPB Pitcher 17,2016,NPB,NPB-T1,pitcher,25.6,134.0,29.0,5.0,0.1890434718232937,0.09903596544195244,0.06662247679441308,3.4141622507107376,3.5423085786612103,294.8,281.40000000000003,3.3845697561904045,3.443754745231071,NPB-P3,synthetic,True
P-0368,NPB Pitcher 18,2016,NPB,NPB-T1,pitcher,29.8,85.0,15.0,12.0,0.20569580957642522,0.06594135119137294,0.07254792121199463,3.720542619217959,3.07120894980502,187.00000000000003,178.5,3.9769140367570204,3.464171201678898,NPB-P1,synthetic,True
P-0369,NPB Pitcher 19,2016,NPB,NPB-T6,pitcher,24.3,186.0,30.0,20.0,0.29588275028579636,0.08845639922588108,0.1131945966120728,2.6772597339968764,3.02636075454493,409.20000000000005,390.6,2.4778391200550423,2.8766803479387106,NPB-P5,synthetic,True
P-0371,NPB Pitcher 21,2016,NPB,NPB-T1,pitcher,25.2,99.0,15.0,12.0,0.21705314874585072,0.042160735519739374,0.08424041007494347,3.237355777314457,2.811907737019502,217.8,207.9,3.1715131416968547,3.303198412932059,NPB-P3,synthetic,True
P-0373,NPB Pitcher 23,2016,NPB,NPB-T1,pitcher,25.7,138.0,33.0,8.0,0.20636948550778916,0.07096322198222904,0.06827844159776986,3.1169171020128124,3.0833871957021337,303.6,289.8,3.0475171335810476,3.186317070444577,NPB-P2,synthetic,True
P-0375,NPB Pitcher 25,2016,NPB,NPB-T3,pitcher,28.0,152.0,23.0,22.0,0.23631169110355565,0.052212290433753084,0.07588945859115206,2.5336264938629665,2.6949485422881123,334.40000000000003,319.2,2.8798643031892355,2.1873886845366974,NPB-P4,synthetic,True
P-0376,NPB Pitcher 26,2016,NPB,NPB-T2,pitcher,27.9,65.0,34.0,26.0,0.2688520311869406,0.08610821168179336,0.10468530137101463,3.4530411950295576,3.129335304396142,143.0,136.5,3.667498169649315,3.2385842204098,NPB-P1,synthetic,True
P-0377,NPB Pitcher 27,2016,NPB,NPB-T2,pitcher,25.3,94.0,30.0,7.0,0.17040052948167245,0.09691638137443209,0.05660144403160538,3.9482937566722933,3.56580678095586,206.8,197.4,3.88307149108922,4.0135160222553665,NPB-P3,synthetic,True
P-0378,NPB Pitcher 28,2016,NPB,NPB-T3,pitcher,29.5,65.0,20.0,1.0,0.1925319461931657,0.09670901874489425,0.09347768103417,3.4490394339024997,3.755029465735105,143.0,136.5,3.6915509967455806,3.2065278710594187,NPB-P1,synthetic,True
P-0380,NPB Pitcher 30,2016,NPB,NPB-T2,pitcher,26.3,152.0,25.0,9.0,0.17389868170818923,0.08083492081908716,0.04,3.202926512367831,3.178829596163532,334.40000000000003,319.2,3.140244178161411,3.265608846574251,NPB-P2,synthetic,True
P-0161,Pitcher 161,2016,NPB,NPB-T7,pitcher,22.6,120.0,22.0,19.0,0.0819969524232508,0.06070928479054616,0.08798119084481325,3.921778278292457,4.152347706548681,264.0,252.0,4.257238605302228,3.5863179512826857,NPB-P5,synthetic,True
P-0162,Pitcher 162,2016,NPB,NPB-T7,pitcher,25.7,161.0,19.0,15.0,0.27094066345475265,0.0957955068008012,0.11575467397766391,3.0711624879363906,3.339567513748233,354.20000000000005,338.1,2.70052189375231,3.441803082120471,NPB-P2,synthetic,True
P-0163,Pitcher 163,2016,NPB,NPB-T1,pitcher,27.1,188.0,29.0,13.0,0.18136526149928262,0.08891789095734545,0.07459258649496697,3.5836182423761067,3.5620184644435544,413.6,394.8,3.4192204960644,3.7480159886878135,NPB-P5,synthetic,True
P-0164,Pitcher 164,2016,NPB,NPB-T7,pitcher,32.3,153.0,19.0,16.0,0.09344401669995114,0.09249476811791202,0.11296871266838447,5.174433772028211,4.692072210499179,336.6,321.3,5.468329356549339,4.880538187507082,NPB-P2,synthetic,True
P-0166,Pitcher 166,2016,NPB,NPB-T5,pitcher,27.0,152.0,29.0,11.0,0.22068302822014135,0.08270482318569787,0.089039037430385,3.312856629903282,3.317384026771094,334.40000000000003,319.2,3.597402153861006,3.028311105945558,NPB-P1,synthetic,True
P-0167,Pitcher 167,2016,NPB,NPB-T4,pitcher,22.1,157.0,27.0,3.0,0.18322904900435863,0.09310815455110648,0.11103434444666918,4.249904420250249,3.9618089070451004,345.40000000000003,329.7,4.147674387293454,4.352134453207044,NPB-P5,synthetic,True
P-0168,Pitcher 168,2016,NPB,NPB-T4,pitcher,23.0,182.0,34.0,1.0,0.24890469848884123,0.06351663137358485,0.1120549269081774,3.0836918001628226,3.091511257654062,400.40000000000003,382.2,3.3085461591314127,2.8588374411942326,NPB-P5,synthetic,True
P-0169,Pitcher 169,2016,NPB,NPB-T4,pitcher,26.4,177.0,22.0,6.0,0.2042771012587691,0.11421656755114479,0.13495385833466564,4.3767111947225175,4.285920583890241,389.40000000000003,371.7,4.227972566136651,4.525449823308384,NPB-P3,synthetic,True
P-0170,Pitcher 170,2016,NPB,NPB-T6,pitcher,28.8,54.0,16.0,10.0,0.15910931546612536,0.07494059921592747,0.09745330272006314,4.529724199255398,3.800945694062758,118.80000000000001,113.4,5.496626023172596,3.5628223753381993,NPB-P1,synthetic,True
P-0171,Pitcher 171,2016,NPB,NPB-T7,pitcher,26.8,59.0,25.0,12.0,0.17117630158905378,0.06844291101969704,0.06738763959349581,3.6053178573004896,3.3257809154588927,129.8,123.9,3.85088059412389,3.359755120477089,NPB-P3,synthetic,True
P-0172,Pitcher 172,2016,NPB,NPB-T2,pitcher,22.0,131.0,25.0,22.0,0.12151186594717386,0.09166172046704402,0.1254729029327855,4.874917094828701,4.582574747354992,288.20000000000005,275.1,4.846533507692125,4.903300681965278,NPB-P5,synthetic,True
P-0173,Pitcher 173,2016,NPB,NPB-T1,pitcher,31.2,109.0,25.0,11.0,0.22958963733092683,0.08687563460038063,0.12879683104169706,3.491902254044983,3.6937588269741237,239.8,228.9,3.7295084734348967,3.254296034655069,NPB-P3,synthetic,True
P-0174,Pitcher 174,2016,NPB,NPB-T5,pitcher,22.2,175.0,34.0,16.0,0.1543904737844392,0.08892976776251992,0.17098562766910874,5.191651406462485,4.741889699565813,385.00000000000006,367.5,5.206250980884934,5.1770518320400365,NPB-P2,synthetic,True
P-0175,Pitcher 175,2016,NPB,NPB-T1,pitcher,25.7,50.0,23.0,8.0,0.1710720914819011,0.08388262411223513,0.10650793567525087,4.641464959308612,3.903094114244122,110.00000000000001,105.0,4.640220401943238,4.642709516673986,NPB-P4,synthetic,True
P-0351,NPB Pitcher 1,2017,NPB,NPB-T3,pitcher,30.0,189.0,16.0,9.0,0.2169039550803122,0.09890195646154884,0.12429682409829539,3.7271898011487004,3.894560077879042,415.8,396.90000000000003,3.914554067990969,3.5398255343064315,NPB-P4,synthetic,True
P-0353,NPB Pitcher 3,2017,NPB,NPB-T6,pitcher,31.7,121.0,30.0,23.0,0.17750585456127865,0.11204410130022843,0.11566459501163348,4.302335920487435,4.281128329228848,266.20000000000005,254.10000000000002,4.335631059444416,4.269040781530454,NPB-P2,synthetic,True
P-0354,NPB Pitcher 4,2017,NPB,NPB-T4,pitcher,27.8,79.0,31.0,22.0,0.15262961283020668,0.11780181390202651,0.08716541837969613,4.474501326033711,4.2642390479796255,173.8,165.9,4.441635913813586,4.507366738253836,NPB-P2,synthetic,True
P-0356,NPB Pitcher 6,2017,NPB,NPB-T7,pitcher,26.8,116.0,24.0,18.0,0.22883108751302553,0.058775550496638546,0.1171292772846085,3.4849730225930005,3.2459506787015435,255.20000000000002,243.60000000000002,3.191379013478817,3.7785670317071838,NPB-P4,synthetic,True
P-0357,NPB Pitcher 7,2017,NPB,NPB-T4,pitcher,24.4,142.0,17.0,5.0,0.20937024202428636,0.04117507729711063,0.09641111909754872,3.8363286338161915,2.983250182346524,312.40000000000003,298.2,3.8279142869708096,3.8447429806615734,NPB-P3,synthetic,True
P-0358,NPB Pitcher 8,2017,NPB,NPB-T6,pitcher,24.4,76.0,17.0,0.0,0.21531508197062618,0.0702769694620382,0.12445278086987778,3.5710574678051046,3.565330786478227,167.20000000000002,159.6,3.5496405330423584,3.5924744025678508,NPB-P3,synthetic,True
P-0359,NPB Pitcher 9,2017,NPB,NPB-T6,pitcher,24.0,160.0,33.0,24.0,0.29551433722049614,0.055190104444973326,0.09565988125435952,2.178511337886962,2.4547653681193062,352.0,336.0,2.320768721441821,2.0362539543321025,NPB-P4,synthetic,True
P-0360,NPB Pitcher 10,2017,NPB,NPB-T7,pitcher,28.2,43.0,19.0,13.0,0.19603337917374108,0.04893013522576699,0.04,3.056675068741348,2.618894589319275,94.60000000000001,90.3,3.4905177837074444,2.6228323537752516,NPB-P5,synthetic,True
P-0361,NPB Pitcher 11,2017,NPB,NPB-T4,pitcher,27.9,94.0,21.0,3.0,0.219904784197776,0.04436277900325939,0.12742717048720242,3.317831256608934,3.247386779328929,206.8,197.4,2.6060005707076686,4.0296619425102,NPB-P3,synthetic,True
P-0362,NPB Pitcher 12,2017,NPB,NPB-T7,pitcher,24.3,106.0,27.0,11.0,0.22074579363198074,0.10026864797191708,0.11523474837094137,3.323737800043569,3.789604910316572,233.20000000000002,222.60000000000002,3.4192808790141256,3.2281947210730126,NPB-P1,synthetic,True
P-0363,NPB Pitcher 13,2017,NPB,NPB-T3,pitcher,29.3,43.0,25.0,13.0,0.23731027870911597,0.08585879667135732,0.11164988526509663,3.9930204609534963,3.4483221830343265,94.60000000000001,90.3,3.8215868320994852,4.164454089807507,NPB-P2,synthetic,True
P-0365,NPB Pitcher 15,2017,NPB,NPB-T1,pitcher,25.9,131.0,28.0,14.0,0.21652247080427936,0.08877422701886083,0.1260203762610487,3.3353185216849783,3.793314720402582,288.20000000000005,275.1,3.159154282107605,3.511482761262352,NPB-P3,synthetic,True
P-0366,NPB Pitcher 16,2017,NPB,NPB-T6,pitcher,28.7,178.0,31.0,21.0,0.08031351622498174,0.07654124702089896,0.04438768784994145,4.06574286925821,3.9198637129503484,391.6,373.8,3.8627776785341954,4.268708059982224,NPB-P5,synthetic,True
P-0367,NPB Pitcher 17,2017,NPB,NPB-T4,pitcher,25.8,84.0,19.0,11.0,0.20883005253784614,0.06723087019068236,0.07273486719121094,3.1138366879924004,3.0634786938975287,184.8,176.4,2.7912330141599946,3.4364403618248063,NPB-P3,synthetic,True
P-0368,NPB Pitcher 18,2017,NPB,NPB-T4,pitcher,29.9,82.0,33.0,1.0,0.1911716779720642,0.0701341205625265,0.0971536084006471,3.153341257186451,3.4837721069802754,180.4,172.20000000000002,2.771907272383059,3.534775241989843,NPB-P1,synthetic,True
P-0371,NPB Pitcher 21,2017,NPB,NPB-T5,pitcher,25.4,163.0,24.0,23.0,0.22674679635753772,0.052580531051446805,0.07520432398812091,2.8912302149272757,2.7690352416382695,358.6,342.3,2.7590046917423554,3.023455738112196,NPB-P5,synthetic,True
P-0372,NPB Pitcher 22,2017,NPB,NPB-T7,pitcher,30.2,148.0,28.0,1.0,0.23105481274020975,0.08641666605790839,0.10920650803425808,3.4167214366514242,3.480626571115804,325.6,310.8,3.834254035812944,2.9991888374899043,NPB-P2,synthetic,True
P-0373,NPB Pitcher 23,2017,NPB,NPB-T5,pitcher,25.8,50.0,22.0,1.0,0.19735719456321654,0.07512063053947642,0.049787236333050766,2.7318488995796266,3.0204623732984923,110.00000000000001,105.0,2.3883529018083087,3.0753448973509445,NPB-P1,synthetic,True
P-0374,NPB Pitcher 24,2017,NPB,NPB-T2,pitcher,31.3,119.0,31.0,0.0,0.15862083232014323,0.07454015072463424,0.12498082727119617,3.541918074385218,4.075323422846427,261.8,249.9,3.352011174848639,3.7318249739217966,NPB-P2,synthetic,True
P-0375,NPB Pitcher 25,2017,NPB,NPB-T4,pitcher,28.1,73.0,32.0,20.0,0.2530195160205181,0.04644626250231625,0.09578834322090866,2.839244053878641,2.691082454072737,160.60000000000002,153.3,2.5787506263503235,3.0997374814069585,NPB-P1,synthetic,True
P-0376,NPB Pitcher 26,2017,NPB,NPB-T2,pitcher,28.1,169.0,17.0,8.0,0.3128471687331038,0.0907064175070892,0.12122111902203968,3.2587753864695306,2.997910850440637,371.8,354.90000000000003,3.2146381496723633,3.302912623266698,NPB-P4,synthetic,True
P-0377,NPB Pitcher 27,2017,NPB,NPB-T2,pitcher,25.4,152.0,23.0,13.0,0.1630485267856289,0.07666876318209351,0.06170703482299401,2.726399317946009,3.432707292130031,334.40000000000003,319.2,2.401887021352125,3.050911614539893,NPB-P5,synthetic,True
P-0378,NPB Pitcher 28,2017,NPB,NPB-T2,pitcher,29.7,146.0,15.0,11.0,0.18873375583878707,0.10967025849084044,0.09104199645247045,3.6861624849413643,3.916593019704494,321.20000000000005,306.6,4.236332253607058,3.1359927162756707,NPB-P3,synthetic,True
P-0379,NPB Pitcher 29,2017,NPB,NPB-T6,pitcher,29.9,100.0,33.0,8.0,0.19724103307590113,0.05695220405944694,0.1081966637537542,4.149519339839477,3.3874648216436962,220.00000000000003,210.0,3.9787608703054795,4.320277809373475,NPB-P3,synthetic,True
P-0380,NPB Pitcher 30,2017,NPB,NPB-T3,pitcher,26.4,183.0,28.0,22.0,0.2138134999222944,0.09281326891394354,0.044269374004842856,3.592087639994901,3.045944967637396,402.6,384.3,3.7033106523874153,3.4808646276023865,NPB-P2,synthetic,True
P-0161,Pitcher 161,2017,NPB,NPB-T3,pitcher,22.7,180.0,20.0,2.0,0.09209921650604082,0.0769972458818282,0.09087098952368595,4.51536828999361,4.295883113770472,396.00000000000006,378.0,4.43672285067253,4.59401372931469,NPB-P5,synthetic,True
P-0162,Pitcher 162,2017,NPB,NPB-T2,pitcher,25.9,189.0,23.0,7.0,0.2627059224979704,0.08732253242280408,0.11063406948000118,3.1385425858818006,3.252563703889897,415.8,396.90000000000003,3.011507508296247,3.2655776634673543,NPB-P5,synthetic,True
P-0163,Pitcher 163,2017,NPB,NPB-T2,pitcher,27.2,167.0,23.0,15.0,0.174421271322874,0.07131233298231121,0.07090281678857295,3.7665725462946695,3.3694059930904725,367.40000000000003,350.7,4.006440499852211,3.5267045927371283,NPB-P5,synthetic,True
P-0164,Pitcher 164,2017,NPB,NPB-T6,pitcher,32.5,125.0,26.0,4.0,0.13960718145027726,0.08005392129402436,0.1333666324769355,4.805227772222341,4.377455928695429,275.0,262.5,4.900840647150631,4.70961489729405,NPB-P2,synthetic,True
P-0166,Pitcher 166,2017,NPB,NPB-T1,pitcher,27.1,100.0,18.0,1.0,0.22739123786806265,0.08727534505471121,0.09673289822560877,3.314962886803058,3.3955032199681217,220.00000000000003,210.0,3.185510159874148,3.444415613731968,NPB-P1,synthetic,True
P-0167,Pitcher 167,2017,NPB,NPB-T7,pitcher,22.2,174.0,25.0,19.0,0.20979371107857164,0.07945948102846044,0.11017061153223034,3.2967605372912314,3.5768701990352554,382.8,365.40000000000003,3.147800407756068,3.4457206668263947,NPB-P5,synthetic,True
P-0170,Pitcher 170,2017,NPB,NPB-T5,pitcher,29.0,107.0,16.0,5.0,0.17296901784103402,0.09096355818206626,0.10696681042091356,3.968119842989517,3.9774786596656586,235.4,224.70000000000002,4.157782201826749,3.778457484152285,NPB-P4,synthetic,True
P-0171,Pitcher 171,2017,NPB,NPB-T3,pitcher,26.9,149.0,24.0,6.0,0.18895178628887985,0.0761712050446141,0.08029205364677018,3.265385529523658,3.405360706692032,327.8,312.90000000000003,3.2253832410391463,3.3053878180081697,NPB-P3,synthetic,True
P-0172,Pitcher 172,2017,NPB,NPB-T6,pitcher,22.1,101.0,33.0,2.0,0.08840741441235932,0.10477365284389742,0.12348936434332465,4.7881701325931045,4.984918162261142,222.20000000000002,212.10000000000002,4.223761437201073,5.352578827985136,NPB-P5,synthetic,True
P-0173,Pitcher 173,2017,NPB,NPB-T1,pitcher,31.3,124.0,15.0,10.0,0.20712406472491515,0.09326621772834341,0.11246434590819189,3.8715278081420426,3.786845554022719,272.8,260.40000000000003,4.384111637391146,3.3589439788929396,NPB-P3,synthetic,True
P-0174,Pitcher 174,2017,NPB,NPB-T5,pitcher,22.4,103.0,23.0,1.0,0.15565531315582506,0.07952918856635344,0.170249291108747,4.796265881294265,4.611600668637111,226.60000000000002,216.3,4.881842615690624,4.710689146897907,NPB-P2,synthetic,True
P-0175,Pitcher 175,2017,NPB,NPB-T5,pitcher,25.9,97.0,23.0,13.0,0.15867310051285308,0.07349650842111576,0.1257689806543498,4.315865351817607,4.070263103494062,213.4,203.70000000000002,4.247180039629053,4.38455066400616,NPB-P3,synthetic,True
P-0351,NPB Pitcher 1,2018,NPB,NPB-T3,pitcher,30.1,47.0,23.0,9.0,0.18024489231434415,0.09042935306862102,0.11954400524322623,3.849066245635413,4.038633150740962,103.4,98.7,3.539896001082849,4.158236490187977,NPB-P3,synthetic,True
P-0352,NPB Pitcher 2,2018,NPB,NPB-T1,pitcher,24.5,92.0,29.0,12.0,0.09872707907414904,0.07616021319462468,0.10680337285744561,3.7174325028161497,4.392139654316761,202.4,193.20000000000002,3.869498742744272,3.5653662628880274,NPB-P5,synthetic,True
P-0353,NPB Pitcher 3,2018,NPB,NPB-T7,pitcher,31.9,117.0,18.0,12.0,0.18397033549859398,0.11094096636864466,0.1158010511103399,4.866534770450938,4.217539423538383,257.40000000000003,245.70000000000002,4.979689961751393,4.753379579150484,NPB-P5,synthetic,True
P-0356,NPB Pitcher 6,2018,NPB,NPB-T1,pitcher,27.0,86.0,25.0,21.0,0.19369392051265208,0.07634346323867022,0.11411785958057429,4.149135558426735,3.7077487905685684,189.20000000000002,180.6,4.1717726881199635,4.126498428733507,NPB-P4,synthetic,True
P-0357,NPB Pitcher 7,2018,NPB,NPB-T6,pitcher,24.6,90.0,15.0,13.0,0.21784139995514953,0.05095890146935601,0.1295151914400597,3.763034104963985,3.3639275323916737,198.00000000000003,189.0,3.5519145448319334,3.9741536650960363,NPB-P1,synthetic,True
P-0358,NPB Pitcher 8,2018,NPB,NPB-T5,pitcher,24.5,137.0,16.0,4.0,0.2132781794591271,0.07361420557678948,0.12686329985022354,3.870003946646094,3.645778029750693,301.40000000000003,287.7,3.7208467606619635,4.019161132630225,NPB-P5,synthetic,True
P-0359,NPB Pitcher 9,2018,NPB,NPB-T4,pitcher,24.2,166.0,27.0,5.0,0.2738293760106948,0.05179420425207817,0.08753109780907621,3.804360933623064,2.506206421030142,365.20000000000005,348.6,3.1580403238224504,4.450681543423678,NPB-P3,synthetic,True
P-0360,NPB Pitcher 10,2018,NPB,NPB-T4,pitcher,28.4,142.0,28.0,13.0,0.17101034553915256,0.048735500565805036,0.04,3.2615315472563253,2.81674324247644,312.40000000000003,298.2,3.5279081077212076,2.995154986791443,NPB-P4,synthetic,True
P-0361,NPB Pitcher 11,2018,NPB,NPB-T1,pitcher,28.0,122.0,16.0,10.0,0.1997460245598239,0.05320059243574632,0.13930903148366908,3.6376974162099067,3.633529227587055,268.40000000000003,256.2,3.742928661082715,3.5324661713370986,NPB-P5,synthetic,True
P-0362,NPB Pitcher 12,2018,NPB,NPB-T3,pitcher,24.4,176.0,23.0,5.0,0.21536243349649148,0.0750415502601037,0.12455353688685433,3.8880005523782923,3.623134504017856,387.20000000000005,369.6,3.965866544754679,3.810134560001906,NPB-P5,synthetic,True
P-0363,NPB Pitcher 13,2018,NPB,NPB-T1,pitcher,29.5,137.0,25.0,15.0,0.2307837824118917,0.08060882569189759,0.11205842365080189,2.9492034265766494,3.441619885515657,301.40000000000003,287.7,2.474633663863187,3.4237731892901118,NPB-P1,synthetic,True
P-0364,NPB Pitcher 14,2018,NPB,NPB-T1,pitcher,28.2,64.0,21.0,10.0,0.19955099954635364,0.06259876690339919,0.15841737110630555,3.380820374830157,3.938950917533017,140.8,134.4,3.321153762888944,3.4404869867713703,NPB-P3,synthetic,True
P-0365,NPB Pitcher 15,2018,NPB,NPB-T2,pitcher,26.0,149.0,21.0,15.0,0.1905412268358027,0.09984418766904782,0.11972242992228392,2.837518110561062,4.071024736564992,327.8,312.90000000000003,3.1041356254701,2.5709005956520237,NPB-P5,synthetic,True
P-0366,NPB Pitcher 16,2018,NPB,NPB-T5,pitcher,28.8,99.0,25.0,23.0,0.08686937041746265,0.0899181930058509,0.04626500988615503,3.575872317976173,4.046713451592059,217.8,207.9,3.6577154543488537,3.494029181603492,NPB-P4,synthetic,True
P-0367,NPB Pitcher 17,2018,NPB,NPB-T6,pitcher,25.9,165.0,22.0,8.0,0.1800502674149388,0.09633197563527168,0.0731018657037295,3.950624185403911,3.646600225341045,363.00000000000006,346.5,3.876649051503866,4.024599319303955,NPB-P5,synthetic,True
P-0370,NPB Pitcher 20,2018,NPB,NPB-T5,pitcher,24.1,91.0,18.0,3.0,0.20800909515808302,0.053688532662603344,0.04340084925853457,3.158239999479249,2.614198123271922,200.20000000000002,191.1,2.9918553385196156,3.3246246604388827,NPB-P5,synthetic,True
P-0371,NPB Pitcher 21,2018,NPB,NPB-T1,pitcher,25.5,89.0,18.0,4.0,0.20407391086915092,0.05667702067197708,0.08410108151493692,3.0005191572424645,3.088543776259887,195.8,186.9,3.098093518852777,2.902944795632152,NPB-P3,synthetic,True
P-0372,NPB Pitcher 22,2018,NPB,NPB-T4,pitcher,30.3,73.0,15.0,5.0,0.23081546856802085,0.09766860523479726,0.11814680680781543,4.094967000029452,3.706967582351555,160.60000000000002,153.3,4.198762659383481,3.991171340675422,NPB-P2,synthetic,True
P-0373,NPB Pitcher 23,2018,NPB,NPB-T1,pitcher,26.0,155.0,15.0,6.0,0.1896286360988357,0.0800446479583335,0.05741904766548853,2.9862989143970418,3.2176971633642015,341.0,325.5,3.085290683270672,2.8873071455234114,NPB-P5,synthetic,True
P-0374,NPB Pitcher 24,2018,NPB,NPB-T6,pitcher,31.5,48.0,34.0,25.0,0.17498929220859177,0.09010414770782292,0.15255863822938256,4.9653661467911565,4.406921817118967,105.60000000000001,100.80000000000001,5.268036486114126,4.662695807468187,NPB-P4,synthetic,True
P-0375,NPB Pitcher 25,2018,NPB,NPB-T2,pitcher,28.3,157.0,25.0,22.0,0.2421867006253211,0.04297893813035976,0.08503765876456162,2.699494647402348,2.6286302402073645,345.40000000000003,329.7,2.7146945605067434,2.684294734297952,NPB-P2,synthetic,True
P-0376,NPB Pitcher 26,2018,NPB,NPB-T5,pitcher,28.2,125.0,27.0,6.0,0.2619945791483521,0.10603721902479328,0.12941024423575853,3.895876032570908,3.670592437468288,275.0,262.5,3.8630037134100625,3.9287483517317536,NPB-P2,synthetic,True
P-0377,NPB Pitcher 27,2018,NPB,NPB-T3,pitcher,25.6,108.0,20.0,9.0,0.14491934269508838,0.08524317350743732,0.07758397079566116,4.018209937496629,3.8394030484851527,237.60000000000002,226.8,3.8516411183517274,4.184778756641531,NPB-P4,synthetic,True
P-0378,NPB Pitcher 28,2018,NPB,NPB-T7,pitcher,29.8,139.0,25.0,1.0,0.1484896623770392,0.11962619558356798,0.11098820654410248,4.7143762431099185,4.557479113427528,305.8,291.90000000000003,5.005184599354862,4.4235678868649755,NPB-P3,synthetic,True
P-0379,NPB Pitcher 29,2018,NPB,NPB-T6,pitcher,30.1,80.0,33.0,5.0,0.18344667740773768,0.06063244996349172,0.10214323901094634,3.894875572208467,3.481448370409463,176.0,168.0,3.811440119521807,3.9783110248951274,NPB-P2,synthetic,True
P-0161,Pitcher 161,2018,NPB,NPB-T7,pitcher,22.9,127.0,23.0,10.0,0.08764246838970065,0.07859218802648726,0.11291158687291074,5.035766580796753,4.57108237792935,279.40000000000003,266.7,5.109974471053359,4.961558690540146,NPB-P1,synthetic,True
P-0163,Pitcher 163,2018,NPB,NPB-T3,pitcher,27.4,184.0,17.0,1.0,0.1470858296616607,0.08554486945180016,0.05910826147485033,3.9689194330457895,3.64093441087682,404.8,386.40000000000003,4.320340746725141,3.6174981193664375,NPB-P5,synthetic,True
P-0164,Pitcher 164,2018,NPB,NPB-T1,pitcher,32.6,183.0,23.0,2.0,0.09882585607904161,0.09640393120142715,0.10449946629743144,5.222835295449103,4.611234988759108,402.6,384.3,6.244189786551195,4.201480804347011,NPB-P3,synthetic,True
P-0165,Pitcher 165,2018,NPB,NPB-T6,pitcher,30.3,149.0,22.0,13.0,0.1746042619834598,0.07726995998991475,0.10481516157153871,3.7459905575086663,3.778557039726685,327.8,312.90000000000003,3.923238322257623,3.5687427927597097,NPB-P2,synthetic,True
P-0166,Pitcher 166,2018,NPB,NPB-T1,pitcher,27.3,154.0,22.0,14.0,0.22835395628667834,0.08319264123944158,0.09068194405473626,3.228602393856854,3.278299485127235,338.8,323.40000000000003,3.5012869496992947,2.9559178380144138,NPB-P4,synthetic,True
P-0167,Pitcher 167,2018,NPB,NPB-T5,pitcher,22.4,127.0,23.0,0.0,0.2281493133436877,0.1006528619173399,0.11354450970030715,3.5024727991676485,3.7180849332616486,279.40000000000003,266.7,3.6290990843715907,3.3758465139637064,NPB-P2,synthetic,True
P-0168,Pitcher 168,2018,NPB,NPB-T2,pitcher,23.3,143.0,22.0,16.0,0.25020421497042517,0.04754688931672374,0.1243072567757244,2.7504652293948446,3.012001519794528,314.6,300.3,2.5444547401096202,2.956475718680069,NPB-P4,synthetic,True
P-0169,Pitcher 169,2018,NPB,NPB-T3,pitcher,26.7,61.0,19.0,18.0,0.1997463692827885,0.10462342544576372,0.1303997810623022,4.0192712701848565,4.161507961709879,134.20000000000002,128.1,3.8041114332337376,4.2344311071359755,NPB-P2,synthetic,True
P-0171,Pitcher 171,2018,NPB,NPB-T4,pitcher,27.1,167.0,22.0,9.0,0.2094300464938211,0.08306213203068696,0.08991178119713483,2.8847779196922625,3.420423024389023,367.40000000000003,350.7,2.7777504764920806,2.9918053628924444,NPB-P2,synthetic,True
P-0172,Pitcher 172,2018,NPB,NPB-T6,pitcher,22.3,125.0,30.0,6.0,0.10830392339675468,0.1063988311221455,0.12662968796352614,5.265332012296279,4.876651465926971,275.0,262.5,5.253109380188538,5.277554644404019,NPB-P4,synthetic,True
P-0173,Pitcher 173,2018,NPB,NPB-T4,pitcher,31.5,140.0,28.0,25.0,0.22887629970801365,0.08931746947662036,0.10853703965943093,3.9801227536863726,3.526169632649644,308.0,294.0,4.534925035006275,3.42532047236647,NPB-P5,synthetic,True
P-0174,Pitcher 174,2018,NPB,NPB-T2,pitcher,22.5,115.0,16.0,13.0,0.16294481520986626,0.08764014867860974,0.16328642418154873,4.860084400850637,4.580987504279874,253.00000000000003,241.5,4.838010499389853,4.882158302311421,NPB-P4,synthetic,True
P-0351,NPB Pitcher 1,2019,NPB,NPB-T5,pitcher,30.3,153.0,32.0,6.0,0.19837671163938658,0.09161327208502365,0.1313924251662726,3.802939420140046,4.026269823567917,336.6,321.3,3.969479477055168,3.6363993632249243,NPB-P2,synthetic,True
P-0352,NPB Pitcher 2,2019,NPB,NPB-T5,pitcher,24.7,45.0,26.0,1.0,0.09621575072492847,0.0808857704825832,0.09503126508381114,4.70090641653811,4.351215890829682,99.00000000000001,94.5,5.340179145720438,4.061633687355781,NPB-P4,synthetic,True
P-0354,NPB Pitcher 4,2019,NPB,NPB-T2,pitcher,28.1,184.0,19.0,1.0,0.13234394644601571,0.1123449987231089,0.07621364177691481,4.487391940126247,4.2515248308783296,404.8,386.40000000000003,4.861619532100422,4.113164348152072,NPB-P5,synthetic,True
P-0355,NPB Pitcher 5,2019,NPB,NPB-T6,pitcher,25.3,154.0,22.0,12.0,0.21970919993162727,0.06656800585421958,0.11939337126502689,3.110647689737056,3.435076183447886,338.8,323.40000000000003,3.0916877255281237,3.1296076539459885,NPB-P5,synthetic,True
P-0356,NPB Pitcher 6,2019,NPB,NPB-T1,pitcher,27.1,187.0,15.0,9.0,0.19452087009239205,0.08636460441149404,0.11368472323326093,3.870657533445521,3.817055524531402,411.40000000000003,392.7,4.315935981973231,3.425379084917811,NPB-P2,synthetic,True
P-0359,NPB Pitcher 9,2019,NPB,NPB-T5,pitcher,24.3,100.0,31.0,20.0,0.25767691456169195,0.06998053189004902,0.07704797622328809,3.623485320168151,2.748830828419934,220.00000000000003,210.0,3.19753712333971,4.049433516996592,NPB-P4,synthetic,True
P-0360,NPB Pitcher 10,2019,NPB,NPB-T2,pitcher,28.5,65.0,18.0,0.0,0.1801178664448872,0.06134375631554995,0.04,2.8835593314529615,2.895182144227502,143.0,136.5,2.8969176851796843,2.8702009777262387,NPB-P1,synthetic,True
P-0361,NPB Pitcher 11,2019,NPB,NPB-T5,pitcher,28.2,63.0,17.0,11.0,0.19585366984263078,0.054779710239313543,0.14661608053415226,3.3400522839681273,3.756687969472239,138.60000000000002,132.3,3.18148566940072,3.4986188985355344,NPB-P4,synthetic,True
P-0362,NPB Pitcher 12,2019,NPB,NPB-T4,pitcher,24.6,54.0,21.0,7.0,0.22324635272423676,0.09209265225514922,0.11336531122019079,3.9990199360760794,3.6527941174698046,118.80000000000001,113.4,3.6845474988048923,4.313492373347266,NPB-P4,synthetic,True
P-0363,NPB Pitcher 13,2019,NPB,NPB-T2,pitcher,29.6,149.0,15.0,5.0,0.2397602173795979,0.07829066468479493,0.10394015746893938,3.966945488002374,3.2608078118701505,327.8,312.90000000000003,4.001872764062391,3.9320182119423572,NPB-P3,synthetic,True
P-0364,NPB Pitcher 14,2019,NPB,NPB-T4,pitcher,28.3,183.0,19.0,16.0,0.16695300486224554,0.07472765112452799,0.15754261129420288,4.283290177451728,4.336533887538401,402.6,384.3,4.091540351577927,4.475040003325529,NPB-P3,synthetic,True
P-0365,NPB Pitcher 15,2019,NPB,NPB-T5,pitcher,26.2,133.0,17.0,13.0,0.18295759517629004,0.10215104802242468,0.12882015994348017,4.352822653660258,4.250353414293578,292.6,279.3,4.538221786069811,4.167423521250705,NPB-P5,synthetic,True
P-0367,NPB Pitcher 17,2019,NPB,NPB-T2,pitcher,26.1,172.0,23.0,1.0,0.20658759081328495,0.0924835067585063,0.07591780673345813,3.203406075339382,3.4162794219303776,378.40000000000003,361.2,3.0329162868918687,3.3738958637868954,NPB-P3,synthetic,True
P-0368,NPB Pitcher 18,2019,NPB,NPB-T7,pitcher,30.2,91.0,31.0,7.0,0.18465450272142236,0.09513558475020471,0.07943334178518217,3.7371342807253014,3.6587244130828998,200.20000000000002,191.1,3.4637824210279273,4.0104861404226755,NPB-P4,synthetic,True
P-0369,NPB Pitcher 19,2019,NPB,NPB-T5,pitcher,24.7,67.0,16.0,15.0,0.2913572099855469,0.1134471493997954,0.12996050553661764,3.683263763958557,3.530113168279346,147.4,140.70000000000002,3.541924352579409,3.824603175337705,NPB-P2,synthetic,True
P-0370,NPB Pitcher 20,2019,NPB,NPB-T7,pitcher,24.2,126.0,32.0,28.0,0.22309288640273095,0.07253841171478403,0.05759604080967841,2.7033120403172646,2.861678257452345,277.20000000000005,264.6,2.278013836070297,3.128610244564232,NPB-P5,synthetic,True
P-0371,NPB Pitcher 21,2019,NPB,NPB-T2,pitcher,25.7,162.0,26.0,15.0,0.25180292605244387,0.05553245821721731,0.09034542596479991,3.042747239236941,2.755420349835056,356.40000000000003,340.2,2.797553640867294,3.2879408376065875,NPB-P3,synthetic,True
P-0372,NPB Pitcher 22,2019,NPB,NPB-T3,pitcher,30.5,91.0,20.0,14.0,0.25039947513765476,0.09336046884170203,0.12202249977595542,3.1345052576073433,3.5373548227587404,200.20000000000002,191.1,3.0389476143541096,3.230062900860577,NPB-P2,synthetic,True
P-0373,NPB Pitcher 23,2019,NPB,NPB-T4,pitcher,26.1,79.0,29.0,13.0,0.17896793667618147,0.07886939530506917,0.05003535236191452,3.366005692136152,3.2150427738705236,173.8,165.9,3.130674406769951,3.6013369775023527,NPB-P1,synthetic,True
P-0375,NPB Pitcher 25,2019,NPB,NPB-T6,pitcher,28.4,67.0,27.0,8.0,0.2518846708386602,0.06468197253114119,0.0753083456289461,2.8914146525766817,2.7141897599538742,147.4,140.70000000000002,2.8392861029785808,2.9435432021747827,NPB-P4,synthetic,True
P-0376,NPB Pitcher 26,2019,NPB,NPB-T5,pitcher,28.4,42.0,22.0,9.0,0.2668792993951937,0.09725501537512148,0.12496174211582031,4.008556535421112,3.4816432104981114,92.4,88.2,4.138754311987375,3.878358758854849,NPB-P4,synthetic,True
P-0377,NPB Pitcher 27,2019,NPB,NPB-T3,pitcher,25.7,83.0,16.0,7.0,0.14828241909330372,0.09663896886494396,0.06569689269052494,3.86709478787784,3.8303772005381473,182.60000000000002,174.3,4.0507540981108665,3.6834354776448133,NPB-P2,synthetic,True
P-0378,NPB Pitcher 28,2019,NPB,NPB-T5,pitcher,30.0,122.0,19.0,17.0,0.16320256722652104,0.10621574970943365,0.08333523677549001,3.8169662782143337,4.002320826455936,268.40000000000003,256.2,3.3669261519401203,4.267006404488547,NPB-P4,synthetic,True
P-0379,NPB Pitcher 29,2019,NPB,NPB-T1,pitcher,30.2,141.0,30.0,4.0,0.1910123692677069,0.06507158839002955,0.09294762082078542,3.07098496841468,3.3822363147465535,310.20000000000005,296.1,3.5432374816122127,2.5987324552171476,NPB-P1,synthetic,True
P-0380,NPB Pitcher 30,2019,NPB,NPB-T1,pitcher,26.7,93.0,21.0,15.0,0.1613919968172398,0.08327520289226299,0.05142345255170064,4.022349568121123,3.422400985686244,204.60000000000002,195.3,3.4502589321351245,4.594440204107121,NPB-P4,synthetic,True
P-0161,Pitcher 161,2019,NPB,NPB-T3,pitcher,23.0,163.0,27.0,21.0,0.09408823761543622,0.0725633246043897,0.09617719135017094,4.775958611851337,4.279825907830896,358.6,342.3,4.923872172940063,4.62804505076261,NPB-P2,synthetic,True
P-0162,Pitcher 162,2019,NPB,NPB-T2,pitcher,26.2,45.0,25.0,12.0,0.2821650429181332,0.07955685172477948,0.11419216322449725,3.146336150124734,3.0392835095972606,99.00000000000001,94.5,2.9300670108325955,3.362605289416873,NPB-P3,synthetic,True
P-0163,Pitcher 163,2019,NPB,NPB-T1,pitcher,27.5,85.0,18.0,16.0,0.17160881824275917,0.08790787894762106,0.07039989929586207,2.914726791528982,3.586022994388,187.00000000000003,178.5,2.983223435338839,2.8462301477191247,NPB-P3,synthetic,True
P-0165,Pitcher 165,2019,NPB,NPB-T4,pitcher,30.4,47.0,20.0,18.0,0.1703074874242999,0.08268824476482167,0.09653463701640562,3.369730954676853,3.7951454079475173,103.4,98.7,3.465404000646938,3.2740579087067676,NPB-P1,synthetic,True
P-0166,Pitcher 166,2019,NPB,NPB-T6,pitcher,27.4,62.0,17.0,14.0,0.2206457637666394,0.09963432004987523,0.09876072850562476,3.484628662293598,3.6180530155216357,136.4,130.20000000000002,3.2653713366514525,3.7038859879357435,NPB-P5,synthetic,True
P-0167,Pitcher 167,2019,NPB,NPB-T1,pitcher,22.5,49.0,23.0,20.0,0.18469837061289043,0.09673213335893445,0.1230540206462073,3.5666626177488876,4.113738841866163,107.80000000000001,102.9,3.117647009758504,4.015678225739271,NPB-P3,synthetic,True
P-0168,Pitcher 168,2019,NPB,NPB-T3,pitcher,23.5,133.0,22.0,15.0,0.2550197474798375,0.05143213292494155,0.13904466073152572,3.1223332657234755,3.167474222575856,292.6,279.3,3.2276497890404134,3.0170167424065375,NPB-P3,synthetic,True
P-0169,Pitcher 169,2019,NPB,NPB-T5,pitcher,26.9,165.0,27.0,20.0,0.2027974355739817,0.10170101326474854,0.11880989712970093,3.620147660712799,3.9861316458821383,363.00000000000006,346.5,3.3193982690922748,3.920897052333323,NPB-P1,synthetic,True
P-0170,Pitcher 170,2019,NPB,NPB-T7,pitcher,29.3,129.0,19.0,1.0,0.1845105456588925,0.05987859136872499,0.10325588228399984,3.347925216421829,3.475017553993559,283.8,270.90000000000003,3.433894131291938,3.2619563015517197,NPB-P2,synthetic,True
P-0171,Pitcher 171,2019,NPB,NPB-T6,pitcher,27.2,170.0,30.0,13.0,0.19102871583647807,0.07805054015108877,0.08476884492726358,4.423002001559214,3.4560652043938767,374.00000000000006,357.0,4.27490883694514,4.571095166173289,NPB-P4,synthetic,True
P-0172,Pitcher 172,2019,NPB,NPB-T4,pitcher,22.4,131.0,19.0,14.0,0.11300843007499264,0.101373214328605,0.135904016193448,4.659024182435167,4.871451293277799,288.20000000000005,275.1,4.498512467625883,4.819535897244451,NPB-P3,synthetic,True
P-0173,Pitcher 173,2019,NPB,NPB-T5,pitcher,31.6,53.0,34.0,12.0,0.20946434452403612,0.11385809025437249,0.12645939717445656,4.2911499008395975,4.155176298604747,116.60000000000001,111.30000000000001,4.160931949341909,4.421367852337286,NPB-P5,synthetic,True
P-0174,Pitcher 174,2019,NPB,NPB-T2,pitcher,22.7,117.0,26.0,8.0,0.16965533879624925,0.10063716422457356,0.18872498333022114,5.3516787961439345,4.9376530936271,257.40000000000003,245.70000000000002,5.475024036683433,5.228333555604436,NPB-P2,synthetic,True
P-0175,Pitcher 175,2019,NPB,NPB-T5,pitcher,26.2,56.0,33.0,11.0,0.15470423550304735,0.09335312127631426,0.10173528863566103,4.0428155009922495,4.099956457648003,123.20000000000002,117.60000000000001,4.399980817349389,3.68565018463511,NPB-P1,synthetic,True
P-0351,NPB Pitcher 1,2020,NPB,NPB-T2,pitcher,30.4,158.0,32.0,11.0,0.18147905086696428,0.09509234427528135,0.11530856487483968,3.8009676421094376,4.042361373116059,347.6,331.8,3.6575288534362955,3.9444064307825797,NPB-P4,synthetic,True
P-0352,NPB Pitcher 2,2020,NPB,NPB-T7,pitcher,24.8,79.0,27.0,9.0,0.10866109137372217,0.08872171371023156,0.09059696172045899,3.8927707743758186,4.301341450737592,173.8,165.9,3.8937435733247674,3.89179797542687,NPB-P1,synthetic,True
P-0354,NPB Pitcher 4,2020,NPB,NPB-T3,pitcher,28.3,65.0,18.0,17.0,0.14930316259597773,0.10338980831912709,0.08359613834980721,4.113457661302987,4.082213782559775,143.0,136.5,4.171718904830997,4.055196417774977,NPB-P1,synthetic,True
P-0355,NPB Pitcher 5,2020,NPB,NPB-T7,pitcher,25.4,72.0,27.0,18.0,0.22558379487391111,0.07421551296638569,0.13888470648993537,3.9258549908079416,3.6747628615046937,158.4,151.20000000000002,3.694880581115406,4.156829400500477,NPB-P3,synthetic,True
P-0356,NPB Pitcher 6,2020,NPB,NPB-T6,pitcher,27.3,52.0,21.0,5.0,0.18904132441375654,0.08730961474188287,0.11223838414853907,3.5398170395438133,3.8577686230779333,114.4,109.2,3.3842227930537425,3.695411286033884,NPB-P3,synthetic,True
P-0357,NPB Pitcher 7,2020,NPB,NPB-T3,pitcher,24.9,173.0,17.0,13.0,0.2270615702257075,0.031320186886649594,0.10368347061124222,3.3964657274539736,2.7961843869465572,380.6,363.3,3.588683287166048,3.2042481677418992,NPB-P2,synthetic,True
P-0358,NPB Pitcher 8,2020,NPB,NPB-T3,pitcher,24.8,60.0,31.0,0.0,0.2354670846745889,0.07364399944955355,0.10973775624217845,3.9277345572994937,3.297368878419716,132.0,126.0,3.915621279908939,3.9398478346900485,NPB-P4,synthetic,True
P-0361,NPB Pitcher 11,2020,NPB,NPB-T7,pitcher,28.3,84.0,23.0,10.0,0.1896961066370859,0.07074190654805754,0.12442071070257198,3.540266934539586,3.775541132505723,184.8,176.4,3.471661326907095,3.6088725421720773,NPB-P4,synthetic,True
P-0362,NPB Pitcher 12,2020,NPB,NPB-T1,pitcher,24.7,60.0,27.0,7.0,0.25089820983214467,0.06939055540523212,0.1239520473368667,3.602188909676702,3.265021459574295,132.0,126.0,3.5104403915788174,3.6939374277745864,NPB-P1,synthetic,True
P-0363,NPB Pitcher 13,2020,NPB,NPB-T5,pitcher,29.8,158.0,16.0,5.0,0.22585992195852703,0.11378801669439481,0.1179388079085085,4.15818970991185,3.937964903749607,347.6,331.8,4.451158982352319,3.865220437471381,NPB-P3,synthetic,True
P-0364,NPB Pitcher 14,2020,NPB,NPB-T2,pitcher,28.5,146.0,29.0,2.0,0.16893950786867257,0.07164560061791103,0.16698377661298186,4.443189122778905,4.3780689105953705,321.20000000000005,306.6,4.686885632109608,4.199492613448201,NPB-P4,synthetic,True
P-0365,NPB Pitcher 15,2020,NPB,NPB-T6,pitcher,26.3,152.0,32.0,10.0,0.20534264894259252,0.0815419729627844,0.1287707313478796,4.105886631576675,3.8234697974914695,334.40000000000003,319.2,4.180600519740892,4.0311727434124585,NPB-P5,synthetic,True
P-0366,NPB Pitcher 16,2020,NPB,NPB-T4,pitcher,29.1,138.0,34.0,24.0,0.11003733367748902,0.08927528925330533,0.04007645864339594,3.8090434240455853,3.791769388053711,303.6,289.8,3.6581187791984613,3.9599680688927092,NPB-P5,synthetic,True
P-0367,NPB Pitcher 17,2020,NPB,NPB-T1,pitcher,26.2,168.0,15.0,13.0,0.19480413549712725,0.08099068787689745,0.06803752115823508,3.8593637408006476,3.2938303821281028,369.6,352.8,3.802186429897541,3.916541051703754,NPB-P4,synthetic,True
P-0368,NPB Pitcher 18,2020,NPB,NPB-T6,pitcher,30.4,150.0,29.0,3.0,0.1794923431269801,0.08619760580141311,0.10952680302444134,3.587478239289066,3.8937005548455303,330.0,315.0,3.152298033506647,4.022658445071485,NPB-P5,synthetic,True
P-0369,NPB Pitcher 19,2020,NPB,NPB-T7,pitcher,24.9,174.0,22.0,1.0,0.260518638988109,0.10046499792743359,0.12299333546637709,3.3268262125241965,3.551364217888102,382.8,365.40000000000003,2.884631431648222,3.769020993400171,NPB-P2,synthetic,True
P-0370,NPB Pitcher 20,2020,NPB,NPB-T4,pitcher,24.4,114.0,17.0,11.0,0.22499307195301974,0.08559374712220089,0.04205366127314655,3.0560201604233725,2.847717002573718,250.8,239.4,2.669531648588562,3.442508672258183,NPB-P2,synthetic,True
P-0371,NPB Pitcher 21,2020,NPB,NPB-T1,pitcher,25.8,131.0,30.0,29.0,0.19811744037658122,0.04227457749668617,0.07652587617459394,2.9139528730591167,2.887614168693524,288.20000000000005,275.1,2.520406540461154,3.3074992056570793,NPB-P2,synthetic,True
P-0372,NPB Pitcher 22,2020,NPB,NPB-T3,pitcher,30.6,97.0,28.0,7.0,0.23266586361020938,0.09744742449184536,0.12010699484387906,3.4625172192196145,3.7091121334592603,213.4,203.70000000000002,3.3342165622148077,3.5908178762244214,NPB-P4,synthetic,True
P-0373,NPB Pitcher 23,2020,NPB,NPB-T3,pitcher,26.3,163.0,30.0,24.0,0.19011995919658517,0.061624593972249,0.05654989935335864,3.174612575825112,2.984034447627893,358.6,342.3,2.736186868676888,3.6130382829733354,NPB-P3,synthetic,True
P-0375,NPB Pitcher 25,2020,NPB,NPB-T6,pitcher,28.6,139.0,29.0,6.0,0.21656371514813103,0.043205435287439274,0.06592463645676941,2.85909480331602,2.6452018668319175,305.8,291.90000000000003,2.949224776368215,2.7689648302638252,NPB-P4,synthetic,True
P-0376,NPB Pitcher 26,2020,NPB,NPB-T5,pitcher,28.5,159.0,30.0,15.0,0.2857433571556381,0.0921906612291576,0.12210004793077021,3.5171894313531693,3.2413415568124884,349.8,333.90000000000003,3.4762914200870147,3.558087442619324,NPB-P1,synthetic,True
P-0377,NPB Pitcher 27,2020,NPB,NPB-T5,pitcher,25.9,65.0,26.0,12.0,0.16476010588841683,0.07860730566982971,0.06034201660480966,3.83421173848705,3.4286269869787183,143.0,136.5,3.825097582309392,3.843325894664708,NPB-P5,synthetic,True
P-0380,NPB Pitcher 30,2020,NPB,NPB-T1,pitcher,26.9,112.0,34.0,1.0,0.19601041898309887,0.06482105078289481,0.06207131989545019,3.6299350672434407,3.0304824564844486,246.40000000000003,235.20000000000002,3.8193791998462174,3.440490934640664,NPB-P1,synthetic,True
P-0161,Pitcher 161,2020,NPB,NPB-T2,pitcher,23.2,53.0,16.0,1.0,0.10871366681573255,0.06749734367430277,0.08546375176031762,4.172178797064501,3.994896307168949,116.60000000000001,111.30000000000001,3.9054552490276895,4.4389023451013125,NPB-P3,synthetic,True
P-0162,Pitcher 162,2020,NPB,NPB-T7,pitcher,26.3,176.0,22.0,21.0,0.29742486969332055,0.08591643617549573,0.1104887885623741,3.5329185183727745,2.9564861621831255,387.20000000000005,369.6,3.5493659091655214,3.5164711275800276,NPB-P3,synthetic,True
P-0163,Pitcher 163,2020,NPB,NPB-T6,pitcher,27.7,169.0,24.0,3.0,0.1758049797731038,0.07310156174468199,0.06697107134018669,3.12546005301774,3.34048961615322,371.8,354.90000000000003,3.6431484278544835,2.6077716781809963,NPB-P5,synthetic,True
P-0164,Pitcher 164,2020,NPB,NPB-T4,pitcher,32.9,99.0,15.0,11.0,0.09695245163151883,0.07620978844634271,0.1034537932004533,4.190167881953109,4.373435780308495,217.8,207.9,4.243857593502391,4.136478170403828,NPB-P3,synthetic,True
P-0165,Pitcher 165,2020,NPB,NPB-T4,pitcher,30.6,177.0,29.0,15.0,0.17731423691904996,0.08346172670729256,0.11306386217001063,3.8598240442755762,3.9136654468352177,389.40000000000003,371.7,3.9732016531211616,3.746446435429991,NPB-P2,synthetic,True
P-0166,Pitcher 166,2020,NPB,NPB-T2,pitcher,27.6,173.0,18.0,0.0,0.23443347113146842,0.07446092340433083,0.11002513424888236,2.9716606984796785,3.3183146542890465,380.6,363.3,2.683484124513165,3.259837272446192,NPB-P5,synthetic,True
P-0168,Pitcher 168,2020,NPB,NPB-T1,pitcher,23.6,74.0,18.0,7.0,0.26089392019729335,0.0687318750399822,0.1472785585889054,3.60506978260361,3.410416724790494,162.8,155.4,3.697153054866049,3.5129865103411713,NPB-P2,synthetic,True
P-0169,Pitcher 169,2020,NPB,NPB-T3,pitcher,27.0,160.0,25.0,20.0,0.24680882955391165,0.10250250709140443,0.1152438875671884,3.651464225168029,3.6079983243374443,352.0,336.0,3.3337369292855312,3.9691915210505266,NPB-P3,synthetic,True
P-0170,Pitcher 170,2020,NPB,NPB-T2,pitcher,29.4,136.0,30.0,14.0,0.19065174498117715,0.09014779995183135,0.09071030572454127,3.1141215909605804,3.6636626968179717,299.20000000000005,285.6,3.103192335756024,3.125050846165137,NPB-P1,synthetic,True
P-0171,Pitcher 171,2020,NPB,NPB-T4,pitcher,27.4,111.0,32.0,26.0,0.19619953220519468,0.07353828711436948,0.07830465374795893,3.50164783225619,3.295909725210466,244.20000000000002,233.10000000000002,3.1606326833854017,3.842662981126978,NPB-P5,synthetic,True
P-0173,Pitcher 173,2020,NPB,NPB-T5,pitcher,31.8,186.0,19.0,2.0,0.2039272545646427,0.10836456080247259,0.13825613978879328,4.372684693457043,4.251518091000463,409.20000000000005,390.6,4.443930608589254,4.301438778324833,NPB-P2,synthetic,True
P-0352,NPB Pitcher 2,2021,NPB,NPB-T7,pitcher,25.0,147.0,24.0,0.0,0.15082803882139006,0.05893225053980822,0.087206116070891,3.194113025878745,3.5726238566154884,323.40000000000003,308.7,3.1288150526898444,3.259410999067646,NPB-P1,synthetic,True
P-0354,NPB Pitcher 4,2021,NPB,NPB-T4,pitcher,28.4,165.0,15.0,13.0,0.16835086093895785,0.08931267800254411,0.09237505332104011,3.8965360141838197,3.8486957817292677,363.00000000000006,346.5,3.902618427606848,3.8904536007607913,NPB-P3,synthetic,True
P-0356,NPB Pitcher 6,2021,NPB,NPB-T3,pitcher,27.4,178.0,23.0,1.0,0.1779404440572116,0.09222429339404258,0.1131600241013637,4.076192070684302,4.014768209284455,391.6,373.8,3.9562144408611353,4.196169700507468,NPB-P5,synthetic,True
P-0357,NPB Pitcher 7,2021,NPB,NPB-T4,pitcher,25.0,161.0,25.0,16.0,0.19924794420134953,0.0419021423466885,0.09191909889004836,3.2987588160898658,3.0280331434499494,354.20000000000005,338.1,2.9863787272765614,3.61113890490317,NPB-P4,synthetic,True
P-0358,NPB Pitcher 8,2021,NPB,NPB-T5,pitcher,25.0,150.0,33.0,11.0,0.23402907455793984,0.04620244090025795,0.11699651190210165,3.208320342361695,3.052161813360593,330.0,315.0,3.0945804282814477,3.3220602564419424,NPB-P3,synthetic,True
P-0359,NPB Pitcher 9,2021,NPB,NPB-T2,pitcher,24.6,180.0,28.0,7.0,0.23093608400271062,0.07511420929992814,0.08801368625197215,3.299837608377269,3.1340187020971744,396.00000000000006,378.0,3.3755167727063906,3.2241584440481477,NPB-P4,synthetic,True
P-0360,NPB Pitcher 10,2021,NPB,NPB-T6,pitcher,28.8,47.0,15.0,4.0,0.15924038740292873,0.05709139573054558,0.04,2.711308511314161,3.0111736495431174,103.4,98.7,2.5122597008730145,2.9103573217553076,NPB-P4,synthetic,True
P-0361,NPB Pitcher 11,2021,NPB,NPB-T7,pitcher,28.5,127.0,31.0,24.0,0.182056235062653,0.04997519957610314,0.15148815290808487,3.3504044230148877,3.858134043492863,279.40000000000003,266.7,3.2841033779475937,3.416705468082182,NPB-P3,synthetic,True
P-0362,NPB Pitcher 12,2021,NPB,NPB-T2,pitcher,24.9,114.0,26.0,8.0,0.23193149957093342,0.09020146463925445,0.1314753996347579,4.312940589931579,3.7417195754511656,250.8,239.4,4.2817291985312185,4.34415198133194,NPB-P3,synthetic,True
P-0363,NPB Pitcher 13,2021,NPB,NPB-T1,pitcher,29.9,160.0,19.0,16.0,0.23128538439526292,0.05250994721833775,0.1264036893967242,3.51097029653934,3.243873185425192,352.0,336.0,3.5426451260488907,3.4792954670297895,NPB-P4,synthetic,True
P-0364,NPB Pitcher 14,2021,NPB,NPB-T4,pitcher,28.6,152.0,28.0,24.0,0.17831162991568028,0.08945929277825455,0.1369513235637499,4.271322687711156,4.216531709651111,334.40000000000003,319.2,4.3316693994130535,4.210975976009259,NPB-P1,synthetic,True
P-0365,NPB Pitcher 15,2021,NPB,NPB-T2,pitcher,26.5,158.0,32.0,18.0,0.21008755245982053,0.08154475347713004,0.13131270220464544,3.535335868418299,3.8109636440934507,347.6,331.8,3.7928295630315376,3.2778421738050603,NPB-P1,synthetic,True
P-0366,NPB Pitcher 16,2021,NPB,NPB-T6,pitcher,29.3,155.0,30.0,8.0,0.09880619134402316,0.0638428866730727,0.04,3.425673445782285,3.5756651093246874,341.0,325.5,3.622225432852937,3.2291214587116333,NPB-P2,synthetic,True
P-0367,NPB Pitcher 17,2021,NPB,NPB-T4,pitcher,26.4,46.0,27.0,23.0,0.19483227351597335,0.08316668440302329,0.06231568035069089,3.444044568120786,3.262498828215402,101.2,96.60000000000001,3.261334990349366,3.626754145892206,NPB-P1,synthetic,True
P-0368,NPB Pitcher 18,2021,NPB,NPB-T2,pitcher,30.5,147.0,32.0,6.0,0.18498780347636107,0.06215113090742576,0.09423912275789817,2.9810603645164773,3.4083023706572027,323.40000000000003,308.7,2.940611420687279,3.0215093083456757,NPB-P1,synthetic,True
P-0369,NPB Pitcher 19,2021,NPB,NPB-T3,pitcher,25.0,131.0,34.0,16.0,0.29256162084453957,0.0888111260852537,0.12860153270512173,3.055927705077089,3.2112558733179455,288.20000000000005,275.1,3.2560093789454125,2.855846031208766,NPB-P1,synthetic,True
P-0370,NPB Pitcher 20,2021,NPB,NPB-T5,pitcher,24.5,64.0,27.0,9.0,0.25232275431997786,0.07179547788768383,0.043643227625934665,2.565889796787929,2.4793959763517304,140.8,134.4,2.5772806634496477,2.55449893012621,NPB-P3,synthetic,True
P-0371,NPB Pitcher 21,2021,NPB,NPB-T7,pitcher,26.0,40.0,31.0,3.0,0.22668280731709442,0.044772674698065,0.07549087884933985,2.1674591634545934,2.6787184263334236,88.0,84.0,1.6001250222180081,2.7347933046911788,NPB-P3,synthetic,True
P-0372,NPB Pitcher 22,2021,NPB,NPB-T6,pitcher,30.8,178.0,34.0,6.0,0.24422693496673478,0.09645218889586146,0.12197031508204614,4.171098866324188,3.623313937836921,391.6,373.8,4.249824057479984,4.092373675168393,NPB-P3,synthetic,True
P-0373,NPB Pitcher 23,2021,NPB,NPB-T6,pitcher,26.4,169.0,16.0,10.0,0.18055193325396407,0.06496845776955197,0.04941974796482941,3.9388302761292553,3.0294035068512053,371.8,354.90000000000003,4.170638216804852,3.707022335453659,NPB-P3,synthetic,True
P-0374,NPB Pitcher 24,2021,NPB,NPB-T7,pitcher,31.9,59.0,17.0,14.0,0.15961219724293635,0.09624161058026177,0.14510452266321136,4.744792889643735,4.529046975651765,129.8,123.9,4.909026290475517,4.580559488811953,NPB-P4,synthetic,True
P-0375,NPB Pitcher 25,2021,NPB,NPB-T3,pitcher,28.7,182.0,18.0,10.0,0.23498175347645092,0.03825284405333947,0.07924225332830169,2.190830673819124,2.5716026341114833,400.40000000000003,382.2,2.2157833017249624,2.165878045913286,NPB-P5,synthetic,True
P-0376,NPB Pitcher 26,2021,NPB,NPB-T3,pitcher,28.7,161.0,27.0,0.0,0.28418139061530356,0.10394585443977893,0.10923604525338662,3.059102296847968,3.2662595808887853,354.20000000000005,338.1,3.539640532126769,2.578564061569167,NPB-P5,synthetic,True
P-0377,NPB Pitcher 27,2021,NPB,NPB-T4,pitcher,26.0,46.0,33.0,5.0,0.1496986931689752,0.08368563685141504,0.07764346115214191,3.914835585969693,3.783072708386598,101.2,96.60000000000001,4.240039104255109,3.589632067684277,NPB-P3,synthetic,True
P-0380,NPB Pitcher 30,2021,NPB,NPB-T1,pitcher,27.0,153.0,31.0,14.0,0.18843906779675357,0.08099886038188314,0.05684685718424588,3.6963441022589327,3.232942354051028,336.6,321.3,3.685179210949625,3.7075089935682404,NPB-P1,synthetic,True
P-0161,Pitcher 161,2021,NPB,NPB-T7,pitcher,23.3,70.0,17.0,2.0,0.08350409641710853,0.08081688562564089,0.10727814238619672,4.370511905942643,4.574551280032789,154.0,147.0,4.376917605962211,4.3641062059230755,NPB-P1,synthetic,True
P-0162,Pitcher 162,2021,NPB,NPB-T4,pitcher,26.5,41.0,29.0,19.0,0.2948703576345253,0.0733659672764512,0.10046158589886149,2.2913931066009994,2.726044605229827,90.2,86.10000000000001,2.2687719312335233,2.3140142819684755,NPB-P5,synthetic,True
P-0163,Pitcher 163,2021,NPB,NPB-T1,pitcher,27.8,155.0,34.0,28.0,0.1430103776396633,0.06534524981449745,0.07286488578365152,3.5912919908121554,3.5687088344931785,341.0,325.5,4.015678045732133,3.166905935892178,NPB-P4,synthetic,True
P-0164,Pitcher 164,2021,NPB,NPB-T6,pitcher,33.1,166.0,22.0,21.0,0.1018969698521078,0.0851488646482506,0.11639112881123044,4.416833249303411,4.570521905074449,365.20000000000005,348.6,4.381459760749654,4.452206737857169,NPB-P2,synthetic,True
P-0165,Pitcher 165,2021,NPB,NPB-T1,pitcher,30.7,46.0,26.0,10.0,0.1849522386559459,0.08781823635475886,0.1026014267458871,3.6787966540806827,3.800215194468411,101.2,96.60000000000001,4.044155817063519,3.313437491097846,NPB-P1,synthetic,True
P-0166,Pitcher 166,2021,NPB,NPB-T5,pitcher,27.7,128.0,23.0,5.0,0.2281762156064296,0.08213147642703757,0.10871731383220938,3.652834154219157,3.447341130595108,281.6,268.8,3.8508486486921516,3.4548196597461622,NPB-P5,synthetic,True
P-0168,Pitcher 168,2021,NPB,NPB-T7,pitcher,23.8,107.0,17.0,6.0,0.25532730597138387,0.06412345464875033,0.12764338795219227,2.4655998440859985,3.203296887535856,235.4,224.70000000000002,2.368518719775473,2.562680968396524,NPB-P3,synthetic,True
P-0169,Pitcher 169,2021,NPB,NPB-T7,pitcher,27.2,73.0,23.0,13.0,0.2385915745620425,0.11312559594380117,0.10946201475001135,3.696790670543526,3.743394702329388,160.60000000000002,153.3,3.4998266708552577,3.8937546702317944,NPB-P5,synthetic,True
P-0170,Pitcher 170,2021,NPB,NPB-T7,pitcher,29.6,116.0,34.0,13.0,0.1772771646671628,0.08256979182114754,0.09431159890138177,3.7311233832264077,3.7157361735302863,255.20000000000002,243.60000000000002,3.80944684238416,3.6527999240686553,NPB-P5,synthetic,True
P-0171,Pitcher 171,2021,NPB,NPB-T7,pitcher,27.5,109.0,24.0,17.0,0.18911680579697063,0.07443748734422627,0.08690081888495318,3.6853393619459287,3.4493235906044815,239.8,228.9,3.06120121259929,4.309477511292568,NPB-P1,synthetic,True
P-0172,Pitcher 172,2021,NPB,NPB-T4,pitcher,22.7,187.0,30.0,6.0,0.13101839535125054,0.11140401367837183,0.12403217924569074,4.695860233447178,4.729022793787365,411.40000000000003,392.7,4.412449799058175,4.979270667836181,NPB-P1,synthetic,True
P-0174,Pitcher 174,2021,NPB,NPB-T4,pitcher,23.0,93.0,27.0,25.0,0.19062010875140284,0.09008863143747367,0.15983975805795878,4.846181086935182,4.354500287818049,204.60000000000002,195.3,4.71689594194253,4.975466231927834,NPB-P2,synthetic,True
P-0175,Pitcher 175,2021,NPB,NPB-T5,pitcher,26.5,83.0,27.0,11.0,0.15903252427336753,0.08461690261252577,0.11427273060015383,3.6770559168788712,4.085869943164908,182.60000000000002,174.3,3.573872017346378,3.7802398164113646,NPB-P5,synthetic,True
P-0351,NPB Pitcher 1,2022,NPB,NPB-T1,pitcher,30.7,140.0,29.0,7.0,0.16549173297592296,0.08283094895317289,0.10483796606790943,3.7637780562909153,3.9184171843097855,308.0,294.0,3.7760048796017416,3.751551232980089,NPB-P5,synthetic,True
P-0352,NPB Pitcher 2,2022,NPB,NPB-T4,pitcher,25.1,176.0,15.0,7.0,0.12419561503418354,0.05668627974619781,0.12461118457722002,4.195715863573752,4.132782282453106,387.20000000000005,369.6,4.244981828040888,4.146449899106615,NPB-P5,synthetic,True
P-0353,NPB Pitcher 3,2022,NPB,NPB-T4,pitcher,32.5,62.0,21.0,10.0,0.20037534307304455,0.12062319579822793,0.11744598432057422,4.940767672243636,4.218935448200121,136.4,130.20000000000002,4.666337499125005,5.215197845362267,NPB-P2,synthetic,True
P-0354,NPB Pitcher 4,2022,NPB,NPB-T6,pitcher,28.6,135.0,30.0,26.0,0.1333014234121432,0.11082946643631218,0.06122032266269135,4.736837938292419,4.075745436565514,297.0,283.5,4.886858958943269,4.58681691764157,NPB-P3,synthetic,True
P-0355,NPB Pitcher 5,2022,NPB,NPB-T5,pitcher,25.7,64.0,26.0,16.0,0.2596866810873393,0.09082233476907597,0.11784636394492812,3.6801236961584447,3.3908382079794785,140.8,134.4,3.9247309650141955,3.435516427302694,NPB-P4,synthetic,True
P-0356,NPB Pitcher 6,2022,NPB,NPB-T5,pitcher,27.6,43.0,30.0,15.0,0.2007041543855392,0.07676461794906368,0.11098644188749335,4.17143034642597,3.625406599179384,94.60000000000001,90.3,4.074543976080026,4.268316716771913,NPB-P1,synthetic,True
P-0357,NPB Pitcher 7,2022,NPB,NPB-T2,pitcher,25.2,122.0,32.0,28.0,0.2450002120306231,0.057760027384014444,0.1164564473406451,2.998339713994067,3.0976831057696392,268.40000000000003,256.2,3.104492468106492,2.8921869598816423,NPB-P5,synthetic,True
P-0359,NPB Pitcher 9,2022,NPB,NPB-T1,pitcher,24.8,130.0,15.0,9.0,0.2581280571969761,0.07108310984676161,0.07887351354337693,3.065901781949081,2.7767079960191,286.0,273.0,2.5338563268531797,3.597947237044982,NPB-P3,synthetic,True
P-0360,NPB Pitcher 10,2022,NPB,NPB-T3,pitcher,29.0,164.0,28.0,0.0,0.17256731455961566,0.061993644141022174,0.04,2.7480032126581144,2.963385213215341,360.8,344.40000000000003,2.970507377190221,2.525499048126008,NPB-P4,synthetic,True
P-0361,NPB Pitcher 11,2022,NPB,NPB-T4,pitcher,28.6,41.0,31.0,19.0,0.20255393164083121,0.06939964448313792,0.12939358834434875,3.5460206085065336,3.7063001641144933,90.2,86.10000000000001,3.753746978030287,3.33829423898278,NPB-P5,synthetic,True
P-0362,NPB Pitcher 12,2022,NPB,NPB-T5,pitcher,25.0,128.0,17.0,6.0,0.2494818336445924,0.07493461889039389,0.1251194701457597,3.087272330220761,3.354555458985584,281.6,268.8,2.860853850296548,3.313690810144974,NPB-P1,synthetic,True
P-0364,NPB Pitcher 14,2022,NPB,NPB-T2,pitcher,28.8,87.0,21.0,8.0,0.17895278494949304,0.06095693715765169,0.14739629164933177,3.5364242437079163,3.973823882789194,191.4,182.70000000000002,3.7011512775402022,3.3716972098756304,NPB-P5,synthetic,True
P-0365,NPB Pitcher 15,2022,NPB,NPB-T2,pitcher,26.6,81.0,27.0,19.0,0.2091205852543668,0.09809096907607787,0.11847122284062675,4.0187595214388105,3.888839175284267,178.20000000000002,170.1,4.0353175645557,4.002201478321921,NPB-P3,synthetic,True
P-0366,NPB Pitcher 16,2022,NPB,NPB-T5,pitcher,29.4,59.0,27.0,24.0,0.08,0.07254672537274022,0.04613585626746339,3.8189259210400106,3.8919192671475167,129.8,123.9,3.9011261531477146,3.7367256889323066,NPB-P2,synthetic,True
P-0367,NPB Pitcher 17,2022,NPB,NPB-T5,pitcher,26.5,54.0,33.0,15.0,0.22871403482530214,0.10321150780523111,0.07765885998133397,3.5814281775557864,3.3854144148736953,118.80000000000001,113.4,3.540856684095716,3.621999671015857,NPB-P4,synthetic,True
P-0369,NPB Pitcher 19,2022,NPB,NPB-T7,pitcher,25.2,139.0,32.0,28.0,0.30186339757201863,0.061759870418318576,0.1291400253049999,3.2242915714281275,2.817611517493673,305.8,291.90000000000003,3.094294625414657,3.354288517441598,NPB-P4,synthetic,True
P-0371,NPB Pitcher 21,2022,NPB,NPB-T5,pitcher,26.1,154.0,34.0,22.0,0.20174310811073132,0.05833932774670138,0.08787620917041473,2.9120245879510076,3.164889159778714,338.8,323.40000000000003,3.529253723031031,2.2947954528709844,NPB-P4,synthetic,True
P-0372,NPB Pitcher 22,2022,NPB,NPB-T4,pitcher,30.9,67.0,28.0,5.0,0.22519270326411914,0.10367201996448382,0.10983966012790446,3.9107084617663537,3.7409192147398977,147.4,140.70000000000002,3.884597167832793,3.9368197556999145,NPB-P5,synthetic,True
P-0373,NPB Pitcher 23,2022,NPB,NPB-T4,pitcher,26.6,118.0,17.0,5.0,0.18125824549863245,0.057090518845576164,0.07280748780104039,3.809907948941775,3.163095140168258,259.6,247.8,4.087405956982953,3.532409940900597,NPB-P3,synthetic,True
P-0375,NPB Pitcher 25,2022,NPB,NPB-T7,pitcher,28.9,157.0,16.0,9.0,0.23530420002691155,0.05981414572693345,0.07599312221532109,2.635675872684192,2.79526737066112,345.40000000000003,329.7,2.717744760376511,2.553606984991873,NPB-P5,synthetic,True
P-0378,NPB Pitcher 28,2022,NPB,NPB-T1,pitcher,30.4,178.0,19.0,4.0,0.19998536307863934,0.1010102440040314,0.08983302034007808,3.6974416910760963,3.710570226820043,391.6,373.8,3.637548601108676,3.7573347810435167,NPB-P5,synthetic,True
P-0379,NPB Pitcher 29,2022,NPB,NPB-T5,pitcher,30.7,101.0,18.0,3.0,0.18661100386755594,0.04557251305590593,0.11146620914601443,3.110950248450501,3.3686442171905684,222.20000000000002,212.10000000000002,3.2533706865750136,2.9685298103259883,NPB-P4,synthetic,True
P-0380,NPB Pitcher 30,2022,NPB,NPB-T1,pitcher,27.2,91.0,30.0,1.0,0.1851287569125531,0.07768481509146678,0.05313718600195782,3.573824364209945,3.182559585816755,200.20000000000002,191.1,3.561104549484745,3.586544178935145,NPB-P2,synthetic,True
P-0161,Pitcher 161,2022,NPB,NPB-T5,pitcher,23.5,117.0,29.0,24.0,0.10415535362758961,0.07072008964540723,0.07491734447516604,4.327140195215491,3.9645716914758307,257.40000000000003,245.70000000000002,4.365610958575846,4.288669431855136,NPB-P4,synthetic,True
P-0162,Pitcher 162,2022,NPB,NPB-T6,pitcher,26.6,71.0,17.0,1.0,0.29664703806543924,0.07616879674334603,0.10469290500965552,2.854110634037003,2.787778306493194,156.20000000000002,149.1,2.6336019099097734,3.0746193581642323,NPB-P4,synthetic,True
P-0163,Pitcher 163,2022,NPB,NPB-T5,pitcher,28.0,79.0,30.0,1.0,0.17917118670087767,0.08921716141323084,0.0831807122314268,3.8636790432385233,3.6690435656660165,173.8,165.9,3.582440633520821,4.144917452956225,NPB-P5,synthetic,True
P-0164,Pitcher 164,2022,NPB,NPB-T3,pitcher,33.2,154.0,17.0,0.0,0.11274451117145241,0.09917966754545945,0.11790003553100077,4.8677982347147095,4.667200276483903,338.8,323.40000000000003,5.104947310770454,4.630649158658965,NPB-P3,synthetic,True
P-0169,Pitcher 169,2022,NPB,NPB-T6,pitcher,27.3,128.0,19.0,2.0,0.2279630381165381,0.10343550220969802,0.10374864487095078,3.601876862316247,3.6550081702935806,281.6,268.8,3.343174364158051,3.860579360474443,NPB-P3,synthetic,True
P-0170,Pitcher 170,2022,NPB,NPB-T4,pitcher,29.7,165.0,15.0,5.0,0.16903999214330528,0.06114890796737317,0.08640113725395604,3.5174252906072163,3.4454783310015964,363.00000000000006,346.5,3.7523774251878628,3.28247315602657,NPB-P4,synthetic,True
P-0171,Pitcher 171,2022,NPB,NPB-T1,pitcher,27.7,162.0,21.0,19.0,0.1988646938931265,0.07569102480169351,0.0764899921753755,2.817991995121746,3.2822746682290656,356.40000000000003,340.2,3.0914161194076817,2.5445678708358104,NPB-P1,synthetic,True
P-0172,Pitcher 172,2022,NPB,NPB-T4,pitcher,22.9,93.0,20.0,2.0,0.11718870596741744,0.09114818353933792,0.12177400331851906,5.362928303550664,4.5740085879179055,204.60000000000002,195.3,5.626218766247185,5.099637840854142,NPB-P1,synthetic,True
P-0173,Pitcher 173,2022,NPB,NPB-T2,pitcher,32.1,132.0,30.0,28.0,0.20946465383103727,0.10888889397066145,0.13052029612187796,4.07731731513242,4.136152458218419,290.40000000000003,277.2,3.948201945155693,4.206432685109147,NPB-P3,synthetic,True
P-0174,Pitcher 174,2022,NPB,NPB-T3,pitcher,23.1,64.0,17.0,14.0,0.18543473355415596,0.09520530728111237,0.16032268567727223,4.801605126700065,4.4622126757128235,140.8,134.4,5.146560931254929,4.456649322145201,NPB-P1,synthetic,True
P-0352,NPB Pitcher 2,2023,NPB,NPB-T4,pitcher,25.3,82.0,29.0,13.0,0.11489023918285073,0.06250364336443062,0.10665286885352769,4.295899795173029,4.0974504954456386,180.4,172.20000000000002,4.205386199170325,4.386413391175733,NPB-P4,synthetic,True
P-0353,NPB Pitcher 3,2023,NPB,NPB-T2,pitcher,32.6,94.0,28.0,16.0,0.19305890821634836,0.12086289088006537,0.12124219376442817,4.104320999059628,4.3183053624742795,206.8,197.4,3.86886707952272,4.339774918596537,NPB-P1,synthetic,True
P-0354,NPB Pitcher 4,2023,NPB,NPB-T3,pitcher,28.7,63.0,20.0,19.0,0.13105468734835476,0.11686191671634907,0.08425348977056193,3.568492958912558,4.396440399514971,138.60000000000002,132.3,3.619101598710711,3.5178843191144047,NPB-P3,synthetic,True
P-0355,NPB Pitcher 5,2023,NPB,NPB-T5,pitcher,25.9,63.0,26.0,21.0,0.2332851247852113,0.07116156550045134,0.1221731397500311,3.306701845170219,3.4093891852240366,138.60000000000002,132.3,3.662397127816321,2.951006562524117,NPB-P4,synthetic,True
P-0356,NPB Pitcher 6,2023,NPB,NPB-T6,pitcher,27.7,171.0,28.0,26.0,0.18680608796729548,0.08156798484901087,0.11538164042763342,4.081393337002899,3.838183518726101,376.20000000000005,359.1,3.5838557695043023,4.578930904501496,NPB-P3,synthetic,True
P-0357,NPB Pitcher 7,2023,NPB,NPB-T2,pitcher,25.3,63.0,24.0,21.0,0.22673503609899806,0.047230081776501,0.11418419363297154,2.900692724907845,3.0947226288557435,138.60000000000002,132.3,3.0287437845131144,2.772641665302576,NPB-P4,synthetic,True
P-0359,NPB Pitcher 9,2023,NPB,NPB-T7,pitcher,24.9,81.0,32.0,20.0,0.27335258283326097,0.042421041346458674,0.0841023018151463,2.233463276959955,2.3632548516428793,178.20000000000002,170.1,2.248706251403008,2.218220302516902,NPB-P1,synthetic,True
P-0360,NPB Pitcher 10,2023,NPB,NPB-T1,pitcher,29.1,92.0,28.0,25.0,0.14286961274976387,0.06103251681280377,0.04,3.3640626933741147,3.189433299755535,202.4,193.20000000000002,3.2327955423086356,3.4953298444395937,NPB-P3,synthetic,True
P-0361,NPB Pitcher 11,2023,NPB,NPB-T7,pitcher,28.8,111.0,29.0,12.0,0.20354344114236694,0.06520079427683227,0.1399187524565226,4.114728742151899,3.753249526748278,244.20000000000002,233.10000000000002,4.265006520270491,3.964450964033308,NPB-P4,synthetic,True
P-0363,NPB Pitcher 13,2023,NPB,NPB-T4,pitcher,30.2,49.0,31.0,18.0,0.2304800042851166,0.09665682383437735,0.10632767561626782,3.8372811831831117,3.5793186078942743,107.80000000000001,102.9,3.930599716034399,3.7439626503318246,NPB-P3,synthetic,True
P-0364,NPB Pitcher 14,2023,NPB,NPB-T6,pitcher,28.9,84.0,27.0,6.0,0.1707214137579073,0.07692656426379486,0.15126886842194606,3.788761557432718,4.270036145321741,184.8,176.4,3.940513245189754,3.6370098696756816,NPB-P5,synthetic,True
P-0365,NPB Pitcher 15,2023,NPB,NPB-T3,pitcher,26.8,170.0,27.0,6.0,0.18767559278118096,0.0949702023820607,0.10184389423810317,3.8408305870517405,3.856676628716312,374.00000000000006,357.0,3.488030614173203,4.193630559930278,NPB-P2,synthetic,True
P-0366,NPB Pitcher 16,2023,NPB,NPB-T6,pitcher,29.6,160.0,19.0,12.0,0.093719751634431,0.07633507404904935,0.04534328006552697,3.7556161328001525,3.819695676168414,352.0,336.0,4.269864052773159,3.241368212827146,NPB-P5,synthetic,True
P-0367,NPB Pitcher 17,2023,NPB,NPB-T1,pitcher,26.7,100.0,21.0,13.0,0.18148706488035943,0.08860387772642442,0.06752276535563012,3.3950253369432803,3.486577667230519,220.00000000000003,210.0,3.1163337715889936,3.673716902297567,NPB-P3,synthetic,True
P-0368,NPB Pitcher 18,2023,NPB,NPB-T1,pitcher,30.8,109.0,17.0,1.0,0.18973585172098736,0.07978714981839645,0.0925566722760379,3.559301760206451,3.565125706813238,239.8,228.9,3.514283534414851,3.6043199859980515,NPB-P4,synthetic,True
P-0369,NPB Pitcher 19,2023,NPB,NPB-T1,pitcher,25.3,170.0,34.0,7.0,0.29788973315627326,0.09380827498758226,0.11455046464840327,2.8531411051911624,3.0880860810848336,374.00000000000006,357.0,2.900464094601413,2.805818115780912,NPB-P4,synthetic,True
P-0371,NPB Pitcher 21,2023,NPB,NPB-T1,pitcher,26.3,117.0,29.0,19.0,0.2256594029713201,0.06942788966759385,0.08556950384018648,2.8920062756517178,3.0835544906424306,257.40000000000003,245.70000000000002,2.6934789533803465,3.090533597923089,NPB-P4,synthetic,True
P-0373,NPB Pitcher 23,2023,NPB,NPB-T5,pitcher,26.7,101.0,19.0,5.0,0.1643598899310191,0.08002093166558642,0.061986603677749864,3.370395110131566,3.4652380973163828,222.20000000000002,212.10000000000002,3.3077250221320047,3.433065198131127,NPB-P2,synthetic,True
P-0374,NPB Pitcher 24,2023,NPB,NPB-T1,pitcher,32.2,92.0,28.0,6.0,0.1628665975413673,0.09029211948813842,0.16539575859622815,5.087774326288556,4.634530239489004,202.4,193.20000000000002,5.293140388346215,4.882408264230897,NPB-P5,synthetic,True
P-0376,NPB Pitcher 26,2023,NPB,NPB-T1,pitcher,29.0,79.0,27.0,7.0,0.28243481981535423,0.11800812631562851,0.12356648612166686,3.5999950324804577,3.592283818481377,173.8,165.9,3.6109420546132993,3.589048010347616,NPB-P3,synthetic,True
P-0377,NPB Pitcher 27,2023,NPB,NPB-T7,pitcher,26.3,50.0,18.0,7.0,0.1701591601170965,0.09751295984388478,0.08716347424724415,4.140908549888063,3.880516979662287,110.00000000000001,105.0,3.9139057737718894,4.3679113260042355,NPB-P2,synthetic,True
P-0378,NPB Pitcher 28,2023,NPB,NPB-T2,pitcher,30.6,142.0,27.0,7.0,0.18692787893382606,0.12696627162163254,0.08692900935914494,4.0251422468352125,4.097462321580432,312.40000000000003,298.2,3.7462528729661173,4.304031620704308,NPB-P2,synthetic,True
P-0379,NPB Pitcher 29,2023,NPB,NPB-T4,pitcher,30.8,163.0,25.0,11.0,0.20026755463983587,0.07030521339674388,0.1143960844378732,3.8867951583039386,3.585482968020972,358.6,342.3,3.8040864109779386,3.9695039056299386,NPB-P2,synthetic,True
P-0380,NPB Pitcher 30,2023,NPB,NPB-T4,pitcher,27.3,172.0,21.0,2.0,0.17813752376446965,0.07985016393279787,0.04496399021473007,2.921203759900613,3.1827416792251184,378.40000000000003,361.2,3.193275549026565,2.649131970774661,NPB-P1,synthetic,True
P-0162,Pitcher 162,2023,NPB,NPB-T3,pitcher,26.8,150.0,28.0,0.0,0.2880564099609331,0.08325989428932098,0.11695986228344414,3.302306228238815,3.064266074618829,330.0,315.0,3.235441010198052,3.3691714462795783,NPB-P4,synthetic,True
P-0163,Pitcher 163,2023,NPB,NPB-T5,pitcher,28.1,99.0,16.0,15.0,0.1642825790207664,0.0777785833143964,0.07162918612802804,3.5721424450833363,3.5353742288869063,217.8,207.9,3.0789686727627257,4.0653162174039466,NPB-P5,synthetic,True
P-0164,Pitcher 164,2023,NPB,NPB-T5,pitcher,33.4,159.0,23.0,18.0,0.0905236702351431,0.10548464257336221,0.11454691291807029,5.23312864926483,4.887095478179905,349.8,333.90000000000003,5.532614848775077,4.933642449754584,NPB-P4,synthetic,True
P-0165,Pitcher 165,2023,NPB,NPB-T2,pitcher,31.0,42.0,32.0,29.0,0.14463591715548174,0.0618767869660465,0.10907731413540568,4.204128613976743,3.8762072477027614,92.4,88.2,3.977889223873976,4.430368004079511,NPB-P2,synthetic,True
P-0166,Pitcher 166,2023,NPB,NPB-T3,pitcher,28.0,91.0,29.0,1.0,0.2371067559077413,0.0886291917870059,0.11885613737476317,3.978778377384726,3.5552576279297723,200.20000000000002,191.1,3.8921070039669163,4.065449750802535,NPB-P3,synthetic,True
P-0167,Pitcher 167,2023,NPB,NPB-T5,pitcher,23.1,160.0,22.0,7.0,0.2246330682720615,0.07645240902684937,0.107678621699187,3.590916134751486,3.3971505791375707,352.0,336.0,3.7042443422610636,3.4775879272419083,NPB-P4,synthetic,True
P-0168,Pitcher 168,2023,NPB,NPB-T5,pitcher,24.1,158.0,17.0,10.0,0.27709492947723224,0.04282242692876333,0.1257358699536816,2.7081391253006437,2.754468386864118,347.6,331.8,3.026912935286423,2.3893653153148646,NPB-P4,synthetic,True
P-0169,Pitcher 169,2023,NPB,NPB-T7,pitcher,27.5,43.0,15.0,1.0,0.19531834837496875,0.10190892076472109,0.10625313728342195,4.160680001042781,3.9228916350111227,94.60000000000001,90.3,3.7334721625937473,4.587887839491815,NPB-P4,synthetic,True
P-0172,Pitcher 172,2023,NPB,NPB-T6,pitcher,23.0,69.0,32.0,3.0,0.10942598203850047,0.07748771816504349,0.13484254535249848,4.9301478842540165,4.602870215197504,151.8,144.9,4.878265534420672,4.982030234087361,NPB-P5,synthetic,True
P-0173,Pitcher 173,2023,NPB,NPB-T6,pitcher,32.2,72.0,16.0,13.0,0.20990590423074929,0.10190148258536676,0.1264496038137337,4.263072538168961,4.008066595315745,158.4,151.20000000000002,4.304728584930773,4.221416491407149,NPB-P5,synthetic,True
P-0174,Pitcher 174,2023,NPB,NPB-T7,pitcher,23.3,110.0,33.0,30.0,0.18964758486136174,0.08668965591865532,0.16976363527070554,4.632845316806452,4.4207315448400255,242.00000000000003,231.0,4.52490790142945,4.740782732183454,NPB-P1,synthetic,True
P-0175,Pitcher 175,2023,NPB,NPB-T2,pitcher,26.8,139.0,17.0,10.0,0.17506188933065078,0.07120294920667139,0.10343163501602508,4.005533573061978,3.688256625995101,305.8,291.90000000000003,3.76105925916142,4.250007886962536,NPB-P2,synthetic,True
P-0351,NPB Pitcher 1,2024,NPB,NPB-T4,pitcher,31.0,94.0,19.0,14.0,0.1862284055832067,0.09860917466093476,0.1204098866571268,4.352146315596247,4.097581717836832,206.8,197.4,4.394416152313989,4.309876478878506,NPB-P1,synthetic,True
P-0352,NPB Pitcher 2,2024,NPB,NPB-T2,pitcher,25.4,84.0,19.0,8.0,0.09971414082069052,0.056155849021620394,0.11092759347215798,4.147227106985542,4.1854329964155,184.8,176.4,3.9642145055811797,4.330239708389905,NPB-P4,synthetic,True
P-0353,NPB Pitcher 3,2024,NPB,NPB-T2,pitcher,32.8,160.0,31.0,21.0,0.1676269829269746,0.11849763956277284,0.11723725413675623,4.122173141902149,4.453328352705039,352.0,336.0,4.270537712969798,3.9738085708344997,NPB-P1,synthetic,True
P-0354,NPB Pitcher 4,2024,NPB,NPB-T6,pitcher,28.9,166.0,18.0,4.0,0.13754663781465873,0.1056692473225489,0.08429562778309571,4.262052528963212,4.210614143184275,365.20000000000005,348.6,4.0818915823039355,4.442213475622488,NPB-P2,synthetic,True
P-0355,NPB Pitcher 5,2024,NPB,NPB-T3,pitcher,26.0,138.0,34.0,30.0,0.2408966973465813,0.07092052724741128,0.11514102999484785,3.6074512433458485,3.2752830481447637,303.6,289.8,3.336452790095528,3.878449696596169,NPB-P1,synthetic,True
P-0359,NPB Pitcher 9,2024,NPB,NPB-T5,pitcher,25.1,46.0,24.0,8.0,0.2743844919071882,0.05654282795132237,0.08587058773216666,2.698236690836654,2.5421438774800293,101.2,96.60000000000001,2.664663541132905,2.731809840540403,NPB-P1,synthetic,True
P-0363,NPB Pitcher 13,2024,NPB,NPB-T4,pitcher,30.4,115.0,17.0,9.0,0.22552468430308503,0.08554517078435643,0.10565853623463345,3.3001066122393796,3.4789299373339313,253.00000000000003,241.5,3.137858436682411,3.462354787796348,NPB-P5,synthetic,True
P-0364,NPB Pitcher 14,2024,NPB,NPB-T1,pitcher,29.1,152.0,28.0,8.0,0.20820886510273937,0.07661574874420617,0.16342338099713846,4.588479558875995,4.087951874079943,334.40000000000003,319.2,4.404295841232625,4.772663276519364,NPB-P3,synthetic,True
P-0365,NPB Pitcher 15,2024,NPB,NPB-T2,pitcher,26.9,73.0,28.0,24.0,0.24043424733033067,0.08155446517126776,0.12032272097943446,3.346824082450074,3.4584068132069126,160.60000000000002,153.3,3.1544311585617892,3.539217006338359,NPB-P3,synthetic,True
P-0366,NPB Pitcher 16,2024,NPB,NPB-T7,pitcher,29.7,93.0,24.0,1.0,0.10107589550185012,0.08169539951665007,0.04,3.927856345621873,3.7717376301849996,204.60000000000002,195.3,4.033298112059468,3.8224145791842785,NPB-P5,synthetic,True
P-0367,NPB Pitcher 17,2024,NPB,NPB-T5,pitcher,26.8,57.0,22.0,9.0,0.2018001240585125,0.08755359760769499,0.0668488179363212,2.727930409318187,3.3047303581874523,125.4,119.7,2.7407847330396717,2.7150760855967024,NPB-P3,synthetic,True
P-0368,NPB Pitcher 18,2024,NPB,NPB-T7,pitcher,31.0,159.0,15.0,10.0,0.17717623091472945,0.07403064195954859,0.07551829065416751,3.370068473959261,3.426140762738423,349.8,333.90000000000003,3.0455878846680884,3.6945490632504336,NPB-P2,synthetic,True
P-0369,NPB Pitcher 19,2024,NPB,NPB-T3,pitcher,25.5,89.0,20.0,7.0,0.30277735258924343,0.07500066095629189,0.12013175948044272,3.1272053987616886,2.8791067055659827,195.8,186.9,2.8347860756613157,3.4196247218620615,NPB-P5,synthetic,True
P-0370,NPB Pitcher 20,2024,NPB,NPB-T3,pitcher,25.0,186.0,16.0,14.0,0.24534277025846793,0.0427703938101549,0.041251169984560326,1.6391766872635172,2.163014263499719,409.20000000000005,390.6,2.156696438147384,1.1216569363796505,NPB-P5,synthetic,True
P-0371,NPB Pitcher 21,2024,NPB,NPB-T6,pitcher,26.4,64.0,33.0,1.0,0.21373786899739192,0.04350382491996214,0.10047614587981223,2.3462700488380372,3.016904405858533,140.8,134.4,2.052968524942115,2.6395715727339595,NPB-P5,synthetic,True
P-0372,NPB Pitcher 22,2024,NPB,NPB-T3,pitcher,31.2,73.0,23.0,12.0,0.20605966328539432,0.11468979428097559,0.12132893058238091,4.179661169836728,4.141089530912361,160.60000000000002,153.3,4.1791155160814135,4.180206823592043,NPB-P5,synthetic,True
P-0373,NPB Pitcher 23,2024,NPB,NPB-T1,pitcher,26.9,149.0,31.0,13.0,0.16851548402239613,0.07443106502274757,0.056078449327052846,3.2416391509315403,3.30583340136433,327.8,312.90000000000003,3.2141639699435114,3.2691143319195692,NPB-P1,synthetic,True
P-0374,NPB Pitcher 24,2024,NPB,NPB-T5,pitcher,32.4,132.0,15.0,10.0,0.15385185521378056,0.0883613512016663,0.14351761346986855,4.8403973587094375,4.464697507408436,290.40000000000003,277.2,4.829569959096425,4.85122475832245,NPB-P1,synthetic,True
P-0375,NPB Pitcher 25,2024,NPB,NPB-T6,pitcher,29.2,111.0,27.0,22.0,0.22303396670479894,0.05757371439029993,0.0875671588283751,3.577197558809358,2.982284427328959,244.20000000000002,233.10000000000002,3.923910677300433,3.230484440318283,NPB-P1,synthetic,True
P-0376,NPB Pitcher 26,2024,NPB,NPB-T7,pitcher,29.1,43.0,15.0,0.0,0.27637800306410154,0.10251385626458091,0.11393261109116086,3.404923468009851,3.3584683615737667,94.60000000000001,90.3,3.476290424365271,3.333556511654431,NPB-P2,synthetic,True
P-0377,NPB Pitcher 27,2024,NPB,NPB-T1,pitcher,26.5,120.0,22.0,10.0,0.16507335005683277,0.06737053215805543,0.05930286605802592,2.7182596741926837,3.280888246022262,264.0,252.0,2.663672680330867,2.7728466680545005,NPB-P4,synthetic,True
P-0378,NPB Pitcher 28,2024,NPB,NPB-T1,pitcher,30.7,132.0,20.0,0.0,0.17071637743500143,0.10931084760554986,0.09432697167281459,4.2351209735387165,4.089268868514733,290.40000000000003,277.2,4.5330237702231475,3.9372181768542855,NPB-P3,synthetic,True
P-0379,NPB Pitcher 29,2024,NPB,NPB-T1,pitcher,31.0,109.0,29.0,9.0,0.17771626328024334,0.07230393528266323,0.09860914612606876,4.206674418414122,3.6320085784106997,239.8,228.9,3.89892645611398,4.514422380714263,NPB-P5,synthetic,True
P-0380,NPB Pitcher 30,2024,NPB,NPB-T2,pitcher,27.5,125.0,17.0,3.0,0.16701991048506395,0.08158710963960433,0.05515823568219046,3.6546207586073245,3.394468388616646,275.0,262.5,3.631885851601761,3.677355665612888,NPB-P2,synthetic,True
P-0162,Pitcher 162,2024,NPB,NPB-T3,pitcher,26.9,182.0,15.0,5.0,0.2831224782452509,0.07329223348602301,0.09979889245320148,2.700507721161706,2.812515900402284,400.40000000000003,382.2,3.07409160210608,2.326923840217332,NPB-P4,synthetic,True
P-0163,Pitcher 163,2024,NPB,NPB-T1,pitcher,28.3,88.0,32.0,1.0,0.1599704142115673,0.0790732103804996,0.07992033192052637,4.1040281965448955,3.668318530078721,193.60000000000002,184.8,4.348821161817918,3.8592352312718727,NPB-P2,synthetic,True
P-0165,Pitcher 165,2024,NPB,NPB-T5,pitcher,31.2,92.0,28.0,4.0,0.10507306438040753,0.08362617622172959,0.1036614866944202,4.375774501913305,4.399544466561697,202.4,193.20000000000002,4.196689853962947,4.554859149863664,NPB-P2,synthetic,True
P-0166,Pitcher 166,2024,NPB,NPB-T6,pitcher,28.2,126.0,20.0,6.0,0.1994523869964065,0.06934755256097141,0.10296601561946699,3.6807990345240085,3.466211690955075,277.20000000000005,264.6,3.5220029857042023,3.8395950833438146,NPB-P3,synthetic,True
P-0167,Pitcher 167,2024,NPB,NPB-T4,pitcher,23.3,137.0,25.0,22.0,0.23102053956252452,0.09688469502985388,0.10120121239724007,3.7338264427394017,3.526464147830451,301.40000000000003,287.7,4.2090957152884805,3.258557170190323,NPB-P4,synthetic,True
P-0168,Pitcher 168,2024,NPB,NPB-T7,pitcher,24.2,150.0,28.0,15.0,0.2800133434647498,0.05917474958132289,0.11598604835385996,2.2827908797750913,2.829850730796476,330.0,315.0,2.3548513276242717,2.210730431925911,NPB-P5,synthetic,True
P-0169,Pitcher 169,2024,NPB,NPB-T5,pitcher,27.6,153.0,23.0,22.0,0.20010328230454402,0.12276110103841713,0.10085197124234943,4.056811304706378,4.080826666448147,336.6,321.3,3.6788080573272106,4.4348145520855455,NPB-P3,synthetic,True
P-0170,Pitcher 170,2024,NPB,NPB-T7,pitcher,30.0,85.0,31.0,8.0,0.1655092130789872,0.09372203274340518,0.11080529821194667,3.948869090320032,4.108643670408432,187.00000000000003,178.5,3.8960507480749,4.001687432565164,NPB-P2,synthetic,True
P-0171,Pitcher 171,2024,NPB,NPB-T3,pitcher,28.0,118.0,17.0,10.0,0.18897304881389992,0.09501402704990412,0.08592880021921315,4.098879861313228,3.6876719362797816,259.6,247.8,4.19786822739946,3.999891495226996,NPB-P1,synthetic,True
P-0172,Pitcher 172,2024,NPB,NPB-T4,pitcher,23.2,84.0,25.0,10.0,0.1293022206582306,0.08161523643709348,0.13043857149766713,4.830842047574606,4.449350786955948,184.8,176.4,4.719861196320234,4.9418228988289785,NPB-P3,synthetic,True
P-0173,Pitcher 173,2024,NPB,NPB-T2,pitcher,32.4,172.0,23.0,16.0,0.2254777419673935,0.10111727274595238,0.11059496207416131,3.8261731537883032,3.715534957953894,378.40000000000003,361.2,3.9254160671220575,3.726930240454549,NPB-P1,synthetic,True
P-0174,Pitcher 174,2024,NPB,NPB-T5,pitcher,23.4,150.0,28.0,0.0,0.18801123850872764,0.0795521473759418,0.17518943809085682,4.135659888928882,4.402430241350049,330.0,315.0,3.5722936065615962,4.699026171296168,NPB-P1,synthetic,True
P-0175,Pitcher 175,2024,NPB,NPB-T7,pitcher,26.9,187.0,32.0,17.0,0.16805108346711706,0.08186045258882815,0.11110214621499266,4.413174411983057,3.948938225478928,411.40000000000003,392.7,4.5126397471802475,4.313709076785867,NPB-P3,synthetic,True
P-0351,NPB Pitcher 1,2025,NPB,NPB-T6,pitcher,31.2,133.0,28.0,4.0,0.1799627128211434,0.08183304578853427,0.11743232804289913,4.020422136494158,3.9166181273222556,292.6,279.3,4.160685809366653,3.8801584636216635,NPB-P3,synthetic,True
P-0354,NPB Pitcher 4,2025,NPB,NPB-T4,pitcher,29.0,46.0,16.0,6.0,0.12904215495614949,0.11308486079951216,0.07855580453417021,4.9923551080055395,4.310239135286652,101.2,96.60000000000001,4.681417460164656,5.303292755846423,NPB-P2,synthetic,True
P-0355,NPB Pitcher 5,2025,NPB,NPB-T3,pitcher,26.2,52.0,29.0,20.0,0.2348560810309075,0.05943972969821821,0.11002028243367604,2.9669057829792456,3.134630932468119,114.4,109.2,2.9432653168330596,2.9905462491254315,NPB-P3,synthetic,True
P-0356,NPB Pitcher 6,2025,NPB,NPB-T7,pitcher,28.0,176.0,17.0,16.0,0.19646696800302121,0.05827203258842654,0.09892520425668287,3.316707436747651,3.3167806896037777,387.20000000000005,369.6,3.28039765914312,3.353017214352182,NPB-P4,synthetic,True
P-0357,NPB Pitcher 7,2025,NPB,NPB-T3,pitcher,25.6,73.0,27.0,25.0,0.20275504819739504,0.03,0.0943201372954127,3.0294042377419204,2.881160987374967,160.60000000000002,153.3,3.0030431242138196,3.055765351270021,NPB-P1,synthetic,True
P-0358,NPB Pitcher 8,2025,NPB,NPB-T3,pitcher,25.6,180.0,34.0,1.0,0.23243829266991098,0.0674227703695525,0.13836574080547048,2.999256848295667,3.5332243111300468,396.00000000000006,378.0,2.7927499139547876,3.2057637826365464,NPB-P1,synthetic,True
P-0359,NPB Pitcher 9,2025,NPB,NPB-T5,pitcher,25.2,140.0,22.0,14.0,0.2782653601202299,0.05821612912084584,0.08885995408878382,2.9088088393562352,2.5610702093761493,308.0,294.0,3.1884130183736255,2.629204660338845,NPB-P2,synthetic,True
P-0361,NPB Pitcher 11,2025,NPB,NPB-T2,pitcher,29.1,151.0,30.0,8.0,0.18973560393110386,0.05218910006135533,0.14770969964433,3.360870948501768,3.7854813657307327,332.20000000000005,317.1,3.3786157076894403,3.3431261893140958,NPB-P5,synthetic,True
P-0362,NPB Pitcher 12,2025,NPB,NPB-T6,pitcher,25.5,102.0,34.0,17.0,0.23168736711006227,0.07582572447911082,0.1147361753114921,3.2897621314362593,3.403771509983753,224.4,214.20000000000002,3.148232536972258,3.4312917259002607,NPB-P3,synthetic,True
P-0363,NPB Pitcher 13,2025,NPB,NPB-T6,pitcher,30.5,73.0,23.0,11.0,0.23247234426936644,0.0636423095729732,0.09905664266416361,3.8554988087323507,3.0944953873623833,160.60000000000002,153.3,3.8491248468849117,3.8618727705797897,NPB-P1,synthetic,True
P-0365,NPB Pitcher 15,2025,NPB,NPB-T1,pitcher,27.1,67.0,32.0,5.0,0.19846841207215923,0.09056108965073166,0.12328938552542426,4.047797150597988,3.931879634485748,147.4,140.70000000000002,3.920417785336463,4.175176515859514,NPB-P2,synthetic,True
P-0366,NPB Pitcher 16,2025,NPB,NPB-T1,pitcher,29.9,155.0,33.0,3.0,0.09171668421735993,0.11966331058640095,0.040063186546374474,3.813757006802933,4.3028581187616775,341.0,325.5,3.932530201831968,3.6949838117738985,NPB-P1,synthetic,True
P-0367,NPB Pitcher 17,2025,NPB,NPB-T4,pitcher,27.0,136.0,30.0,18.0,0.19279312308353197,0.06578391634832684,0.07770638975131436,3.191422090122832,3.22412590902481,299.20000000000005,285.6,3.0582696232933215,3.3245745569523426,NPB-P4,synthetic,True
P-0368,NPB Pitcher 18,2025,NPB,NPB-T1,pitcher,31.1,98.0,18.0,16.0,0.19978240724255927,0.09185946441460924,0.07443153692398512,3.1014065098224686,3.448369684274689,215.60000000000002,205.8,3.119844478359978,3.0829685412849592,NPB-P1,synthetic,True
P-0369,NPB Pitcher 19,2025,NPB,NPB-T3,pitcher,25.6,79.0,21.0,1.0,0.27343797421027566,0.09770114788143272,0.11417234356502347,3.6330852262290625,3.3266334165452225,173.8,165.9,4.1132988920821445,3.1528715603759805,NPB-P5,synthetic,True
P-0370,NPB Pitcher 20,2025,NPB,NPB-T1,pitcher,25.1,171.0,22.0,12.0,0.265336839347951,0.06818088928159582,0.04,1.9980770260228713,2.295475956595542,376.20000000000005,359.1,1.9873232264914766,2.008830825554266,NPB-P2,synthetic,True
P-0372,NPB Pitcher 22,2025,NPB,NPB-T4,pitcher,31.4,127.0,26.0,24.0,0.21518316531040935,0.10140850402058352,0.12258128585822728,3.5220865685109075,3.921249584346,279.40000000000003,266.7,3.655238951694913,3.388934185326902,NPB-P2,synthetic,True
P-0373,NPB Pitcher 23,2025,NPB,NPB-T4,pitcher,27.0,95.0,25.0,14.0,0.20003564045513883,0.0735229181592547,0.051420339282410056,2.862070746253457,2.9961932870940466,209.00000000000003,199.5,2.9672011702178565,2.7569403222890574,NPB-P2,synthetic,True
P-0374,NPB Pitcher 24,2025,NPB,NPB-T4,pitcher,32.5,56.0,29.0,16.0,0.17730691791279138,0.09283685299854541,0.1564869109682011,4.655765213096324,4.460456002362225,123.20000000000002,117.60000000000001,4.772464622687631,4.539065803505018,NPB-P5,synthetic,True
P-0375,NPB Pitcher 25,2025,NPB,NPB-T6,pitcher,29.3,164.0,25.0,15.0,0.2593333669463553,0.04910991913965019,0.09068288308587172,2.8369666541677745,2.6214809249636772,360.8,344.40000000000003,3.2756373280342665,2.3982959803012824,NPB-P5,synthetic,True
P-0376,NPB Pitcher 26,2025,NPB,NPB-T3,pitcher,29.3,69.0,22.0,15.0,0.2554168355225058,0.09837644903984916,0.13142359442121332,3.3829275801096417,3.651418648510277,151.8,144.9,3.516667655827462,3.2491875043918212,NPB-P4,synthetic,True
P-0377,NPB Pitcher 27,2025,NPB,NPB-T6,pitcher,26.6,183.0,26.0,3.0,0.18081028519124626,0.10042656354006886,0.06751269425112545,3.5840352235321107,3.6337634234621112,402.6,384.3,3.6164314121080445,3.551639034956177,NPB-P5,synthetic,True
P-0378,NPB Pitcher 28,2025,NPB,NPB-T3,pitcher,30.9,122.0,29.0,1.0,0.16520374055645579,0.12644500065958458,0.09569104684731154,4.465884868763856,4.352620551936484,268.40000000000003,256.2,4.592150104874708,4.3396196326530045,NPB-P4,synthetic,True
P-0379,NPB Pitcher 29,2025,NPB,NPB-T6,pitcher,31.1,155.0,30.0,12.0,0.19930722106280063,0.08724395381462657,0.10695140331420366,3.548691373792612,3.7219837104151505,341.0,325.5,3.0787481808704333,4.01863456671479,NPB-P3,synthetic,True
P-0380,NPB Pitcher 30,2025,NPB,NPB-T3,pitcher,27.6,54.0,34.0,18.0,0.17125335615262383,0.09363721307441175,0.060976380734376986,3.476255682651991,3.56338351501572,118.80000000000001,113.4,3.2004233910248727,3.7520879742791093,NPB-P3,synthetic,True
P-0161,Pitcher 161,2025,NPB,NPB-T4,pitcher,23.9,163.0,15.0,11.0,0.08697536003897396,0.07202926509398569,0.10061845203448858,3.564996658077032,4.374732821160922,358.6,342.3,3.4974843958579735,3.63250892029609,NPB-P2,synthetic,True
P-0162,Pitcher 162,2025,NPB,NPB-T4,pitcher,27.1,171.0,33.0,3.0,0.29563793805354643,0.06800299548313853,0.11380065020322988,2.978190165820767,2.78893894340159,376.20000000000005,359.1,2.861776717090729,3.094603614550805,NPB-P4,synthetic,True
P-0163,Pitcher 163,2025,NPB,NPB-T1,pitcher,28.4,129.0,33.0,29.0,0.1752596992919926,0.08274142653048576,0.08146803768954207,3.75221630607239,3.6054999009253095,283.8,270.90000000000003,3.9276672827282963,3.5767653294164834,NPB-P1,synthetic,True
P-0164,Pitcher 164,2025,NPB,NPB-T1,pitcher,33.7,53.0,31.0,9.0,0.0932266518583294,0.11207829046963685,0.11818405927555306,5.304305715281887,4.980966863524538,116.60000000000001,111.30000000000001,4.792095046744832,5.816516383818943,NPB-P5,synthetic,True
P-0166,Pitcher 166,2025,NPB,NPB-T2,pitcher,28.3,141.0,19.0,9.0,0.23712909135385923,0.08111001382516102,0.0915493445591995,3.1274189960491166,3.1917808806630537,310.20000000000005,296.1,3.3247441502426938,2.9300938418555393,NPB-P4,synthetic,True
P-0167,Pitcher 167,2025,NPB,NPB-T1,pitcher,23.4,45.0,27.0,0.0,0.20955124429235378,0.07919476080336443,0.0950118076409865,3.41624953017049,3.424045251711408,99.00000000000001,94.5,3.296044884961947,3.5364541753790326,NPB-P3,synthetic,True
P-0168,Pitcher 168,2025,NPB,NPB-T2,pitcher,24.4,99.0,19.0,7.0,0.28959806178382186,0.07721879110200405,0.12530859117989765,3.416640679073687,3.0629269107524504,217.8,207.9,3.52912816971471,3.3041531884326645,NPB-P5,synthetic,True
P-0169,Pitcher 169,2025,NPB,NPB-T3,pitcher,27.8,113.0,26.0,16.0,0.2006794544190855,0.09423934006435299,0.11658374416630528,4.496126882359139,3.8912738870826047,248.60000000000002,237.3,4.569161628217311,4.4230921365009666,NPB-P4,synthetic,True
P-0170,Pitcher 170,2025,NPB,NPB-T6,pitcher,30.2,136.0,23.0,18.0,0.14749927582138533,0.0858675581333508,0.10359029028371547,3.230925367237888,4.086319393866281,299.20000000000005,285.6,3.262986418917635,3.1988643155581413,NPB-P2,synthetic,True
P-0172,Pitcher 172,2025,NPB,NPB-T7,pitcher,23.3,85.0,17.0,12.0,0.13028259951762478,0.10719532024892137,0.11339728594658258,3.8521903571137015,4.578055906311884,187.00000000000003,178.5,4.065736225335125,3.6386444888922784,NPB-P3,synthetic,True
P-0173,Pitcher 173,2025,NPB,NPB-T6,pitcher,32.5,164.0,20.0,5.0,0.2165277223894017,0.11118893818772911,0.15557010836471885,4.359239159742376,4.357746562784724,360.8,344.40000000000003,4.601327765745305,4.117150553739448,NPB-P3,synthetic,True
P-0174,Pitcher 174,2025,NPB,NPB-T6,pitcher,23.6,71.0,27.0,2.0,0.19943791682014284,0.06670637390161135,0.16264947333267857,4.068789533421168,4.03146788558498,156.20000000000002,149.1,4.3492022854819785,3.788376781360358,NPB-P5,synthetic,True
P-0175,Pitcher 175,2025,NPB,NPB-T5,pitcher,27.1,135.0,20.0,7.0,0.17798795978947501,0.0797785252375793,0.1199191497499276,3.8744531845576726,3.932630122034428,297.0,283.5,4.111160533289119,3.637745835826227,NPB-P3,synthetic,True
P-0139,Pitcher 139,2016,NPB,NPB-TX,pitcher,27.0,153.0,26.0,23.0,0.24398614891779816,0.0731158358622247,0.0572956751374709,2.096066581552403,2.698457590379021,336.6,321.3,1.8041079867559902,2.3880251763488163,NPB-P1,synthetic_transfer,True
P-0351,NPB Pitcher 1,2015,NPB,NPB-TX,pitcher,29.7,101.0,32.0,12.0,0.20475836451030513,0.09325670164781959,0.08749882413465605,3.490504717022423,3.556001745037954,222.20000000000002,212.10000000000002,3.692700853935404,3.2883085801094416,NPB-P1,synthetic_transfer,True
P-0109,Pitcher 109,2015,NPB,NPB-TX,pitcher,23.4,120.0,24.0,2.0,0.17204236210552876,0.0815301101784223,0.08236868082600074,3.7010388477442455,3.6257092335568446,264.0,252.0,4.105499825876474,3.2965778696120167,NPB-P1,synthetic_transfer,True
P-0141,Pitcher 141,2017,NPB,NPB-TX,pitcher,28.4,113.0,21.0,17.0,0.1807921386502997,0.0748511074053252,0.1053898215470956,3.939907532293791,3.7057743951324613,248.60000000000002,237.3,3.886499844818602,3.9933152197689803,NPB-P1,synthetic_transfer,True
P-0137,Pitcher 137,2019,NPB,NPB-TX,pitcher,25.5,76.0,28.0,10.0,0.2379525115003319,0.06269736963727665,0.09665312571735704,3.4515197810636304,3.0152796008182348,167.20000000000002,159.6,3.6423043029048827,3.260735259222378,NPB-P1,synthetic_transfer,True
P-0103,Pitcher 103,2023,NPB,NPB-TX,pitcher,33.8,60.0,30.0,6.0,0.15502850270889637,0.09289567564635681,0.15442864623296915,4.832905279408504,4.618806548414803,132.0,126.0,5.228472651505345,4.4373379073116626,NPB-P1,synthetic_transfer,True
P-0155,Pitcher 155,2022,NPB,NPB-TX,pitcher,28.7,84.0,23.0,7.0,0.2052605194616743,0.042202935881275105,0.11813918420328708,3.219228977719624,3.245742916914778,184.8,176.4,2.970232242994818,3.4682257124444305,NPB-P1,synthetic_transfer,True
P-0081,Pitcher 81,2021,NPB,NPB-TX,pitcher,23.1,183.0,23.0,17.0,0.2078209949035172,0.030662748522793836,0.16245863181140877,4.396027565974658,3.5299713411594764,402.6,384.3,4.742729124924049,4.049326007025268,NPB-P1,synthetic_transfer,True
P-0104,Pitcher 104,2020,NPB,NPB-TX,pitcher,23.4,93.0,16.0,15.0,0.14862385594355842,0.09607488985634759,0.07291309264913277,3.369789899595763,3.8930387572190313,204.60000000000002,195.3,3.2312082542441614,3.508371544947365,NPB-P1,synthetic_transfer,True
P-0022,Pitcher 22,2021,NPB,NPB-TX,pitcher,22.9,143.0,25.0,2.0,0.1390434849961089,0.07089014872504108,0.1479087967988988,3.855982068315422,4.41742187272061,314.6,300.3,4.0801128636733575,3.631851272957486,NPB-P1,synthetic_transfer,True
P-0358,NPB Pitcher 8,2022,NPB,NPB-TX,pitcher,25.1,115.0,26.0,13.0,0.2186263781270149,0.087960989703562,0.12471001256090744,3.5635200230876674,3.7536209770356987,253.00000000000003,241.5,3.6151590940287743,3.5118809521465604,NPB-P1,synthetic_transfer,True
P-0068,Pitcher 68,2023,NPB,NPB-TX,pitcher,22.8,150.0,17.0,10.0,0.16537979884968587,0.06203871606187095,0.10095987917249642,3.407289372491633,3.6310249936699286,330.0,315.0,3.204761453800179,3.609817291183087,NPB-P1,synthetic_transfer,True
P-0033,Pitcher 33,2016,NPB,NPB-TX,pitcher,26.9,124.0,33.0,0.0,0.13795820925520969,0.09345656497166002,0.12378741575832414,4.010591998265442,4.455687263201485,272.8,260.40000000000003,4.028476167608434,3.992707828922449,NPB-P1,synthetic_transfer,True
P-0048,Pitcher 48,2022,NPB,NPB-TX,pitcher,32.0,105.0,31.0,16.0,0.13051687340187584,0.0756594603888586,0.11343924686227344,4.390535468864534,4.1981710060740305,231.00000000000003,220.5,4.387086758991619,4.3939841787374485,NPB-P1,synthetic_transfer,True
P-0159,Pitcher 159,2016,NPB,NPB-TX,pitcher,32.8,91.0,17.0,3.0,0.10478469144287791,0.11111162659200566,0.10649907204968423,4.636395006557835,4.760052708057887,200.20000000000002,191.1,4.41553853632309,4.857251476792581,NPB-P1,synthetic_transfer,True
P-0052,Pitcher 52,2022,NPB,NPB-TX,pitcher,26.2,158.0,19.0,1.0,0.1999481410611422,0.07926869008317575,0.1056588219789204,4.102445287905322,3.6082273722981757,347.6,331.8,4.099020606642822,4.105869969167823,NPB-P1,synthetic_transfer,True
P-0115,Pitcher 115,2016,NPB,NPB-TX,pitcher,27.1,153.0,31.0,26.0,0.17252932397772583,0.06465664650881423,0.06937734798685055,3.5516295831640714,3.28941864615247,336.6,321.3,3.4484423612043424,3.6548168051238004,NPB-P1,synthetic_transfer,True
P-0003,Pitcher 3,2019,NPB,NPB-TX,pitcher,22.4,124.0,20.0,12.0,0.16705143646271584,0.0917680238103622,0.15306777046832265,4.731792168611345,4.495482498705846,272.8,260.40000000000003,4.629382834385851,4.834201502836839,NPB-P1,synthetic_transfer,True
P-0099,Pitcher 99,2020,NPB,NPB-TX,pitcher,33.8,58.0,30.0,3.0,0.2833985339193964,0.08214286428111288,0.14232593655079434,3.447658926203427,3.3417854655261263,127.60000000000001,121.80000000000001,3.308723682694625,3.586594169712229,NPB-P1,synthetic_transfer,True
P-0127,Pitcher 127,2019,NPB,NPB-TX,pitcher,25.6,58.0,21.0,0.0,0.22963468426009426,0.03,0.061065532903240495,2.1129911688684326,2.333577854951651,127.60000000000001,121.80000000000001,2.0313612179546072,2.194621119782258,NPB-P1,synthetic_transfer,True
P-0088,Pitcher 88,2020,NPB,NPB-TX,pitcher,31.8,73.0,27.0,14.0,0.1717087765314558,0.08686027531202803,0.08063367480438133,3.4460319683799256,3.6749898395365044,160.60000000000002,153.3,3.8941625375661815,2.99790139919367,NPB-P1,synthetic_transfer,True
P-0170,Pitcher 170,2018,NPB,NPB-TX,pitcher,29.1,126.0,16.0,1.0,0.1629237818649914,0.07912774353837763,0.11658790013818915,4.1639563256141034,4.0120216689224915,277.20000000000005,264.6,4.263201667383378,4.0647109838448285,NPB-P1,synthetic_transfer,True
P-0013,Pitcher 13,2021,NPB,NPB-TX,pitcher,28.9,182.0,33.0,9.0,0.1890401422179987,0.11659171252330411,0.13263520953671562,4.63546465310267,4.413131507902816,400.40000000000003,382.2,4.928085844791042,4.342843461414299,NPB-P1,synthetic_transfer,True
P-0149,Pitcher 149,2017,NPB,NPB-TX,pitcher,33.0,172.0,30.0,29.0,0.1666660309726316,0.08422746095018596,0.10409709812839701,3.823339383115679,3.9183722649051487,378.40000000000003,361.2,3.8966633437616838,3.7500154224696742,NPB-P1,synthetic_transfer,True
P-0360,NPB Pitcher 10,2020,NPB,NPB-TX,pitcher,28.7,76.0,23.0,11.0,0.16576569348685466,0.04859011812767757,0.04,2.7856763831799984,2.8569558696372934,167.20000000000002,159.6,2.957546506519932,2.613806259840065,NPB-P1,synthetic_transfer,True
P-0157,Pitcher 157,2023,NPB,NPB-TX,pitcher,34.1,156.0,31.0,17.0,0.137733348712439,0.06905017241802681,0.1338691839255349,3.731648664138892,4.265427118572159,343.20000000000005,327.6,3.67910004950718,3.784197278770604,NPB-P1,synthetic_transfer,True
P-0080,Pitcher 80,2019,NPB,NPB-TX,pitcher,33.2,165.0,29.0,15.0,0.13675481041472493,0.12000575149542746,0.15215457658970843,4.897390512137169,5.067576300524414,363.00000000000006,346.5,4.8342152437743815,4.960565780499956,NPB-P1,synthetic_transfer,True
P-0146,Pitcher 146,2019,NPB,NPB-TX,pitcher,31.9,153.0,25.0,16.0,0.15375814841407354,0.07357947597440939,0.11431410834380576,4.488447173350507,3.9960296078183815,336.6,321.3,4.351223340094684,4.62567100660633,NPB-P1,synthetic_transfer,True
P-0167,Pitcher 167,2022,NPB,NPB-TX,pitcher,23.0,154.0,21.0,14.0,0.22576753095845262,0.10067352137765685,0.10871590781666016,3.2652898194830353,3.6891010870308634,338.8,323.40000000000003,3.4168429343614632,3.1137367046046074,NPB-P1,synthetic_transfer,True
P-0124,Pitcher 124,2023,NPB,NPB-TX,pitcher,30.3,73.0,25.0,3.0,0.21982176528968553,0.0736873673129801,0.09491962676058319,3.3495310016432627,3.2748705530441087,160.60000000000002,153.3,3.068305547374662,3.6307564559118632,NPB-P1,synthetic_transfer,True
P-0113,Pitcher 113,2017,NPB,NPB-TX,pitcher,29.3,115.0,18.0,13.0,0.14798426204673365,0.10693179353629145,0.13609043855445735,4.46353360837994,4.660211811606202,253.00000000000003,241.5,4.668170361887404,4.258896854872476,NPB-P1,synthetic_transfer,True
P-0024,Pitcher 24,2018,NPB,NPB-TX,pitcher,24.8,81.0,28.0,9.0,0.18960105743466,0.09287311702581395,0.058054487053663416,3.0889978118592536,3.378213815369122,178.20000000000002,170.1,3.38512126931891,2.792874354399597,NPB-P1,synthetic_transfer,True
P-0056,Pitcher 56,2018,NPB,NPB-TX,pitcher,27.7,67.0,31.0,28.0,0.2497056466908424,0.11331742430992044,0.09324930517069477,3.1257249431036436,3.494656969899254,147.4,140.70000000000002,3.388644188217019,2.862805697990268,NPB-P1,synthetic_transfer,True
P-0032,Pitcher 32,2015,NPB,NPB-TX,pitcher,22.8,145.0,27.0,24.0,0.18861964089387556,0.0817741076836555,0.07389794027432693,3.6796450673012573,3.411311567796131,319.0,304.5,3.865115394442494,3.4941747401600205,NPB-P1,synthetic_transfer,True
P-0374,NPB Pitcher 24,2022,NPB,NPB-TX,pitcher,32.1,85.0,24.0,4.0,0.14559141417341323,0.10428795675833478,0.15478078817448224,4.997568760860743,4.834532049457534,187.00000000000003,178.5,4.742017671788484,5.253119849933001,NPB-P1,synthetic_transfer,True
P-0045,Pitcher 45,2019,NPB,NPB-TX,pitcher,30.6,41.0,27.0,14.0,0.18868703886672505,0.10480541367483479,0.11714355760305933,4.086555197443705,4.1196042291948105,90.2,86.10000000000001,4.072049666012379,4.10106072887503,NPB-P1,synthetic_transfer,True
P-0169,Pitcher 169,2017,NPB,NPB-TX,pitcher,27.4,141.0,28.0,10.0,0.20745940589801423,0.09197664539225232,0.13873331898847444,4.163040595713981,4.031377687407658,310.20000000000005,296.1,3.7723479295129296,4.179121541671621,NPB-P1,synthetic_transfer,True
P-0008,Pitcher 8,2021,NPB,NPB-TX,pitcher,24.3,112.0,19.0,8.0,0.17867651784823782,0.09785608355195809,0.16645792104594465,4.383530574435528,4.609440070297042,246.40000000000003,235.20000000000002,4.908031822237858,4.977881663903501,NPB-P1,synthetic_transfer,True
P-0150,Pitcher 150,2021,NPB,NPB-TX,pitcher,34.4,130.0,18.0,13.0,0.1692605794463802,0.09836072125327333,0.1507062818054553,5.018761658080346,4.533306837522792,286.0,273.0,3.8791856450510354,4.508214518625544,NPB-P1,synthetic_transfer,True
P-0132,Pitcher 132,2024,NPB,NPB-TX,pitcher,27.6,108.0,24.0,12.0,0.14565193685015024,0.09844912962615478,0.10584889180864362,4.649130121934208,4.274662978799093,237.60000000000002,226.8,4.508866199947632,4.191073366481395,NPB-P1,synthetic_transfer,True
P-0408,KBO Pitcher 8,2019,NPB,NPB-TX,pitcher,26.8,74.0,29.0,6.0,0.14550577402627782,0.04625362709241824,0.15430417731871585,4.618248974489307,4.134039106085955,162.8,155.4,3.8751425758396745,3.804406857801251,NPB-P1,synthetic_transfer,True
P-0168,Pitcher 168,2017,NPB,NPB-TX,pitcher,24.0,184.0,27.0,1.0,0.23606020420697982,0.06283880331229715,0.13835524357009868,4.1581200090193855,3.449136441792714,404.8,386.40000000000003,3.344279830232472,4.2113357183053814,NPB-P1,synthetic_transfer,True
P-0158,Pitcher 158,2020,NPB,NPB-TX,pitcher,27.7,40.0,33.0,24.0,0.2423116273625384,0.06377399606342786,0.14532057219362413,3.3428708501856486,3.4800006557970686,88.0,84.0,2.5931488940408833,3.0602461208432894,NPB-P1,synthetic_transfer,True
P-0133,Pitcher 133,2023,NPB,NPB-TX,pitcher,31.2,164.0,28.0,3.0,0.20115435950049945,0.08927322487198418,0.11287141257241598,4.301591101779262,3.790757948183974,360.8,344.40000000000003,3.8185164296435543,3.602257230343631,NPB-P1,synthetic_transfer,True
P-0420,KBO Pitcher 20,2016,NPB,NPB-TX,pitcher,27.1,48.0,22.0,19.0,0.16613324331103055,0.03620496146784412,0.10776089838298215,3.317174671646079,3.3830025749557073,105.60000000000001,100.80000000000001,3.3921590277128266,3.1962260738567223,NPB-P1,synthetic_transfer,True
P-0180,Pitcher 180,2019,NPB,NPB-TX,pitcher,33.3,157.0,28.0,15.0,0.12275695708781864,0.10705828939281724,0.15790952859439625,5.530881015934444,5.08173910195522,345.40000000000003,329.7,4.620984996842688,4.875500410683808,NPB-P1,synthetic_transfer,True
P-0053,Pitcher 53,2017,NPB,NPB-TX,pitcher,33.9,176.0,19.0,7.0,0.07199235205185286,0.0694208083303697,0.14491662749143386,5.514035160281442,4.906277158463952,387.20000000000005,369.6,4.775813276184035,5.128290060222456,NPB-P1,synthetic_transfer,True
P-0173,Pitcher 173,2021,NPB,NPB-TX,pitcher,32.8,49.0,17.0,4.0,0.1781522423439225,0.08472865932521047,0.13565659430601545,4.316777369172923,4.1480919162113015,107.80000000000001,102.9,4.512146343885365,4.406690323038759,NPB-P1,synthetic_transfer,True
P-0025,Pitcher 25,2021,NPB,NPB-TX,pitcher,25.6,155.0,28.0,10.0,0.13534427755484166,0.09044225787697968,0.10742393799348986,4.725969909103607,4.276792254019922,341.0,325.5,4.393591048383375,4.0700018566120795,NPB-P1,synthetic_transfer,True
P-0035,Pitcher 35,2024,NPB,NPB-TX,pitcher,31.4,63.0,24.0,13.0,0.20813141753800565,0.04048259185801501,0.14735083307950264,4.298594936910252,3.4942480927871613,138.60000000000002,132.3,3.6055666071322836,4.171693397790664,NPB-P1,synthetic_transfer,True
P-0105,Pitcher 105,2021,NPB,NPB-TX,pitcher,24.2,51.0,30.0,11.0,0.12357581914393666,0.08198413663210687,0.1653298130918507,4.544912216798915,4.848501217352297,112.2,107.10000000000001,5.808545425550842,4.875877538083494,NPB-P1,synthetic_transfer,True
