player_id,player_name,season,league,team,role,age,pa,g,bb_pct,k_pct,iso,babip,hr_pct,avg,obp,slg,woba,home_pa,road_pa,home_woba,road_woba,park_id,source,is_synthetic
H-0351,NPB Hitter 1,2015,NPB,NPB-T1,batter,31.4,632.0,176.00698133632955,0.02,0.21215816253587427,0.02,0.31747535343262634,0.005,0.24452085872928053,0.25,0.35174753534326264,0.2606163737014192,345.70729575126904,286.29270424873096,0.25052758835492955,0.27070515904790887,NPB-P2,synthetic,True
H-0352,NPB Hitter 2,2015,NPB,NPB-T5,batter,29.0,571.0,161.50941140592923,0.05519460844938022,0.20684439429548362,0.11310095934674437,0.2988380409602516,0.012488897389104775,0.22240415333316424,0.2536723453016989,0.4429847634427695,0.3366750755415579,275.44767041048596,295.55232958951404,0.3179663901701026,0.3553837609130132,NPB-P1,synthetic,True
H-0354,NPB Hitter 4,2015,NPB,NPB-T5,batter,30.8,376.0,94.46555312206631,0.021979254931279342,0.12794577777021576,0.05793934070175812,0.3378740944675783,0.013296913390364182,0.2892128468140932,0.28047573375626406,0.39172675014851593,0.29747527095284265,188.2697263598557,187.7302736401443,0.29687596529324206,0.29807457661244324,NPB-P4,synthetic,True
H-0355,NPB Hitter 5,2015,NPB,NPB-T6,batter,29.5,364.0,90.52415755535499,0.06304236933892987,0.1802798613300687,0.0994748978665933,0.3236676984767985,0.04104681168122093,0.2510691738401062,0.2834633062180606,0.4318416677142731,0.36906667734385556,193.7722337878132,170.2277662121868,0.3894419574559368,0.34869139723177434,NPB-P5,synthetic,True
H-0356,NPB Hitter 6,2015,NPB,NPB-T6,batter,29.3,570.0,148.54360623618012,0.07931096617898271,0.19300038951491244,0.090990200246592,0.24074005646013313,0.026078499476051373,0.17909558023705713,0.25,0.4150642058926053,0.3332919557504063,306.71381817577213,263.28618182422787,0.3603606405520342,0.30622327094877844,NPB-P5,synthetic,True
H-0357,NPB Hitter 7,2015,NPB,NPB-T6,batter,25.0,524.0,146.4435608439619,0.03983666136403458,0.2285298184878863,0.1690135390734887,0.32003210871783483,0.005,0.23489621826164223,0.2505682577995126,0.5010167499452722,0.3573543474964852,267.94920798673564,256.05079201326436,0.35119632999854977,0.36351236499442063,NPB-P3,synthetic,True
H-0361,NPB Hitter 11,2015,NPB,NPB-T4,batter,29.7,428.0,116.13504990766457,0.0797410985455536,0.1775471809393206,0.15141903193827533,0.2921673812128947,0.026626154050610806,0.22099006148661932,0.27503762308667856,0.4806357700595648,0.3853213586180018,229.82124203703157,198.17875796296843,0.3941843967698087,0.37645832046619493,NPB-P5,synthetic,True
H-0362,NPB Hitter 12,2015,NPB,NPB-T5,batter,30.0,334.0,91.36715938982731,0.06698120449621515,0.2169446576457326,0.14367972786633626,0.3364853087837235,0.021138067701808073,0.24411913754447653,0.28383478914649996,0.4773282587447086,0.38270481247976607,155.70607567882467,178.29392432117533,0.39980296293237455,0.3656066620271576,NPB-P3,synthetic,True
H-0363,NPB Hitter 13,2015,NPB,NPB-T4,batter,24.3,428.0,114.86231494876621,0.07298842651386676,0.13462370515139738,0.05910676132842922,0.346944219577193,0.019633289926556448,0.27785938407081395,0.3204113780375142,0.39380118328614855,0.34270105507626114,198.52476884787217,229.47523115212783,0.3374008405023833,0.348001269650139,NPB-P4,synthetic,True
H-0364,NPB Hitter 14,2015,NPB,NPB-T3,batter,30.4,435.0,116.37611139999952,0.037165845657865466,0.1981689634531857,0.1152974408769864,0.2847160499073942,0.015208681874305113,0.2199937549327308,0.25,0.4437690458677258,0.32276811559731095,199.70265785012572,235.29734214987428,0.3103782509823951,0.3351579802122268,NPB-P2,synthetic,True
H-0365,NPB Hitter 15,2015,NPB,NPB-T2,batter,25.7,320.0,80.32385687235234,0.05708737166130252,0.1681338843709925,0.14357752501097654,0.3116498230728919,0.03275361772058991,0.24637270113626114,0.27440106429165795,0.4747425073182657,0.3774844929429919,175.31467248874708,144.68532751125292,0.39659726825025415,0.35837171763572967,NPB-P4,synthetic,True
H-0366,NPB Hitter 16,2015,NPB,NPB-T2,batter,27.0,602.0,159.05080987846924,0.09350137562747803,0.14848479798348135,0.18181235023170664,0.3004839553767942,0.04032464617540344,0.233819689709988,0.2984952691327878,0.5118607457693861,0.42690932150641425,272.1194144140787,329.8805855859213,0.4275967939519557,0.4262218490608728,NPB-P1,synthetic,True
H-0367,NPB Hitter 17,2015,NPB,NPB-T1,batter,24.8,282.0,76.2041914976409,0.07285612322017326,0.18300597983262737,0.13060511034534078,0.29237016658471865,0.029098036478497617,0.22192842636422955,0.2686634720233827,0.45984212700381266,0.3713498880793581,153.51884825147982,128.48115174852018,0.3618089505492989,0.3808908256094173,NPB-P2,synthetic,True
H-0368,NPB Hitter 18,2015,NPB,NPB-T2,batter,31.3,536.0,132.01142583283382,0.07045879330600041,0.16606651687461602,0.07993489526861983,0.30635192222347835,0.005,0.23464193879514206,0.2809615382216283,0.41057008749096763,0.3250085204901586,270.7429194424759,265.2570805575241,0.30364762631804476,0.34636941466227245,NPB-P3,synthetic,True
H-0369,NPB Hitter 19,2015,NPB,NPB-T2,batter,24.9,262.0,67.58986319616838,0.06554747346198099,0.1822452939279565,0.0822252537773771,0.31042274442660045,0.035061027555032764,0.23876138765760876,0.27569948363389946,0.41326752822003715,0.3513100063497837,132.18212765062478,129.81787234937522,0.359593684408793,0.3430263282907744,NPB-P4,synthetic,True
H-0370,NPB Hitter 20,2015,NPB,NPB-T5,batter,28.1,318.0,78.35662771515115,0.09697577605148812,0.19548551878886758,0.15588098583997861,0.2865770002699217,0.031390560446014085,0.20747290376641758,0.27946366378105203,0.4845386858669708,0.4021710399439152,172.2907232187776,145.7092767812224,0.39386248995373674,0.4104795899340936,NPB-P2,synthetic,True
H-0371,NPB Hitter 21,2015,NPB,NPB-T7,batter,27.6,601.0,159.14790468605673,0.07828311708155784,0.13845257782138043,0.1511617031064303,0.31046036117040476,0.007170531045870436,0.24424809870920045,0.29713838422864575,0.48220773922347077,0.3730517230165522,287.8688394849325,313.1311605150675,0.356766449244808,0.3893369967882964,NPB-P2,synthetic,True
H-0372,NPB Hitter 22,2015,NPB,NPB-T3,batter,25.0,512.0,135.56234846780276,0.08718472191342809,0.193120423126629,0.09864647689807615,0.3027279613185302,0.021214070986913584,0.2210538668614958,0.283269302505541,0.42891927302992916,0.3603323179830494,267.4827654168466,244.51723458315342,0.3404354637662347,0.3802291721998641,NPB-P2,synthetic,True
H-0373,NPB Hitter 23,2015,NPB,NPB-T7,batter,24.4,488.0,129.4400887345056,0.0666100106246221,0.15809708680937146,0.1725293663434582,0.29518210922503685,0.011890853269468359,0.23063622223705502,0.2725773454465934,0.5020475772659619,0.3755336650974219,228.06129697783558,259.9387030221644,0.40226315235190396,0.3488041778429399,NPB-P4,synthetic,True
H-0374,NPB Hitter 24,2015,NPB,NPB-T6,batter,31.0,546.0,137.83296356503914,0.05884146884200437,0.21407945935823064,0.10181217824585684,0.330537895535373,0.03490178390795988,0.24556245386670064,0.2751359364944604,0.4348659677993941,0.36428559517916875,266.93650440484635,279.06349559515365,0.34799194791421584,0.38057924244412167,NPB-P5,synthetic,True
H-0375,NPB Hitter 25,2015,NPB,NPB-T4,batter,25.1,487.0,117.47246845137661,0.0529704118708653,0.16193463243062184,0.10793336655783081,0.25445212889368973,0.008100339669986807,0.20098413381168162,0.25,0.43337857944719976,0.3127911907321922,262.6473117942227,224.35268820577733,0.30694402489424755,0.31863835657013684,NPB-P3,synthetic,True
H-0376,NPB Hitter 26,2015,NPB,NPB-T6,batter,28.8,249.0,64.81724154995705,0.07023262520049413,0.17554284819660784,0.19165394283245096,0.32249547816604707,0.02518198815763833,0.24701129757500787,0.28914322461672004,0.5239034906490556,0.41010971289818493,115.634566243992,133.365433756008,0.41083685291119515,0.4093825728851747,NPB-P2,synthetic,True
H-0379,NPB Hitter 29,2015,NPB,NPB-T5,batter,28.6,620.0,150.15894144193896,0.07437298730912582,0.17061816768830487,0.17717290058803578,0.2745418074087076,0.0327398554726858,0.21219247123746904,0.2609263309340354,0.5046270813289065,0.39506168895827265,309.0408319186997,310.9591680813003,0.38487035829887273,0.40525301961767257,NPB-P4,synthetic,True
H-0380,NPB Hitter 30,2015,NPB,NPB-T6,batter,28.3,536.0,133.2708050154273,0.0936185418779933,0.1336854476049544,0.1304324204685977,0.27647299142187987,0.03227601833744866,0.21847098023801909,0.28588516161665495,0.4580797196107857,0.38308477407368585,266.076049338381,269.923950661619,0.3728036082260171,0.3933659399213546,NPB-P1,synthetic,True
H-0382,NPB Hitter 32,2015,NPB,NPB-T5,batter,24.6,379.0,103.0530947156422,0.0932478226073494,0.2105327204562584,0.1503850645295715,0.3468919963716944,0.0104984516830114,0.24308772508193371,0.31060948420388323,0.48507426416674093,0.3988460665612122,203.8187556820861,175.1812443179139,0.3999535112679764,0.39773862185444797,NPB-P5,synthetic,True
H-0383,NPB Hitter 33,2015,NPB,NPB-T3,batter,28.4,251.0,61.71717013920589,0.06139783150955842,0.16371007653596395,0.06742730351703075,0.2815939564403409,0.028987411432424406,0.22255304170265747,0.25778226849857283,0.3955866991610648,0.3247100540343591,119.17590840599534,131.82409159400464,0.3208089739299456,0.3286111341387726,NPB-P1,synthetic,True
H-0386,NPB Hitter 36,2015,NPB,NPB-T2,batter,25.9,278.0,67.66726508964356,0.07311899590526588,0.12172714325515535,0.144140431450947,0.30993647220003384,0.015660686481068796,0.25189565017901633,0.29771088839143633,0.4751340786709503,0.37303291753468065,134.65756839663518,143.34243160336482,0.3561007643170175,0.3899650707523438,NPB-P3,synthetic,True
H-0387,NPB Hitter 37,2015,NPB,NPB-T1,batter,23.9,619.0,162.76768609324245,0.07127430797627546,0.15546258789268158,0.046940200030440665,0.30971662984699366,0.019131214740301786,0.24236212480753683,0.28681750631311786,0.37791186301514007,0.32132803931285453,297.2624248545532,321.7375751454468,0.2822018402512374,0.36045423837447166,NPB-P4,synthetic,True
H-0388,NPB Hitter 38,2015,NPB,NPB-T4,batter,29.6,447.0,106.68557756545277,0.02515904780943256,0.1707900433891306,0.10629152346090612,0.3151084711378868,0.005,0.25411325258944917,0.25318597513993685,0.43780237057469484,0.31085963626836155,204.27857225982913,242.72142774017087,0.3323664985178853,0.2893527740188378,NPB-P5,synthetic,True
H-0389,NPB Hitter 39,2015,NPB,NPB-T5,batter,27.0,606.0,167.51025426279463,0.11413877293682564,0.07218462826716862,0.14847575597530138,0.27026455183870596,0.0329947782648004,0.22485715805496512,0.31205592012054617,0.47550221115917196,0.4058467004240611,320.1763037965858,285.8236962034142,0.4138955485668602,0.397797852281262,NPB-P5,synthetic,True
H-0390,NPB Hitter 40,2015,NPB,NPB-T2,batter,25.0,250.0,60.798827429400085,0.08579653244868442,0.16305178120769542,0.049746277969361624,0.276424219780839,0.021553293885530463,0.21086951291742623,0.27266939939982143,0.37738869994744556,0.32356446701749897,130.4171967572787,119.5828032427213,0.3007879361438321,0.34634099789116585,NPB-P3,synthetic,True
H-0201,Hitter 201,2015,NPB,NPB-T3,batter,27.2,643.0,172.5026469442368,0.031151898989106027,0.1781900162112997,0.138776666176417,0.29665381322203915,0.02693675505335822,0.23859224906863777,0.25,0.4684420474986209,0.3462054098651397,300.4482709990486,342.5517290009514,0.32967533127067217,0.36273548845960724,NPB-P5,synthetic,True
H-0203,Hitter 203,2015,NPB,NPB-T5,batter,23.7,620.0,167.51635419667448,0.02,0.2843343223260542,0.02,0.27975856210844013,0.005,0.19536842969425666,0.25,0.34797585621084404,0.24741549673795404,316.114031049953,303.885968950047,0.23147805004435695,0.26335294343155113,NPB-P1,synthetic,True
H-0204,Hitter 204,2015,NPB,NPB-T6,batter,25.8,224.0,62.954691109177524,0.06161644482237794,0.18125961924373574,0.09686386268624539,0.2688736728039742,0.013611888734273717,0.20561247673248595,0.25,0.42375122996664283,0.3227631211953369,112.28272665025084,111.71727334974916,0.3146279661008254,0.3308982762898484,NPB-P1,synthetic,True
H-0205,Hitter 205,2015,NPB,NPB-T7,batter,22.7,528.0,131.27317037767804,0.03641944392463216,0.26364829156777936,0.11128418404724848,0.2973812832674347,0.005,0.20889675501954819,0.25,0.4410223123739919,0.31528336111683136,238.07788907305934,289.92211092694066,0.3206354692645188,0.3099312529691439,NPB-P1,synthetic,True
H-0207,Hitter 207,2015,NPB,NPB-T1,batter,25.4,644.0,155.68100047014212,0.08903772475342885,0.2058311115125562,0.1590663008492777,0.2861932166532591,0.04093660098026738,0.20794424605853376,0.27066110507377317,0.48768562251460357,0.4068234395053843,306.33819712140894,337.66180287859106,0.4035374863672254,0.4101093926435432,NPB-P5,synthetic,True
H-0209,Hitter 209,2015,NPB,NPB-T5,batter,23.9,464.0,131.5325672214382,0.05228091915658591,0.23724571786253557,0.07893399962143174,0.28453302123081314,0.037638714557877734,0.20779893965664717,0.25,0.40738730174451304,0.33347174373427213,235.66644281641123,228.33355718358877,0.30519446829521596,0.3617490191733283,NPB-P2,synthetic,True
H-0210,Hitter 210,2015,NPB,NPB-T3,batter,26.7,375.0,90.09756196672099,0.12254315042278617,0.2529588748836224,0.061832008686475294,0.34577344952686373,0.019397090406114828,0.21884438249326038,0.316884487461895,0.3964093536391617,0.3782658987734174,176.00729607266945,198.99270392733055,0.39261941798110295,0.3639123795657318,NPB-P5,synthetic,True
H-0211,Hitter 211,2015,NPB,NPB-T5,batter,27.0,365.0,92.94030759021341,0.083628218857338,0.1757175907161775,0.05299250082939508,0.28855603657828355,0.01679332506238109,0.21623923642392082,0.2759764327554453,0.3818481044872234,0.32379423401484614,176.37254510154534,188.62745489845466,0.2916423361021194,0.35594613192757285,NPB-P3,synthetic,True
H-0212,Hitter 212,2015,NPB,NPB-T5,batter,25.7,213.0,60.09262393262879,0.10608261262539571,0.1612387519167532,0.14705451138433953,0.276438367369684,0.027067424593721703,0.2066005994816745,0.28836904983875034,0.4746983481213079,0.39625192081290267,106.30804086817943,106.69195913182057,0.40126126770264275,0.3912425739231626,NPB-P4,synthetic,True
H-0215,Hitter 215,2015,NPB,NPB-T6,batter,28.5,435.0,119.45735351062035,0.06305946229468785,0.2809370848975771,0.19929150502340773,0.2918362839772236,0.005,0.19219560994363735,0.25,0.5284751334211301,0.380394650761184,216.64106902867144,218.35893097132856,0.39979597982709114,0.36099332169527687,NPB-P5,synthetic,True
H-0216,Hitter 216,2015,NPB,NPB-T3,batter,30.5,219.0,59.319589800068684,0.04660869058241156,0.20352820809367256,0.15368756531270658,0.2924619319597141,0.01468537404919143,0.221509217425874,0.25,0.48293375850867803,0.3527327571598489,117.07508417480568,101.92491582519432,0.3328455085029165,0.37262000581678134,NPB-P4,synthetic,True
H-0217,Hitter 217,2015,NPB,NPB-T6,batter,25.5,620.0,155.0026680489541,0.030096582436167023,0.10039071185080753,0.14715181415663667,0.30156648339499176,0.03721385990904952,0.2677979679154989,0.2660908824723944,0.4773084624961358,0.36104184859785876,325.03817129280014,294.96182870719986,0.3394913043251336,0.38259239287058394,NPB-P2,synthetic,True
H-0218,Hitter 218,2015,NPB,NPB-T2,batter,30.8,370.0,105.12098643745527,0.045088478256728716,0.3139204738094124,0.13527105941074385,0.30678367663680595,0.005,0.19739559037642837,0.25,0.46594942707442444,0.3378353042785013,187.55757782113864,182.44242217886136,0.32223159682136143,0.35343901173564113,NPB-P3,synthetic,True
H-0219,Hitter 219,2015,NPB,NPB-T7,batter,23.8,596.0,143.44707407507622,0.02,0.2307654480171355,0.12124074679106936,0.26304244307335967,0.005,0.19783048698854677,0.25,0.44754499109840534,0.29724726581076405,307.7413343918847,288.2586656081153,0.31516221465870636,0.27933231696282174,NPB-P4,synthetic,True
H-0220,Hitter 220,2015,NPB,NPB-T3,batter,28.3,564.0,160.3449837506538,0.048185532541282564,0.2280302475987406,0.05408873274460326,0.29880204728103926,0.03329174625697288,0.22126196862241684,0.25,0.38396893747270716,0.3180219639680689,293.49153162676896,270.50846837323104,0.3144163239159703,0.32162760402016755,NPB-P4,synthetic,True
H-0351,NPB Hitter 1,2016,NPB,NPB-T2,batter,31.5,633.0,172.15939184983233,0.02,0.2334094598461426,0.02,0.3190839404646138,0.005,0.2389750514658973,0.25,0.3519083940464614,0.26117937916261486,295.5402028445217,337.4597971554783,0.25955162523441205,0.26280713309081766,NPB-P3,synthetic,True
H-0352,NPB Hitter 2,2016,NPB,NPB-T7,batter,29.1,497.0,132.8366673069127,0.060581526395925976,0.2031687910313092,0.13778569621473719,0.29589710250581386,0.04248397512295806,0.22422674406255005,0.2566502594106217,0.46737540646531855,0.3799887648829507,245.00300191318158,251.99699808681842,0.3891991138004275,0.3707784159654739,NPB-P2,synthetic,True
H-0353,NPB Hitter 3,2016,NPB,NPB-T6,batter,29.4,315.0,81.89258716961048,0.05117758595149195,0.11869065883999162,0.15003937230394462,0.3032534792113948,0.028760634521611234,0.2560544381490862,0.277743894625252,0.48036472022508414,0.37036925372665225,143.35781473202846,171.64218526797154,0.36868004530082976,0.37205846215247473,NPB-P5,synthetic,True
H-0354,NPB Hitter 4,2016,NPB,NPB-T1,batter,30.9,284.0,68.14927566231873,0.03725778741437282,0.10224737582169827,0.0664644217767065,0.2908928558894562,0.009880115988223043,0.2517938179426241,0.2625384079043244,0.3955537073656521,0.29334048711795996,141.04860178981906,142.95139821018094,0.28525857564827384,0.3014223985876461,NPB-P3,synthetic,True
H-0356,NPB Hitter 6,2016,NPB,NPB-T3,batter,29.4,268.0,66.34127262835901,0.06831767896982624,0.17776557032918336,0.09350418353309428,0.2581683106859485,0.005,0.19538741392631406,0.25,0.4193210146016891,0.3141085849621622,131.8697153715715,136.1302846284285,0.3111765881419185,0.3170405817824059,NPB-P2,synthetic,True
H-0357,NPB Hitter 7,2016,NPB,NPB-T7,batter,25.1,602.0,154.2307203231632,0.03921128795282752,0.23227731673419277,0.15875654070993095,0.3000959592161343,0.011089417119803383,0.22028673854430358,0.25,0.4887661366315444,0.34977806009091134,324.6778332076688,277.3221667923312,0.3669540661865192,0.33260205399530346,NPB-P2,synthetic,True
H-0358,NPB Hitter 8,2016,NPB,NPB-T6,batter,24.6,473.0,124.54366782433839,0.08474117168601306,0.18849218186531402,0.16890597963046472,0.3133215438421385,0.017598057882706013,0.23035135636067774,0.2896816545964577,0.5002381340146785,0.3977179014161486,231.2216205094974,241.7783794905026,0.3977951917164269,0.3976406111158703,NPB-P4,synthetic,True
H-0360,NPB Hitter 10,2016,NPB,NPB-T4,batter,29.8,363.0,94.75094456117894,0.027615826694352637,0.15278192495805512,0.11090139161854443,0.301048119867945,0.007425253016821906,0.24785350385710647,0.25,0.44100620360533893,0.3123764137451667,190.18423984503437,172.81576015496563,0.323772748129873,0.30098007936046045,NPB-P2,synthetic,True
H-0361,NPB Hitter 11,2016,NPB,NPB-T4,batter,29.9,316.0,83.97056066891315,0.09915953521924975,0.22251741489650664,0.11111404696074227,0.274160278252142,0.010458264766415223,0.18753797581606813,0.26653184771024496,0.43853007478595646,0.35589293615990647,149.84117110454935,166.15882889545065,0.3759637283889914,0.33582214393082155,NPB-P4,synthetic,True
H-0362,NPB Hitter 12,2016,NPB,NPB-T2,batter,30.2,421.0,109.96026316992324,0.03959408758836903,0.21268018880312142,0.12130337217308787,0.30302028935398334,0.013943107483544256,0.22866753124779876,0.25,0.45160540110848624,0.33303861401614065,228.85981823788376,192.14018176211624,0.33124015469542334,0.33483707333685797,NPB-P5,synthetic,True
H-0363,NPB Hitter 13,2016,NPB,NPB-T1,batter,24.4,324.0,88.6246636043967,0.0645323942865351,0.13409192557914468,0.044382015292927415,0.3108617013062782,0.029323757876544482,0.2535155709935123,0.28873770086736267,0.3754681854235552,0.324775761957772,155.2919765896298,168.7080234103702,0.31027169249560604,0.339279831419938,NPB-P1,synthetic,True
H-0365,NPB Hitter 15,2016,NPB,NPB-T3,batter,25.8,391.0,100.13073126823672,0.066221847481379,0.1736899204144394,0.16013182267706766,0.2979670298718952,0.03442980584327383,0.23164570383715377,0.27005495714597544,0.48992852566425715,0.3897030814234623,214.21360496190084,176.78639503809916,0.3945885260275722,0.38481763681935244,NPB-P5,synthetic,True
H-0366,NPB Hitter 16,2016,NPB,NPB-T1,batter,27.1,414.0,103.71641985885447,0.10173444583857603,0.13757199382651958,0.15161206814987352,0.30765919485536697,0.010277952404443102,0.23557606116496566,0.3123653773124453,0.48237798763541023,0.3915316249328109,203.02452800422566,210.97547199577434,0.40073066055172035,0.38233258931390146,NPB-P3,synthetic,True
H-0367,NPB Hitter 17,2016,NPB,NPB-T3,batter,24.9,493.0,138.86677099667102,0.09591935750762405,0.16144115015473634,0.10728512278548373,0.3063665662249808,0.005,0.2282699112105456,0.3006872775971151,0.4379217794079818,0.35787866596609613,228.47310604372885,264.5268939562711,0.3225311339942996,0.39322619793789265,NPB-P4,synthetic,True
H-0368,NPB Hitter 18,2016,NPB,NPB-T2,batter,31.5,243.0,63.18566059626698,0.06363203358142358,0.17199169327132255,0.11337254573304545,0.31476719606459774,0.005,0.24135057623686818,0.2801725521946049,0.4448492653395052,0.3415658422827807,132.9171677019844,110.0828322980156,0.34239796900667724,0.34073371555888415,NPB-P2,synthetic,True
H-0369,NPB Hitter 19,2016,NPB,NPB-T7,batter,25.1,357.0,85.73168349523581,0.07530280145542381,0.1715337746651112,0.08627933327189977,0.27838295841984667,0.03548428136940065,0.21499050431859656,0.26400387735729164,0.41411762911388444,0.34953548299774845,189.01285737442944,167.98714262557056,0.3725792546146074,0.3264917113808895,NPB-P2,synthetic,True
H-0370,NPB Hitter 20,2016,NPB,NPB-T3,batter,28.2,457.0,116.58027326454138,0.09245756731620756,0.18536271884824937,0.1457185056137552,0.29944773643449885,0.041955577470318785,0.2225484172275153,0.2870871398624783,0.4756632792572051,0.40743220268427216,208.1654202474846,248.8345797525154,0.4140996698434663,0.400764735525078,NPB-P5,synthetic,True
H-0374,NPB Hitter 24,2016,NPB,NPB-T4,batter,31.1,327.0,85.87896044513654,0.05526317515228132,0.24441266017784524,0.11557124021786869,0.3009825637878166,0.03367132165941493,0.21583606081381182,0.25,0.44566949659665034,0.35789649154563397,171.1656706861951,155.8343293138049,0.3552448954223905,0.3605480876688774,NPB-P3,synthetic,True
H-0375,NPB Hitter 25,2016,NPB,NPB-T2,batter,25.2,473.0,116.24419914779828,0.05940831494157051,0.13694763870202267,0.09470039021242446,0.29695395394854346,0.0269420005398629,0.242686577213721,0.2741890643610379,0.42439578560727875,0.34185271944379964,239.6850362572726,233.3149637427274,0.33002716402697635,0.3536782748606229,NPB-P4,synthetic,True
H-0376,NPB Hitter 26,2016,NPB,NPB-T2,batter,28.9,500.0,120.29467022223172,0.08055484268256094,0.17216752693512574,0.18109644062151362,0.3066261546465778,0.033859521958715375,0.2342137945513427,0.2867762223143428,0.5117590560861713,0.4137841561087712,238.25092301530265,261.74907698469735,0.42519970377162825,0.4023686084459141,NPB-P4,synthetic,True
H-0377,NPB Hitter 27,2016,NPB,NPB-T2,batter,30.7,560.0,155.31795237353737,0.06695764916594932,0.19617791380032545,0.02,0.30297221779722566,0.005,0.22399945270401186,0.26788215659956,0.35029722177972256,0.2884106306451935,257.06796078991744,302.93203921008256,0.2852483518206127,0.2915729094697743,NPB-P3,synthetic,True
H-0378,NPB Hitter 28,2016,NPB,NPB-T4,batter,24.2,486.0,133.36873141668195,0.05797416866055562,0.14876203167421106,0.1808292643470249,0.3460763883545204,0.008882235749153965,0.27586220616290086,0.3050510523810306,0.5154369031824769,0.3891587615515733,266.37701654718376,219.62298345281624,0.4056867367681398,0.3726307863350068,NPB-P4,synthetic,True
H-0379,NPB Hitter 29,2016,NPB,NPB-T3,batter,28.7,634.0,159.45237757544183,0.046600443195518065,0.15789877013591191,0.14320654959702558,0.24732009492119822,0.02844949951962957,0.20101075499670304,0.25,0.4679385590891454,0.34355049530531273,293.4129444958609,340.5870555041391,0.3303199746682334,0.3567810159423921,NPB-P5,synthetic,True
H-0380,NPB Hitter 30,2016,NPB,NPB-T4,batter,28.4,632.0,161.12307241097105,0.08091942017369562,0.13349796443287712,0.08495867369178918,0.3076410963575335,0.03372181389470393,0.24673576916325815,0.29842916754484294,0.41572278332754253,0.3613948808824412,315.8875831902047,316.1124168097953,0.3140180820745022,0.4087716796903802,NPB-P1,synthetic,True
H-0381,NPB Hitter 31,2016,NPB,NPB-T5,batter,27.1,350.0,86.63665236456393,0.10607382107470349,0.1423964184328565,0.1031840546394677,0.307281987243215,0.037569678965747526,0.23656701012139647,0.3139122235235844,0.4339122533637892,0.3923643114082977,171.8358055742399,178.1641944257601,0.39510193195466903,0.38962669086192636,NPB-P5,synthetic,True
H-0383,NPB Hitter 33,2016,NPB,NPB-T2,batter,28.6,535.0,149.99804137101097,0.07346342564459511,0.14746449884481916,0.09960790482966606,0.26629978078257766,0.0315671162055001,0.2122017903531218,0.2601834762746622,0.4262378829079238,0.34782407346638516,277.1105684652887,257.8894315347113,0.32441296399675523,0.3712351829360151,NPB-P4,synthetic,True
H-0384,NPB Hitter 34,2016,NPB,NPB-T4,batter,25.4,619.0,164.65729821570474,0.06926322152730167,0.1378387086591826,0.0768902509481419,0.30867186749920006,0.01980462991308413,0.24771602243281163,0.28953401667856576,0.4077574376980619,0.336633213637085,296.8033582750949,322.1966417249051,0.318456164968257,0.35481026230591295,NPB-P4,synthetic,True
H-0385,NPB Hitter 35,2016,NPB,NPB-T2,batter,29.3,248.0,59.35116456062024,0.1309088658788808,0.20015727134475791,0.11170388074677644,0.2841513953163385,0.005,0.19082849048225115,0.3019795073129068,0.44011902027841027,0.3770263288866621,113.4562229291246,134.5437770708754,0.35341293555245873,0.40063972222086547,NPB-P3,synthetic,True
H-0386,NPB Hitter 36,2016,NPB,NPB-T7,batter,26.0,627.0,155.92337199196407,0.054187356710554274,0.12615926308591865,0.1628572398742926,0.3022512320467009,0.016610610470765886,0.2502328355883739,0.2771544763265374,0.4930823630789627,0.36824011226828357,283.35421965753915,343.64578034246085,0.34671538294477067,0.3897648415917965,NPB-P4,synthetic,True
H-0387,NPB Hitter 37,2016,NPB,NPB-T4,batter,24.0,205.0,50.21382913806096,0.08884521925304902,0.15267244071160577,0.08223460010594832,0.31842596441588183,0.012280275141640923,0.24336251188941574,0.30621364280940166,0.4140771965475365,0.3499220187084413,94.23613389520207,110.76386610479793,0.3514715780776386,0.348372459339244,NPB-P2,synthetic,True
H-0388,NPB Hitter 38,2016,NPB,NPB-T3,batter,29.8,573.0,152.62774070179918,0.02890960658667958,0.13103528657553334,0.13437606054361162,0.33703225922603347,0.008467529187481346,0.2843957999100285,0.28372271006539523,0.46807928646621494,0.339725624907507,308.3318497641213,264.6681502358787,0.3279897708509315,0.35146147896408253,NPB-P5,synthetic,True
H-0389,NPB Hitter 39,2016,NPB,NPB-T7,batter,27.1,335.0,81.68063239002946,0.10860366756091731,0.059703595236801396,0.14132298915266303,0.29629703579408656,0.016398246553440944,0.2488878297075223,0.3303889510129729,0.47095269273207163,0.3922125957526339,154.473961939048,180.526038060952,0.3813555950968231,0.4030695964084447,NPB-P5,synthetic,True
H-0390,NPB Hitter 40,2016,NPB,NPB-T6,batter,25.1,545.0,138.38709058787887,0.10271065933955946,0.17453379636243002,0.07474558333599271,0.29012281307341026,0.029399273281895937,0.21409776266842698,0.2914297438480878,0.40375786464333374,0.3610098629018875,289.1253480295294,255.8746519704706,0.36766971788037556,0.3543500079233995,NPB-P3,synthetic,True
H-0201,Hitter 201,2016,NPB,NPB-T3,batter,27.3,276.0,67.83849129865933,0.06759084408410924,0.18624040044810766,0.15265020041468197,0.3064358491541501,0.026080523440076966,0.23256493471007708,0.2733784146587682,0.483293785330097,0.3819962193869733,136.04814670158936,139.95185329841064,0.3818174931360795,0.38217494563786714,NPB-P3,synthetic,True
H-0203,Hitter 203,2016,NPB,NPB-T2,batter,23.8,557.0,155.16574354691176,0.04643134933256843,0.254352097213708,0.06651774927250609,0.26718227918796983,0.005,0.1875682723977228,0.25,0.39323597719130304,0.2871005043484657,291.8213179418088,265.1786820581912,0.27314202573280966,0.3010589829641217,NPB-P2,synthetic,True
H-0204,Hitter 204,2016,NPB,NPB-T3,batter,26.0,253.0,67.07737798181323,0.07595715888483422,0.1625314894744657,0.10726164365168578,0.2937102449426437,0.01253840489448543,0.2255444463511665,0.27725447594012853,0.43663266814595014,0.3462470653627733,126.72477814039551,126.27522185960449,0.34719082992398,0.34530330080156657,NPB-P3,synthetic,True
H-0205,Hitter 205,2016,NPB,NPB-T5,batter,22.9,537.0,144.60455054493292,0.03406893555824668,0.28601737080084344,0.06793048626791061,0.3002221926629552,0.005,0.20487517992644275,0.25,0.3979527055342061,0.2907877897701578,249.90721608726605,287.0927839127339,0.2757786007280479,0.3057969788122677,NPB-P1,synthetic,True
H-0208,Hitter 208,2016,NPB,NPB-T6,batter,27.7,409.0,111.29240044604454,0.04158077405583432,0.1901548611503232,0.16495897647559388,0.26764339110766805,0.008682817594772602,0.20692330249981847,0.25,0.4917233155863607,0.3413237016236398,193.48370185777785,215.51629814222215,0.32294405781645086,0.3597033454308287,NPB-P4,synthetic,True
H-0209,Hitter 209,2016,NPB,NPB-T2,batter,24.0,388.0,108.33445172086363,0.04869325050317694,0.2224711989984876,0.1274532472561105,0.28092433188051613,0.024763385863531148,0.20846214795404275,0.25,0.4555456804441621,0.3447951247784433,212.29194645537058,175.70805354462942,0.35642978007634546,0.3331604694805412,NPB-P3,synthetic,True
H-0210,Hitter 210,2016,NPB,NPB-T1,batter,26.9,500.0,134.50657576256557,0.12332331787691853,0.2621337958835264,0.06919150585649451,0.3378332579516003,0.01752719585865197,0.2102421047880864,0.31017504074527824,0.40297483165165454,0.37839776729076186,259.3089124324944,240.69108756750558,0.3775589820911187,0.379236552490405,NPB-P2,synthetic,True
H-0211,Hitter 211,2016,NPB,NPB-T5,batter,27.1,256.0,64.10002015401474,0.0844886232545664,0.17758764585071984,0.0567820798491089,0.2870684593895877,0.005,0.21258462857496216,0.27513978897203234,0.38548892578806765,0.31534614098156205,119.40250150698641,136.59749849301357,0.3206535408661005,0.3100387410970236,NPB-P5,synthetic,True
H-0212,Hitter 212,2016,NPB,NPB-T4,batter,25.8,305.0,79.24680019753826,0.12140578648422168,0.13163411888286441,0.1696978756451368,0.25567488706159797,0.023727463270644462,0.19453805732538743,0.2932868305355334,0.49526536435129653,0.4091588095589197,143.20843777056322,161.79156222943678,0.41397245107586483,0.40434516804197457,NPB-P4,synthetic,True
H-0213,Hitter 213,2016,NPB,NPB-T3,batter,24.3,515.0,142.93159402836534,0.05758975581835438,0.3061207473048262,0.10083937388821039,0.320236253888111,0.01937881076426986,0.20666978648282405,0.25,0.4328629992770215,0.3452981032600455,274.30515304325223,240.69484695674777,0.34798651740307773,0.3426096891170133,NPB-P5,synthetic,True
H-0216,Hitter 216,2016,NPB,NPB-T5,batter,30.6,466.0,123.04548453759095,0.04648318501652847,0.17337038466102042,0.1477985899575942,0.2970112084146649,0.00846607330639305,0.23298214500641734,0.25502419562594103,0.4774997107990607,0.3454008429091332,228.6054224132824,237.3945775867176,0.3823358876306917,0.3084657981875747,NPB-P5,synthetic,True
H-0217,Hitter 217,2016,NPB,NPB-T3,batter,25.7,568.0,144.98048807334789,0.03971852902670949,0.1287887715023113,0.18267507183530665,0.2704415132229823,0.03396431786241852,0.22996479155815688,0.25,0.5097192231576049,0.3734966755323358,274.68674709978507,293.31325290021493,0.3803010067148134,0.36669234434985815,NPB-P2,synthetic,True
H-0218,Hitter 218,2016,NPB,NPB-T2,batter,31.0,305.0,73.12712526441726,0.023697501668082155,0.3166676627042224,0.12596657250290566,0.29609754079720885,0.005,0.1960662526535317,0.25,0.45557632658262653,0.3140040053232787,164.77651906770015,140.22348093229985,0.2869144028404986,0.34109360780605885,NPB-P2,synthetic,True
H-0219,Hitter 219,2016,NPB,NPB-T5,batter,24.0,181.0,50.68698250484559,0.02,0.22803339092587882,0.14680908443126156,0.27069745951339474,0.011054091656756916,0.2052135644637802,0.25,0.47387883038260104,0.3194377897579632,94.78570968521325,86.21429031478675,0.3261548159079191,0.3127207636080073,NPB-P5,synthetic,True
H-0220,Hitter 220,2016,NPB,NPB-T7,batter,28.5,485.0,117.86974400379391,0.05238615061859192,0.20548376451130623,0.05069691657169509,0.33136293414298224,0.03406557704904789,0.25102423899569454,0.27370911281309557,0.38383320998599335,0.3311896558416335,258.5498248140438,226.4501751859562,0.3596416681817595,0.3027376435015075,NPB-P4,synthetic,True
H-0351,NPB Hitter 1,2017,NPB,NPB-T6,batter,31.7,433.0,121.96777700586075,0.02,0.20770232804504826,0.02,0.27017773022559294,0.005,0.2094076320672984,0.25,0.3470177730225593,0.24406220557895753,226.07752978499983,206.92247021500017,0.2582766259245838,0.22984778523333124,NPB-P2,synthetic,True
H-0353,NPB Hitter 3,2017,NPB,NPB-T1,batter,29.6,494.0,130.29782285973664,0.07791496667765423,0.1432560257957916,0.11138581996098545,0.3230125912246841,0.030742200611140497,0.2561829059337724,0.3043293849355454,0.44368707908345384,0.37652506513156586,233.57087188065674,260.42912811934326,0.35328812357837097,0.39976200668476075,NPB-P4,synthetic,True
H-0355,NPB Hitter 5,2017,NPB,NPB-T4,batter,29.8,243.0,64.44904711614943,0.03963208805710613,0.20317660169024743,0.07124318274017108,0.3309165964704629,0.04656854450512965,0.2575524529415855,0.2651425421963406,0.4043348423872174,0.3446587109663471,116.72979594467982,126.27020405532018,0.3378474062057001,0.3514700157269941,NPB-P3,synthetic,True
H-0356,NPB Hitter 6,2017,NPB,NPB-T3,batter,29.6,541.0,130.52728153182474,0.058880028335496166,0.21014377319869273,0.10797545799432948,0.28627009063447845,0.02311502376267333,0.21272387615085525,0.25,0.4366024670577773,0.341600574840202,274.4471256242332,266.5528743757668,0.3342454949569403,0.34895565472346374,NPB-P3,synthetic,True
H-0357,NPB Hitter 7,2017,NPB,NPB-T4,batter,25.3,380.0,96.65046378590404,0.04999293294369371,0.21681961018143317,0.17759080678872793,0.30080745728379416,0.025695773767340967,0.22440262068000322,0.25,0.5076715525171073,0.38107880323432075,204.75177368968193,175.24822631031807,0.3911850882528755,0.370972518215766,NPB-P3,synthetic,True
H-0358,NPB Hitter 8,2017,NPB,NPB-T7,batter,24.7,426.0,106.87369157800083,0.10201282645169257,0.17363163929409003,0.15001108027255208,0.31147703481848793,0.01866806760366707,0.22842032410441537,0.3050709290191713,0.4811587837544009,0.3997332956958596,222.71741850776914,203.28258149223086,0.3997611532814139,0.3997054381103053,NPB-P5,synthetic,True
H-0359,NPB Hitter 9,2017,NPB,NPB-T6,batter,26.9,253.0,61.463416286438026,0.043842753774976186,0.14492225200689504,0.15607838017166925,0.2615988563379326,0.02225758004828607,0.21555678371601478,0.25,0.4822382658054625,0.34812445849863527,121.92986752731706,131.07013247268293,0.34933244032440103,0.3469164766728695,NPB-P1,synthetic,True
H-0360,NPB Hitter 10,2017,NPB,NPB-T4,batter,29.9,638.0,180.9362763845555,0.029907731031475458,0.15803851382288536,0.10372600436832038,0.3128021154699261,0.005,0.2547621324848533,0.2585186502678435,0.435006215915313,0.31196545453908314,322.14967751552336,315.85032248447664,0.31679083729870827,0.307140071779458,NPB-P3,synthetic,True
H-0361,NPB Hitter 11,2017,NPB,NPB-T2,batter,30.0,379.0,105.78383262131578,0.0697914654090113,0.2055894543297838,0.10841144636595011,0.29451053293227103,0.005,0.21415795150061953,0.26185862175956887,0.43786249965917723,0.3360590078138753,184.7532833481683,194.2467166518317,0.34509269314374713,0.3270253224840035,NPB-P2,synthetic,True
H-0364,NPB Hitter 14,2017,NPB,NPB-T1,batter,30.7,482.0,122.54792199563232,0.046408203252700335,0.212856505726149,0.09711590348138605,0.30015072615562616,0.027584778221940855,0.22646995222238858,0.25,0.42713097609694867,0.3357785437458684,264.81641094007284,217.18358905992716,0.3366239904449136,0.3349330970468232,NPB-P4,synthetic,True
H-0365,NPB Hitter 15,2017,NPB,NPB-T1,batter,26.0,238.0,57.9081895366506,0.07378965630346689,0.163727015947166,0.16139535887543704,0.3028033443332575,0.030559552284612903,0.2354664344835516,0.28158390778024056,0.49167569330876276,0.39390497436670896,127.36371248701718,110.63628751298282,0.38669824356549615,0.4011117051679218,NPB-P4,synthetic,True
H-0366,NPB Hitter 16,2017,NPB,NPB-T6,batter,27.3,265.0,75.5962067123579,0.09761253692727123,0.13097397989335313,0.15946436336878755,0.29998955845147807,0.02475920063221037,0.23512987029732915,0.30588692810951906,0.4894633192139354,0.40331380172892967,134.72394718319876,130.27605281680124,0.43288384417632264,0.3737437592815367,NPB-P1,synthetic,True
H-0367,NPB Hitter 17,2017,NPB,NPB-T5,batter,25.1,465.0,122.48700118941221,0.07549974504211326,0.18374735267903933,0.10482685812463483,0.2804909876722202,0.01706734136247089,0.21033461438562817,0.262496806905245,0.4328759568918568,0.3440370464095293,221.33073632335416,243.66926367664584,0.3321331800205266,0.355940912798532,NPB-P1,synthetic,True
H-0369,NPB Hitter 19,2017,NPB,NPB-T7,batter,25.2,600.0,159.06256054839037,0.07962420639399587,0.17676346896607215,0.11751026050413345,0.27189043106467603,0.030351020322046774,0.20673372853966393,0.2615871743362171,0.444699303610601,0.3628451569155492,297.3732741018926,302.6267258981074,0.3771563510853236,0.3485339627457748,NPB-P2,synthetic,True
H-0371,NPB Hitter 21,2017,NPB,NPB-T1,batter,27.9,323.0,82.04658531553096,0.07129613702589668,0.11383913698493742,0.1224402735367932,0.31138639145265423,0.031030728187943616,0.2583923957760138,0.2996601449189367,0.45357891268205863,0.3741623387409422,156.11471337375562,166.88528662624438,0.38974522873612394,0.3585794487457604,NPB-P5,synthetic,True
H-0372,NPB Hitter 22,2017,NPB,NPB-T3,batter,25.3,264.0,63.77221147430122,0.08337224430790877,0.17921693658482582,0.08434397139520505,0.2663099435341342,0.031054426484711583,0.2010379975706222,0.2601140945460327,0.41097496574861847,0.3459072193560863,138.47506043291193,125.52493956708807,0.3456762287569596,0.34613820995521305,NPB-P1,synthetic,True
H-0373,NPB Hitter 23,2017,NPB,NPB-T2,batter,24.7,553.0,140.73163122644954,0.07117761926695287,0.15863812732570778,0.14929516957446576,0.28148590229254633,0.010228160687013248,0.21833023360492804,0.2662940278186413,0.4774437598037204,0.3596620871735263,285.29357371314325,267.70642628685675,0.35474404402227144,0.3645801303247812,NPB-P1,synthetic,True
H-0377,NPB Hitter 27,2017,NPB,NPB-T4,batter,30.9,577.0,151.53504569583222,0.09580107413937783,0.16507206297787555,0.02,0.2633531291490362,0.005,0.1954013721782819,0.27098730909983154,0.3463353129149036,0.2947343470997271,300.04439272493386,276.95560727506614,0.29918276957360523,0.290285924625849,NPB-P3,synthetic,True
H-0379,NPB Hitter 29,2017,NPB,NPB-T6,batter,28.9,575.0,144.02031469048148,0.04734556322148578,0.16186737837983584,0.1587752610742717,0.2703641608765444,0.027722098978267478,0.21795879432272972,0.25,0.48581167716192614,0.3600456332331207,287.2817653626783,287.7182346373217,0.3774543234771431,0.34263694298909836,NPB-P2,synthetic,True
H-0380,NPB Hitter 30,2017,NPB,NPB-T6,batter,28.6,308.0,81.03385536873803,0.07845658213477448,0.12728558031287354,0.11352020642669977,0.28279333830045433,0.022356722242082495,0.22796433368904195,0.2806063249522311,0.44179954025674517,0.35645443945206023,159.89036088037045,148.10963911962955,0.36907026280721345,0.343838616096907,NPB-P4,synthetic,True
H-0381,NPB Hitter 31,2017,NPB,NPB-T1,batter,27.3,283.0,78.76707234802191,0.0930783156735815,0.14687629927421408,0.1269670877263905,0.31865995587996504,0.03703572941308105,0.24775138827946866,0.31105474165433733,0.458833083314387,0.39984986025078256,151.06971118583775,131.93028881416225,0.3878793819705534,0.41182033853101174,NPB-P3,synthetic,True
H-0382,NPB Hitter 32,2017,NPB,NPB-T4,batter,24.9,560.0,156.86882373193575,0.0694874862034113,0.18646987738169998,0.16017821366794704,0.32854040795434364,0.006064557435352282,0.24535775491847575,0.2894907503762669,0.4930322544633814,0.37718650233559614,262.63629030784864,297.36370969215136,0.3778752633903788,0.3764977412808135,NPB-P4,synthetic,True
H-0383,NPB Hitter 33,2017,NPB,NPB-T6,batter,28.7,329.0,83.44123793704541,0.07377356686251306,0.1450806419387165,0.13268498986769922,0.2927679076253921,0.010737419950616368,0.23030503183223794,0.279598543818194,0.4619617806302384,0.35675068685543565,154.50255253128688,174.49744746871312,0.35769384202676324,0.35580753168410806,NPB-P3,synthetic,True
H-0384,NPB Hitter 34,2017,NPB,NPB-T7,batter,25.6,631.0,170.02104244658716,0.07875960453148381,0.1273667823245764,0.10319897296684807,0.29146557306380094,0.02415564986757621,0.23501017507536506,0.2870077493671896,0.43234553027322814,0.355644193756954,297.52231743753407,333.47768256246593,0.3202874647708725,0.3910009227430355,NPB-P5,synthetic,True
H-0385,NPB Hitter 35,2017,NPB,NPB-T2,batter,29.5,193.0,54.076969797931085,0.10242226521148598,0.1705980849636051,0.14102004225073111,0.28793692809009913,0.019315190032688813,0.21222156565950356,0.2908141236506262,0.469813735059741,0.3874182047468969,103.15077747722536,89.84922252277464,0.3974155736412409,0.3774208358525529,NPB-P1,synthetic,True
H-0386,NPB Hitter 36,2017,NPB,NPB-T1,batter,26.2,287.0,72.26222073533268,0.05113649867598135,0.1150532552571165,0.14840410895310113,0.3203909389880406,0.024681509398193874,0.270847474084953,0.2915672215836829,0.48044320285190517,0.37176799610158123,144.92519494979243,142.07480505020757,0.3724543624118107,0.3710816297913518,NPB-P5,synthetic,True
H-0387,NPB Hitter 37,2017,NPB,NPB-T5,batter,24.2,478.0,118.70476864089794,0.08354680653497784,0.14694125777487757,0.06468061388375866,0.3201553522865605,0.0178298882945465,0.24903784810377333,0.30527383490861004,0.3966961491124147,0.34215837497593976,217.54453504872072,260.4554649512793,0.3644821880984252,0.3198345618534543,NPB-P5,synthetic,True
H-0388,NPB Hitter 38,2017,NPB,NPB-T2,batter,29.9,372.0,98.86705145434864,0.028225417343305415,0.14862170868983657,0.11278085945002492,0.3145990063662723,0.00878887721816004,0.2602814078202389,0.2612921859570688,0.44424076008665214,0.3198069065623668,187.881953609184,184.118046390816,0.33364504717257865,0.305968765952155,NPB-P4,synthetic,True
H-0389,NPB Hitter 39,2017,NPB,NPB-T6,batter,27.3,509.0,139.4989637213712,0.0898005358170791,0.06397596701768835,0.16842079667899573,0.25050791724785654,0.028511887960090333,0.21626246899507337,0.28058765303803296,0.49347158840378136,0.3888302834462341,233.2250770144428,275.77492298555717,0.40890323451812577,0.36875733237434244,NPB-P5,synthetic,True
H-0390,NPB Hitter 40,2017,NPB,NPB-T3,batter,25.3,344.0,89.39872897647776,0.11074431609123847,0.17987778949419406,0.08841242010511327,0.27542164906529437,0.02305108670146042,0.19883569249534552,0.2865845426323523,0.4159545850116427,0.36329140752584665,163.82352570037438,180.17647429962562,0.34930613231048036,0.37727668274121295,NPB-P4,synthetic,True
H-0202,Hitter 202,2017,NPB,NPB-T4,batter,24.2,322.0,83.31179431088864,0.08097135931670282,0.18861914060828913,0.14271756762122317,0.3291169527537034,0.03333021139784155,0.2453896806367188,0.2973224933510411,0.4756292628965935,0.4003627374352183,168.04109507545874,153.95890492454126,0.4230724560710693,0.37765301879936725,NPB-P1,synthetic,True
H-0203,Hitter 203,2017,NPB,NPB-T7,batter,24.0,535.0,138.48930072821034,0.022503725718548518,0.27397073596484994,0.06205417716536213,0.28484016762591596,0.005267617382892642,0.20118247487064744,0.25,0.39053819392795375,0.27431731975760704,283.4378025796771,251.5621974203229,0.25381897056367286,0.2948156689515412,NPB-P1,synthetic,True
H-0204,Hitter 204,2017,NPB,NPB-T4,batter,26.1,322.0,90.40778457165929,0.06331658350644273,0.17960132384979152,0.16203071370066394,0.2654087647249089,0.01805837436320276,0.2036449791584113,0.25,0.4885715901731548,0.36258410557047566,166.14229164172457,155.85770835827543,0.3546342805912971,0.3705339305496542,NPB-P2,synthetic,True
H-0206,Hitter 206,2017,NPB,NPB-T6,batter,30.9,369.0,99.98394391136657,0.02,0.13453455514623464,0.02,0.2528058856516783,0.013012929854186148,0.2156905800522742,0.25,0.34528058856516786,0.24519369684685494,176.77372333781443,192.22627666218557,0.25517242895661546,0.2352149647370944,NPB-P2,synthetic,True
H-0207,Hitter 207,2017,NPB,NPB-T4,batter,25.7,516.0,127.31802213261992,0.1016719094344961,0.1979080063018648,0.17120349639688145,0.28017096176348844,0.042630299211550135,0.2026319135283399,0.2782855412164427,0.49922059257323026,0.42175936553004817,272.404265422454,243.595734577546,0.4433010557124448,0.4002176753476515,NPB-P5,synthetic,True
H-0208,Hitter 208,2017,NPB,NPB-T2,batter,27.8,217.0,58.92474556258341,0.07059156256693616,0.2099581695894278,0.17149611690542627,0.2782478468500635,0.0278914826082045,0.2043692103344239,0.25075850171581004,0.49932090159043263,0.38622603883974604,106.80347337331162,110.19652662668838,0.3741688986452619,0.39828317903423016,NPB-P2,synthetic,True
H-0209,Hitter 209,2017,NPB,NPB-T2,batter,24.2,576.0,143.33047855258707,0.06980490636252704,0.21776527274680635,0.09850371083123927,0.2927118092817872,0.0186296100840981,0.21133106337182134,0.257487866035813,0.42777489175941796,0.34225625773526436,271.29290877500284,304.70709122499716,0.33782948766244275,0.34668302780808596,NPB-P2,synthetic,True
H-0210,Hitter 210,2017,NPB,NPB-T2,batter,27.0,303.0,80.70040233984548,0.1006597620763389,0.2700864112962678,0.09364396507747912,0.34872841873584187,0.040205294950196466,0.22546948618577795,0.2981545848252625,0.4285168069510633,0.40020572625877215,146.60548555503692,156.39451444496308,0.40526521061843085,0.39514624189911346,NPB-P5,synthetic,True
H-0211,Hitter 211,2017,NPB,NPB-T7,batter,27.3,510.0,142.7307901493617,0.09471938932832136,0.17614833883591202,0.09393014508231232,0.29838806550892255,0.018716400723998942,0.2203718282018001,0.2905273206122016,0.42376895163320455,0.3592457359048186,263.1640536430182,246.83594635698182,0.3558765360898835,0.36261493571975373,NPB-P1,synthetic,True
H-0212,Hitter 212,2017,NPB,NPB-T5,batter,26.0,374.0,101.72699503051699,0.10711253125730813,0.1581364676743428,0.10551646127088417,0.2748380001592405,0.0089508721929552,0.2032801265775683,0.2888562774310707,0.4330002612868082,0.3572619106084958,204.850542912299,169.149457087701,0.36228575113589,0.35223807008110164,NPB-P5,synthetic,True
H-0213,Hitter 213,2017,NPB,NPB-T3,batter,24.4,533.0,149.52060112869282,0.06112765842343242,0.28687241703056415,0.08798533960355645,0.3344377732921347,0.011888004606052101,0.21983660364271307,0.25737572108005713,0.42142911693276985,0.3389337224760528,272.7116824737861,260.2883175262139,0.32353661227933905,0.35433083267276655,NPB-P1,synthetic,True
H-0214,Hitter 214,2017,NPB,NPB-T4,batter,29.0,627.0,159.00246937481927,0.051159707379968805,0.18090970189656272,0.13020129153178495,0.23358976731958278,0.02219532146974179,0.18271002622514604,0.25,0.45356026826374324,0.32915471339308144,334.51990020914224,292.48009979085776,0.3148241968517289,0.343485229934434,NPB-P3,synthetic,True
H-0215,Hitter 215,2017,NPB,NPB-T6,batter,28.8,448.0,118.92772858735104,0.07894528234312609,0.2761590280779109,0.22071633680866865,0.2698579205348969,0.023753379998112653,0.17759321675141423,0.25,0.5477021288621584,0.41248399707047134,204.50841953115975,243.49158046884025,0.4129807172188435,0.4119872769220992,NPB-P1,synthetic,True
H-0216,Hitter 216,2017,NPB,NPB-T7,batter,30.8,337.0,83.7705234249944,0.04317579701976653,0.19264689089511786,0.15578038859853233,0.2988094777018304,0.005,0.22909342349574208,0.25,0.48566133636871534,0.34498558883867,155.22281342842078,181.77718657157922,0.33752337385168185,0.3524478038256581,NPB-P2,synthetic,True
H-0217,Hitter 217,2017,NPB,NPB-T4,batter,25.8,631.0,166.45881665700557,0.02,0.10988993155187454,0.16176587428279718,0.3267027576438163,0.03219699759800112,0.2890969084553525,0.2758406229340871,0.4944361500471788,0.3662944938690752,297.8233649799957,333.1766350200043,0.36100693808763396,0.37158204965051644,NPB-P5,synthetic,True
H-0218,Hitter 218,2017,NPB,NPB-T6,batter,31.1,611.0,146.3226190021233,0.026749275439682467,0.32217470887179106,0.11072710061525662,0.315877388512154,0.005,0.20641019155859,0.25,0.44231483946647204,0.31468148412542274,327.7671051861129,283.2328948138871,0.33037576109610883,0.29898720715473664,NPB-P3,synthetic,True
H-0219,Hitter 219,2017,NPB,NPB-T2,batter,24.1,371.0,90.23022521161022,0.02,0.17077377312561873,0.13430754745269136,0.25879711263219546,0.00969721761333754,0.21087999362333643,0.25,0.4601872587159109,0.3071756363722524,203.8527346614708,167.1472653385292,0.3159754494974569,0.298375823247048,NPB-P3,synthetic,True
H-0220,Hitter 220,2017,NPB,NPB-T2,batter,28.6,368.0,97.65210620470847,0.050502148997616514,0.20437172920020352,0.03378623559572359,0.32433915399939967,0.030271055998462554,0.24621423436794207,0.26800836736897193,0.3662201509956635,0.3146965881743858,189.92765159657986,178.07234840342014,0.321124753123638,0.3082684232251336,NPB-P4,synthetic,True
H-0351,NPB Hitter 1,2018,NPB,NPB-T3,batter,31.8,360.0,97.97093969500733,0.02,0.2148116512310905,0.02,0.3022284072592144,0.005,0.23201165590173578,0.25,0.35022284072592147,0.25527994254072506,171.0752486987505,188.9247513012495,0.26773649253475135,0.24282339254669877,NPB-P2,synthetic,True
H-0352,NPB Hitter 2,2018,NPB,NPB-T7,batter,29.4,524.0,147.30829336170208,0.0716955641872494,0.19817718486744196,0.08268709346914577,0.29735062718042177,0.025139574562177577,0.22087473217443135,0.2670889805783436,0.4124221561871879,0.3423631329582122,236.01677913312554,287.9832208668745,0.3621390634226684,0.322587202493756,NPB-P4,synthetic,True
H-0353,NPB Hitter 3,2018,NPB,NPB-T7,batter,29.7,221.0,59.7879056526617,0.0775517155681682,0.13151123097371487,0.10996826388398637,0.2946744284433764,0.012883517092962867,0.23500145172640327,0.2873137473143812,0.439435706728324,0.3494999613727585,104.04421284985735,116.95578715014265,0.33624670452826727,0.36275321821724976,NPB-P2,synthetic,True
H-0354,NPB Hitter 4,2018,NPB,NPB-T5,batter,31.2,437.0,121.79755645765361,0.03511896981521683,0.1529056016608904,0.07376718417124867,0.3309365878239486,0.005,0.2694623777125855,0.27696010975654384,0.4068608429536435,0.30548303590322057,211.13119941254564,225.86880058745436,0.32435857582080646,0.2866074959856347,NPB-P5,synthetic,True
H-0355,NPB Hitter 5,2018,NPB,NPB-T7,batter,30.0,428.0,112.59982985951021,0.044018532532013044,0.19616153065986555,0.08760524529333333,0.2976443382212721,0.0452614348470915,0.23294531748564581,0.25,0.4173696791154605,0.34390666742357,193.27458273068294,234.72541726931706,0.3613296136089108,0.3264837212382292,NPB-P3,synthetic,True
H-0356,NPB Hitter 6,2018,NPB,NPB-T3,batter,29.7,542.0,136.5960105815356,0.05412888054578645,0.2121068218412995,0.1317633009858898,0.2769952344502174,0.007172266044995533,0.20432505355523756,0.25,0.4594628244309115,0.333763403422362,279.6595619559697,262.3404380440303,0.3216990134700858,0.3458277933746382,NPB-P1,synthetic,True
H-0357,NPB Hitter 7,2018,NPB,NPB-T5,batter,25.4,424.0,111.59385192492113,0.04767688537332089,0.20780988797198713,0.15910375594974677,0.33190676694251176,0.03807976110895041,0.2528209421712388,0.27007496557772753,0.4922944326439979,0.3913200389616198,225.75463190731313,198.24536809268687,0.39057044691419873,0.3920696310090409,NPB-P3,synthetic,True
H-0359,NPB Hitter 9,2018,NPB,NPB-T7,batter,27.1,557.0,147.561140335277,0.05391896079786549,0.12547444047726347,0.1495287017311025,0.2577466792714522,0.023248209013125423,0.21499585716154543,0.25,0.4753033696582477,0.3511187843674333,286.2147144658963,270.7852855341037,0.36393994961672116,0.3382976191181455,NPB-P2,synthetic,True
H-0360,NPB Hitter 10,2018,NPB,NPB-T2,batter,30.1,398.0,103.27778756706147,0.02,0.14708888277439403,0.1456899568423571,0.31172765220774895,0.005,0.2603914270704713,0.2536772843634242,0.476862722063132,0.32773415453600857,202.4657472419474,195.5342527580526,0.3450801730013895,0.31038813607062765,NPB-P1,synthetic,True
H-0361,NPB Hitter 11,2018,NPB,NPB-T1,batter,30.2,505.0,131.71666481417324,0.0896513200839381,0.1889465181245405,0.10631543893150842,0.2932450643497404,0.015471802188075347,0.21386839368480784,0.280044181104875,0.43563994536648243,0.35778980996276327,251.61127366983845,253.38872633016155,0.3667133472216154,0.34886627270391113,NPB-P2,synthetic,True
H-0362,NPB Hitter 12,2018,NPB,NPB-T4,batter,30.5,213.0,58.36219801921866,0.05281570830958704,0.21609192006088987,0.12185539812214803,0.3337243410610961,0.005,0.2447333199768566,0.27240069628875796,0.45522783222825763,0.345294984155276,111.67973588555543,101.32026411444457,0.3668579451319958,0.32373202317855615,NPB-P2,synthetic,True
H-0363,NPB Hitter 13,2018,NPB,NPB-T2,batter,24.7,487.0,118.72099664024353,0.08487502231659905,0.15704540072808457,0.07812281499565482,0.359663196824667,0.020555997749526978,0.2757367237576693,0.3302630140023153,0.41408913467812153,0.3667625807324372,242.78209228151056,244.21790771848944,0.338079380117588,0.3954457813472865,NPB-P3,synthetic,True
H-0364,NPB Hitter 14,2018,NPB,NPB-T3,batter,30.9,544.0,142.75918287463864,0.02,0.22594458681001006,0.10608265979301296,0.29418946626862,0.01832313980758931,0.22458363051446528,0.25,0.43550160641987495,0.3118026019070045,296.7110705380903,247.28892946190967,0.3057659322116114,0.31783927160239756,NPB-P1,synthetic,True
H-0365,NPB Hitter 15,2018,NPB,NPB-T3,batter,26.1,585.0,155.092821285581,0.08159218437063415,0.17257540792888998,0.16915321924267224,0.2913749397258929,0.030111678837223755,0.2218336246649273,0.27717736992604347,0.4982907132152615,0.3992305395004775,309.1458047492743,275.8541952507257,0.4209470397247069,0.3775140392762481,NPB-P2,synthetic,True
H-0366,NPB Hitter 16,2018,NPB,NPB-T1,batter,27.4,443.0,108.092944976229,0.09086706916456232,0.1300488503772221,0.10972241365522267,0.29847515149298404,0.02758465818003196,0.23667493766754283,0.30015058421104657,0.43956992880452106,0.3732467713101392,217.68475252841574,225.31524747158426,0.40422647355610775,0.3422670690641707,NPB-P3,synthetic,True
H-0367,NPB Hitter 17,2018,NPB,NPB-T7,batter,25.2,428.0,114.10205890326854,0.09260877192262339,0.17050598391688812,0.12128709415706464,0.3062837586003806,0.02338091247640001,0.22920311911009358,0.29573515593739363,0.4519154700171027,0.37977617887111514,210.6683764751529,217.3316235248471,0.3859177011084016,0.37363465663382867,NPB-P3,synthetic,True
H-0368,NPB Hitter 18,2018,NPB,NPB-T2,batter,31.8,310.0,81.18064351416064,0.06144650493180645,0.16096145652353744,0.11715440418340145,0.3229763974560586,0.005,0.25189387529966567,0.2874759927015056,0.4494520439290073,0.34498921486275586,141.78089904882378,168.21910095117622,0.36252669124940584,0.32745173847610587,NPB-P5,synthetic,True
H-0369,NPB Hitter 19,2018,NPB,NPB-T4,batter,25.4,570.0,154.2913363739703,0.06578386689751936,0.17345614790539762,0.0873664107029049,0.2861504344125842,0.02082209347161939,0.22081511426859932,0.26170648712059014,0.4159814541441633,0.3329927688837232,271.5039828806631,298.4960171193369,0.33007889002343854,0.33590664774400786,NPB-P2,synthetic,True
H-0370,NPB Hitter 20,2018,NPB,NPB-T4,batter,28.5,207.0,55.504085961399106,0.0863524121227909,0.20468735189682047,0.14784536987316543,0.25222391768025626,0.04686374270462823,0.18584628960418687,0.25,0.473067761641191,0.3922173815384497,99.7600207290084,107.2399792709916,0.40595108638813904,0.3784836766887604,NPB-P2,synthetic,True
H-0371,NPB Hitter 21,2018,NPB,NPB-T4,batter,28.1,235.0,58.30585993378547,0.05370623955928261,0.14009133070733268,0.08301405579514337,0.32553080199013606,0.018161435383247194,0.2651679388249921,0.2899055907250372,0.41556713599415696,0.3335331709202968,122.96025646846319,112.03974353153681,0.3078764460382763,0.35918989580231725,NPB-P4,synthetic,True
H-0374,NPB Hitter 24,2018,NPB,NPB-T5,batter,31.4,427.0,116.88505405831559,0.05625597620288338,0.2216605975453945,0.09460964278928849,0.3357681156233488,0.013254417843477345,0.2444407540319137,0.27446330842273625,0.42818645435162334,0.34086230340342877,225.2442830608355,201.7557169391645,0.32055722049723595,0.3611673863096216,NPB-P4,synthetic,True
H-0375,NPB Hitter 25,2018,NPB,NPB-T2,batter,25.5,593.0,141.95251490191694,0.06925937510199381,0.13114730223146615,0.1211931560676576,0.2775487717774918,0.016368079132168666,0.22438135649740718,0.2689929052668175,0.4489480332454068,0.3470111397496813,274.20088082460825,318.79911917539175,0.35558836756114676,0.3384339119382158,NPB-P4,synthetic,True
H-0377,NPB Hitter 27,2018,NPB,NPB-T7,batter,31.0,338.0,95.22626732892576,0.07877953017226497,0.19123648325938408,0.061936988810835425,0.3104261120625908,0.005,0.22735609081836372,0.2827250119087923,0.3929796000170945,0.3223601541884517,152.37786925731803,185.62213074268197,0.31996423023438375,0.32475607814251967,NPB-P5,synthetic,True
H-0378,NPB Hitter 28,2018,NPB,NPB-T7,batter,24.5,383.0,109.1443656431633,0.038536305585081324,0.14988020626806717,0.2232889443557537,0.3166108244542068,0.027993413443609595,0.261155129312137,0.26979681115111737,0.5549500268011743,0.40579219396344246,207.4450783099099,175.5549216900901,0.4209291086203228,0.39065527930656213,NPB-P2,synthetic,True
H-0379,NPB Hitter 29,2018,NPB,NPB-T1,batter,29.0,637.0,154.34498530955065,0.04333175144034654,0.1493915413229239,0.15396870500002174,0.27984640974876446,0.013434002495822297,0.22792858856837656,0.25,0.4819533459748982,0.3450518594165622,346.2848675021235,290.7151324978765,0.33188417754033095,0.35821954129279343,NPB-P3,synthetic,True
H-0380,NPB Hitter 30,2018,NPB,NPB-T3,batter,28.7,468.0,128.64217876136985,0.06733542271864981,0.14053723689052836,0.10239534426782454,0.3051987874221731,0.029062971634857465,0.24611574951645843,0.28491609611275664,0.4329152230100418,0.3564284853194906,244.5047421080576,223.4952578919424,0.3540791630739466,0.35877780756503463,NPB-P5,synthetic,True
H-0381,NPB Hitter 31,2018,NPB,NPB-T3,batter,27.4,553.0,146.71131794299646,0.11163799735264333,0.15666040444508236,0.12603995481086316,0.3198691404011224,0.020479725909190904,0.23712072013346755,0.3222818824750234,0.4580268688509754,0.39785452575148966,297.4470476859755,255.55295231402448,0.38624100905815606,0.40946804244482327,NPB-P4,synthetic,True
H-0383,NPB Hitter 33,2018,NPB,NPB-T7,batter,28.9,584.0,146.21066470742696,0.07548124415954742,0.16415629362774195,0.12284957919635088,0.2518196497319239,0.0267524113274284,0.19548707060282228,0.25,0.44803154416954327,0.3526181870705351,298.48016829125555,285.51983170874445,0.38220513174551873,0.3230312423955515,NPB-P1,synthetic,True
H-0385,NPB Hitter 35,2018,NPB,NPB-T6,batter,29.6,266.0,65.4620810802487,0.10716531197682706,0.18339540230611134,0.11581601808037616,0.2720698647832385,0.007418634885692738,0.19412984576981218,0.2808806574600895,0.44302300455870003,0.36061575239924276,129.87781862485465,136.12218137514535,0.36253957225028716,0.35869193254819837,NPB-P2,synthetic,True
H-0386,NPB Hitter 36,2018,NPB,NPB-T2,batter,26.3,345.0,87.37507383194892,0.06307848764496411,0.13360705711834878,0.15620504768636315,0.27355559439463395,0.02140678400496133,0.2229621808888177,0.26085453460423025,0.48356060712582655,0.3650782812215616,184.3861288684781,160.6138711315219,0.35871187672258564,0.37144468572053757,NPB-P3,synthetic,True
H-0387,NPB Hitter 37,2018,NPB,NPB-T7,batter,24.3,467.0,125.07105022765239,0.08406277735865195,0.15734625160266552,0.0626626723179341,0.33630167880168554,0.02421617853756274,0.25874784386474414,0.3136666527343507,0.3962928401981026,0.35280856219031653,245.42481134560856,221.57518865439144,0.371913484366415,0.33370364001421804,NPB-P3,synthetic,True
H-0388,NPB Hitter 38,2018,NPB,NPB-T5,batter,30.1,612.0,161.7101071860358,0.03126920218102637,0.12577195887996687,0.08842064688236004,0.3424446427526358,0.007851414270479156,0.2898444505962167,0.29106926679110673,0.42266511115762356,0.31744169511887027,312.9530811272612,299.0469188727388,0.2967096815120658,0.33817370872567476,NPB-P5,synthetic,True
H-0389,NPB Hitter 39,2018,NPB,NPB-T6,batter,27.4,555.0,157.28700266306356,0.09149984281705527,0.07115219039389219,0.14254799389456277,0.30790149271744915,0.025140874061092805,0.26159182000743425,0.32353846282549853,0.4733381431663077,0.3928435957200389,300.4918649244391,254.50813507556092,0.39291447820651887,0.39277271323355895,NPB-P3,synthetic,True
H-0390,NPB Hitter 40,2018,NPB,NPB-T2,batter,25.4,423.0,107.66308992895405,0.0951567689447808,0.18748375401052594,0.09921997473670212,0.29415007149220285,0.031781653052686515,0.21577858941620875,0.285066976257256,0.4286349818859224,0.37273673713622163,193.91993297553446,229.08006702446554,0.36854776391684735,0.3769257103555959,NPB-P1,synthetic,True
H-0201,Hitter 201,2018,NPB,NPB-T3,batter,27.6,298.0,84.22287090407191,0.029610695817421227,0.20060475947470963,0.15145776641234418,0.3051181838190714,0.016856522989028337,0.23740374066161007,0.25,0.4819695847942513,0.3459914936257847,161.22841075496663,136.77158924503337,0.33304188088157904,0.3589411063699903,NPB-P1,synthetic,True
H-0202,Hitter 202,2018,NPB,NPB-T7,batter,24.3,552.0,153.81119990721646,0.09005843251966322,0.18878705687630423,0.15298539617466186,0.34383338121416096,0.044037445758227836,0.25456261062256214,0.3132197269026084,0.4873687342960779,0.4271582552671897,299.5777507098783,252.42224929012173,0.40945817599771395,0.44485833453666546,NPB-P5,synthetic,True
H-0203,Hitter 203,2018,NPB,NPB-T4,batter,24.1,511.0,142.0670033708031,0.04211475155030586,0.2816375283328601,0.09128147522996365,0.25793915397273415,0.016940629279347887,0.17697185919482866,0.25,0.4170753906272371,0.30521040770356417,246.93365406193197,264.066345938068,0.29833373020297826,0.31208708520415007,NPB-P1,synthetic,True
H-0204,Hitter 204,2018,NPB,NPB-T6,batter,26.3,344.0,88.22322563202265,0.08302306896145899,0.1703955008123959,0.11661567363640263,0.2646689590135575,0.013608737826404595,0.19963824063076746,0.2608603059225851,0.4430825695377584,0.347136768471552,181.84156527691377,162.15843472308623,0.33502559570070295,0.35924794124240106,NPB-P5,synthetic,True
H-0205,Hitter 205,2018,NPB,NPB-T7,batter,23.2,221.0,56.923132469931275,0.05307491977211413,0.22583740222859217,0.07739843997664425,0.28477155668928217,0.007490479223197125,0.20646883245679828,0.25,0.40587559564557246,0.30613306196976037,116.78880683961661,104.21119316038339,0.31431572838681615,0.2979503955527046,NPB-P5,synthetic,True
H-0206,Hitter 206,2018,NPB,NPB-T4,batter,31.1,428.0,114.54694653535321,0.02,0.12034198179353564,0.02,0.2509921822853741,0.005,0.21651744200876036,0.25,0.3450992182285374,0.23734726379988097,231.20365652540005,196.79634347459995,0.21461129930648637,0.26008322829327557,NPB-P1,synthetic,True
H-0207,Hitter 207,2018,NPB,NPB-T3,batter,25.9,199.0,50.77796427652035,0.1203476648115634,0.21525273727200306,0.18417565044090287,0.2759983033269543,0.04497960962837789,0.19012010320030298,0.28538351039200505,0.5117754807735982,0.44262102794056507,96.05695350262285,102.94304649737715,0.4413017258075449,0.44394033007358524,NPB-P3,synthetic,True
H-0208,Hitter 208,2018,NPB,NPB-T7,batter,28.0,212.0,51.6211860612891,0.07225671705009075,0.2193790194996823,0.13132849116471274,0.2801941613213181,0.007653628519925203,0.19962757498541833,0.25088829468677737,0.45934790729684455,0.3477665942060495,109.41680148134544,102.58319851865456,0.3410457143211549,0.3544874740909441,NPB-P2,synthetic,True
H-0209,Hitter 209,2018,NPB,NPB-T3,batter,24.3,611.0,159.03205373084072,0.05534303637288896,0.20377275228969394,0.10614229842670486,0.31803509779977845,0.013768837257088776,0.2376925081995705,0.26740750072279545,0.4379458082066827,0.34082262735701224,301.9006236781806,309.0993763218194,0.3271087605689759,0.35453649414504856,NPB-P4,synthetic,True
H-0210,Hitter 210,2018,NPB,NPB-T2,batter,27.2,374.0,106.82311797806598,0.11270747917903381,0.22228997605989592,0.07834083761039741,0.3589978770159888,0.025521927499077893,0.24256279090431596,0.32756853078054265,0.41424062531199624,0.3906016878158084,193.60915845935833,180.39084154064167,0.3865057637168201,0.3946976119147967,NPB-P4,synthetic,True
H-0211,Hitter 211,2018,NPB,NPB-T1,batter,27.4,289.0,82.28109381038672,0.0743615464389202,0.17491827979382765,0.04693417638808285,0.2612598987559087,0.01639321032214725,0.19859205814077255,0.25088131537212566,0.3730601662636737,0.30406173337519027,153.9344381114304,135.0655618885696,0.31554363798255824,0.2925798287678223,NPB-P5,synthetic,True
H-0212,Hitter 212,2018,NPB,NPB-T5,batter,26.1,260.0,67.88492339196765,0.12154294150484589,0.16288382700728327,0.15651107964111288,0.27517317838485533,0.02603193615398256,0.20081135089873667,0.29875884593292124,0.4840283974795984,0.41090050782928783,134.71877207784746,125.28122792215254,0.39810482789452756,0.4236961877640481,NPB-P3,synthetic,True
H-0214,Hitter 214,2018,NPB,NPB-T2,batter,29.2,293.0,72.89428520756427,0.0643931865499508,0.16497232172741047,0.11835593782005979,0.28116503188181113,0.012178764924261665,0.21850228617305825,0.2594011108409279,0.44647244100824085,0.33953964597646785,133.2599266554909,159.7400733445091,0.3383509886344452,0.3407283033184905,NPB-P3,synthetic,True
H-0215,Hitter 215,2018,NPB,NPB-T4,batter,28.9,583.0,147.5160553331969,0.04677673529925965,0.2728780332810552,0.21337781545939477,0.28537559398189966,0.03805515514608643,0.19986219780105863,0.25,0.5419153748575847,0.40423261073729155,311.3403349825143,271.6596650174857,0.4040910824794717,0.40437413899511143,NPB-P3,synthetic,True
H-0216,Hitter 216,2018,NPB,NPB-T7,batter,30.9,604.0,171.84202549824172,0.026494671257466233,0.1789193655508934,0.14015557019679226,0.3101889060163124,0.005,0.2472217506583328,0.25,0.4711744607984235,0.32869795059417145,329.49240577823605,274.50759422176395,0.31259228051487703,0.34480362067346587,NPB-P3,synthetic,True
H-0217,Hitter 217,2018,NPB,NPB-T3,batter,26.0,545.0,135.18551618077325,0.027878312114528177,0.11536741466830416,0.16947567063292807,0.30332044890667176,0.03293139148784383,0.26481079947811714,0.2617622937939747,0.4998077155235952,0.36852684678467473,295.39766349604133,249.60233650395867,0.38880917717828334,0.34824451639106613,NPB-P4,synthetic,True
H-0218,Hitter 218,2018,NPB,NPB-T3,batter,31.3,223.0,53.49452720679787,0.02,0.29086322534947756,0.13245111279238114,0.2899546463146321,0.005,0.20056840975619852,0.25,0.4614465774238443,0.31283223824593087,119.60387921157034,103.39612078842966,0.32282644686279366,0.3028380296290681,NPB-P5,synthetic,True
H-0219,Hitter 219,2018,NPB,NPB-T2,batter,24.3,359.0,99.69913505552519,0.02,0.18414537869312675,0.14317157102156897,0.24409142177672313,0.005,0.19501128604237025,0.25,0.46758071319924127,0.3026763616837161,191.90543376033105,167.09456623966895,0.2844362139248242,0.32091650944260797,NPB-P1,synthetic,True
H-0220,Hitter 220,2018,NPB,NPB-T6,batter,28.8,522.0,127.49787926841893,0.049813859351111406,0.21020518385039086,0.05107355079002842,0.3067824531197338,0.027555933830379204,0.23114656326308777,0.2541257152207892,0.3817517961020018,0.3151343535195417,245.97178452138994,276.02821547861004,0.3201638026061193,0.3101049044329641,NPB-P2,synthetic,True
H-0351,NPB Hitter 1,2019,NPB,NPB-T4,batter,32.0,629.0,169.63906451228127,0.02,0.2206447553840049,0.02,0.3186761638329662,0.005,0.24273841634066895,0.25,0.3518676163832966,0.2610366573415382,294.8692210629674,334.1307789370326,0.2663752769711912,0.2556980377118852,NPB-P2,synthetic,True
H-0352,NPB Hitter 2,2019,NPB,NPB-T2,batter,29.6,631.0,179.62515882302515,0.06442550327898128,0.18194342228538515,0.12597300893777674,0.32025069472225115,0.011776525562376308,0.24311735398664466,0.2816412909160407,0.45799807841000184,0.35706962336999065,302.92536312431963,328.07463687568037,0.3605932449524367,0.3535460017875446,NPB-P4,synthetic,True
H-0353,NPB Hitter 3,2019,NPB,NPB-T4,batter,29.9,455.0,119.292060929592,0.06995996957727758,0.14175667413458667,0.1099996596583495,0.32355340960964357,0.016465016658419117,0.2575215201643226,0.2995065604762814,0.4423550006193139,0.35753399987213896,232.2757378422865,222.7242621577135,0.3718512516021571,0.34321674814212083,NPB-P2,synthetic,True
H-0355,NPB Hitter 5,2019,NPB,NPB-T3,batter,30.1,575.0,137.67306112373146,0.04877557587104915,0.2034278129717431,0.061780111738170745,0.3228667726558198,0.05085395134524498,0.2490667711490734,0.26607038647360715,0.3940667890037527,0.3468938912059858,299.3008523761453,275.6991476238547,0.36228846456955227,0.3314993178424193,NPB-P2,synthetic,True
H-0356,NPB Hitter 6,2019,NPB,NPB-T4,batter,29.9,394.0,97.69849339838852,0.0625664178767614,0.2034804493908386,0.08840406125694292,0.26409812138278754,0.008356636969525436,0.19508913908306733,0.25,0.4148138733952217,0.3123740419616001,211.03580451386853,182.96419548613147,0.301365922230414,0.3233821616927863,NPB-P3,synthetic,True
H-0357,NPB Hitter 7,2019,NPB,NPB-T3,batter,25.6,584.0,143.12737804644067,0.04060215617306696,0.2007069422602331,0.1710538617926028,0.31272501680354575,0.0219231878171053,0.2405501031137093,0.2541376186200961,0.5023263634729573,0.37168575822371425,274.1299784394137,309.8700215605863,0.37056128460777077,0.3728102318396577,NPB-P3,synthetic,True
H-0358,NPB Hitter 8,2019,NPB,NPB-T4,batter,25.0,569.0,147.02446539497146,0.08562830577616988,0.15295124236527663,0.14059898401494555,0.3082841968301981,0.01962391745579776,0.23767748006967035,0.2968888089823405,0.4714274036979654,0.3828302498523263,303.2669520265174,265.7330479734826,0.39097908215441135,0.3746814175502412,NPB-P2,synthetic,True
H-0359,NPB Hitter 9,2019,NPB,NPB-T5,batter,27.2,587.0,162.10560232991213,0.05162453505510543,0.15739341116995983,0.1635476380595481,0.27127980003020546,0.02163003553296866,0.21782195870549081,0.25,0.49067561806256865,0.36050333746156893,296.517411058622,290.482588941378,0.3743234395584538,0.34668323536468404,NPB-P4,synthetic,True
H-0360,NPB Hitter 10,2019,NPB,NPB-T6,batter,30.2,194.0,52.49711959925315,0.02,0.14299618070204625,0.1518723314972849,0.32340530593051015,0.0056365015510531965,0.27153695147771817,0.2636223286205542,0.4842128620903359,0.3357944907951331,97.81334389472394,96.18665610527606,0.33033024309987574,0.3412587384903905,NPB-P2,synthetic,True
H-0361,NPB Hitter 11,2019,NPB,NPB-T5,batter,30.3,367.0,104.28109599705033,0.07824658909790877,0.19005982140949615,0.09093791821872688,0.27692823524325355,0.005,0.20337661447698596,0.26061054212719614,0.4186307417430522,0.3262133497239747,199.51774509261583,167.48225490738417,0.3406736215479189,0.3117530779000305,NPB-P2,synthetic,True
H-0362,NPB Hitter 12,2019,NPB,NPB-T6,batter,30.6,375.0,92.60902102874535,0.0346241678033292,0.2108829790039493,0.12041145001755987,0.3115693484706661,0.008507654480200171,0.23635299486706018,0.25,0.45156838486462647,0.32716937596890167,183.6338297977481,191.3661702022519,0.3176052919841188,0.33673345995368453,NPB-P1,synthetic,True
H-0365,NPB Hitter 15,2019,NPB,NPB-T3,batter,26.3,224.0,62.15624936316354,0.06597562722571733,0.1683725279745486,0.16595789980492476,0.29695910020083166,0.022860646478764644,0.23079637987065052,0.27060618183466956,0.4956538098250079,0.38197005085189,108.15013002149561,115.84986997850439,0.40789706621496186,0.35604303548881816,NPB-P5,synthetic,True
H-0366,NPB Hitter 16,2019,NPB,NPB-T7,batter,27.6,415.0,101.24082761061555,0.106405942506221,0.14630568526984689,0.13633817304959953,0.3000300202080183,0.04890258460422169,0.23154433311019668,0.3081939933838281,0.46634117507040135,0.4184929881482404,218.62214717929004,196.37785282070996,0.3752507310718903,0.4617352452245905,NPB-P4,synthetic,True
H-0367,NPB Hitter 17,2019,NPB,NPB-T3,batter,25.4,372.0,95.90714598988225,0.07949778073959256,0.1871012172043088,0.10791248819500388,0.27841660798106954,0.021285239730967725,0.20738380524202155,0.2632696980937313,0.4357541489931108,0.3516028435762122,184.5989378659933,187.4010621340067,0.3569959602651791,0.3462097268872453,NPB-P1,synthetic,True
H-0368,NPB Hitter 18,2019,NPB,NPB-T1,batter,31.9,278.0,68.58985872495457,0.058240562872361665,0.17587323433394583,0.085168272544507,0.30212736571073506,0.005,0.23214518088425612,0.2664962256681922,0.41538100911558046,0.31785552190888927,144.25089161904617,133.74910838095383,0.31462780940495905,0.3210832344128195,NPB-P3,synthetic,True
H-0369,NPB Hitter 19,2019,NPB,NPB-T3,batter,25.5,444.0,126.84768078270868,0.07755379242527582,0.17162709340704266,0.08214659033505055,0.28309089433994117,0.022647130892600436,0.21594712415114142,0.26884884149080207,0.4104556797690447,0.33893251020429066,227.10338377780988,216.89661622219012,0.34450312396059646,0.33336189644798486,NPB-P1,synthetic,True
H-0370,NPB Hitter 20,2019,NPB,NPB-T3,batter,28.7,422.0,114.06094282300218,0.07721677357021325,0.2305232491519693,0.12736503155864423,0.27906589617270494,0.04162555032220938,0.1994299834918619,0.2510843094193907,0.45527162117591474,0.37923856780683873,199.97675977160645,222.02324022839355,0.3814045823943628,0.37707255321931465,NPB-P5,synthetic,True
H-0371,NPB Hitter 21,2019,NPB,NPB-T7,batter,28.2,255.0,62.68094519686009,0.07653744798025142,0.1291217840146551,0.11125893067802865,0.3250003516453991,0.011687184138876197,0.2599141065487632,0.30888237401539,0.4437589658425686,0.35903721425997,119.55956595695645,135.44043404304355,0.356568356514359,0.361506072005581,NPB-P3,synthetic,True
H-0372,NPB Hitter 22,2019,NPB,NPB-T1,batter,25.6,301.0,72.56072786979051,0.0668561201692484,0.17268061603739865,0.10885065630059647,0.2770950623912883,0.026724362710904358,0.21472926993373753,0.2565046741436401,0.4365601625397253,0.3477023433605667,139.5079845013449,161.4920154986551,0.3093912250135185,0.3860134617076149,NPB-P2,synthetic,True
H-0375,NPB Hitter 25,2019,NPB,NPB-T2,batter,25.7,566.0,149.26175297068926,0.06583785362389419,0.14493254345017084,0.1468963386393971,0.30927061981135406,0.013185300541845094,0.24606332355164956,0.2855148292472297,0.4778234006205325,0.3669909712100289,305.23094088827315,260.76905911172685,0.38039480819401444,0.3535871342260433,NPB-P4,synthetic,True
H-0376,NPB Hitter 26,2019,NPB,NPB-T1,batter,29.4,510.0,122.4770077605641,0.05448280943428762,0.19663710638725185,0.15905475038210531,0.31520662064731964,0.014555062563994997,0.23823521998857206,0.26692957397786315,0.4905754124468373,0.36903995284831664,269.83810243575164,240.16189756424836,0.34829372376789725,0.38978618192873604,NPB-P2,synthetic,True
H-0377,NPB Hitter 27,2019,NPB,NPB-T1,batter,31.2,249.0,66.10853468492743,0.06748256110934875,0.20855124199980224,0.04810612817263616,0.25331197757256657,0.005,0.18413930903011108,0.25,0.3734373259298928,0.2868553554218923,128.60601865588364,120.39398134411636,0.289953886100706,0.28375682474307856,NPB-P4,synthetic,True
H-0378,NPB Hitter 28,2019,NPB,NPB-T2,batter,24.6,593.0,157.18524499388468,0.06291852813139423,0.1754212108287223,0.15361898166052598,0.3007399396230682,0.029363260557630076,0.23346615000206947,0.26907402295797667,0.48369297562283275,0.3802193229752062,307.24579104221965,285.75420895778035,0.3592997231693191,0.40113892278109337,NPB-P4,synthetic,True
H-0379,NPB Hitter 29,2019,NPB,NPB-T4,batter,29.2,398.0,105.38483153624536,0.04942405584094854,0.159922955882734,0.14331173640920042,0.2693056203584187,0.019210986875961372,0.21580894152738545,0.25,0.4702422984450423,0.344965149427536,214.70949732340966,183.29050267659034,0.34591416421664084,0.3440161346384311,NPB-P2,synthetic,True
H-0380,NPB Hitter 30,2019,NPB,NPB-T5,batter,28.9,393.0,105.96791793197318,0.05836420490671095,0.1409665292565103,0.09681944114277566,0.3257633145002639,0.02364969146916566,0.26437612757785683,0.2931100113784447,0.42939577259280204,0.3494075184605657,211.82061605413804,181.17938394586196,0.32752375349197316,0.3712912834291583,NPB-P4,synthetic,True
H-0381,NPB Hitter 31,2019,NPB,NPB-T2,batter,27.6,548.0,146.13135903534302,0.11483933466954999,0.1480458110602856,0.13914293532592634,0.3206514903035443,0.050552457880619364,0.243939845228701,0.32756061356149724,0.4712080843562807,0.43464138239674244,258.81150710087104,289.18849289912896,0.4572822488618105,0.41200051593167436,NPB-P3,synthetic,True
H-0382,NPB Hitter 32,2019,NPB,NPB-T4,batter,25.2,230.0,57.5661183277015,0.08261745990160714,0.19507101629915963,0.16243250188686456,0.3412811368257586,0.02363018581379699,0.2500558258566179,0.3044776280877006,0.4965606155694404,0.40788566309033336,118.12052218108468,111.87947781891532,0.3915872397989643,0.4241840863817024,NPB-P4,synthetic,True
H-0383,NPB Hitter 33,2019,NPB,NPB-T1,batter,29.0,227.0,64.25980696737247,0.06528359625291384,0.13814100613120792,0.1485811044986892,0.2904845681726648,0.005960891568731431,0.2322869941287269,0.2735371706069893,0.47762956131595563,0.3544525261236097,112.39497717342681,114.60502282657319,0.33777049905993756,0.3711345531872819,NPB-P3,synthetic,True
H-0385,NPB Hitter 35,2019,NPB,NPB-T6,batter,29.8,206.0,52.70296210994905,0.12161678231200881,0.16708054326835498,0.15534326621754288,0.29444902840703197,0.009025239972553181,0.21079616738206827,0.31011492555957554,0.48478816905824607,0.4017504199558138,110.62162839204575,95.37837160795425,0.4288202437601502,0.37468059615147736,NPB-P1,synthetic,True
H-0386,NPB Hitter 36,2019,NPB,NPB-T3,batter,26.5,491.0,125.12288573529929,0.058817788428917064,0.07063292536018341,0.11678378874157692,0.28727134465205445,0.02263293166478163,0.25347880378540855,0.28389326606103926,0.4455109232067823,0.34631814483463175,252.85427458964782,238.14572541035218,0.3463649487674134,0.3462713409018501,NPB-P1,synthetic,True
H-0388,NPB Hitter 38,2019,NPB,NPB-T1,batter,30.2,505.0,130.04529280089398,0.03237757636686109,0.16922933894153352,0.08864949138606656,0.32610129110261366,0.005,0.26110701572533085,0.2666988905196589,0.42125962049632787,0.31005697560505413,232.15456488123627,272.8454351187637,0.3401680605770921,0.27994589063301617,NPB-P4,synthetic,True
H-0389,NPB Hitter 39,2019,NPB,NPB-T5,batter,27.6,641.0,179.38774109162034,0.09399249800291522,0.10067331105666286,0.1599980710410736,0.29041199210136387,0.027062361802586844,0.2379380609687361,0.30448333403142847,0.48903927025120997,0.39979401053243663,325.63019489446987,315.36980510553013,0.39216194324896364,0.4074260778159096,NPB-P3,synthetic,True
H-0390,NPB Hitter 40,2019,NPB,NPB-T2,batter,25.6,393.0,96.41591618918675,0.09772503226757694,0.17164238032108092,0.06387754640893904,0.297734438388852,0.02337210980641062,0.22104029955247137,0.29350606704093574,0.39365099024782424,0.34878212537408815,201.92574232366593,191.07425767633407,0.34738142436375735,0.35018282638441894,NPB-P1,synthetic,True
H-0202,Hitter 202,2019,NPB,NPB-T7,batter,24.5,606.0,156.14807613991928,0.0852464430328769,0.18969696253454307,0.17680876544530708,0.3500464763167267,0.04119906536708218,0.259983365816393,0.3136695984430745,0.5118134130769797,0.43651275665916095,318.20260313672276,287.79739686327724,0.4377221994448295,0.4353033138734924,NPB-P3,synthetic,True
H-0203,Hitter 203,2019,NPB,NPB-T5,batter,24.3,483.0,130.76369758006666,0.0223945051557114,0.2613933015165637,0.07818058387571215,0.26530759510496554,0.005,0.19076653459663134,0.25,0.4047113433862087,0.2760331330273776,249.8657211465445,233.1342788534555,0.2965026396594406,0.25556362639531455,NPB-P1,synthetic,True
H-0204,Hitter 204,2019,NPB,NPB-T5,batter,26.4,435.0,105.10795915225263,0.07038133258444011,0.15995963671185273,0.1203054546191076,0.2735869215386583,0.02099754063234466,0.21371827593950662,0.2598931129446296,0.44766414677297345,0.35008814195725785,196.80428552771372,238.19571447228628,0.354521326435944,0.3456549574785717,NPB-P1,synthetic,True
H-0206,Hitter 206,2019,NPB,NPB-T7,batter,31.2,641.0,177.30419405251897,0.02,0.15500241117061114,0.02,0.254244124389663,0.018341347088357027,0.2125019916587647,0.25,0.3454244124389663,0.2504926559159034,333.39755355946124,307.60244644053876,0.24421190367272638,0.25677340815908045,NPB-P4,synthetic,True
H-0208,Hitter 208,2019,NPB,NPB-T2,batter,28.1,442.0,124.10312043406108,0.05413935654424026,0.2293320917592228,0.1689622286454556,0.29509584743847866,0.013636972297931304,0.21349014602144503,0.25,0.4984718133893034,0.3663835970075745,241.1676826580073,200.8323173419927,0.3611502631691118,0.3716169308460372,NPB-P1,synthetic,True
H-0209,Hitter 209,2019,NPB,NPB-T7,batter,24.5,437.0,105.97847461059973,0.06566145003464013,0.249160533512939,0.07512992277195205,0.29382840233676905,0.03873451928358777,0.2071349397830294,0.25,0.4045127630056289,0.34498548072191987,201.93434508580336,235.06565491419664,0.3508753905890373,0.33909557085480246,NPB-P5,synthetic,True
H-0210,Hitter 210,2019,NPB,NPB-T1,batter,27.3,203.0,53.608180399369424,0.1387697668721275,0.22077171985166366,0.09154843727765288,0.33259081739027374,0.020394739860580095,0.2160698314141808,0.33047932526371193,0.42480751901668024,0.40225252927431615,96.27690645702432,106.72309354297568,0.3955469767431956,0.4089580818054367,NPB-P1,synthetic,True
H-0211,Hitter 211,2019,NPB,NPB-T6,batter,27.6,223.0,53.74285990429261,0.0792784453793537,0.1820421064722386,0.05989162107872693,0.2759915690469185,0.021604985968515473,0.20711004781246825,0.26276081530482553,0.38749077798341874,0.3244768398969328,109.51611019144913,113.48388980855087,0.31162450621944143,0.3373291735744242,NPB-P5,synthetic,True
H-0212,Hitter 212,2019,NPB,NPB-T4,batter,26.3,505.0,134.88154224430704,0.11955357340419316,0.15626725325599025,0.13314069741010473,0.2755068571540665,0.023880841050354457,0.20309845422083597,0.2991182686611477,0.4606913831255114,0.39483504190773505,227.52984146391665,277.4701585360833,0.39272972214962015,0.39694036166584995,NPB-P1,synthetic,True
H-0213,Hitter 213,2019,NPB,NPB-T4,batter,24.7,201.0,50.699728390534986,0.04981390086648297,0.2637394075777375,0.09712545634831708,0.34873865594780273,0.02003866957378266,0.24239629702904586,0.2652653478001636,0.43199932194309737,0.34838206379624787,102.1492784754872,98.8507215245128,0.36214733574779157,0.33461679184470416,NPB-P3,synthetic,True
H-0214,Hitter 214,2019,NPB,NPB-T4,batter,29.3,497.0,122.79356314024297,0.045838888760734636,0.1770045180019287,0.1144912038690353,0.2680770293869106,0.023652610020055163,0.2118857223865251,0.25,0.4412989068077263,0.330171693563952,230.61756101916808,266.3824389808319,0.32031384197512075,0.3400295451527832,NPB-P3,synthetic,True
H-0216,Hitter 216,2019,NPB,NPB-T1,batter,31.1,406.0,111.38285492096102,0.02,0.20008433392638403,0.16428349207043394,0.31022030675398715,0.005,0.24269567717159735,0.25,0.49530552274583267,0.3374330280026342,204.70272739229105,201.29727260770895,0.34408354981207684,0.33078250619319155,NPB-P5,synthetic,True
H-0217,Hitter 217,2019,NPB,NPB-T5,batter,26.1,252.0,66.72048367465638,0.032901111283055826,0.09859383535036681,0.15704745291765973,0.302819095257106,0.02639629739399943,0.26695935909579144,0.2696010343210782,0.4873293624433703,0.3591502279974385,119.69146781984045,132.30853218015955,0.3352121711307703,0.38308828486410673,NPB-P3,synthetic,True
H-0219,Hitter 219,2019,NPB,NPB-T5,batter,24.4,204.0,51.57730227043121,0.02,0.2246316188555192,0.14454631371537358,0.27329842610716115,0.005,0.2071909896979008,0.25,0.4718761563260897,0.3136549216809619,97.09205507428301,106.90794492571699,0.3031981491261349,0.32411169423578884,NPB-P1,synthetic,True
H-0220,Hitter 220,2019,NPB,NPB-T4,batter,28.9,643.0,170.12046178876946,0.05082616057781556,0.19488218915253427,0.022901002883588865,0.30318704052719275,0.040331968174694005,0.23474124836583163,0.2566484684034803,0.3532197069363081,0.3105880995321868,319.93274200879614,323.06725799120386,0.3034164502037779,0.3177597488605957,NPB-P1,synthetic,True
H-0352,NPB Hitter 2,2020,NPB,NPB-T7,batter,29.7,196.0,53.83865487372424,0.0665413103848418,0.16778250207094506,0.10570381430874112,0.2863672056748119,0.021260493397930735,0.22245362428846915,0.26387940563574336,0.4343405348762223,0.34407898118351865,104.76477552691856,91.23522447308144,0.3169879564305856,0.3711700059364517,NPB-P2,synthetic,True
H-0353,NPB Hitter 3,2020,NPB,NPB-T3,batter,30.0,287.0,68.35953854534232,0.06770984303395697,0.1251366397970927,0.13453933534528023,0.32236374824589387,0.03334598601069222,0.2651989311060431,0.3018871729179523,0.46677571016986963,0.38423222385935984,141.02097692578212,145.97902307421788,0.37417371764794716,0.39429073007077253,NPB-P5,synthetic,True
H-0354,NPB Hitter 4,2020,NPB,NPB-T3,batter,31.5,261.0,65.34990444859072,0.02,0.1214338549111682,0.07491319154766024,0.31541326332265235,0.005,0.2715531496008182,0.2637228346407364,0.4064545178799255,0.29009689751414147,128.72204034420423,132.27795965579577,0.3158263962312733,0.26436739879700966,NPB-P1,synthetic,True
H-0355,NPB Hitter 5,2020,NPB,NPB-T7,batter,30.3,355.0,97.01352448856716,0.04580360986276681,0.1900754230637626,0.042473865900805666,0.3061542327495674,0.044372671649139196,0.24059476914960673,0.25634859142477906,0.3730892891757624,0.32251253909595373,165.43104057951646,189.56895942048354,0.31262009159586085,0.3324049865960466,NPB-P4,synthetic,True
H-0356,NPB Hitter 6,2020,NPB,NPB-T3,batter,30.0,425.0,118.89128713857784,0.05524730455821118,0.18508078778797413,0.08632042984863873,0.28264216814944026,0.005,0.21546531506149558,0.25,0.41458464666358275,0.3095741084598032,195.35517856623747,229.64482143376253,0.3183621641305291,0.30078605278907733,NPB-P1,synthetic,True
H-0357,NPB Hitter 7,2020,NPB,NPB-T2,batter,25.7,265.0,73.35823820947729,0.04532398239968516,0.2162631780802996,0.1494568431970075,0.3030887242737443,0.01835470065203346,0.2265578106152795,0.25,0.47976571562438197,0.35652833552077434,133.1172270539526,131.8827729460474,0.3807301551229638,0.33232651591858486,NPB-P2,synthetic,True
H-0358,NPB Hitter 8,2020,NPB,NPB-T7,batter,25.2,190.0,46.36705859725236,0.09904502383986524,0.1508134013825965,0.1773066325865155,0.298508033012707,0.016371335948652012,0.22637898636019524,0.30057598121097295,0.5071574358877862,0.40606217851872345,90.01943621220678,99.98056378779322,0.3750372174858242,0.4370871395516227,NPB-P3,synthetic,True
H-0359,NPB Hitter 9,2020,NPB,NPB-T1,batter,27.4,532.0,141.8232711307638,0.0635092984115643,0.1166503046511265,0.16289760616640778,0.2559425409324703,0.030002107336042007,0.2143323504516263,0.25235812932766233,0.48849186025965474,0.3706319782084217,278.1950009650159,253.80499903498412,0.36710136493472495,0.37416259148211845,NPB-P4,synthetic,True
H-0360,NPB Hitter 10,2020,NPB,NPB-T3,batter,30.4,458.0,117.63908730954407,0.02,0.16911652390667375,0.14099193038538124,0.31059422229038275,0.005,0.2526057226253288,0.25,0.4720513526144195,0.32475353951359365,216.32759134604967,241.67240865395033,0.3303715893122738,0.3191354897149135,NPB-P1,synthetic,True
H-0361,NPB Hitter 11,2020,NPB,NPB-T2,batter,30.5,498.0,123.57953875575797,0.06384926113620185,0.1936036745265153,0.11602308555856602,0.29839314488544594,0.005,0.2223209537530574,0.26326311951395354,0.44586240004711064,0.33744478056245863,246.9464023155944,251.0535976844056,0.3503541969493514,0.3245353641755659,NPB-P4,synthetic,True
H-0362,NPB Hitter 12,2020,NPB,NPB-T6,batter,30.8,451.0,114.18066867100366,0.04444017912615256,0.20328984660598048,0.12578992196301153,0.29481912948322103,0.005,0.2225335789500176,0.25,0.4552718349113336,0.3279792777870905,234.0906616565204,216.9093383434796,0.3407760418935633,0.3151825136806177,NPB-P4,synthetic,True
H-0363,NPB Hitter 13,2020,NPB,NPB-T5,batter,25.0,239.0,59.8089784958108,0.08332739920845235,0.11522950380184989,0.09662974290020916,0.32803187992483474,0.034205323567409636,0.26802968429342366,0.31993639639093335,0.42943293089269263,0.3770714872253925,129.6332530298493,109.3667469701507,0.35543391705540733,0.3987090573953777,NPB-P2,synthetic,True
H-0364,NPB Hitter 14,2020,NPB,NPB-T6,batter,31.2,224.0,55.490873364441036,0.02,0.2100653425984323,0.09474801822803045,0.27577577603546244,0.02103474961264769,0.2154845400834124,0.25,0.42232559583157664,0.30156420628921154,113.29072301764626,110.70927698235374,0.3017428855098753,0.30138552706854776,NPB-P1,synthetic,True
H-0365,NPB Hitter 15,2020,NPB,NPB-T5,batter,26.4,403.0,100.36362753208802,0.06085649649563642,0.17879969375587193,0.14573228264598231,0.2987048115789511,0.039547434294448076,0.2330504695703123,0.265263015479167,0.4756027638038774,0.38289167791987194,196.59518228639544,206.40481771360456,0.3929979622538859,0.372785393585858,NPB-P2,synthetic,True
H-0366,NPB Hitter 16,2020,NPB,NPB-T7,batter,27.7,433.0,113.56422394442194,0.07927713209861535,0.1770018835123247,0.13218247976125452,0.2792845244349424,0.020475385270248763,0.21078106922792317,0.26621591739226264,0.46011093220474875,0.3643717866331745,225.5240777605644,207.4759222394356,0.3660643828888967,0.3626791903774523,NPB-P4,synthetic,True
H-0367,NPB Hitter 17,2020,NPB,NPB-T4,batter,25.5,311.0,87.31043447683639,0.0706622875361751,0.15190478855131873,0.11259563417513474,0.28349426034817593,0.031483796560865134,0.22512034121902544,0.2690202820975812,0.44094506020995233,0.35894960809828685,165.95560234963622,145.04439765036378,0.3589595341956002,0.3589396820009735,NPB-P4,synthetic,True
H-0368,NPB Hitter 18,2020,NPB,NPB-T6,batter,32.1,281.0,76.46384206027514,0.06372204402846407,0.18213299361521867,0.06939923994266955,0.3311419448379533,0.005,0.2504790295244159,0.28847817060043845,0.40251343442646487,0.32317469348167677,153.9086872922647,127.09131270773531,0.3167107150171942,0.3296386719461593,NPB-P4,synthetic,True
H-0370,NPB Hitter 20,2020,NPB,NPB-T7,batter,28.8,642.0,161.68103578342198,0.09547459958684508,0.21020683332352832,0.12533751923522518,0.3000644313144391,0.046363407329498854,0.21529481708422987,0.28298087497316965,0.4553439623666691,0.40251747284676803,340.59967671882066,301.40032328117934,0.41730261010162467,0.3877323355919114,NPB-P3,synthetic,True
H-0371,NPB Hitter 21,2020,NPB,NPB-T7,batter,28.4,217.0,55.588962328465335,0.08062763457823492,0.17582127507146236,0.11596434554601945,0.3330937783296721,0.012829610438855844,0.24959668363175808,0.30353265243757166,0.4492737233789867,0.3683492060654306,115.40153318155353,101.59846681844647,0.3831591811326957,0.3535392309981655,NPB-P1,synthetic,True
H-0372,NPB Hitter 22,2020,NPB,NPB-T7,batter,25.8,522.0,144.6671333243063,0.08622796755760156,0.19827538562478542,0.11010670429241869,0.2726154427720926,0.044387296593282555,0.2017135296631235,0.2617778592143196,0.43736824856962797,0.3762822365553381,245.9323754352118,276.06762456478816,0.37669992207021785,0.37586455104045835,NPB-P1,synthetic,True
H-0373,NPB Hitter 23,2020,NPB,NPB-T3,batter,25.1,412.0,103.28791133552484,0.08129768090473014,0.1453093747906076,0.16097048855530846,0.30853732010536805,0.006406235923553622,0.2395815218126937,0.29605620868647475,0.49182422056584524,0.3791958197068078,191.20441967662256,220.79558032337744,0.41126678475951195,0.3471248546541037,NPB-P4,synthetic,True
H-0374,NPB Hitter 24,2020,NPB,NPB-T6,batter,31.7,350.0,94.44284942878072,0.04140175334921592,0.2376582706876233,0.11388145255412829,0.3114474079566352,0.022448755766406897,0.22790220017100635,0.25,0.4450261933497918,0.34082649922381025,180.63558648351886,169.36441351648114,0.345607740612513,0.3360452578351075,NPB-P2,synthetic,True
H-0375,NPB Hitter 25,2020,NPB,NPB-T2,batter,25.8,250.0,59.58768183307407,0.06206764089720257,0.13597407314342394,0.11310209508546397,0.27496068714225835,0.031059053361083215,0.22516585937097955,0.2605239421273379,0.4405981637996898,0.3498428894498123,115.49066093510756,134.50933906489246,0.3238234574591814,0.3758623214404432,NPB-P3,synthetic,True
H-0376,NPB Hitter 26,2020,NPB,NPB-T1,batter,29.5,596.0,152.23187770717433,0.077898130361163,0.15924462329646394,0.1387085023011726,0.30567268209218346,0.02623974087820039,0.23712058167466074,0.28776428884980065,0.46927577051039093,0.3814195730411036,324.94525944033455,271.05474055966545,0.38086079369695697,0.3819783523852502,NPB-P2,synthetic,True
H-0377,NPB Hitter 27,2020,NPB,NPB-T7,batter,31.3,424.0,102.59045781653528,0.06345427982326377,0.20122847540156313,0.02,0.2981630045082492,0.005,0.21999439896889328,0.26077423889526774,0.3498163004508249,0.28427504745417187,219.4091116899253,204.5908883100747,0.2875628127669293,0.28098728214141444,NPB-P5,synthetic,True
H-0380,NPB Hitter 30,2020,NPB,NPB-T7,batter,29.0,307.0,84.12413734245477,0.06702661177659994,0.11369316892185317,0.10159893797203766,0.3062204702175749,0.03241492711424891,0.2557426130616149,0.2928189483716297,0.43222098499379513,0.35914864310721584,156.75367152079076,150.24632847920924,0.3447574430759246,0.3735398431385071,NPB-P5,synthetic,True
H-0381,NPB Hitter 31,2020,NPB,NPB-T3,batter,27.7,634.0,168.38181388914882,0.11867879135570415,0.13994152261915108,0.12128772061902683,0.2889471969132602,0.04247814790807552,0.22059130431160986,0.31147641526856285,0.4501824403103528,0.40914525232636667,305.9814034951978,328.0185965048022,0.39923790875343396,0.4190525958992994,NPB-P5,synthetic,True
H-0382,NPB Hitter 32,2020,NPB,NPB-T5,batter,25.3,328.0,84.33360130125246,0.10468322415834765,0.19695986748596547,0.16914901386639322,0.3111477852128596,0.005,0.21804220532297192,0.3002462089490224,0.5002637923876792,0.39971193936186045,156.2896979778394,171.7103020221606,0.4119475886462477,0.3874762900774732,NPB-P1,synthetic,True
H-0383,NPB Hitter 33,2020,NPB,NPB-T4,batter,29.2,640.0,171.78161451868755,0.0907838170897532,0.14885273305812724,0.10696468169202324,0.23449707618996873,0.01667393314882833,0.18080409580436418,0.25125652233858914,0.4304143893110201,0.33945976339387457,298.43321507068936,341.56678492931064,0.34443745952715493,0.3344820672605942,NPB-P2,synthetic,True
H-0384,NPB Hitter 34,2020,NPB,NPB-T1,batter,26.0,402.0,108.71796268743913,0.08146305644322877,0.1178613896109767,0.08708161767935031,0.3196022705906308,0.02223892264334399,0.2592335634439886,0.3117710089859671,0.4190418447384134,0.3567948543196332,206.78115182453988,195.21884817546012,0.3383453853797939,0.3752443232594725,NPB-P4,synthetic,True
H-0386,NPB Hitter 36,2020,NPB,NPB-T5,batter,26.6,563.0,153.97980353143103,0.06607819808951185,0.13636516504877153,0.16773384300027108,0.28840918057615067,0.017093563999721714,0.23258669070031654,0.27309858857983427,0.49657476105788617,0.3748357731142097,299.69023293543177,263.30976706456823,0.3825075394178768,0.36716400681054256,NPB-P3,synthetic,True
H-0387,NPB Hitter 37,2020,NPB,NPB-T2,batter,24.6,569.0,148.49593217346109,0.09223487406892777,0.12942852790403406,0.0750100892372251,0.3157864269095083,0.03299418365598973,0.2507372607722591,0.31344419397040235,0.40658873192817596,0.36603997563744195,277.8311898332073,291.1688101667927,0.3511294381993311,0.3809505130755528,NPB-P2,synthetic,True
H-0388,NPB Hitter 38,2020,NPB,NPB-T6,batter,30.4,203.0,49.69730158484836,0.03430978495563933,0.16329839876326652,0.09168203461146054,0.3066591862790609,0.005,0.24681082145773806,0.25576452426760354,0.42234795323936664,0.30627268370292215,102.90254765742903,100.09745234257097,0.2842615434593778,0.3282838239464665,NPB-P4,synthetic,True
H-0389,NPB Hitter 39,2020,NPB,NPB-T3,batter,27.7,526.0,133.17888527440624,0.10414092255387523,0.09710604442757766,0.18470935362323218,0.26993729640825276,0.037732413051447526,0.22127309618863558,0.2981928333617019,0.5117030832640574,0.4229260157696816,247.38131268160845,278.61868731839155,0.4207176093387268,0.42513442220063635,NPB-P1,synthetic,True
H-0390,NPB Hitter 40,2020,NPB,NPB-T2,batter,25.7,628.0,177.3951326954404,0.09623300516964416,0.18761694890457753,0.05592985387727037,0.3240301332378631,0.025078117224908648,0.23581591238336802,0.3050817804893127,0.3883328672010567,0.35410537538691944,304.12676728836834,323.87323271163166,0.33237410768883374,0.37583664308500514,NPB-P4,synthetic,True
H-0201,Hitter 201,2020,NPB,NPB-T3,batter,27.9,495.0,131.7744737029774,0.061834633186392755,0.17672663228128488,0.1266921435409728,0.2927871918183052,0.02636738073303022,0.2268946159353572,0.26248019112925514,0.4559708627228033,0.359171081974144,229.35067300421954,265.6493269957805,0.33988819685102684,0.37845396709726115,NPB-P3,synthetic,True
H-0202,Hitter 202,2020,NPB,NPB-T3,batter,24.6,413.0,102.05632093030098,0.07186861995887399,0.21570550378378262,0.17793357673061483,0.3440813093183911,0.052802847344984145,0.25305285539667643,0.2924878054243099,0.5123417076624539,0.4361225220449725,213.42502300635536,199.57497699364464,0.42171862595825715,0.4505264181316878,NPB-P4,synthetic,True
H-0203,Hitter 203,2020,NPB,NPB-T7,batter,24.4,242.0,67.01804281275767,0.04357049592103282,0.27444238035538643,0.04740252044158863,0.2563525860788273,0.005,0.17557916283900113,0.25,0.37303777904947133,0.27079413851518624,113.09778316020201,128.90221683979797,0.2856775834371525,0.25591069359322,NPB-P4,synthetic,True
H-0204,Hitter 204,2020,NPB,NPB-T3,batter,26.6,545.0,149.36346783085466,0.05987627968364715,0.1649426575173403,0.12054547300008712,0.2809623024734634,0.022732709528004557,0.22120656266703767,0.2558932702977004,0.44864170324743347,0.34700965036951725,278.9527861677387,266.0472138322613,0.3799809528371514,0.3140383479018831,NPB-P3,synthetic,True
H-0206,Hitter 206,2020,NPB,NPB-T3,batter,31.4,429.0,121.07587514534819,0.02,0.15063841861948268,0.02,0.24981793085253778,0.005,0.20793939418906945,0.25,0.3449817930852538,0.23693627579838825,208.52373342496801,220.47626657503199,0.24597720979609125,0.22789534180068524,NPB-P4,synthetic,True
H-0207,Hitter 207,2020,NPB,NPB-T3,batter,26.2,421.0,111.09819919429468,0.0928695832856342,0.20266257739638222,0.16620710140189945,0.2605557011612043,0.034438423411126094,0.18871887533068474,0.2580673839227484,0.4922626715180199,0.39861169054742357,215.4758040012445,205.5241959987555,0.3953862349583088,0.4018371461365383,NPB-P1,synthetic,True
H-0208,Hitter 208,2020,NPB,NPB-T5,batter,28.3,288.0,71.13567892702333,0.03979810670568351,0.21199147517511613,0.1748264019140495,0.24811429376543298,0.017423150264639763,0.18825517201928066,0.25,0.49963783129059275,0.346534033802783,141.61703476141975,146.38296523858025,0.36763243234529563,0.3254356352602704,NPB-P1,synthetic,True
H-0210,Hitter 210,2020,NPB,NPB-T2,batter,27.5,518.0,144.41177291111043,0.12425131752440925,0.2600975328925106,0.09991672584416252,0.329438299272915,0.008878299082479982,0.20415081252643694,0.3067884784220677,0.432860555771454,0.38522399540112806,284.2853367315442,233.7146632684558,0.40492144258314283,0.3655265482191133,NPB-P1,synthetic,True
H-0211,Hitter 211,2020,NPB,NPB-T1,batter,27.7,526.0,130.1766548470816,0.0723537098284172,0.1651674906197436,0.050671033069532564,0.2775118873160357,0.012690552043316069,0.21350051350859361,0.2627909474603038,0.37842222180113616,0.30706732246773194,287.49554236355436,238.50445763644564,0.30123002130425186,0.312904623631212,NPB-P4,synthetic,True
H-0212,Hitter 212,2020,NPB,NPB-T2,batter,26.4,628.0,167.40606021656814,0.10242862326897612,0.16621079533674535,0.1548324820488154,0.28170940405498196,0.02047949349738666,0.2091030775584953,0.2878566614494747,0.4830034224543136,0.3938877369820234,326.2908069876536,301.7091930123464,0.38052515860676933,0.40725031535727746,NPB-P4,synthetic,True
H-0213,Hitter 213,2020,NPB,NPB-T3,batter,24.9,194.0,48.29612659496834,0.08297812285120001,0.2745218908268465,0.11185432963935457,0.31272488412662514,0.03044262606201867,0.20549212768319394,0.26381128324770203,0.44312681805201704,0.37645664019762065,87.43324703659314,106.56675296340686,0.35650301008636764,0.39641027030887366,NPB-P3,synthetic,True
H-0214,Hitter 214,2020,NPB,NPB-T7,batter,29.5,358.0,85.59323433747015,0.044972051701018395,0.21440496481893534,0.10556364117534918,0.3017325604623188,0.03576917752750332,0.22883544577180148,0.25,0.43573689722158104,0.3473390947737195,177.73840690566814,180.26159309433186,0.33646836094225513,0.35820982860518386,NPB-P5,synthetic,True
H-0215,Hitter 215,2020,NPB,NPB-T6,batter,29.2,280.0,75.07382554931043,0.08042574722782288,0.28459613338432505,0.1468868981970051,0.3029706622246422,0.03308758236549541,0.19734287868391978,0.2535675144240088,0.4771839644194693,0.39290437297539943,142.93886018222597,137.06113981777403,0.3979021094103263,0.3879066365404726,NPB-P5,synthetic,True
H-0216,Hitter 216,2020,NPB,NPB-T4,batter,31.2,581.0,146.3747925304979,0.04026541907890392,0.1918680593378021,0.1789693605687423,0.3139029327409315,0.005,0.24178555307857375,0.2571974168496203,0.5103596538428354,0.3609849681273671,282.49847896812634,298.50152103187366,0.3771739913968568,0.34479594485787735,NPB-P3,synthetic,True
H-0217,Hitter 217,2020,NPB,NPB-T4,batter,26.3,540.0,131.3233325329493,0.034534379398717355,0.11297763689901323,0.1671921395472159,0.30688234112377466,0.01292393236206992,0.2635520980727492,0.2699865367953122,0.49788037365959337,0.35517010084925493,265.5382269827435,274.4617730172565,0.37276063617032673,0.33757956552818313,NPB-P2,synthetic,True
H-0218,Hitter 218,2020,NPB,NPB-T7,batter,31.6,404.0,108.80562256894802,0.02,0.32027813302108793,0.11646739126894554,0.2976931423333896,0.005,0.19714467564700278,0.25,0.44623670550228445,0.30674966501460643,202.5749245880769,201.4250754119231,0.32137114459639154,0.2921281854328213,NPB-P4,synthetic,True
H-0219,Hitter 219,2020,NPB,NPB-T7,batter,24.6,313.0,75.862095181082,0.026871409335122966,0.19964401291627193,0.18509577065275667,0.2640760348545958,0.005,0.20500874031303293,0.25,0.5115033741382162,0.33753927259271077,166.45309668854037,146.54690331145963,0.3400747295165921,0.3350038156688294,NPB-P5,synthetic,True
H-0220,Hitter 220,2020,NPB,NPB-T1,batter,29.1,323.0,80.41229991016296,0.02894454928500064,0.18253000592166024,0.05096796024738784,0.30236931806617323,0.029203051025093657,0.24280635867375192,0.25,0.3812048920540052,0.3004055698813087,150.97767913540818,172.02232086459182,0.3132826625640001,0.28752847719861724,NPB-P3,synthetic,True
H-0351,NPB Hitter 1,2021,NPB,NPB-T7,batter,32.3,644.0,174.63083951276482,0.02,0.22073901042136207,0.02,0.31403878029694476,0.005,0.23918739509432677,0.25,0.35140387802969447,0.25941357310393065,300.70233492467327,343.29766507532673,0.2622252091901153,0.256601937017746,NPB-P4,synthetic,True
H-0352,NPB Hitter 2,2021,NPB,NPB-T3,batter,29.9,459.0,113.18539295940376,0.06359266833936425,0.21108215622151322,0.11683747085208168,0.29854390461178565,0.01889528125333322,0.21937570217682406,0.2584799373293059,0.4466918613132602,0.3502715965483248,230.02937381870032,228.97062618129968,0.33931908838806335,0.36122410470858624,NPB-P3,synthetic,True
H-0354,NPB Hitter 4,2021,NPB,NPB-T6,batter,31.7,589.0,147.79392618891046,0.03046395381836449,0.14315867774317292,0.04643293840915366,0.30040242208068996,0.01329241150724178,0.25023962475766715,0.2538851405467873,0.3764731806172227,0.2839669018826487,293.5766117803117,295.4233882196883,0.27286776740937807,0.2950660363559194,NPB-P3,synthetic,True
H-0355,NPB Hitter 5,2021,NPB,NPB-T5,batter,30.4,417.0,111.00962628114472,0.03843310213726802,0.22427721577009319,0.0637354353269673,0.3223465616727034,0.03371521265606882,0.242720075877733,0.25232961671865844,0.3959700914942376,0.3251226489018278,188.7616464945239,228.2383535054761,0.30870271451895503,0.34154258328470055,NPB-P4,synthetic,True
H-0356,NPB Hitter 6,2021,NPB,NPB-T6,batter,30.2,623.0,157.75966143798212,0.045087469847632844,0.19342145588460036,0.08733343332733871,0.2537202689018807,0.005,0.1939557201295998,0.25,0.4127054602175268,0.2928967113390375,281.6038624380557,341.3961375619443,0.31637095463571346,0.26942246804236153,NPB-P4,synthetic,True
H-0357,NPB Hitter 7,2021,NPB,NPB-T2,batter,25.9,404.0,107.08009516377297,0.054811062244422434,0.22614479632386922,0.13797505836662285,0.29544776659064004,0.01746541273409649,0.21505979757619703,0.25,0.4675198350256869,0.3533796154401492,201.97910170127773,202.02089829872227,0.31730242275122944,0.3894568081290689,NPB-P2,synthetic,True
H-0359,NPB Hitter 9,2021,NPB,NPB-T1,batter,27.5,271.0,75.74998444459926,0.04900096925045125,0.14904615182865705,0.1314930816746013,0.28469636317091285,0.03703452404622637,0.23386824667015527,0.25448273050735043,0.4599627179916926,0.3595966721477698,133.10007289382293,137.89992710617707,0.36658544197419923,0.35260790232134037,NPB-P3,synthetic,True
H-0360,NPB Hitter 10,2021,NPB,NPB-T7,batter,30.5,205.0,53.03837558808144,0.02,0.1323020599706456,0.12087252402715579,0.2773888005212709,0.005,0.23589191478909485,0.25,0.4486114040792829,0.3020659683973805,110.17434419940766,94.82565580059234,0.2884179175613568,0.31571401923340414,NPB-P5,synthetic,True
H-0364,NPB Hitter 14,2021,NPB,NPB-T7,batter,31.3,264.0,69.18090714184412,0.03553199914278419,0.2124267593254255,0.038514731683345606,0.2877079290561225,0.01092441446354778,0.2180068903354388,0.25,0.36728552458895786,0.2765852500126249,127.45143716652491,136.5485628334751,0.24667421393536157,0.3064962860898882,NPB-P1,synthetic,True
H-0365,NPB Hitter 15,2021,NPB,NPB-T5,batter,26.6,258.0,66.35516938877234,0.06394696469759625,0.18033499460361452,0.12672936127832665,0.3099448264017229,0.027898088255157643,0.23841561017131,0.274754771937329,0.4577238439184989,0.36805299266164193,138.4394964319256,119.56050356807441,0.35380944921124624,0.3822965361120376,NPB-P3,synthetic,True
H-0366,NPB Hitter 16,2021,NPB,NPB-T5,batter,27.9,236.0,59.20524729950039,0.09021091042915473,0.14044037112317326,0.17569038400730624,0.31935904168974244,0.02058682670854053,0.2487864934549611,0.31133953293296673,0.5076262881762805,0.41008115713352306,128.47636551620332,107.52363448379668,0.40287982049519416,0.41728249377185195,NPB-P5,synthetic,True
H-0367,NPB Hitter 17,2021,NPB,NPB-T6,batter,25.7,354.0,89.28085339770179,0.09921619277528787,0.15064292919251968,0.1371924686632071,0.3033606223363145,0.02102674088810287,0.23071721473297074,0.3040230760150677,0.46752853089683855,0.3900074773244681,172.10183197496954,181.89816802503046,0.39016207619387727,0.38985287845505895,NPB-P2,synthetic,True
H-0368,NPB Hitter 18,2021,NPB,NPB-T7,batter,32.2,616.0,157.98173994941462,0.03498436421522445,0.18174161664816604,0.041025626678396196,0.32042798350274193,0.005,0.2517329144820319,0.26086898724905316,0.3730684250286704,0.2837029438497347,310.41524905303544,305.58475094696456,0.26871088535006243,0.298695002349407,NPB-P3,synthetic,True
H-0369,NPB Hitter 19,2021,NPB,NPB-T2,batter,25.8,542.0,133.86545254566835,0.0742609674080537,0.16478904566475974,0.13228639059444036,0.29493970761100147,0.028894877509964022,0.2287685982773944,0.2762518973938635,0.4617803613555405,0.3739744794353979,285.1577501048361,256.8422498951639,0.35997309419197604,0.3879758646788198,NPB-P2,synthetic,True
H-0371,NPB Hitter 21,2021,NPB,NPB-T3,batter,28.5,459.0,116.42895477729195,0.08034681209488853,0.13302128083261275,0.10546920577753656,0.3438339057278636,0.016830152810330828,0.2729952439004447,0.3237704609758941,0.4398525963503229,0.36973983617811707,243.40945621510943,215.59054378489057,0.36009801077070974,0.3793816615855244,NPB-P5,synthetic,True
H-0373,NPB Hitter 23,2021,NPB,NPB-T5,batter,25.3,520.0,138.27983990501608,0.08078157438191874,0.13697157864050633,0.1517484611020013,0.3101001587042706,0.005,0.24332487139366127,0.2990989586362139,0.48275847697242835,0.3730438112199385,270.46932572177684,249.53067427822316,0.3508811980922866,0.39520642434759046,NPB-P2,synthetic,True
H-0375,NPB Hitter 25,2021,NPB,NPB-T1,batter,26.0,408.0,108.14796282756174,0.05501866424961074,0.15046497423430388,0.08473478745262251,0.27390655268261516,0.02255822204284919,0.22100697093923274,0.2508795781191356,0.412125442720884,0.32128689135114946,217.67653209632726,190.32346790367274,0.32995291517201175,0.31262086753028717,NPB-P2,synthetic,True
H-0376,NPB Hitter 26,2021,NPB,NPB-T5,batter,29.7,249.0,62.0079814726336,0.08526758577280792,0.12617519239353248,0.16757894323341302,0.2972831448686867,0.0252579551533215,0.23821346408862315,0.2962498795068704,0.49730725772028167,0.3986369891613724,119.570653808117,129.42934619188298,0.40422326867429975,0.3930507096484451,NPB-P1,synthetic,True
H-0377,NPB Hitter 27,2021,NPB,NPB-T2,batter,31.5,629.0,175.77832590276793,0.06766837085441799,0.19473223094445322,0.02,0.2987762780889268,0.005,0.22112720291516552,0.266007853478067,0.3498776278088927,0.28743955692921697,303.0448742106004,325.9551257893996,0.294075858552495,0.2808032553059389,NPB-P1,synthetic,True
H-0379,NPB Hitter 29,2021,NPB,NPB-T5,batter,29.5,595.0,167.9051884927148,0.041130042466431975,0.17673751247971992,0.13156970135519386,0.28012054111642076,0.02071524697654379,0.22219865077967474,0.25,0.45958175546683594,0.33784027714149567,300.5126224083344,294.4873775916656,0.32491096921102697,0.3507695850719644,NPB-P3,synthetic,True
H-0380,NPB Hitter 30,2021,NPB,NPB-T1,batter,29.2,269.0,73.69484775778267,0.07409835619531012,0.12725251628619513,0.10434113607454469,0.3454781356962212,0.011049309844216003,0.2775732081271356,0.322422586680763,0.4388889496441668,0.3601182005311885,122.67669695935467,146.32330304064533,0.35005295908138195,0.370183441980995,NPB-P2,synthetic,True
H-0381,NPB Hitter 31,2021,NPB,NPB-T5,batter,27.9,413.0,114.16795511049156,0.10747878100466844,0.12638129446721005,0.11639400196286181,0.29646408734039803,0.022531250530133336,0.230512661079791,0.3118984571549123,0.4460404106969016,0.38329240382910124,198.48473235054715,214.51526764945285,0.36274401075257307,0.4038407969056294,NPB-P2,synthetic,True
H-0382,NPB Hitter 32,2021,NPB,NPB-T7,batter,25.5,461.0,123.89577631438736,0.08308376095459134,0.19365706973251226,0.1678891312258318,0.3341494418190342,0.02106387420204857,0.24483622884670997,0.30059274389935375,0.5013040754077351,0.4064074462609271,248.0857388110888,212.9142611889112,0.40635453371403063,0.4064603588078236,NPB-P2,synthetic,True
H-0383,NPB Hitter 33,2021,NPB,NPB-T1,batter,29.3,289.0,79.42148213314543,0.049975619162529024,0.1376263505312756,0.0990132733311829,0.2852607004478342,0.029142577044852857,0.23611661772431405,0.2585463272133566,0.4275393433759663,0.33550979824303045,157.23943983728032,131.76056016271968,0.35748332754709067,0.31353626893897024,NPB-P4,synthetic,True
H-0385,NPB Hitter 35,2021,NPB,NPB-T7,batter,30.1,547.0,135.0504861050722,0.08877104735553272,0.2066763384442443,0.1590625225793024,0.2796738222829468,0.005,0.19779492261281872,0.26611147770706955,0.48702990480759706,0.37200995836652057,296.4699967118734,250.53000328812658,0.33396018876932154,0.4100597279637196,NPB-P2,synthetic,True
H-0386,NPB Hitter 36,2021,NPB,NPB-T4,batter,26.8,234.0,56.34237536835801,0.0632678165770529,0.13369253307309084,0.13336468199058008,0.2810187017049484,0.024385569800116174,0.22932699542892976,0.266370060540074,0.4614665521610749,0.3579416051155926,115.74390514987135,118.25609485012865,0.32797661659404265,0.3879065936371425,NPB-P4,synthetic,True
H-0387,NPB Hitter 37,2021,NPB,NPB-T1,batter,24.8,250.0,71.35706385062798,0.09066591700248997,0.14276401046502563,0.08477547113800527,0.2961187918126945,0.02153221299475655,0.23022563566730236,0.29496214034877,0.4143873503192747,0.3531132198573698,134.75662731459593,115.24337268540407,0.3607064929017334,0.34551994681300624,NPB-P3,synthetic,True
H-0388,NPB Hitter 38,2021,NPB,NPB-T3,batter,30.5,612.0,164.40843424629574,0.025659197382485274,0.16118415008834713,0.12533794144245156,0.30666598966096065,0.005,0.2501174895972511,0.2500899380200113,0.4560045404085476,0.3187304023424243,314.0978800646327,297.9021199353673,0.36233033565398937,0.2751304690308592,NPB-P4,synthetic,True
H-0389,NPB Hitter 39,2021,NPB,NPB-T1,batter,27.9,263.0,68.49323354044756,0.09136794842478815,0.07819018780481968,0.14642383387740884,0.2815173369123285,0.012233393683723358,0.23561879100171002,0.3017733521790245,0.47457556756864167,0.37403179476459253,141.2503332306152,121.74966676938479,0.40405691383081477,0.3440066756983703,NPB-P5,synthetic,True
H-0201,Hitter 201,2021,NPB,NPB-T2,batter,28.1,226.0,62.52249344345994,0.03354676559410968,0.22308710958259426,0.12372580137226064,0.3367160283473095,0.02728943473985106,0.25439670436940826,0.2588197258366972,0.4573974042069916,0.3539430278580444,103.04752134836181,122.95247865163819,0.34042483684295954,0.3674612188731292,NPB-P4,synthetic,True
H-0202,Hitter 202,2021,NPB,NPB-T1,batter,24.8,502.0,141.82303981982835,0.09652683313447032,0.18452920362518863,0.200710054580156,0.3461178904042068,0.0605039266262286,0.25791495686952076,0.32048226422249815,0.5353218436205767,0.4735541088182932,250.10571771471186,251.89428228528814,0.47287894833013616,0.4742292693064502,NPB-P2,synthetic,True
H-0203,Hitter 203,2021,NPB,NPB-T7,batter,24.6,527.0,144.16189524888333,0.030614168991297593,0.26363012998379287,0.05978951189950994,0.26120462263509403,0.011754837575140656,0.18610987719504885,0.25,0.3859099741630193,0.27631512157854826,279.8783986351503,247.1216013648497,0.26033752899963447,0.29229271415746205,NPB-P1,synthetic,True
H-0204,Hitter 204,2021,NPB,NPB-T1,batter,26.7,608.0,165.12080079206706,0.08248439856006796,0.1535772065733956,0.12009250755590353,0.27547616458384433,0.020444271527650947,0.2135134597253195,0.27188653565662263,0.447640124014288,0.3586064601270258,326.55567272474343,281.44432727525657,0.36150916179467196,0.3557037584593796,NPB-P5,synthetic,True
H-0205,Hitter 205,2021,NPB,NPB-T7,batter,23.6,261.0,63.591754215970994,0.055240383403189645,0.2517868899612756,0.0742250289382747,0.2717455187511945,0.007946415634501054,0.18950419542517827,0.25,0.40139958081339416,0.3017547399322528,138.27315519377322,122.72684480622678,0.3102437482313125,0.29326573163319314,NPB-P5,synthetic,True
H-0206,Hitter 206,2021,NPB,NPB-T7,batter,31.5,612.0,160.97161678058396,0.02,0.15989672613148426,0.02,0.2644941549798178,0.019127105662487407,0.21978158826740826,0.25,0.3464494154979818,0.2547873493391749,325.34505591567455,286.65494408432545,0.23008184792940845,0.27949285074894137,NPB-P2,synthetic,True
H-0207,Hitter 207,2021,NPB,NPB-T2,batter,26.3,514.0,122.96180416293907,0.10521884979678146,0.1846606333398487,0.1645297067442397,0.2733781107871647,0.025283462979722872,0.1979239247782714,0.2799371145949631,0.4918675178229561,0.40258198902433706,257.04150027732726,256.95849972267274,0.4043792666329216,0.4007847114157525,NPB-P3,synthetic,True
H-0208,Hitter 208,2021,NPB,NPB-T1,batter,28.4,208.0,58.66745332289587,0.05284118400263452,0.24805016855294218,0.1669704136987767,0.28615926063107117,0.01690816121791356,0.20259263783617143,0.25,0.4955863397618838,0.36419564265316845,105.83797089465399,102.16202910534601,0.3588940935479221,0.3694971917584148,NPB-P1,synthetic,True
H-0209,Hitter 209,2021,NPB,NPB-T1,batter,24.8,306.0,81.88790304147996,0.07310686889529977,0.22160962788371924,0.09185752216008466,0.2965921523653617,0.025977963413598943,0.2130782467601331,0.2613702659185837,0.42151673739662077,0.3488838658148721,167.95431043842413,138.04568956157587,0.3532739430534171,0.34449378857632706,NPB-P2,synthetic,True
H-0210,Hitter 210,2021,NPB,NPB-T4,batter,27.6,624.0,158.4427458394589,0.1074489121548339,0.23841031519517833,0.09046625328634744,0.3496797950313809,0.029059757749936764,0.2330987749644074,0.3133147423265591,0.4254342327894855,0.3935123880518012,342.6389645561623,281.3610354438377,0.3886535325226115,0.39837124358099096,NPB-P2,synthetic,True
H-0211,Hitter 211,2021,NPB,NPB-T2,batter,27.9,345.0,94.40767154461308,0.08523475512186854,0.17186310890510326,0.05706933849310978,0.3111026695659838,0.005942700948284311,0.23201024286972322,0.2932417090766011,0.3881796054497082,0.32528682995806857,177.91117296207545,167.08882703792455,0.3264590632439524,0.32411459667218473,NPB-P2,synthetic,True
H-0212,Hitter 212,2021,NPB,NPB-T3,batter,26.6,614.0,160.5925394411258,0.1352512686322923,0.15199054978787818,0.16762550780635613,0.2798555514749033,0.029496802908760448,0.20389385441058652,0.3147736692091375,0.4956110629538465,0.4313664829702011,318.89460758762186,295.10539241237814,0.44791429061463517,0.414818675325767,NPB-P5,synthetic,True
H-0213,Hitter 213,2021,NPB,NPB-T7,batter,25.0,236.0,63.15870567776181,0.06929370899560446,0.2867263170440349,0.09944190736496855,0.28622305933001074,0.02536186579436149,0.1881261981633493,0.25,0.4280642132979696,0.3462023953280849,120.14035315004931,115.85964684995069,0.3591320462336824,0.3332727444224874,NPB-P2,synthetic,True
H-0214,Hitter 214,2021,NPB,NPB-T5,batter,29.6,527.0,139.07308770110797,0.03606365581592551,0.18592841463119117,0.07097160248310765,0.28590161672786735,0.021443394623902934,0.22565023407985552,0.25,0.39956176415589434,0.30364356145312327,272.1133630301708,254.88663696982923,0.2939840432801535,0.31330307962609305,NPB-P4,synthetic,True
H-0215,Hitter 215,2021,NPB,NPB-T2,batter,29.4,427.0,116.74465843294283,0.06602065931389349,0.27871469758597506,0.17235848372248525,0.29451687579872765,0.01987325328608383,0.1959674835001316,0.25,0.5018101713023579,0.38197846205412245,193.26919607823402,233.73080392176598,0.40037245820727757,0.3635844659009673,NPB-P3,synthetic,True
H-0216,Hitter 216,2021,NPB,NPB-T5,batter,31.4,399.0,103.89851267381805,0.03489280337790483,0.20032187771420537,0.132323750119414,0.272291042433316,0.005,0.2089941917231253,0.25,0.45955285436274557,0.31700488978187163,203.48682586677415,195.51317413322585,0.30339768473833156,0.3306120948254117,NPB-P4,synthetic,True
H-0218,Hitter 218,2021,NPB,NPB-T4,batter,31.7,442.0,106.73434330176951,0.025636368440307394,0.303645685735137,0.11506364255681976,0.33440077870209195,0.005,0.2250386033731989,0.25,0.44850372042702896,0.3227707338601982,217.26862053286027,224.73137946713973,0.30723309130797855,0.3383083764124179,NPB-P3,synthetic,True
H-0219,Hitter 219,2021,NPB,NPB-T7,batter,24.7,596.0,145.4228962603909,0.02,0.2225292908712604,0.15422269642342848,0.2591811504106157,0.01708593936124804,0.1988850206985188,0.25,0.48014081146449006,0.32491323110172443,269.8452794373105,326.1547205626895,0.32817866693452713,0.32164779526892173,NPB-P5,synthetic,True
H-0220,Hitter 220,2021,NPB,NPB-T4,batter,29.2,295.0,75.16656439197382,0.035051692643048984,0.20120474732416346,0.048828964404461266,0.32481075796681613,0.025472377617489505,0.25189298126914766,0.2583166048069208,0.3813100402011429,0.30800102041671423,144.62741269605024,150.37258730394976,0.2945363494063289,0.3214656914270996,NPB-P3,synthetic,True
H-0352,NPB Hitter 2,2022,NPB,NPB-T5,batter,30.0,263.0,67.4769932351751,0.06261911404428747,0.19236887930472885,0.12664713633197444,0.2942622143492532,0.01916380915716416,0.22210345416747365,0.2599251085587966,0.4560733577668997,0.3537285080772735,144.3436392471821,118.6563607528179,0.3260817891761625,0.38137522697838455,NPB-P3,synthetic,True
H-0353,NPB Hitter 3,2022,NPB,NPB-T3,batter,30.3,523.0,126.03500472904115,0.07666700646497444,0.13914735105029408,0.10107103051407569,0.3081927671938183,0.02959170039673325,0.24611909821054165,0.2941793153009029,0.4318903072334575,0.36375597018312006,265.8147587376361,257.1852412623639,0.39041045369041316,0.33710148667582696,NPB-P4,synthetic,True
H-0355,NPB Hitter 5,2022,NPB,NPB-T1,batter,30.6,552.0,132.35112150750692,0.0334638076826017,0.1742144694290869,0.07234978424475033,0.3098607724268784,0.03271697613359245,0.25041696748480613,0.2544222866408922,0.4033358614874381,0.3211135955820745,264.4573945677433,287.5426054322567,0.33473276546220904,0.3074944257019399,NPB-P5,synthetic,True
H-0357,NPB Hitter 7,2022,NPB,NPB-T6,batter,26.0,389.0,108.53935693747093,0.05246111614591795,0.22819541686980957,0.17455873706034325,0.31508785235311365,0.027472814476482664,0.2307773102877897,0.25645186545060356,0.5060675222956545,0.3877363680377555,179.01144877241956,209.98855122758044,0.4032372108770391,0.3722355251984719,NPB-P1,synthetic,True
H-0358,NPB Hitter 8,2022,NPB,NPB-T3,batter,25.5,199.0,47.89720636393308,0.09115048906958752,0.16657785842097486,0.17827188266503471,0.2777878686873486,0.03045425093325921,0.2107621979776218,0.27672514337345716,0.5060506695337696,0.4064894576949857,97.66589581715141,101.33410418284859,0.40301055031346955,0.4099683650765018,NPB-P1,synthetic,True
H-0359,NPB Hitter 9,2022,NPB,NPB-T3,batter,27.7,412.0,111.49581051574812,0.03456337047797655,0.16410764595006502,0.14868669216892255,0.2745676655434026,0.028370275248237847,0.22427456963885595,0.25,0.4761434587232628,0.347603970691096,201.94668866638526,210.05331133361474,0.3444949559358323,0.3507129854463597,NPB-P4,synthetic,True
H-0362,NPB Hitter 12,2022,NPB,NPB-T6,batter,31.1,578.0,141.0321974096135,0.0367186745692271,0.22474173691258292,0.12032625657178052,0.3304524627596783,0.005,0.24480222587135533,0.2563656778534469,0.45337150284774835,0.3320408752788257,271.3086580458559,306.6913419541441,0.3293105104063793,0.3347712401512721,NPB-P1,synthetic,True
H-0363,NPB Hitter 13,2022,NPB,NPB-T1,batter,25.3,558.0,148.50105882582915,0.08061538653729414,0.1308297845106339,0.02,0.3257674464688286,0.026567559174689555,0.2608706269045838,0.3118123302628365,0.3525767446468829,0.3253601800974165,265.77169361206904,292.22830638793096,0.3277987927396428,0.32292156745519024,NPB-P3,synthetic,True
H-0364,NPB Hitter 14,2022,NPB,NPB-T1,batter,31.5,516.0,136.154055350924,0.02,0.22200850314660742,0.11121145631679327,0.29736837767609964,0.012964507661433554,0.22734737786078674,0.25,0.44094829408440317,0.3109132900561614,280.55997778612,235.44002221388,0.3116339501472092,0.31019262996511365,NPB-P4,synthetic,True
H-0366,NPB Hitter 16,2022,NPB,NPB-T6,batter,28.0,446.0,117.25797615380652,0.0963083805914902,0.12469044279815417,0.13251042104471683,0.2888511774424858,0.02154272746361184,0.22824681621252485,0.29882224697517495,0.4613955387889654,0.3807829648107581,242.80791990914364,203.19208009085636,0.40593744595308584,0.3556284836684303,NPB-P2,synthetic,True
H-0367,NPB Hitter 17,2022,NPB,NPB-T5,batter,25.8,454.0,124.91341104536492,0.08510441076664109,0.1582759258524623,0.09986533395349333,0.33938482721975977,0.011589020254711428,0.2585235867658051,0.31621112112147964,0.4338038166754693,0.36371382896722626,227.28414404806958,226.71585595193042,0.36176484185414987,0.36566281608030266,NPB-P4,synthetic,True
H-0369,NPB Hitter 19,2022,NPB,NPB-T1,batter,26.0,528.0,143.05759171877514,0.08144091097051755,0.17990696821180263,0.1382505799124517,0.26231014092033983,0.026087049754716044,0.19766899936600088,0.2558212586830317,0.4644815940044857,0.36833335073257406,263.8716648119292,264.1283351880708,0.3465318467373702,0.3901348547277779,NPB-P1,synthetic,True
H-0370,NPB Hitter 20,2022,NPB,NPB-T7,batter,29.1,204.0,53.34287458275254,0.09734128749836798,0.22524805713493845,0.09725273633295707,0.2819056998362349,0.046480928661475546,0.1979380641768916,0.2692106198882712,0.42544330631658056,0.3821277369699942,95.89060808649391,108.10939191350609,0.38682616595856406,0.3774293079814243,NPB-P1,synthetic,True
H-0371,NPB Hitter 21,2022,NPB,NPB-T6,batter,28.7,551.0,140.2290084219182,0.05883742999331944,0.14981371146730832,0.10953425545551879,0.30781633158254684,0.0284358612418106,0.24785548182389694,0.27806852236718227,0.44031588861377347,0.3547580326673798,282.3928327864693,268.6071672135307,0.3508870385416102,0.35862902679314945,NPB-P5,synthetic,True
H-0372,NPB Hitter 22,2022,NPB,NPB-T6,batter,26.1,344.0,86.60247180685226,0.09295700893359599,0.2125851950244867,0.12614089276384471,0.2717599310782884,0.02533959314934206,0.1925267417615328,0.2628102314438143,0.4533168858716735,0.37236900698544056,171.89370336678004,172.10629663321996,0.3849004004758835,0.35983761349499765,NPB-P3,synthetic,True
H-0376,NPB Hitter 26,2022,NPB,NPB-T4,batter,29.8,315.0,78.80293117000744,0.048584870240336295,0.18844848031562422,0.12151996085116695,0.2983650083651695,0.01810444646113448,0.23035821771288634,0.2534631659096809,0.4513564616876839,0.3415671423792076,153.76591601204387,161.23408398795613,0.3560228083351508,0.3271114764232644,NPB-P3,synthetic,True
H-0377,NPB Hitter 27,2022,NPB,NPB-T6,batter,31.6,492.0,126.49913332521392,0.05958906877226583,0.18633222369471247,0.02,0.2660113842026568,0.005,0.2013435207886095,0.25,0.3466011384202657,0.27031633261151594,264.80568474773105,227.19431525226895,0.2622489002600917,0.2783837649629402,NPB-P2,synthetic,True
H-0378,NPB Hitter 28,2022,NPB,NPB-T3,batter,25.1,556.0,142.8234816860075,0.07564984371112511,0.1504688877300044,0.22246607737814716,0.26976951141484196,0.035214983262598726,0.21405181920161437,0.26354245825212724,0.5494430285196313,0.421424047087302,291.1086258655647,264.8913741344353,0.39557686895754823,0.4472712252170558,NPB-P3,synthetic,True
H-0379,NPB Hitter 29,2022,NPB,NPB-T1,batter,29.6,349.0,98.12998490748224,0.06171774052225244,0.16940515176913565,0.13172549065949718,0.23972001467356885,0.005,0.18506523154207963,0.25,0.45569749212685406,0.32405344336404923,187.93830122003,161.06169877997,0.30341069944983234,0.3446961872782661,NPB-P4,synthetic,True
H-0380,NPB Hitter 30,2022,NPB,NPB-T6,batter,29.3,279.0,67.09123625890815,0.06488230064562936,0.11823837128031688,0.07362272951883772,0.2982370669867299,0.015102940119712867,0.2458891359048534,0.2841436260438362,0.4034464362175107,0.3238857312403983,129.65041655133845,149.34958344866155,0.32282907474633804,0.3249423877344586,NPB-P3,synthetic,True
H-0381,NPB Hitter 31,2022,NPB,NPB-T5,batter,28.0,286.0,71.89692921869542,0.09289952853477072,0.14244076922525328,0.14082575840806064,0.32804489018599303,0.021274351906927683,0.25403386083700624,0.3186579657806411,0.4736302474266599,0.39644646538010536,145.90755393735878,140.09244606264122,0.3847502828227254,0.40814264793748534,NPB-P4,synthetic,True
H-0382,NPB Hitter 32,2022,NPB,NPB-T5,batter,25.6,330.0,81.47733398394178,0.09886053552842261,0.1924546462645259,0.19125095034796677,0.32560571298503965,0.005,0.23150182551398021,0.3065371784910048,0.5238115216464707,0.41285239710604144,166.38293144039034,163.61706855960966,0.43309062766886963,0.39261416654321324,NPB-P5,synthetic,True
H-0383,NPB Hitter 33,2022,NPB,NPB-T2,batter,29.5,588.0,162.3725231814459,0.060427605778807306,0.17058582138882755,0.09596399622680363,0.2875381860333098,0.007473655537435807,0.22223405256680528,0.2594293095913782,0.4247178148301346,0.32244417706525774,298.8762035622281,289.1237964377719,0.3405645893543864,0.3043237647761291,NPB-P5,synthetic,True
H-0384,NPB Hitter 34,2022,NPB,NPB-T3,batter,26.3,625.0,178.01034933383738,0.07666435067214886,0.1373490389067119,0.09113011566211836,0.3090322043918153,0.03038859421558901,0.24745346397323395,0.29527000802895487,0.4220333361012999,0.35929761541583477,282.9549169579929,342.0450830420071,0.36881803322255197,0.3497771976091176,NPB-P1,synthetic,True
H-0385,NPB Hitter 35,2022,NPB,NPB-T2,batter,30.2,433.0,104.37349059095263,0.09728130802577514,0.19179426197571584,0.14105438973939538,0.28095287139024877,0.005,0.20048625994955702,0.27704394198037646,0.46914967687842024,0.3685103349612971,216.25011504405458,216.74988495594542,0.3671835933725007,0.36983707655009346,NPB-P5,synthetic,True
H-0390,NPB Hitter 40,2022,NPB,NPB-T3,batter,26.0,398.0,107.5521138242568,0.10909831910039602,0.1679426652931817,0.0636518238009507,0.28525616348596927,0.026249654579172152,0.21016596333635684,0.2947039827349289,0.3921774401495476,0.3548416728021443,214.6710252864745,183.3289747135255,0.3368796593826494,0.3728036862216392,NPB-P4,synthetic,True
H-0201,Hitter 201,2022,NPB,NPB-T4,batter,28.2,609.0,162.77802323872442,0.050428098275202,0.16550351933184104,0.14379781115509807,0.3144712581393786,0.023417284270954453,0.2500795633190637,0.27233837188578053,0.47524493696903597,0.36552896112058686,308.4931631687826,300.5068368312174,0.35062313084382757,0.38043479139734615,NPB-P1,synthetic,True
H-0202,Hitter 202,2022,NPB,NPB-T2,batter,24.9,576.0,145.02903784908077,0.08559371974271111,0.1692735644092138,0.1533802437733721,0.3328908091474388,0.047341294444882845,0.2551490268676267,0.308836769173516,0.4866693246881159,0.4233936860972506,316.59631653456205,259.40368346543795,0.4331104056670915,0.41367696652740965,NPB-P4,synthetic,True
H-0203,Hitter 203,2022,NPB,NPB-T3,batter,24.7,471.0,126.76576781808392,0.03749183916242471,0.24453042295112087,0.06709878290414957,0.2629714055327603,0.00981922116573586,0.19028049804809308,0.25,0.3933959234574256,0.2840259089966079,236.96752092135992,234.03247907864008,0.2748983598021585,0.2931534581910573,NPB-P2,synthetic,True
H-0205,Hitter 205,2022,NPB,NPB-T7,batter,23.8,547.0,147.72610087209986,0.06468375431727269,0.26283477584980675,0.08117083948821437,0.3061179673173896,0.005,0.2066086606038641,0.25,0.4117826362199533,0.32156387830169514,285.76014446816106,261.23985553183894,0.3169627812509504,0.3261649753524399,NPB-P3,synthetic,True
H-0206,Hitter 206,2022,NPB,NPB-T6,batter,31.7,580.0,141.93729398389655,0.02,0.15411259331558308,0.02,0.25975284274662674,0.024683382939721263,0.21822910911587487,0.25,0.3459752842746627,0.2581285396070685,270.30241373143633,309.69758626856367,0.2503746054081541,0.2658824738059829,NPB-P2,synthetic,True
H-0207,Hitter 207,2022,NPB,NPB-T4,batter,26.5,516.0,141.50270153994646,0.10232318853119542,0.22303602347646373,0.14656065240859784,0.2598149983884404,0.026735332920344905,0.17929209518305797,0.26007680425170104,0.4725421522474419,0.38723163986083015,265.40280628224986,250.59719371775014,0.3705721172439768,0.4038911624776835,NPB-P1,synthetic,True
H-0208,Hitter 208,2022,NPB,NPB-T5,batter,28.6,469.0,114.3138590864181,0.06186018716134915,0.21075036949691794,0.1816676055741139,0.2799745886474992,0.012908807933532482,0.20558688137616496,0.25,0.5096650644388638,0.37282834724551095,225.92253544389072,243.07746455610928,0.3586548436576701,0.3870018508333518,NPB-P5,synthetic,True
H-0209,Hitter 209,2022,NPB,NPB-T5,batter,24.9,405.0,112.92471789065462,0.06491231540891221,0.23324103610950586,0.11722318320784889,0.2980279592389488,0.016620870387855008,0.21166305490384002,0.2531652473200078,0.4470259791317438,0.3491799406332571,187.47342246614318,217.52657753385682,0.34240526124720344,0.3559546200193107,NPB-P2,synthetic,True
H-0210,Hitter 210,2022,NPB,NPB-T5,batter,27.8,215.0,59.45064803669403,0.12211387813446464,0.25301869092236234,0.082708592959345,0.34178981425708166,0.022352867904700105,0.21692625334307192,0.31432986897609483,0.4168875743850532,0.39071345692597365,114.36110959002777,100.63889040997223,0.39655877308336185,0.38486814076858544,NPB-P2,synthetic,True
H-0211,Hitter 211,2022,NPB,NPB-T7,batter,28.0,208.0,58.50714116557302,0.08539742659720996,0.1649501537115178,0.06885918701263245,0.30844591829489687,0.010120438901511061,0.23274529482889256,0.29350193269150926,0.3997037788421221,0.33471521788956865,104.25297783660444,103.74702216339556,0.3089493819302317,0.3604810538489056,NPB-P1,synthetic,True
H-0213,Hitter 213,2022,NPB,NPB-T7,batter,25.2,256.0,62.311096412413754,0.07045655376123053,0.28148582028314445,0.14784545559861312,0.3071006917974071,0.023587118721703465,0.20255701306381327,0.25,0.47855552477835384,0.37934823719072425,119.28731666388745,136.71268333611255,0.3617401905903511,0.3969562837910974,NPB-P5,synthetic,True
H-0215,Hitter 215,2022,NPB,NPB-T3,batter,29.5,422.0,106.97450453074258,0.07879911794136008,0.25500201554241525,0.16532628117126563,0.2854564287542708,0.019233983988790185,0.19305584687418317,0.25,0.4938719240466927,0.3833091728570541,204.94082025279738,217.05917974720262,0.3763456438493857,0.39027270186472257,NPB-P2,synthetic,True
H-0218,Hitter 218,2022,NPB,NPB-T6,batter,31.9,533.0,149.80274447225727,0.02,0.312691443877458,0.08669137624413104,0.28474159356981976,0.005,0.19076050167310812,0.25,0.415165535601113,0.285839814683709,281.76157062874364,251.23842937125636,0.2917896892570724,0.2798899401103456,NPB-P2,synthetic,True
H-0219,Hitter 219,2022,NPB,NPB-T3,batter,24.9,491.0,124.92900562065249,0.02,0.19103033672661063,0.1803798567881174,0.266053461650819,0.011009392197937144,0.21155951888105684,0.25,0.5069852029531993,0.3362360857893946,255.23515039994737,235.76484960005263,0.33998590044738214,0.3324862711314071,NPB-P1,synthetic,True
H-0351,NPB Hitter 1,2023,NPB,NPB-T7,batter,32.6,497.0,136.61284877058387,0.02,0.25009694105950125,0.02,0.32276847867454345,0.005,0.23633969991412038,0.25,0.35227684786745433,0.2624689675360902,228.8324113944035,268.1675886055965,0.27825500253338725,0.2466829325387932,NPB-P3,synthetic,True
H-0353,NPB Hitter 3,2023,NPB,NPB-T7,batter,30.5,454.0,108.14991261593273,0.0628253996596706,0.15208951219558647,0.10136547587467248,0.30616706362609847,0.019338386926523007,0.24326795417289107,0.27915587618019194,0.4319821822372823,0.34429181199584447,248.40585086547745,205.59414913452255,0.344331165450553,0.34425245854113595,NPB-P1,synthetic,True
H-0354,NPB Hitter 4,2023,NPB,NPB-T6,batter,32.0,558.0,156.03022009999478,0.02,0.1422716189906486,0.0631939809638942,0.2995505163987611,0.005,0.2516919691332493,0.25,0.3931490326037703,0.2780993702697082,280.0258390466052,277.9741609533948,0.29404193738759776,0.26215680315181866,NPB-P4,synthetic,True
H-0355,NPB Hitter 5,2023,NPB,NPB-T3,batter,30.7,256.0,67.7520789675425,0.025126799804022715,0.22323008819236553,0.060538594356496,0.32349208976838856,0.03739911554624082,0.24876046839399946,0.25,0.39288780333333484,0.31776642216944145,121.89566162304756,134.10433837695246,0.2974673131024235,0.3380655312364594,NPB-P5,synthetic,True
H-0356,NPB Hitter 6,2023,NPB,NPB-T7,batter,30.5,495.0,138.71319773599967,0.04666568515345,0.20085718072331685,0.08614862993599484,0.27712543237854026,0.010426660088000153,0.21009455016206585,0.25,0.4138611731738489,0.3064256214839014,266.0509668844145,228.9490331155855,0.2939072845271225,0.3189439584406803,NPB-P2,synthetic,True
H-0357,NPB Hitter 7,2023,NPB,NPB-T2,batter,26.2,397.0,99.27595074164128,0.05205781453214265,0.22390073301694174,0.16830330781301256,0.3067427141743981,0.018385135118485958,0.22485221056734012,0.2519428108017532,0.4989775792304524,0.3729138610373335,188.58562008576249,208.41437991423751,0.36550546085832636,0.3803222612163406,NPB-P3,synthetic,True
H-0358,NPB Hitter 8,2023,NPB,NPB-T5,batter,25.6,556.0,137.16073473726945,0.11160498127461138,0.14271665104119832,0.12421210877055211,0.28202252204072537,0.02423299879873436,0.21393304370531682,0.30087326577156737,0.4524143609746246,0.3869577283491464,302.25332384911366,253.74667615088634,0.3891120060671286,0.38480345063116417,NPB-P1,synthetic,True
H-0360,NPB Hitter 10,2023,NPB,NPB-T7,batter,30.8,561.0,143.87986983426734,0.02,0.14498569328042468,0.08687510960908555,0.2930511019654287,0.005,0.24545186274107003,0.25,0.4161802198056284,0.2888491959728971,272.9886789912332,288.0113210087668,0.2771554052645425,0.3005429866812517,NPB-P3,synthetic,True
H-0361,NPB Hitter 11,2023,NPB,NPB-T7,batter,30.9,300.0,76.27106589379038,0.04440905408052678,0.21141536919686818,0.13213626015969293,0.2807846595647174,0.005,0.20970308596643386,0.25,0.46021472611616465,0.32653591179185093,160.83668921818358,139.16331078181642,0.3372947559526857,0.31577706763101615,NPB-P5,synthetic,True
H-0362,NPB Hitter 12,2023,NPB,NPB-T2,batter,31.2,336.0,90.79998763764567,0.025630189491017252,0.1998494548865594,0.11330072657592445,0.3253823585334614,0.005,0.25276526004459937,0.25244392353115674,0.44583896242927057,0.318640357747182,164.78693259224318,171.21306740775682,0.31413716319041923,0.3231435523039448,NPB-P1,synthetic,True
H-0363,NPB Hitter 13,2023,NPB,NPB-T4,batter,25.5,327.0,85.44719751020766,0.08718201218127142,0.0982319895854019,0.07979404840402829,0.33622549745975816,0.020636256953756826,0.2769800210228175,0.33367813641305,0.41341659815000414,0.361165690518402,179.01252672805228,147.98747327194772,0.38001168266286106,0.342319698373943,NPB-P4,synthetic,True
H-0364,NPB Hitter 14,2023,NPB,NPB-T2,batter,31.6,428.0,108.4736687552809,0.02,0.23429233862275783,0.02961584096665064,0.2996564020040431,0.021893437892456208,0.22674009043902216,0.25,0.35958148116705496,0.2748725473362836,203.84483775344972,224.15516224655028,0.26475124991419546,0.2849938447583717,NPB-P3,synthetic,True
H-0365,NPB Hitter 15,2023,NPB,NPB-T3,batter,26.9,326.0,86.49258193315586,0.07798241675335782,0.1805716695353314,0.2005456664638902,0.32984623604955865,0.03495206239672646,0.24980595323151067,0.29808924623815936,0.5335302900688461,0.4317908470568894,158.0259011377013,167.9740988622987,0.4207015284990454,0.4428801656147334,NPB-P2,synthetic,True
H-0366,NPB Hitter 16,2023,NPB,NPB-T7,batter,28.2,452.0,111.6405217389707,0.08109897548599337,0.13946396699872637,0.12984703843489762,0.31121550096473194,0.02715915256423853,0.2466467672097303,0.29941458037857843,0.4609685885313708,0.3815538166248599,207.457580303035,244.542419696965,0.38381830233395453,0.3792893309157652,NPB-P3,synthetic,True
H-0367,NPB Hitter 17,2023,NPB,NPB-T2,batter,26.0,614.0,163.8473418276565,0.0877045176583555,0.17647207698278947,0.08991976714391291,0.29759565328873605,0.0413829296129516,0.22518528646485364,0.2847845799789753,0.4196793324727865,0.372252149592715,313.72742350406094,300.27257649593906,0.3567742695571322,0.38773002962829783,NPB-P4,synthetic,True
H-0368,NPB Hitter 18,2023,NPB,NPB-T3,batter,32.5,184.0,46.14505063236832,0.02743027488582868,0.18172422043967507,0.0958325222687853,0.3104294133578367,0.005,0.24625170607278615,0.25,0.42687546360456896,0.30505937434315483,86.29430974505838,97.70569025494162,0.28946388096668824,0.32065486771962143,NPB-P4,synthetic,True
H-0370,NPB Hitter 20,2023,NPB,NPB-T3,batter,29.3,594.0,152.68854143134033,0.08010916224313518,0.21513649249232109,0.08621410210941906,0.3050915065531405,0.040934171493101044,0.22115469067059693,0.27362227069510375,0.4167232527647331,0.36711695136776523,316.3267915965419,277.6732084034581,0.3661106617362929,0.36812324099923754,NPB-P2,synthetic,True
H-0371,NPB Hitter 21,2023,NPB,NPB-T2,batter,28.8,470.0,133.92388615560102,0.07984242516531836,0.1330996240267677,0.08946523561971498,0.35382420988890423,0.021483788177933234,0.2817027258080802,0.3304745669885696,0.4248476566086054,0.36826946002782246,234.220549592911,235.779450407089,0.36787604046265276,0.36866287959299215,NPB-P4,synthetic,True
H-0372,NPB Hitter 22,2023,NPB,NPB-T4,batter,26.2,605.0,167.5740569254605,0.08562012778724909,0.18467458295718678,0.1255996996433315,0.27933808616392314,0.020934674957087646,0.2069746802079044,0.2690711588551562,0.4535335082597238,0.3656234618736587,295.8644806579631,309.1355193420369,0.3767392968023275,0.3545076269449899,NPB-P4,synthetic,True
H-0374,NPB Hitter 24,2023,NPB,NPB-T5,batter,32.2,610.0,150.19546677527364,0.023256000317575395,0.22883999221569165,0.069065125158359,0.3068137724145076,0.020158248365423286,0.2324909871896099,0.25,0.39974650239980974,0.2997922629333588,329.05622997722287,280.94377002277713,0.31131242741740206,0.28827209844931556,NPB-P3,synthetic,True
H-0375,NPB Hitter 25,2023,NPB,NPB-T3,batter,26.3,288.0,70.63705234553768,0.057910609785201884,0.12540825451439216,0.11938790081039716,0.2770893649926687,0.015320737542357235,0.22859176792407052,0.26157490134864714,0.447096837309664,0.3369707138309153,138.15943100224843,149.84056899775157,0.3501314952620688,0.3238099323997618,NPB-P1,synthetic,True
H-0376,NPB Hitter 26,2023,NPB,NPB-T3,batter,30.0,586.0,159.06922819953223,0.07003429262227019,0.1831158747347772,0.12174211226620577,0.3079109062903589,0.03432180268735151,0.23511147923499712,0.27700118057097517,0.4525332028952416,0.37464060620224426,319.7947398943613,266.2052601056387,0.37391638026385043,0.3753648321406381,NPB-P3,synthetic,True
H-0377,NPB Hitter 27,2023,NPB,NPB-T2,batter,31.8,422.0,114.95308839480431,0.06411284978583978,0.2070215413806914,0.02,0.2811995240504275,0.005,0.20570666230069648,0.25,0.34811995240504273,0.27879882826773744,221.24900182744605,200.75099817255395,0.2909709768257808,0.26662667970969406,NPB-P5,synthetic,True
H-0378,NPB Hitter 28,2023,NPB,NPB-T7,batter,25.2,324.0,84.43636340223715,0.08164493548081836,0.1649134968445886,0.23747259799522788,0.3057277731675722,0.03324201888349704,0.23533431552956258,0.2889581469081526,0.5680453753119851,0.44468392133774576,148.01800787379455,175.98199212620545,0.4679314252778532,0.4214364173976383,NPB-P4,synthetic,True
H-0379,NPB Hitter 29,2023,NPB,NPB-T5,batter,29.8,220.0,52.620407755306886,0.03693483985956051,0.152721490934975,0.11474937265425492,0.24166367332904135,0.005,0.19658062775912613,0.25,0.43891573998715905,0.29804882852669706,99.86638528415355,120.13361471584645,0.29855722015243424,0.2975404369009599,NPB-P3,synthetic,True
H-0381,NPB Hitter 31,2023,NPB,NPB-T6,batter,28.2,404.0,97.94538187084162,0.1066799673391936,0.1511393504594907,0.10831096843085644,0.3143831193991029,0.025586307127067456,0.237167024097264,0.31667613756457713,0.43974928037076677,0.38730877797845326,207.94968472422354,196.05031527577646,0.4092931409037224,0.36532441505318414,NPB-P3,synthetic,True
H-0382,NPB Hitter 32,2023,NPB,NPB-T2,batter,25.8,388.0,94.70186625641655,0.09652175107601878,0.18501107013438065,0.16718568385095633,0.32870468689408433,0.011029270618061606,0.237817919640421,0.30906892721895934,0.5000561525403647,0.4044903358404241,192.17768491649687,195.82231508350313,0.37010582582307405,0.43887484585777414,NPB-P2,synthetic,True
H-0383,NPB Hitter 33,2023,NPB,NPB-T7,batter,29.6,570.0,159.28142164705946,0.06214893222724911,0.14418743884197144,0.07466605587636241,0.2963093360437089,0.005,0.2359199429305198,0.2738018808647169,0.4042969894807333,0.3127788509063718,268.896898055763,301.103101944237,0.30628641099939147,0.31927129081335215,NPB-P5,synthetic,True
H-0384,NPB Hitter 34,2023,NPB,NPB-T1,batter,26.5,536.0,139.05771983945723,0.08965074778446609,0.12258603959560095,0.11188518173794629,0.33127811775658006,0.01677154299339743,0.26348444576361757,0.32452259066761324,0.4450129935136043,0.3753341033138574,251.2321682781846,284.7678317218154,0.37375514448707653,0.3769130621406383,NPB-P3,synthetic,True
H-0385,NPB Hitter 35,2023,NPB,NPB-T6,batter,30.4,566.0,148.51887041398723,0.0752509885562278,0.20011327419377428,0.1015298946977756,0.26232739376588876,0.005,0.1908418043824153,0.25,0.42776263407436443,0.3248317218911971,298.7656757528267,267.2343242471733,0.31734138078639973,0.3323220629959944,NPB-P5,synthetic,True
H-0386,NPB Hitter 36,2023,NPB,NPB-T6,batter,27.1,290.0,69.18717072352031,0.059314209214110784,0.12846401137105914,0.14406365403774948,0.2985736737802188,0.02207166651547757,0.24581879058151396,0.27757144575788384,0.47392102141577136,0.36512024185764613,136.69790977637726,153.30209022362274,0.34369421578129394,0.3865462679339983,NPB-P2,synthetic,True
H-0387,NPB Hitter 37,2023,NPB,NPB-T3,batter,25.1,398.0,96.23752206114078,0.0887450389728731,0.1313358794588635,0.0710234457532016,0.3039768994936488,0.03440120826390076,0.24223756551064002,0.3021146848168225,0.40142113570256643,0.3585374247055598,211.37786966684777,186.62213033315223,0.32467057202326105,0.3924042773878586,NPB-P1,synthetic,True
H-0389,NPB Hitter 39,2023,NPB,NPB-T3,batter,28.2,603.0,148.7551112816176,0.08906341698883333,0.10043908860380939,0.16782370857542173,0.2613118373338881,0.031134606473805383,0.21646278038917,0.2796767474651226,0.4939548923088105,0.39412772050195094,288.2107522628853,314.7892477371147,0.3781929606374732,0.41006248036642867,NPB-P4,synthetic,True
H-0390,NPB Hitter 40,2023,NPB,NPB-T1,batter,26.2,507.0,121.86489239833844,0.11126739994614052,0.17923708760150978,0.08274522515305525,0.2888799386225572,0.02336799863358622,0.20846421988525246,0.2957305180273336,0.41163321901531097,0.3655362310846013,234.10484190485715,272.89515809514285,0.3524103311722242,0.37866213099697843,NPB-P5,synthetic,True
H-0201,Hitter 201,2023,NPB,NPB-T7,batter,28.4,296.0,72.23236731200636,0.039972808324223376,0.1858680769078576,0.1462511443540804,0.32985372339825353,0.019102086805296625,0.2582245795296885,0.269796148182228,0.47923651669390577,0.3610597765358563,133.9209823691889,162.0790176308111,0.37234790221582653,0.3497716508558861,NPB-P4,synthetic,True
H-0202,Hitter 202,2023,NPB,NPB-T4,batter,25.1,192.0,47.15467260095813,0.09238777985272545,0.1792369048089629,0.1148403873307919,0.32975834881337646,0.05017021127408151,0.24771337299349627,0.30855683702487113,0.4478162222121295,0.40840227116019845,87.2809323692656,104.7190676307344,0.40377402738310914,0.41303051493728776,NPB-P4,synthetic,True
H-0203,Hitter 203,2023,NPB,NPB-T4,batter,24.9,447.0,106.63618099627502,0.0478167668434262,0.2569771693340058,0.06707477901344397,0.28572606798107436,0.006743407643275015,0.19965000619911347,0.25,0.3956473858115514,0.29643605592011607,231.1728174838272,215.8271825161728,0.2957024980635128,0.29716961377671935,NPB-P1,synthetic,True
H-0204,Hitter 204,2023,NPB,NPB-T4,batter,27.0,412.0,104.40869858632301,0.07513094377620821,0.1727227656653623,0.1546398846626841,0.2713422701353641,0.010088378148828079,0.20560233867634167,0.2588111175348239,0.48177411167622053,0.3616929320891447,214.11744145737262,197.88255854262738,0.39301503937000065,0.3303708248082888,NPB-P2,synthetic,True
H-0206,Hitter 206,2023,NPB,NPB-T1,batter,31.8,509.0,123.17083479637915,0.02,0.15533764259960867,0.02,0.2604977091042126,0.012788056381133,0.21674086334445128,0.25,0.3460497709104213,0.24768344892949412,229.4117114528119,279.5882885471881,0.25421638664681223,0.241150511212176,NPB-P4,synthetic,True
H-0207,Hitter 207,2023,NPB,NPB-T1,batter,26.6,438.0,124.01287285164193,0.10716754745245141,0.22042427131469838,0.14161654320603212,0.2694230344012304,0.033802098184571625,0.1862325672716527,0.2702135747420217,0.46855884664615516,0.39762633238657874,234.49904023877778,203.50095976122222,0.41610681064176736,0.3791458541313901,NPB-P3,synthetic,True
H-0208,Hitter 208,2023,NPB,NPB-T4,batter,28.7,230.0,57.453398704539524,0.05875607087102101,0.21715228165987627,0.1470982067965517,0.2871978675958526,0.007043997168420793,0.20901417667235722,0.25,0.4758179935561369,0.34889211445794527,123.00208007657363,106.99791992342637,0.3431818130172735,0.354602415898617,NPB-P3,synthetic,True
H-0209,Hitter 209,2023,NPB,NPB-T4,batter,25.1,424.0,113.67471322970637,0.07658391522791501,0.21157225354283268,0.10093870387292685,0.3100701322025747,0.02951759640984905,0.2251491503183189,0.2752332749990724,0.4319457170931843,0.3642154108294155,204.78008515057476,219.21991484942524,0.36684281788376916,0.36158800377506184,NPB-P2,synthetic,True
H-0211,Hitter 211,2023,NPB,NPB-T7,batter,28.2,422.0,102.03499214090462,0.07334807703681377,0.16953241129615185,0.07236534974225928,0.27172606752257467,0.00815700421471536,0.20695265818210265,0.2585042738317196,0.39953795649451673,0.3135900237101572,196.34247043964183,225.65752956035817,0.3108838255418623,0.31629622187845213,NPB-P2,synthetic,True
H-0212,Hitter 212,2023,NPB,NPB-T6,batter,26.9,464.0,116.24740157555114,0.12924121013335738,0.1806298646613135,0.16817373825903945,0.2495088786461674,0.018525550455145822,0.17497212681753826,0.2842151749576971,0.49312462612365615,0.4069655060716117,213.9508143488754,250.0491856511246,0.39190881352387097,0.4220221986193524,NPB-P4,synthetic,True
H-0213,Hitter 213,2023,NPB,NPB-T5,batter,25.3,648.0,154.95974293369946,0.0718994648466973,0.29261787555060104,0.08971597737946307,0.337139152233489,0.024448319477144796,0.21791333303910942,0.26472094145248126,0.42342989260281194,0.3596756037625443,344.32316329949117,303.67683670050883,0.3622681828695717,0.35708302465551695,NPB-P3,synthetic,True
H-0216,Hitter 216,2023,NPB,NPB-T5,batter,31.7,469.0,133.15140670493759,0.02,0.22680061795413342,0.1581931493090409,0.3081063750305363,0.005,0.23281553127739193,0.25,0.4890037868120945,0.33334346338066023,243.60530845758404,225.39469154241596,0.3465094068050531,0.32017751995626736,NPB-P5,synthetic,True
H-0218,Hitter 218,2023,NPB,NPB-T2,batter,32.0,256.0,63.656232521212694,0.02,0.3312169740842494,0.11341815450948792,0.29365059438461966,0.005,0.19126552118681225,0.25,0.4427832139479499,0.30365769301483525,130.1779851536724,125.82201484632759,0.2921262258966007,0.3151891601330698,NPB-P4,synthetic,True
H-0219,Hitter 219,2023,NPB,NPB-T7,batter,25.0,180.0,47.43292563803272,0.02,0.2157536487980941,0.1782723477279697,0.2681449032483224,0.014512334024662042,0.20710561400461777,0.25,0.505086838052802,0.33896160800949204,91.88345229418631,88.11654770581369,0.3268704477908118,0.3510527682281723,NPB-P4,synthetic,True
H-0220,Hitter 220,2023,NPB,NPB-T5,batter,29.5,189.0,52.84897042887907,0.05877258082476504,0.2000242299982519,0.02,0.2911044874171446,0.029672673235548237,0.2202184754426508,0.25296339783635174,0.3491104487417145,0.3007327830853296,93.02228784888419,95.97771215111581,0.2840659126196123,0.3173996535510469,NPB-P4,synthetic,True
H-0351,NPB Hitter 1,2024,NPB,NPB-T3,batter,32.7,453.0,118.96247088547183,0.02,0.22055897174417577,0.02,0.2997706850466877,0.005,0.2284081572928093,0.25,0.34997706850466875,0.2544197397663407,219.01835194036272,233.98164805963728,0.2794602583894651,0.22937922114321632,NPB-P5,synthetic,True
H-0352,NPB Hitter 2,2024,NPB,NPB-T4,batter,30.3,502.0,121.70393910690977,0.046908540568555535,0.21365544698085706,0.09548482437972926,0.28905566241157155,0.009992430895470354,0.21523703102419617,0.25,0.4243903906208864,0.31551530145681334,227.86891037215548,274.1310896278445,0.31892005261891304,0.31211055029471363,NPB-P2,synthetic,True
H-0353,NPB Hitter 3,2024,NPB,NPB-T4,batter,30.6,534.0,138.76866507740058,0.05923575063687836,0.13515940267392879,0.13341014212665872,0.32632031051802673,0.005,0.2636352237264447,0.29583245199067865,0.4660421731784614,0.3535527122967865,265.62769294004033,268.37230705995967,0.3530933292268721,0.35401209536670086,NPB-P3,synthetic,True
H-0354,NPB Hitter 4,2024,NPB,NPB-T6,batter,32.1,344.0,94.10167816493549,0.02,0.15269889322013247,0.05462350226859444,0.30433729008774,0.005,0.2525285769239729,0.25,0.3850572312773684,0.27506097777843597,176.9853504665594,167.0146495334406,0.2731838409469962,0.2769381146098757,NPB-P4,synthetic,True
H-0356,NPB Hitter 6,2024,NPB,NPB-T2,batter,30.6,588.0,144.09496780738542,0.03905445451356981,0.20190638749427398,0.10599278732073239,0.2503412314049176,0.014019576938432938,0.19212173403707314,0.25,0.43102691046122416,0.30587120142221247,288.4351222605968,299.5648777394032,0.3321464228935946,0.27959597995083035,NPB-P3,synthetic,True
H-0357,NPB Hitter 7,2024,NPB,NPB-T7,batter,26.3,218.0,53.85396648674379,0.0497159313286785,0.21218110877483684,0.19275086259991245,0.3232735719346538,0.030662559899992226,0.24320856428627596,0.2644641935998279,0.5250782197933778,0.4015561804471486,99.51496730583672,118.48503269416328,0.41217535400747374,0.3909370068868234,NPB-P5,synthetic,True
H-0359,NPB Hitter 9,2024,NPB,NPB-T5,batter,28.0,287.0,81.93279446636227,0.05276627479531866,0.15039965073459322,0.15301433343508936,0.2977428002525989,0.029157761959613174,0.24162527296335393,0.2662927225977894,0.48278861346034924,0.37154624159808364,143.14119267013155,143.85880732986845,0.3613548228621515,0.3817376603340158,NPB-P4,synthetic,True
H-0360,NPB Hitter 10,2024,NPB,NPB-T4,batter,31.0,334.0,81.09659651461216,0.02,0.1831333693638612,0.11758116045216943,0.3519783511993668,0.005,0.2812298027771029,0.2724318224993927,0.4527789955721061,0.3263620611684716,160.18807884965756,173.81192115034244,0.32479860464722415,0.32792551768971906,NPB-P3,synthetic,True
H-0361,NPB Hitter 11,2024,NPB,NPB-T4,batter,31.1,348.0,91.4200766784496,0.04534120639100559,0.21233770188223744,0.10310183359603714,0.3099143624026524,0.005,0.23080596784053875,0.25239157744749047,0.43409326983630236,0.32141487979245265,156.8568893824798,191.1431106175202,0.3382043220466801,0.3046254375382252,NPB-P4,synthetic,True
H-0362,NPB Hitter 12,2024,NPB,NPB-T5,batter,31.4,504.0,132.1557511370019,0.03168334551195629,0.20683757927092106,0.10135672557473868,0.31871941919954727,0.005,0.2434481685858097,0.250111697239185,0.4332286674946934,0.3139763376443172,265.2225421306776,238.7774578693224,0.31011929167813024,0.31783338361050417,NPB-P1,synthetic,True
H-0363,NPB Hitter 13,2024,NPB,NPB-T4,batter,25.6,348.0,91.21266628133526,0.08742789503421561,0.11580275900969746,0.07085348737534153,0.33066096614251816,0.018117004317126803,0.26617807237415103,0.32454236458813945,0.4039195839895933,0.3522055866156842,170.69303001297547,177.30696998702453,0.3286657780449752,0.37574539518639316,NPB-P5,synthetic,True
H-0365,NPB Hitter 15,2024,NPB,NPB-T3,batter,27.0,352.0,95.58022966742507,0.06460537978569576,0.1700423910152326,0.14154673862453893,0.28115176936689024,0.03241926592611124,0.22004302331712938,0.25826749987108716,0.46966191556122794,0.3706549307053952,186.3519401759081,165.6480598240919,0.380829076311737,0.36048078509905335,NPB-P1,synthetic,True
H-0366,NPB Hitter 16,2024,NPB,NPB-T7,batter,28.3,356.0,85.44607279473028,0.08156734096470573,0.14300991516764983,0.12163495629022814,0.2956859037825147,0.024334907008851814,0.23293181088534962,0.2879207583153254,0.4512035466684796,0.36938784726676627,186.8093425052591,169.1906574947409,0.362482421636767,0.3762932728967655,NPB-P2,synthetic,True
H-0368,NPB Hitter 18,2024,NPB,NPB-T5,batter,32.7,448.0,126.08291857049487,0.03511814446887161,0.1882123689833982,0.07839345510840896,0.3112377414530532,0.005,0.24247885684861803,0.2526741156326278,0.40951722925371425,0.3011323109464037,216.4308542852929,231.5691457147071,0.30216613796458286,0.3000984839282245,NPB-P3,synthetic,True
H-0369,NPB Hitter 19,2024,NPB,NPB-T1,batter,26.3,503.0,137.4809191684908,0.10116477986933307,0.14676429748986078,0.13852095043969248,0.3007484494563398,0.03071521903983145,0.23079144672139607,0.30473052734821227,0.4685957953853265,0.39990752309593125,231.36126854899476,271.63873145100524,0.3841104611166884,0.4157045850751741,NPB-P1,synthetic,True
H-0370,NPB Hitter 20,2024,NPB,NPB-T2,batter,29.4,424.0,104.78754861914265,0.06274891982604769,0.18252867835612158,0.14740326306786342,0.2940633129773187,0.048513034191328505,0.22921312498544974,0.26249147269712314,0.4768095943655952,0.39157992887981546,196.11839667364504,227.88160332635496,0.40579697236241574,0.3773628853972152,NPB-P3,synthetic,True
H-0371,NPB Hitter 21,2024,NPB,NPB-T3,batter,29.0,317.0,86.11138531773857,0.04758438845354531,0.1300727564537471,0.0942150632282014,0.32315085517154385,0.028821695850541052,0.27006405124499855,0.28675110563422096,0.4265301487453558,0.3441696822685198,146.9385670592828,170.0614329407172,0.34881931279120815,0.33952005174583144,NPB-P2,synthetic,True
H-0372,NPB Hitter 22,2024,NPB,NPB-T3,batter,26.4,181.0,51.104601663747125,0.08015539450743772,0.18997149716267292,0.10148093442199817,0.2976763792380883,0.021499890337933644,0.2204909677415805,0.2756947802792391,0.431248572345807,0.35545992412477656,86.03510528361436,94.96489471638564,0.3701974027760737,0.3407224454734794,NPB-P1,synthetic,True
H-0373,NPB Hitter 23,2024,NPB,NPB-T3,batter,25.7,300.0,83.87008236243501,0.07523172313326239,0.13184095230491502,0.21061440359056835,0.28746943345222514,0.021120253648793552,0.2311104068078948,0.28037985501778057,0.5393613469357909,0.4081226581602892,164.55669774146727,135.44330225853273,0.3626228200668612,0.4536224962537172,NPB-P1,synthetic,True
H-0374,NPB Hitter 24,2024,NPB,NPB-T2,batter,32.3,489.0,127.90318822693567,0.02431930866730607,0.24051144075614522,0.0767376704106077,0.3266184508028007,0.027757850297231837,0.24428351924575312,0.25,0.40939951549088777,0.3185277578414374,254.78332097142362,234.21667902857638,0.32628593427072533,0.31076958141214944,NPB-P2,synthetic,True
H-0375,NPB Hitter 25,2024,NPB,NPB-T3,batter,26.4,502.0,129.07096537711863,0.06293081346449886,0.11569462655607589,0.1073542986956252,0.2815086115114981,0.03308680871099985,0.2361870332173257,0.271032424184107,0.43550515984677496,0.35140257557666726,266.6676533311477,235.33234666885232,0.3439469995842701,0.3588581515690644,NPB-P2,synthetic,True
H-0377,NPB Hitter 27,2024,NPB,NPB-T2,batter,31.9,349.0,99.42905976288743,0.04747553906787945,0.2041833917620269,0.02,0.25951219389424907,0.005,0.19495363264149898,0.25,0.3459512193894249,0.2595621452105028,175.04819102245276,173.95180897754724,0.2627194335213876,0.256404856899618,NPB-P1,synthetic,True
H-0378,NPB Hitter 28,2024,NPB,NPB-T7,batter,25.4,599.0,142.66210097833638,0.07554588428452566,0.1291470543776943,0.23617379740370067,0.30027693291255325,0.030792086979502087,0.2434311781491298,0.2904770128765097,0.566201490694956,0.4355875123721488,280.0679661523327,318.9320338476673,0.4391421374453693,0.43203288729892836,NPB-P5,synthetic,True
H-0379,NPB Hitter 29,2024,NPB,NPB-T7,batter,29.9,296.0,74.89413792767586,0.04229062257500869,0.19019351908121965,0.1406348363696523,0.2395284849851027,0.022863932860059506,0.18727150068013326,0.25,0.46458768486816254,0.33136510512465434,153.22208262273966,142.77791737726034,0.3443068091354385,0.3184234011138702,NPB-P3,synthetic,True
H-0380,NPB Hitter 30,2024,NPB,NPB-T5,batter,29.6,534.0,140.5643734244219,0.05963327815695016,0.14322282984227158,0.1007981957536557,0.2814809135779018,0.03556328193506254,0.2297152832636827,0.26157599003303117,0.4289462871114459,0.34770757586819767,283.9336771998487,250.06632280015128,0.34606658720425854,0.3493485645321368,NPB-P3,synthetic,True
H-0381,NPB Hitter 31,2024,NPB,NPB-T6,batter,28.3,571.0,144.69063292147462,0.1012496863474179,0.15207542642231522,0.1345937261066321,0.2957949078974577,0.025719335318923443,0.22472052979545995,0.3000260528952772,0.4641732168963778,0.3915769493529815,271.3648069937287,299.6351930062713,0.40552576785642747,0.3776281308495355,NPB-P3,synthetic,True
H-0382,NPB Hitter 32,2024,NPB,NPB-T7,batter,25.9,642.0,154.84031100639902,0.08910080955992164,0.17129197746243197,0.1565042341835379,0.3403768731221105,0.043659298786067155,0.25829408530980025,0.31567148100262277,0.490541921495749,0.42687316999309005,341.64554072405804,300.35445927594196,0.42978667148153565,0.42395966850464445,NPB-P3,synthetic,True
H-0384,NPB Hitter 34,2024,NPB,NPB-T5,batter,26.6,409.0,105.82261644242742,0.07786052317898494,0.1015999752629753,0.11142149090188193,0.2980780634616893,0.033210499390442884,0.24956640052680673,0.2979868662354012,0.4412292972480508,0.37000095788431436,198.17667846795618,210.82332153204382,0.375535903038755,0.3644660127298737,NPB-P1,synthetic,True
H-0385,NPB Hitter 35,2024,NPB,NPB-T3,batter,30.5,561.0,142.77771220754892,0.11124920339162678,0.18333090234341864,0.1423144498538752,0.3055159264971853,0.005,0.21626701256590408,0.30521451470094046,0.4728660425035937,0.38757796406778494,262.7375646058978,298.2624353941022,0.38905731384043224,0.38609861429513764,NPB-P5,synthetic,True
H-0386,NPB Hitter 36,2024,NPB,NPB-T7,batter,27.2,333.0,93.44221335493091,0.06318263736685166,0.11586014994034607,0.12162218291376323,0.3051469856324643,0.01836362443250114,0.2532671624513136,0.28864399427464627,0.4521368814770096,0.35444875371997947,155.65668835979508,177.34331164020492,0.3981724740174386,0.31072503342252034,NPB-P2,synthetic,True
H-0387,NPB Hitter 37,2024,NPB,NPB-T1,batter,25.2,275.0,71.98521622451857,0.10487212211443943,0.12502774210320838,0.07182160388418639,0.3253226313397904,0.030178063406384965,0.2550577120788024,0.33035002442549966,0.40435386701816545,0.3739355456510832,125.37417416703455,149.62582583296546,0.3825134372735832,0.3653576540285832,NPB-P1,synthetic,True
H-0388,NPB Hitter 38,2024,NPB,NPB-T3,batter,31.0,300.0,76.11942604525869,0.02,0.16468912648597997,0.10268672381509472,0.33556300454057253,0.005,0.2743381663509632,0.2662293497158669,0.436243024269152,0.3124247496875025,160.964420796183,139.035579203817,0.30302678262398963,0.32182271675101537,NPB-P4,synthetic,True
H-0389,NPB Hitter 39,2024,NPB,NPB-T3,batter,28.3,239.0,67.18108049442677,0.09744027649817981,0.06727887070739445,0.19222975646675433,0.2645261420470987,0.03776265982330186,0.22661802048901528,0.2962985358621478,0.5186823706714642,0.42050510316289696,119.51042744038648,119.48957255961352,0.4107846727262393,0.4302255335995546,NPB-P1,synthetic,True
H-0201,Hitter 201,2024,NPB,NPB-T7,batter,28.5,411.0,98.42402284517443,0.034910266363633,0.16039304674166505,0.13871895301671636,0.3114620826177172,0.02004029002932918,0.2536385494802003,0.26047952174185385,0.4698651612784881,0.34778060055633436,200.22842292692727,210.77157707307273,0.3119127575724226,0.38364844354024613,NPB-P4,synthetic,True
H-0202,Hitter 202,2024,NPB,NPB-T4,batter,25.2,216.0,52.2441848462065,0.0962830897477356,0.1957017098300662,0.1674037846161925,0.34401823344746246,0.053016555116456185,0.25152262177066415,0.31549621440061176,0.5018056079609388,0.4475915256737433,117.6391042048251,98.3608957951749,0.4351128131897617,0.46007023815772485,NPB-P1,synthetic,True
H-0203,Hitter 203,2024,NPB,NPB-T5,batter,25.0,455.0,108.98780799776267,0.04439277651188287,0.2778408523058356,0.08091070553757777,0.2725796395267769,0.013486563460885455,0.18676829765937078,0.25,0.4081686694902555,0.3031166125531546,230.1521082250802,224.8478917749198,0.29108438531718145,0.3151488397891277,NPB-P1,synthetic,True
H-0204,Hitter 204,2024,NPB,NPB-T6,batter,27.2,423.0,101.35703278854774,0.08384156269113106,0.15228243109407807,0.115154339794578,0.260551706809577,0.017510476036104117,0.20165576861556245,0.2629678401802632,0.4412095104755357,0.3489765065866553,222.1567895156775,200.8432104843225,0.33584897429294813,0.36210403888036247,NPB-P4,synthetic,True
H-0205,Hitter 205,2024,NPB,NPB-T2,batter,24.1,621.0,163.06136658929614,0.059293873791875326,0.2360675958028198,0.11187734578511263,0.2839075265581456,0.01870662757358498,0.20285817642097453,0.25,0.4402680984409272,0.3392418509477021,292.3384031812382,328.6615968187618,0.36062135476434226,0.31786234713106193,NPB-P2,synthetic,True
H-0206,Hitter 206,2024,NPB,NPB-T2,batter,32.0,341.0,94.03324825139103,0.02,0.1641016210942286,0.02,0.2619654442764171,0.020391262585061826,0.21679587070221817,0.25,0.3461965444276417,0.25504004182330164,155.35881260164328,185.64118739835672,0.2490108296513457,0.2610692539952576,NPB-P3,synthetic,True
H-0207,Hitter 207,2024,NPB,NPB-T4,batter,26.8,537.0,141.72975150572356,0.11259036784981186,0.18038842483287337,0.1516874555259948,0.2686714273177821,0.03673748983765656,0.19546702038953298,0.2835511250723079,0.47855459825777297,0.4093400984492801,246.23447917155934,290.7655208284407,0.3941129824882996,0.4245672144102606,NPB-P3,synthetic,True
H-0208,Hitter 208,2024,NPB,NPB-T2,batter,28.9,503.0,131.24627327187656,0.029271627199811596,0.2511503403399435,0.12276773444835058,0.2754103279383239,0.005,0.1989292218970899,0.25,0.450308767242183,0.3089060077648743,233.065845859115,269.93415414088497,0.3330660080775891,0.2847460074521595,NPB-P1,synthetic,True
H-0209,Hitter 209,2024,NPB,NPB-T5,batter,25.2,445.0,109.0305098702238,0.07751098951989725,0.20645891274184422,0.08239440024466854,0.31342530527347245,0.016034294922462736,0.2268270962069774,0.27949074629164444,0.4137369307720158,0.3437043350744276,227.4893987650737,217.5106012349263,0.35316599271363813,0.3342426774352171,NPB-P3,synthetic,True
H-0210,Hitter 210,2024,NPB,NPB-T7,batter,28.1,199.0,49.99727392850526,0.1260081514328704,0.23816247025510706,0.09262490424057997,0.32598852700889014,0.005,0.2080230824649146,0.31255392565129353,0.42522375694146897,0.37774538778843975,98.29610774214049,100.70389225785951,0.36222732612940745,0.39326344944747205,NPB-P2,synthetic,True
H-0211,Hitter 211,2024,NPB,NPB-T6,batter,28.3,352.0,86.75583232314716,0.07283378274084219,0.17966601768558096,0.058866102227507364,0.28293093141021747,0.020220171215181222,0.2145239533769527,0.2631756176660502,0.3871591953685291,0.3205839842309578,182.4503623627848,169.5496376372152,0.3311284999320247,0.3100394685298909,NPB-P3,synthetic,True
H-0212,Hitter 212,2024,NPB,NPB-T3,batter,27.0,228.0,60.37736242721367,0.12098575775168537,0.1541170711350461,0.11488184707371737,0.2734268610703751,0.0336210310083745,0.20324951274755176,0.2993714800383514,0.44222453318075483,0.39383337559889264,117.02647115725858,110.97352884274142,0.4051770687700707,0.3824896824277146,NPB-P3,synthetic,True
H-0213,Hitter 213,2024,NPB,NPB-T4,batter,25.5,535.0,141.31182006370878,0.07688652716448058,0.2675468832419563,0.10625428072324718,0.33275159427403006,0.02412362297775818,0.22175937128671064,0.27321327222052283,0.43952944015065015,0.3704347420888152,282.69804729295004,252.30195270704996,0.38015385770030524,0.3607156264773252,NPB-P2,synthetic,True
H-0214,Hitter 214,2024,NPB,NPB-T5,batter,30.1,547.0,134.6819588536818,0.03026335256032215,0.21606590787596114,0.1186609901453008,0.2595990929789533,0.024990553148759843,0.19940082336783174,0.25,0.4446208994431961,0.31979907174865846,286.1732122306702,260.8267877693298,0.3522814325350558,0.28731671096226113,NPB-P5,synthetic,True
H-0215,Hitter 215,2024,NPB,NPB-T2,batter,29.8,198.0,55.42958518900141,0.059217899098789314,0.3086007559162279,0.15263085503744145,0.292360374054692,0.02032723355822278,0.1878738595239413,0.25,0.48186689244291064,0.366020140761288,105.22356831747261,92.77643168252739,0.3588710849491438,0.3731691965734322,NPB-P1,synthetic,True
H-0216,Hitter 216,2024,NPB,NPB-T6,batter,31.8,290.0,79.92866952618053,0.02813038183194004,0.20151055564737796,0.15368663189922963,0.283834884018512,0.005,0.2194047751631674,0.25,0.4820701203010808,0.32806112423341355,142.68234279389438,147.31765720610562,0.360262127643352,0.29586012082347507,NPB-P3,synthetic,True
H-0217,Hitter 217,2024,NPB,NPB-T6,batter,26.9,386.0,94.11833187201799,0.03735717750233648,0.11729659643686631,0.17316054116024104,0.2853784568217488,0.02826574097825769,0.24548346262005816,0.25447641882832406,0.5016983868424159,0.3667099486578121,204.90517698359906,181.09482301640094,0.37218176407899733,0.36123813323662685,NPB-P4,synthetic,True
H-0219,Hitter 219,2024,NPB,NPB-T3,batter,25.2,457.0,118.88702007737808,0.024275362555187224,0.22770300027534734,0.1834255388101063,0.2683144609883789,0.009674650007250662,0.20215621988585747,0.25,0.5102569849089442,0.3404940464866478,226.1663943731947,230.8336056268053,0.3362598538949036,0.34472823907839195,NPB-P5,synthetic,True
H-0351,NPB Hitter 1,2025,NPB,NPB-T4,batter,32.9,466.0,116.04411080898842,0.02,0.24963885152946722,0.02,0.2855863691674803,0.005,0.20933118857269048,0.25,0.34855863691674804,0.24945522920861812,249.2540849086064,216.7459150913936,0.2556462087151412,0.243264249702095,NPB-P1,synthetic,True
H-0354,NPB Hitter 4,2025,NPB,NPB-T4,batter,32.3,273.0,71.6823961416421,0.02,0.13804360048163752,0.03960139403178502,0.3201043148836243,0.005,0.27026387642970845,0.26256248878673766,0.37161182552014743,0.2723172769267503,139.96600626607307,133.03399373392693,0.27105862765333244,0.27357592620016813,NPB-P1,synthetic,True
H-0355,NPB Hitter 5,2025,NPB,NPB-T3,batter,31.0,268.0,66.95047222927752,0.024535732642395384,0.2233710679220557,0.06334790397147483,0.3463995600568775,0.047014950132825944,0.2675769959261674,0.25900801070801455,0.3979878599771626,0.3355696611734384,126.19284201158953,141.80715798841047,0.32435952376543326,0.34677979858144353,NPB-P2,synthetic,True
H-0356,NPB Hitter 6,2025,NPB,NPB-T5,batter,30.8,315.0,76.92410165850188,0.0359237405734795,0.2054500444069617,0.10146860195151763,0.2850056425318928,0.00561514865170348,0.21705502415094277,0.25,0.42996916620470693,0.3057599581474659,150.53389513210286,164.46610486789714,0.30900783016124905,0.3025120861336828,NPB-P2,synthetic,True
H-0357,NPB Hitter 7,2025,NPB,NPB-T4,batter,26.5,382.0,94.79360123541551,0.07577811038750239,0.22043157611163933,0.17649641616859726,0.3002682095439615,0.03739352877442715,0.21693488664545016,0.26597138198385983,0.5065232371229934,0.4088657554013511,189.76752637070075,192.23247362929925,0.42584487209941896,0.3918866387032833,NPB-P5,synthetic,True
H-0358,NPB Hitter 8,2025,NPB,NPB-T7,batter,25.9,366.0,92.17084072085915,0.08960965577073962,0.16717619872278758,0.15376128493472446,0.3018021112246645,0.023511422298415508,0.2278303115506508,0.29148289415603923,0.4839414960571909,0.3940864847508227,189.54935709399155,176.45064290600845,0.3955278656782543,0.3926451038233911,NPB-P1,synthetic,True
H-0359,NPB Hitter 9,2025,NPB,NPB-T6,batter,28.1,279.0,77.61830188826336,0.03971423326402345,0.15583539101237873,0.14024868380783143,0.29508802288105435,0.03322608968624679,0.2423675843311348,0.25335953705440145,0.46975748609593687,0.3581210281051148,131.98854363813342,147.01145636186658,0.4023150151580336,0.31392704105219604,NPB-P3,synthetic,True
H-0360,NPB Hitter 10,2025,NPB,NPB-T3,batter,31.1,474.0,114.05696022124935,0.02,0.16660280538386615,0.07747043364157394,0.333732606677656,0.005,0.27220716602353495,0.2643114494211815,0.41084369430933954,0.2979151508400453,215.58473375234703,258.415266247653,0.2894067464917416,0.30642355518834896,NPB-P5,synthetic,True
H-0361,NPB Hitter 11,2025,NPB,NPB-T1,batter,31.2,380.0,92.66074627356218,0.05113232132554376,0.21200750272731136,0.10735888833238602,0.31720952458362456,0.005,0.23448906609679976,0.26149748081266355,0.43907984079074847,0.33036334711496157,189.59114868327057,190.40885131672943,0.330015796800229,0.3307108974296941,NPB-P3,synthetic,True
H-0362,NPB Hitter 12,2025,NPB,NPB-T7,batter,31.5,459.0,125.89230863356319,0.03620170641031861,0.2144326150375283,0.09507205629957778,0.30949079374491906,0.005,0.23267177866030572,0.25,0.4260211356740697,0.31045260326271246,237.4951695536216,221.5048304463784,0.31648840987158666,0.30441679665383825,NPB-P1,synthetic,True
H-0363,NPB Hitter 13,2025,NPB,NPB-T3,batter,25.8,481.0,128.37587715066306,0.0964442602879121,0.1277253761384889,0.04728048340480473,0.3296810480398118,0.026176252987940143,0.2597030053122434,0.3266431709155592,0.3802485882087859,0.3524622425772613,256.37207847108704,224.62792152891296,0.32193593641248286,0.3829885487420397,NPB-P3,synthetic,True
H-0366,NPB Hitter 16,2025,NPB,NPB-T6,batter,28.5,503.0,134.03370757375137,0.08764393207885687,0.1602756153226555,0.13533060486591936,0.33234970677043657,0.04262418576894802,0.2563473457542268,0.312602278178853,0.468565575542963,0.41046674969316144,260.04672229438006,242.95327770561994,0.41620562099498737,0.4047278783913355,NPB-P1,synthetic,True
H-0367,NPB Hitter 17,2025,NPB,NPB-T2,batter,26.3,266.0,63.485068471932635,0.08146221752628542,0.15316083285700066,0.12662705395215054,0.2762696276089175,0.018971294926636295,0.2142960990900542,0.2717675818922383,0.4542540167130423,0.3604369670391764,128.20608515725115,137.79391484274885,0.3750652208064566,0.34580871327189616,NPB-P2,synthetic,True
H-0368,NPB Hitter 18,2025,NPB,NPB-T3,batter,32.8,460.0,120.0100216363873,0.02,0.2440123142874484,0.060518286217804196,0.2818337383664012,0.005,0.20817616085600438,0.25,0.3887016600544443,0.2704268658480327,208.9867588736033,251.0132411263967,0.25323243305458687,0.28762129864147856,NPB-P5,synthetic,True
H-0369,NPB Hitter 19,2025,NPB,NPB-T1,batter,26.4,341.0,86.06169432620415,0.08703488788274,0.16326146579100992,0.12581352256986802,0.3054637984348755,0.03048428362827117,0.2335799660515335,0.29314147903930354,0.4563599024133556,0.3844700436489959,156.8960144021093,184.1039855978907,0.3726648769623242,0.3962752103356676,NPB-P5,synthetic,True
H-0370,NPB Hitter 20,2025,NPB,NPB-T2,batter,29.6,259.0,67.0243079145729,0.07308889005823091,0.22455656719751385,0.08951196988126714,0.2978495741426271,0.04280185620386619,0.21561627988409593,0.2613652913663953,0.4192969272955298,0.3631628280088576,128.1066793505245,130.8933206494755,0.34739635898289434,0.3789292970348208,NPB-P2,synthetic,True
H-0371,NPB Hitter 21,2025,NPB,NPB-T2,batter,29.1,280.0,67.58796644402065,0.05631920361282107,0.12358318215042748,0.10926405902518532,0.29748195021553336,0.015354280221832817,0.24626737968352988,0.27588701749805056,0.43901225404673866,0.3374562097679129,137.26914492965471,142.73085507034529,0.34335769935301524,0.33155472018281057,NPB-P5,synthetic,True
H-0372,NPB Hitter 22,2025,NPB,NPB-T4,batter,26.5,376.0,101.0991000449609,0.0803851760040509,0.18902162781708387,0.10791582625711146,0.2740609569630968,0.03034904910746237,0.20477942786162667,0.2605895394500075,0.4353219219534211,0.35885880677804693,171.17840830926713,204.82159169073287,0.33945208727391696,0.3782655262821769,NPB-P3,synthetic,True
H-0373,NPB Hitter 23,2025,NPB,NPB-T6,batter,25.9,293.0,81.24076484028332,0.06308857675843609,0.1366887886816752,0.19116386445585443,0.27855814075308005,0.043523579119829445,0.22943706613950846,0.2637062531028167,0.5190196785311624,0.4059686996530497,142.25860005100932,150.74139994899068,0.40816091704142476,0.40377648226467466,NPB-P4,synthetic,True
H-0374,NPB Hitter 24,2025,NPB,NPB-T3,batter,32.5,526.0,143.13300926983365,0.02,0.21853505156573907,0.08592541674243193,0.2927390930734498,0.01628226489724243,0.22535289814645312,0.25,0.4151993260497769,0.29837170019156317,251.64255605220512,274.3574439477949,0.31106747979837573,0.2856759205847506,NPB-P1,synthetic,True
H-0375,NPB Hitter 25,2025,NPB,NPB-T6,batter,26.6,294.0,72.56437497570013,0.08424039408086009,0.11995001569290341,0.1580466518744282,0.2380242254837469,0.020496527451604758,0.19249644046387868,0.25472015929238423,0.48184907442280284,0.3676492880132933,151.64045105332013,142.35954894667987,0.36278926316951027,0.3725093128570763,NPB-P5,synthetic,True
H-0376,NPB Hitter 26,2025,NPB,NPB-T6,batter,30.3,296.0,80.98999412544424,0.05391797738922765,0.17577986208147556,0.16372613014581705,0.3244238841140502,0.015493732716172302,0.2522284787677849,0.2788319543635508,0.49616851855722205,0.3752846746371314,155.34131911305045,140.65868088694955,0.35451610854973686,0.3960532407245259,NPB-P2,synthetic,True
H-0378,NPB Hitter 28,2025,NPB,NPB-T3,batter,25.5,525.0,128.30479183561712,0.06832611633395776,0.13203215180799138,0.17982082655769266,0.2965793920452948,0.025705406395861285,0.24101306964788655,0.28176764915361435,0.5094787657622222,0.3936673890126297,255.22567932431647,269.7743206756835,0.38524752233291587,0.40208725569234355,NPB-P5,synthetic,True
H-0379,NPB Hitter 29,2025,NPB,NPB-T4,batter,30.1,289.0,78.56380459872474,0.021769889344072646,0.19015645413623464,0.15527395965891716,0.2778822617772626,0.014111246074816407,0.22110837703199226,0.25,0.4830621858366434,0.33059851344263197,135.34246461690466,153.65753538309534,0.347258932133396,0.31393809475186796,NPB-P4,synthetic,True
H-0380,NPB Hitter 30,2025,NPB,NPB-T5,batter,29.8,265.0,64.28000672198368,0.08406221449482788,0.13694588223659065,0.10369246888705569,0.2981184293268947,0.005,0.2329818426607978,0.2930708728895459,0.43350431181974514,0.3447158582986733,135.2355389234892,129.7644610765108,0.34928368701411305,0.34014802958323354,NPB-P3,synthetic,True
H-0381,NPB Hitter 31,2025,NPB,NPB-T4,batter,28.5,307.0,85.30737554407133,0.09729327540174697,0.14092167473347578,0.1308632557410949,0.31345165309434225,0.02272406137037696,0.24219139238822693,0.3121977802661503,0.46220842105052906,0.39023981725518414,154.49229685307168,152.50770314692832,0.40003615237669976,0.3804434821336685,NPB-P4,synthetic,True
H-0382,NPB Hitter 32,2025,NPB,NPB-T7,batter,26.1,559.0,155.7064058415547,0.09638399314283198,0.20050052363809462,0.2022871657579607,0.33669778886664065,0.01839818672359066,0.23949715652630021,0.30944767880881746,0.5359569446446248,0.4331293305214166,295.95973468836985,263.04026531163015,0.40584905322756964,0.4604096078152636,NPB-P4,synthetic,True
H-0383,NPB Hitter 33,2025,NPB,NPB-T4,batter,29.9,233.0,64.61393003185037,0.050159086634243885,0.1583541878363738,0.0830042743567685,0.2779836093976165,0.01770224161943705,0.2226756729958739,0.25,0.41080263529653016,0.3139899922868525,127.16207273168267,105.83792726831733,0.35986733422134365,0.2681126503523613,NPB-P2,synthetic,True
H-0384,NPB Hitter 34,2025,NPB,NPB-T7,batter,26.8,400.0,98.727302628926,0.0926589637549857,0.10710030882094806,0.052683608757147844,0.27281424079516325,0.023579638501567562,0.22185401228080093,0.28914432360999487,0.37996503283666416,0.3305439183746392,209.65561004554309,190.34438995445691,0.3343743019883078,0.3267135347609706,NPB-P3,synthetic,True
H-0385,NPB Hitter 35,2025,NPB,NPB-T6,batter,30.7,379.0,103.60561320891917,0.07166792182803147,0.19672605439660998,0.1367203087136188,0.3102368196599613,0.005,0.22772112606013728,0.27594193528215505,0.4677439906796149,0.3584466019530988,204.9953855360173,174.0046144639827,0.3933435433442719,0.3235496605619257,NPB-P3,synthetic,True
H-0386,NPB Hitter 36,2025,NPB,NPB-T4,batter,27.4,318.0,87.59109162577302,0.08176776877155834,0.14308148600741405,0.12161367258561415,0.2930992751021666,0.03532019035107452,0.2324941500718486,0.286244278138827,0.45092360009583077,0.378497875663904,147.73026949401148,170.26973050598852,0.3907068677913936,0.3662888835364145,NPB-P5,synthetic,True
H-0388,NPB Hitter 38,2025,NPB,NPB-T7,batter,31.1,459.0,123.21172218982622,0.02,0.17673917511835485,0.0702004009461516,0.3310715856720387,0.005,0.266686835001796,0.25934315150161646,0.40330755951335545,0.29298527550559694,237.4705287703568,221.5294712296432,0.31236541788164607,0.2736051331295478,NPB-P3,synthetic,True
H-0389,NPB Hitter 39,2025,NPB,NPB-T1,batter,28.5,416.0,102.98243117591116,0.0961253548907085,0.06708811325507832,0.15465235538433658,0.2759436981683127,0.025129644192228847,0.2346754168061225,0.30394072805026784,0.48224672520116785,0.3915435180167965,213.49228280530812,202.50771719469188,0.38527749768861225,0.39780953834498073,NPB-P5,synthetic,True
H-0390,NPB Hitter 40,2025,NPB,NPB-T6,batter,26.5,182.0,45.5564111372137,0.08615942127787561,0.17824422802042533,0.058723701367514154,0.28245083994624315,0.02139353764638891,0.21097883776404452,0.2731522476832532,0.38696878536213847,0.3307216085095809,82.20649492678754,99.79350507321246,0.3276482869192193,0.33379493009994243,NPB-P1,synthetic,True
H-0201,Hitter 201,2025,NPB,NPB-T4,batter,28.7,636.0,159.7253045790627,0.038252952425034396,0.13964319666107364,0.15071292003033893,0.3029899319752478,0.012960945021379199,0.2510333316181963,0.26243322330352487,0.4810119132278637,0.34738049942478844,332.68361582113585,303.31638417886415,0.3613262185686558,0.33343478028092105,NPB-P4,synthetic,True
H-0202,Hitter 202,2025,NPB,NPB-T1,batter,25.4,488.0,134.0956038175441,0.08020693186234464,0.19036082135094537,0.18885519249366953,0.3581400444456895,0.03926108938148907,0.26712806069153483,0.315321939418225,0.5246691969382384,0.44069920417449093,268.15948924657005,219.84051075342995,0.44305498431728096,0.4383434240317009,NPB-P2,synthetic,True
H-0203,Hitter 203,2025,NPB,NPB-T7,batter,25.2,441.0,118.25261419479067,0.04082524081805457,0.2539468567543076,0.09201952871242354,0.24026506809312906,0.01453136005381981,0.17162133400602392,0.25,0.4160460355217364,0.29635940724550414,203.03974006910835,237.96025993089165,0.2760340792849312,0.3166847352060771,NPB-P3,synthetic,True
H-0204,Hitter 204,2025,NPB,NPB-T3,batter,27.3,497.0,121.59537152796881,0.08575648752512348,0.19057990870996552,0.11608604885011879,0.2927991863070255,0.012861088940914157,0.2138172776835128,0.2764557904332616,0.44536596748082136,0.3579315633894334,229.88528106063387,267.1147189393661,0.3627892702032354,0.35307385657563134,NPB-P4,synthetic,True
H-0205,Hitter 205,2025,NPB,NPB-T1,batter,24.2,515.0,124.83060381978791,0.059426523730997396,0.2311076527347987,0.10112636960056137,0.2936888886344379,0.008545733433336413,0.209644089252877,0.25,0.43049525846400516,0.3277003410040629,252.54047566768045,262.4595243323196,0.347916839713581,0.30748384229454484,NPB-P2,synthetic,True
H-0206,Hitter 206,2025,NPB,NPB-T4,batter,32.1,394.0,103.48806929367449,0.02,0.15699996416456982,0.02,0.2920567057351461,0.008560965059437362,0.24164682404491852,0.25,0.3492056705735146,0.25492471556079477,210.12267529240557,183.87732470759443,0.26525689781201756,0.24459253330957198,NPB-P3,synthetic,True
H-0207,Hitter 207,2025,NPB,NPB-T6,batter,26.9,376.0,92.86484402775459,0.11673307186003704,0.21329125723068443,0.13955807007624008,0.2623697510615858,0.04063805344684632,0.18187705801081328,0.2749362868544447,0.4657950451823986,0.4068737498176747,180.4180535186578,195.5819464813422,0.4039392705650439,0.4098082290703055,NPB-P1,synthetic,True
H-0210,Hitter 210,2025,NPB,NPB-T5,batter,28.2,471.0,116.46418717506015,0.10421711972004385,0.26585710197708545,0.08970137405705218,0.34370187428203736,0.01987328652662236,0.21948766364026112,0.2990731233151849,0.42407156148525593,0.3804693534080826,220.0149007037059,250.9850992962941,0.38658328020648275,0.3743554266096824,NPB-P5,synthetic,True
H-0211,Hitter 211,2025,NPB,NPB-T2,batter,28.5,295.0,75.2619626275981,0.07682153783040344,0.18151492050569787,0.02,0.2921775744443195,0.014208979651223743,0.21882880160482499,0.2718492470218307,0.34921775744443195,0.2998253092228956,155.84226817185973,139.15773182814027,0.3224913135055962,0.277159304940195,NPB-P3,synthetic,True
H-0214,Hitter 214,2025,NPB,NPB-T5,batter,30.2,478.0,126.19760486530713,0.03711262268810145,0.1725984515870233,0.13592060344517884,0.271472757883505,0.012056954406970792,0.21635045735236993,0.25,0.4630678792335293,0.32660189200201983,249.43891369981984,228.56108630018016,0.32767957101791034,0.3255242129861293,NPB-P1,synthetic,True
H-0215,Hitter 215,2025,NPB,NPB-T2,batter,30.0,456.0,114.80363538373422,0.06412502242891807,0.2510975941741835,0.18730851106053018,0.27560921427336005,0.02427637554355128,0.1923724129217193,0.25,0.5148694324878662,0.3862191597684064,222.52821587197778,233.47178412802222,0.39235067825496084,0.3800876412818519,NPB-P2,synthetic,True
H-0216,Hitter 216,2025,NPB,NPB-T3,batter,32.0,449.0,108.48618047920188,0.02,0.20981308848541466,0.14467006964465978,0.30622092293387787,0.005,0.23659734687558923,0.25,0.4752921619380476,0.32524586133142014,240.74114186774744,208.25885813225256,0.3270409673474603,0.32345075531538,NPB-P5,synthetic,True
H-0217,Hitter 217,2025,NPB,NPB-T6,batter,27.0,190.0,51.94547303803319,0.027780900355701518,0.10445469696272068,0.14499725694312832,0.2898360179926649,0.038370263081325864,0.25726491849121075,0.2541393414818122,0.4739808587423948,0.35517096463833764,97.04304912408492,92.95695087591508,0.3523163900825092,0.3580255391941661,NPB-P5,synthetic,True
H-0218,Hitter 218,2025,NPB,NPB-T7,batter,32.3,588.0,157.1828157874099,0.02,0.32956288986027094,0.11063442089202583,0.286645174426744,0.005,0.1871946588896299,0.25,0.43929893833470024,0.2996747425399746,282.9989300542529,305.0010699457471,0.31799559506626285,0.2813538900136864,NPB-P3,synthetic,True
H-0219,Hitter 219,2025,NPB,NPB-T2,batter,25.3,527.0,148.0410146052961,0.02,0.22584182092243446,0.17930888662311945,0.25232530688971844,0.008403008959224568,0.19155364532302166,0.25,0.5045414173120912,0.3284964531174193,283.16207431235205,243.83792568764795,0.35902460001696923,0.2979683062178694,NPB-P1,synthetic,True
H-0220,Hitter 220,2025,NPB,NPB-T3,batter,29.8,376.0,104.78018601519213,0.030479927558093773,0.21548792293512464,0.0397004105982027,0.3439862002430564,0.018936155936651135,0.26221707736043964,0.26391891613104157,0.3740990306225083,0.30060888554773285,194.7755331137931,181.2244668862069,0.3257599105448218,0.2754578605506439,NPB-P1,synthetic,True
H-0164,Hitter 164,2015,NPB,NPB-TX,batter,23.1,462.0,113.88328498650793,0.027989360795314847,0.16997242433995363,0.057850721769070745,0.2505844762055064,0.021167009743831858,0.2041533774302529,0.25,0.3829091693896214,0.2781653249710852,247.2193700578026,214.7806299421974,0.2668318575179537,0.2894987924242167,NPB-P1,synthetic_transfer,True
H-0003,Hitter 3,2019,NPB,NPB-TX,batter,22.9,565.0,134.85363210308577,0.03281273643697126,0.23563763413233024,0.0992359461580729,0.2541199418702689,0.014683710893330072,0.18810390594014534,0.25,0.4246479403450998,0.2997060053514112,274.46754522313176,290.53245477686824,0.29563483452137773,0.3037771761814446,NPB-P1,synthetic_transfer,True
H-0045,Hitter 45,2023,NPB,NPB-TX,batter,30.9,497.0,126.44036419286495,0.03956191908876668,0.19844000098440773,0.16196490891759982,0.2974610764726758,0.005,0.22741476912514558,0.25,0.4917110165648674,0.34538542003225314,250.85166963210042,246.14833036789958,0.3340457214296992,0.3567251186348071,NPB-P1,synthetic_transfer,True
H-0017,Hitter 17,2021,NPB,NPB-TX,batter,30.8,204.0,51.01926853157265,0.02,0.1591420524064279,0.02149770875846487,0.27394349108242605,0.024671507316594458,0.22856941794402744,0.25,0.34889205786670746,0.2639083182809398,97.38746438556942,106.61253561443058,0.2720223150363233,0.2557943215255563,NPB-P1,synthetic_transfer,True
H-0032,Hitter 32,2020,NPB,NPB-TX,batter,23.8,306.0,78.54596373483888,0.06844831845258874,0.29683364756681646,0.12927665837267321,0.26903489092370025,0.005,0.17151129703927478,0.25,0.4561801474650432,0.3376781968450775,138.08512660989587,167.91487339010413,0.3529482156407387,0.3224081780494163,NPB-P1,synthetic_transfer,True
H-0114,Hitter 114,2021,NPB,NPB-TX,batter,31.4,455.0,117.37961900297456,0.024356514640930797,0.15878494200252846,0.02,0.3148740883337042,0.005,0.25795758913698835,0.25584334486422033,0.35148740883337043,0.26275549116544805,214.85112866229514,240.14887133770486,0.2904018644510792,0.23510911787981692,NPB-P1,synthetic_transfer,True
H-0161,Hitter 161,2016,NPB,NPB-TX,batter,23.5,513.0,141.88114193605122,0.05443105820815388,0.08648086977803111,0.15087316275944154,0.22,0.005,0.1897493758430393,0.25,0.4728731627594416,0.32258198026340057,251.91648971176014,261.08351028823984,0.3280489392721781,0.31711502125462304,NPB-P1,synthetic_transfer,True
H-0141,Hitter 141,2016,NPB,NPB-TX,batter,28.5,600.0,169.46754720471137,0.08977936864175663,0.1879823964017235,0.19271693164272985,0.22054307940425938,0.03507260478065599,0.1645455351179063,0.25,0.5147712395831557,0.39759529254681225,295.87546910963795,304.12453089036205,0.39505661325705466,0.40013397183656985,NPB-P1,synthetic_transfer,True
H-0170,Hitter 170,2019,NPB,NPB-TX,batter,23.3,466.0,119.69760869730939,0.02,0.16274840350725456,0.08944620690247278,0.3052883067514286,0.005,0.250247356083172,0.25,0.4199750375776156,0.2945463211593601,220.41995728800896,245.58004271199104,0.3125828447243242,0.276509797594396,NPB-P1,synthetic_transfer,True
H-0068,Hitter 68,2020,NPB,NPB-TX,batter,25.2,247.0,64.51775127470178,0.04148478614650477,0.20756491875814861,0.16500811176685373,0.30385513794809693,0.018185313816787552,0.2309079025808788,0.25,0.49539362556166344,0.36250989249126564,115.9568929697209,131.0431070302791,0.35504993796617335,0.36996984701635793,NPB-P1,synthetic_transfer,True
H-0190,Hitter 190,2021,NPB,NPB-TX,batter,22.9,555.0,157.53299525686938,0.02,0.22806203032892516,0.0822163018303444,0.26916623991582905,0.005,0.20314631594630592,0.25,0.4091329258219273,0.27792714997722956,277.6426981199647,277.3573018800353,0.28463992820960937,0.27121437174484975,NPB-P1,synthetic_transfer,True
H-0193,Hitter 193,2020,NPB,NPB-TX,batter,24.9,575.0,164.2329485557675,0.0683622323097074,0.19026770722149303,0.1617062633801233,0.33740580926746366,0.005,0.25089256521914377,0.29349054100693683,0.4954468443068697,0.3793840407194753,263.856558751321,311.143441248679,0.38465254531412163,0.37411553612482895,NPB-P1,synthetic_transfer,True
H-0135,Hitter 135,2016,NPB,NPB-TX,batter,21.9,480.0,123.3401136851548,0.02,0.17621346096264986,0.09033697413245767,0.3141404972401292,0.005,0.2532519030481157,0.25,0.42175102385647056,0.298134509806897,247.62299489481836,232.37700510518164,0.30602954000127963,0.29023947961251434,NPB-P1,synthetic_transfer,True
H-0040,Hitter 40,2017,NPB,NPB-TX,batter,31.4,642.0,168.5604855657048,0.02,0.18829280695783732,0.11169971327577338,0.3378301267783155,0.005,0.26821254139673806,0.2607162872570643,0.44548272595360494,0.3181753866740858,340.39550595356076,301.60449404643924,0.31553337854414454,0.32081739480402705,NPB-P1,synthetic_transfer,True
H-0149,Hitter 149,2015,NPB,NPB-TX,batter,32.1,349.0,90.29141554363825,0.02,0.16892744960559278,0.04486402616885861,0.2822845963722532,0.005,0.22970328751669924,0.25,0.3730924858060839,0.26197482312316084,189.49495964028623,159.50504035971377,0.26703780360292706,0.2569118426433946,NPB-P1,synthetic_transfer,True
H-0377,NPB Hitter 27,2015,NPB,NPB-TX,batter,30.6,640.0,168.18212928826668,0.10084805434061142,0.1981182458650793,0.06314431914349632,0.26282321075423126,0.005,0.18499792782685825,0.26667118938478385,0.38942664021891943,0.3218111373313319,288.25246943184067,351.74753056815933,0.327171191484979,0.3164510831776848,NPB-P1,synthetic_transfer,True
H-0025,Hitter 25,2020,NPB,NPB-TX,batter,22.6,632.0,158.27988697539192,0.02,0.23732161586289674,0.07002373238578563,0.2935145375333727,0.005,0.21873690245603436,0.25,0.3993751861391229,0.27974314094886255,300.74843310252265,331.25156689747735,0.2687087847029153,0.2907774971948098,NPB-P1,synthetic_transfer,True
H-0089,Hitter 89,2018,NPB,NPB-TX,batter,23.7,375.0,100.63570016866566,0.06985494982794146,0.29404194567296904,0.07644609682180972,0.24806332070233045,0.02927144169987474,0.16218456466608686,0.25,0.40125242889204277,0.32411027790725727,204.18195054854883,170.81804945145117,0.30630763546629997,0.3419129203482146,NPB-P1,synthetic_transfer,True
H-0095,Hitter 95,2023,NPB,NPB-TX,batter,28.7,525.0,142.27752245048964,0.06431294196793397,0.1824159969710865,0.09639524059386742,0.28161478792534034,0.014962750442730885,0.21437668267739346,0.2552319850678194,0.4245567193864015,0.33006809287650773,261.2406996170372,263.7593003829628,0.3337102634371976,0.32642592231581785,NPB-P1,synthetic_transfer,True
H-0174,Hitter 174,2015,NPB,NPB-TX,batter,25.4,356.0,101.41330830724122,0.0290296589108513,0.17869365890721314,0.03680948832523259,0.3013866357082828,0.01780960382742544,0.24145304436704776,0.25,0.3669481518960609,0.2820799457590557,180.30307773177742,175.69692226822258,0.27845428383954773,0.2857056076785637,NPB-P1,synthetic_transfer,True
H-0128,Hitter 128,2022,NPB,NPB-TX,batter,29.8,250.0,61.499778023289345,0.04771877880351966,0.17648100348376,0.1473313618907376,0.2813509996048458,0.014248515634659616,0.2204094440923298,0.25,0.47546646185122216,0.34573190813525917,128.8211081030586,121.1788918969414,0.33187597565055227,0.35958784061996607,NPB-P1,synthetic_transfer,True
H-0035,Hitter 35,2020,NPB,NPB-TX,batter,29.3,306.0,79.67688435318986,0.052682556160740475,0.22722490505787324,0.027003973698386863,0.3088326801718073,0.012122487049748078,0.22420648178103886,0.25283185401195946,0.3578872417155676,0.29073165125153694,154.2096277234295,151.7903722765705,0.3074305444898834,0.2740327580131905,NPB-P1,synthetic_transfer,True
H-0100,Hitter 100,2022,NPB,NPB-TX,batter,29.2,436.0,109.34909659318234,0.0626495382510639,0.15448359597783343,0.153913220388437,0.33175039786552124,0.015602859135962165,0.2620568230656912,0.2963942930268311,0.4870882601749891,0.37866216046468343,210.04566787760382,225.95433212239618,0.3665857159175495,0.39073860501181734,NPB-P1,synthetic_transfer,True
H-0372,NPB Hitter 22,2018,NPB,NPB-TX,batter,25.5,617.0,169.789476425259,0.08520240305577814,0.19623096128024756,0.12689935151270104,0.2777352880693737,0.02985483385121365,0.20404953663085668,0.2648165834536353,0.4546728803196384,0.37351302676140336,309.47603863767773,307.52396136232227,0.35426463863172164,0.39276141489108507,NPB-P1,synthetic_transfer,True
H-0138,Hitter 138,2015,NPB,NPB-TX,batter,26.4,419.0,108.23616359971074,0.0612698068282264,0.22034006287269542,0.11403540171395364,0.2997159284842722,0.03515673569189178,0.22058647527030925,0.25505147525309935,0.44400699456238085,0.36214997281463085,205.69285714370585,213.30714285629415,0.3710668550222565,0.3532330906070052,NPB-P1,synthetic_transfer,True
H-0201,Hitter 201,2017,NPB,NPB-TX,batter,27.5,249.0,69.03488220486304,0.035946885476717275,0.17986475354475648,0.1540968065142942,0.32074965557097845,0.03111629196518464,0.25619559048141005,0.2623222174946864,0.486171772071392,0.3701831056350725,131.95998858682455,117.04001141317545,0.3699176121398635,0.3704485991302815,NPB-P1,synthetic_transfer,True
H-0378,NPB Hitter 28,2017,NPB,NPB-TX,batter,24.3,524.0,132.11999987627024,0.05136952868177816,0.14197817279137676,0.1914894909537988,0.30856935511330186,0.02562634659180589,0.2527521315458622,0.2753868902831603,0.522346426465129,0.392340876324115,259.411163112699,264.588836887301,0.39099629033171357,0.39368546231651647,NPB-P1,synthetic_transfer,True
H-0137,Hitter 137,2015,NPB,NPB-TX,batter,33.4,208.0,51.19245610738671,0.02,0.28228419343258504,0.0690645281924882,0.3067846990008282,0.005,0.2147985337059045,0.25,0.399742998092571,0.2838601351561584,110.3993994137225,97.6006005862775,0.29187247250230824,0.2758477978100085,NPB-P1,synthetic_transfer,True
H-0051,Hitter 51,2018,NPB,NPB-TX,batter,27.0,223.0,62.96788896899442,0.06833796495867056,0.2130102796092225,0.15630690538911485,0.26553655799041936,0.014662131047506532,0.19302763318834032,0.25,0.4828605611881568,0.3599390866744852,107.33352480869719,115.66647519130281,0.3712430847308719,0.3486350886180985,NPB-P1,synthetic_transfer,True
H-0353,NPB Hitter 3,2015,NPB,NPB-TX,batter,29.3,460.0,115.02711159352728,0.07953748721762044,0.1543717758410822,0.15604946019891797,0.33582705220929043,0.029602899274566778,0.26171442880302387,0.3110840817382754,0.489632165419847,0.40568552178210093,208.77371433532153,251.22628566467847,0.4200066895390331,0.3913643540251688,NPB-P1,synthetic_transfer,True
H-0029,Hitter 29,2021,NPB,NPB-TX,batter,24.4,325.0,91.12197866984505,0.08413336979244392,0.2336210670809669,0.1499731636119266,0.29231356291307853,0.006971515662826966,0.20047535868859698,0.26362003799769956,0.4792045199032345,0.3699627099573921,154.50076196534374,170.49923803465626,0.3735925929558458,0.36633282695893843,NPB-P1,synthetic_transfer,True
H-0214,Hitter 214,2015,NPB,NPB-TX,batter,28.7,527.0,126.94470762702102,0.055570336126414974,0.17420794659041824,0.11424403094457582,0.26709516972337694,0.021386950545181124,0.20893054288415547,0.25,0.4409535479169135,0.3344650172018521,264.4370998514179,262.5629001485821,0.35866385700406805,0.3102661773996362,NPB-P1,synthetic_transfer,True
H-0004,Hitter 4,2019,NPB,NPB-TX,batter,32.9,570.0,146.04848090967417,0.02,0.24351744386747337,0.02659199845126456,0.24902024867660222,0.005,0.1841490692741014,0.25,0.35149402331892476,0.24028268618500628,278.31479488059455,291.68520511940545,0.2243141089530004,0.25625126341701215,NPB-P1,synthetic_transfer,True
H-0092,Hitter 92,2021,NPB,NPB-TX,batter,32.6,640.0,157.1752095906976,0.02,0.3018585093457808,0.02,0.26726782645038855,0.005,0.18199540223297964,0.25,0.34672678264503887,0.243043739257636,323.3983828989495,316.6016171010505,0.2487644735416784,0.2373230049735936,NPB-P1,synthetic_transfer,True
H-0215,Hitter 215,2023,NPB,NPB-TX,batter,29.7,355.0,88.00478564135383,0.06657551494404321,0.2595453015512006,0.15631053778277898,0.2673378155138541,0.013722444794336177,0.18221175555757158,0.25,0.48304431933416436,0.3584920919861102,175.03187378703169,179.96812621296831,0.35425436176362113,0.3627298222085993,NPB-P1,synthetic_transfer,True
H-0028,Hitter 28,2022,NPB,NPB-TX,batter,26.4,535.0,149.83287145451374,0.06666838917153416,0.17368061473643098,0.22333156495455606,0.2779462697392743,0.03954389545684743,0.21707374498603224,0.2566963337722888,0.5511261919284834,0.4223709334649884,292.023762952623,242.97623704737703,0.40041188505856196,0.4443299818714148,NPB-P1,synthetic_transfer,True
H-0374,NPB Hitter 24,2017,NPB,NPB-TX,batter,31.3,401.0,98.9725527423632,0.04346262938605694,0.1996291877740231,0.1302533027799373,0.34280971968567797,0.025867054796840726,0.26335554020667495,0.2769905631744909,0.46453427474850506,0.36532690830634934,211.14618043784162,189.85381956215838,0.3939079889113387,0.33674582770135997,NPB-P1,synthetic_transfer,True
H-0022,Hitter 22,2020,NPB,NPB-TX,batter,33.4,404.0,110.58436168425278,0.02,0.28556460281836454,0.0639516600244139,0.2798110364400153,0.005,0.19506068822602712,0.25,0.3919327636684154,0.271607275767433,206.5370300302991,197.4629699697009,0.25148394447500577,0.2917306070598602,NPB-P1,synthetic_transfer,True
H-0162,Hitter 162,2021,NPB,NPB-TX,batter,29.9,220.0,58.702648547918436,0.06568551773038622,0.16597204009197808,0.14610300584548597,0.3343604016188497,0.005,0.2576532875473221,0.29689847652297613,0.4795390460073709,0.36786265619288505,99.89301567412838,120.10698432587162,0.3724584566185967,0.3632668557671734,NPB-P1,synthetic_transfer,True
H-0082,Hitter 82,2017,NPB,NPB-TX,batter,32.9,214.0,60.662551143112076,0.02,0.35383544342336465,0.05363172373448537,0.3254974134920099,0.005,0.2045649435860661,0.25,0.38618146508368634,0.28192154277617043,108.45255537260587,105.54744462739413,0.2997428719203739,0.26410021363196695,NPB-P1,synthetic_transfer,True
H-0175,Hitter 175,2018,NPB,NPB-TX,batter,32.5,321.0,78.72536565653184,0.024188357872329314,0.23839186752098435,0.038272071902869575,0.31430632251090357,0.005,0.23252569750344695,0.25,0.3697027041539599,0.272488702936025,158.12546077272538,162.87453922727462,0.2753791065726184,0.26959829929943163,NPB-P1,synthetic_transfer,True
H-0217,Hitter 217,2021,NPB,NPB-TX,batter,26.4,616.0,147.60406378725216,0.023368004407323492,0.12416830720636392,0.17700970290962273,0.28801073397711,0.024607330500261895,0.24920979215601557,0.25,0.5058107763073337,0.3566632940276432,295.90294619645124,320.09705380354876,0.35196207421632497,0.3613645138389614,NPB-P1,synthetic_transfer,True
H-0135,Hitter 135,2023,NPB,NPB-TX,batter,23.0,385.0,93.68425704240752,0.02258349032057857,0.1400005287107632,0.11355555618797053,0.2923434828353342,0.005,0.24556310445834548,0.25,0.44278990447150396,0.30508421812015574,177.14340676624698,207.85659323375302,0.28893152135839006,0.3212369148819214,NPB-P1,synthetic_transfer,True
H-0158,Hitter 158,2017,NPB,NPB-TX,batter,33.3,199.0,54.75644616274998,0.02,0.23133509629101226,0.029095891165210733,0.315737457762024,0.005,0.2371315534127263,0.25,0.36066963694141313,0.2650108503575743,97.29043629111749,101.70956370888251,0.2586588761344938,0.27136282458065486,NPB-P1,synthetic_transfer,True
H-0028,Hitter 28,2021,NPB,NPB-TX,batter,26.3,200.0,50.110171240768835,0.05612326297709882,0.17858777674806306,0.2099492941663662,0.2604869245085814,0.04119912988768218,0.20552763710551486,0.25,0.5359979866172243,0.403008036352388,103.7651145685994,96.2348854314006,0.41533332624015423,0.3906827464646218,NPB-P1,synthetic_transfer,True
H-0376,NPB Hitter 26,2017,NPB,NPB-TX,batter,29.1,246.0,66.70630744733832,0.08310515271614002,0.17418648898903222,0.14280901904420856,0.32276785128064395,0.03378679184362749,0.2447903997115403,0.29885529555763657,0.475085804172273,0.4000954279831028,117.85967414941489,128.1403258505851,0.38837151867761993,0.4118193372885857,NPB-P1,synthetic_transfer,True
H-0040,Hitter 40,2018,NPB,NPB-TX,batter,31.6,639.0,172.15169537574658,0.02,0.211819196917905,0.09590049076737087,0.34552300126206636,0.005,0.26617413659282985,0.2588817229335469,0.4304527908935775,0.3121783203637772,298.69372031157326,340.30627968842674,0.32737679690931126,0.2969798438182431,NPB-P1,synthetic_transfer,True
H-0214,Hitter 214,2023,NPB,NPB-TX,batter,29.9,264.0,65.9293950256528,0.026645412699902588,0.20557530507006727,0.12255072683091454,0.2763250945342003,0.024334114090905766,0.21580679985724938,0.25,0.4501832362843346,0.3246691744157201,125.98300144790213,138.01699855209787,0.30064296890229375,0.3486953799291464,NPB-P1,synthetic_transfer,True
H-0165,Hitter 165,2017,NPB,NPB-TX,batter,30.6,269.0,66.18593165112323,0.03751312367549162,0.18114828148259388,0.10316568159389292,0.3185462468166163,0.005,0.24964247687986066,0.26151635286736624,0.4350203062755545,0.31899149783530095,131.98975862352694,137.01024137647306,0.31845671528962116,0.31952628038098074,NPB-P1,synthetic_transfer,True
H-0094,Hitter 94,2022,NPB,NPB-TX,batter,32.8,227.0,60.80792236742043,0.02,0.30224484584270994,0.05512891245840092,0.3146265726499051,0.005,0.21398978124831627,0.25,0.3865915697233914,0.2789402022795873,105.11942227811197,121.88057772188803,0.2803871123972485,0.27749329216192614,NPB-P1,synthetic_transfer,True
H-0079,Hitter 79,2020,NPB,NPB-TX,batter,22.7,633.0,168.45866529906485,0.031102429011086195,0.20627614115480722,0.036163427639292235,0.22773090532776863,0.005,0.1744224686384785,0.25,0.3589365181720691,0.24586740237409005,321.7693412279449,311.2306587720551,0.245980646928834,0.2457541578193461,NPB-P1,synthetic_transfer,True
H-0182,Hitter 182,2016,NPB,NPB-TX,batter,29.1,555.0,157.70518380752137,0.07677552005871616,0.11877128129362619,0.11536108842362827,0.3011248209467641,0.0324211900788853,0.2471040039146604,0.29479226292126104,0.4454735705183047,0.37176422107646107,253.0589121348759,301.94108786512413,0.3733657314651596,0.3701627106877625,NPB-P1,synthetic_transfer,True
H-0139,Hitter 139,2016,NPB,NPB-TX,batter,33.2,553.0,138.70125484362592,0.02,0.26689302646935303,0.02,0.2915676739577137,0.005,0.20866894155535567,0.25,0.3491567673957714,0.2515486858851998,266.5719704558493,286.4280295441507,0.23065149515420263,0.27244587661619696,NPB-P1,synthetic_transfer,True
H-0055,Hitter 55,2015,NPB,NPB-TX,batter,22.7,648.0,171.0923341349854,0.056369357459676986,0.16966028479556614,0.13679003472805984,0.252307010463497,0.01733482705744937,0.1978783712085603,0.25,0.46202073577440955,0.3386018673361352,312.9761528900917,335.0238471099083,0.33093664918266086,0.3462670854896095,NPB-P1,synthetic_transfer,True
H-0144,Hitter 144,2021,NPB,NPB-TX,batter,29.7,181.0,44.117250318122736,0.07305415595993696,0.22648013760372374,0.273374905142869,0.3085724539824252,0.013757991195513648,0.21820812064492134,0.26758413572897183,0.6042321505411115,0.4418766579703449,83.35840778744422,97.64159221255578,0.46691642374082143,0.4168368921998684,NPB-P1,synthetic_transfer,True
H-0374,NPB Hitter 24,2021,NPB,NPB-TX,batter,31.9,224.0,55.038568555901215,0.0433551168504923,0.20301034796897172,0.07866058969495272,0.3194527200237933,0.017160967543633283,0.24332474729883435,0.26003065880105275,0.41060586169733204,0.3208652289251663,112.71615075052159,111.28384924947841,0.3244336880268156,0.31729676982351696,NPB-P1,synthetic_transfer,True
H-0147,Hitter 147,2020,NPB,NPB-TX,batter,28.6,499.0,136.66690335469704,0.07299947433469733,0.21868889989480572,0.11326027867673683,0.3094686382662644,0.007849676783429578,0.220377685812874,0.2702796852005209,0.44420714250336324,0.3487715178047725,234.46805925055395,264.53194074944605,0.33414880856637696,0.36339422704316804,NPB-P1,synthetic_transfer,True
H-0205,Hitter 205,2017,NPB,NPB-TX,batter,23.0,409.0,104.28494984739694,0.0444366127962607,0.27777238147751393,0.06529646777521898,0.27163776028636105,0.005,0.184863630737712,0.25,0.3924602438038551,0.2865919023339793,213.79015802947302,195.20984197052698,0.2891555333144498,0.2840282713535088,NPB-P1,synthetic_transfer,True
H-0092,Hitter 92,2015,NPB,NPB-TX,batter,31.7,340.0,81.13300003918431,0.02,0.2784522087477826,0.02,0.27392315464822276,0.005,0.19292018411630024,0.25,0.3473923154648223,0.24537310412687796,168.7245687592344,171.2754312407656,0.2423321347934358,0.24841407346032013,NPB-P1,synthetic_transfer,True
H-0086,Hitter 86,2023,NPB,NPB-TX,batter,34.3,386.0,93.11332976071745,0.02,0.28903334598453034,0.02,0.25859343149066416,0.005,0.1794294381074828,0.25,0.3458593431490664,0.24000770102173247,191.03608069800458,194.96391930199542,0.25218346248560114,0.22783193955786377,NPB-P1,synthetic_transfer,True
H-0185,Hitter 185,2021,NPB,NPB-TX,batter,34.4,575.0,146.83926251690278,0.02,0.2720623703967331,0.020312315204822462,0.2823169079982496,0.005,0.2006127626452044,0.25,0.3485440060046474,0.24848269116203972,306.46464998187247,268.53535001812753,0.21846123892106845,0.278504143403011,NPB-P1,synthetic_transfer,True
H-0115,Hitter 115,2016,NPB,NPB-TX,batter,23.6,251.0,59.915075500706244,0.06807433534785458,0.21539904648333288,0.07208119378812028,0.2813167718617656,0.031107674654578386,0.20623710637446505,0.25,0.4002128709742968,0.3337544686677029,113.42816646654582,137.5718335334542,0.3306374260436391,0.33687151129176673,NPB-P1,synthetic_transfer,True
H-0070,Hitter 70,2016,NPB,NPB-TX,batter,31.9,320.0,85.63193027923437,0.02,0.26563311831266345,0.02,0.2678497469764897,0.005,0.19209298850833706,0.25,0.34678497469764896,0.24324741144177142,167.19080534785846,152.80919465214154,0.23998693632758172,0.24650788655596112,NPB-P1,synthetic_transfer,True
H-0131,Hitter 131,2020,NPB,NPB-TX,batter,26.1,418.0,112.5534368646072,0.08039654317497417,0.1775090657569519,0.11236504597319008,0.3479830112250515,0.050743425975095235,0.26584775471335365,0.3128091599103546,0.4471633470956952,0.40554149281409024,222.11564232229912,195.88435767770088,0.41180300815570087,0.3992799774724796,NPB-P1,synthetic_transfer,True
H-0208,Hitter 208,2015,NPB,NPB-TX,batter,27.5,289.0,73.59048936114105,0.06136484897994414,0.2421751407661521,0.13113869114215776,0.2630262820833929,0.007322108607818453,0.18428560340801878,0.25,0.45744131935049703,0.3337307708903718,139.8864418588586,149.1135581411414,0.3197702810454319,0.34769126073531165,NPB-P1,synthetic_transfer,True
H-0100,Hitter 100,2021,NPB,NPB-TX,batter,29.1,543.0,131.82165046455606,0.048469947441665204,0.16178821592310355,0.1501960728753429,0.3531199672152707,0.014564288687441692,0.28105825476427676,0.2994561977567097,0.48550806959687,0.3732366516346464,281.86483168109936,261.13516831890064,0.36436652434888844,0.3821067789204044,NPB-P1,synthetic_transfer,True
H-0134,Hitter 134,2019,NPB,NPB-TX,batter,25.4,601.0,143.29732817534136,0.0786142570102861,0.17499890933403967,0.12880013686727088,0.2878084616418532,0.02100173207394629,0.21796670619526531,0.27194905875604214,0.45758098303145617,0.3655045756253995,287.6369468977302,313.3630531022698,0.3868855896339477,0.3441235616168513,NPB-P1,synthetic_transfer,True
H-0181,Hitter 181,2021,NPB,NPB-TX,batter,23.8,342.0,95.01939419528455,0.02,0.24442336913279555,0.20619452615828537,0.3043087445093909,0.02107372872300904,0.22700346033809804,0.25,0.5366254006092245,0.37288140581605195,171.9234790947043,170.0765209052957,0.39894388042426815,0.34681893120783575,NPB-P1,synthetic_transfer,True
H-0022,Hitter 22,2019,NPB,NPB-TX,batter,33.3,230.0,55.45009013858088,0.02,0.2624980385019755,0.05612757141155013,0.2526082961390256,0.005,0.1819969479704247,0.25,0.3813884010254527,0.25778306792501154,124.58384324868233,105.41615675131767,0.27324988146026785,0.2423162543897552,NPB-P1,synthetic_transfer,True
H-0155,Hitter 155,2020,NPB,NPB-TX,batter,32.5,631.0,150.81999512063695,0.02,0.24876613870939387,0.07322316855444448,0.25758984675928387,0.005,0.18910841827504665,0.25,0.3989821532303729,0.26892918907069385,317.3275463792535,313.6724536207465,0.2633246029161026,0.2745337752252851,NPB-P1,synthetic_transfer,True
H-0179,Hitter 179,2021,NPB,NPB-TX,batter,29.5,532.0,129.93994061905317,0.029853718597372025,0.2605744502600766,0.127948038165901,0.2936039616445627,0.02995847677265024,0.2128268722107373,0.25,0.4573084343303573,0.34099303968038813,292.5483526289315,239.45164737106847,0.356797895432014,0.32518818392876225,NPB-P1,synthetic_transfer,True
H-0017,Hitter 17,2022,NPB,NPB-TX,batter,31.0,534.0,144.77702618370037,0.02,0.13963591940966452,0.03038826718686266,0.2676099709304555,0.012168912967937859,0.22671514412296934,0.25,0.35714926427990823,0.255329058449578,277.79084027301604,256.20915972698396,0.2526963700459262,0.25796174685322976,NPB-P1,synthetic_transfer,True
H-0099,Hitter 99,2017,NPB,NPB-TX,batter,33.4,325.0,80.82180811275758,0.02,0.2876747965586422,0.04159595327514802,0.2937855273014403,0.005,0.20414512495709625,0.25,0.370974506005292,0.26420270885683556,159.13620933835458,165.86379066164542,0.2303959112248013,0.2980095064888698,NPB-P1,synthetic_transfer,True
H-0199,Hitter 199,2015,NPB,NPB-TX,batter,24.8,186.0,47.51770233432968,0.041403988948487444,0.20705501870189302,0.07570905951949346,0.277203772803344,0.026562380199631603,0.21231435552562838,0.25,0.40342943679982785,0.3115502376605015,101.90744569930047,84.09255430069953,0.30494467040767403,0.31815580491332895,NPB-P1,synthetic_transfer,True
H-0362,NPB Hitter 12,2021,NPB,NPB-TX,batter,31.8,434.0,116.25613193532212,0.05911186923923415,0.23384469666035468,0.09645626371093065,0.2849713509091078,0.02575005273864307,0.20534963047780536,0.25,0.4249533988018414,0.3373442737914423,207.96465036924454,226.03534963075546,0.3281869461587798,0.388791062790989,NPB-P1,synthetic_transfer,True
H-0118,Hitter 118,2016,NPB,NPB-TX,batter,34.1,181.0,50.6434593431263,0.020203484706972287,0.22319151929876754,0.050819941241416845,0.2996411759225531,0.01,0.2282100107085987,0.25,0.38078405883367217,0.27596781855055347,81.89008085115947,99.10991914884053,0.2628726309942801,0.27675886698234226,NPB-P1,synthetic_transfer,True
H-0205,Hitter 205,2023,NPB,NPB-TX,batter,24.8,321.0,86.12150636408647,0.07772330360777316,0.22920820207508147,0.09146156439983774,0.31059438387579547,0.01,0.21676318197615904,0.2714601673863163,0.4225210027874172,0.3424182073018804,174.91429708883902,146.08570291116098,0.31709768209318584,0.37670454288727456,NPB-P1,synthetic_transfer,True
H-0172,Hitter 172,2016,NPB,NPB-TX,batter,25.9,596.0,162.33357103985372,0.07848498673970263,0.15100932842910375,0.07857216094056367,0.2693014036947084,0.02292462031069598,0.21093695552639743,0.26523342297151636,0.4055023013100345,0.3330418288078762,293.86940955049596,302.13059044950404,0.3542758899581995,0.31674151608143963,NPB-P1,synthetic_transfer,True
H-0112,Hitter 112,2022,NPB,NPB-TX,batter,31.1,353.0,84.34428985425295,0.09575802453277386,0.1744969091758757,0.17427263462413345,0.31351640380259715,0.01,0.23028704887635207,0.3016663685214907,0.5056242750043931,0.40161130754712415,164.79026675966438,188.20973324033562,0.40447222610507005,0.40441204270366127,NPB-P1,synthetic_transfer,True
H-0375,NPB Hitter 25,2017,NPB,NPB-TX,batter,26.2,467.0,120.54792158324184,0.04926410186319714,0.14140875420633403,0.06353051761067616,0.28073317979770523,0.025959720028672407,0.2310989406164964,0.2537485862141731,0.39160383559044665,0.31104701694511183,210.26454838316755,256.73545161683245,0.2758938767899755,0.36068591518092513,NPB-P1,synthetic_transfer,True
H-0131,Hitter 131,2021,NPB,NPB-TX,batter,27.1,591.0,141.84065588139197,0.08513110932053083,0.165169329699538,0.07183087704314868,0.3298621288978493,0.04404195881908378,0.25390378704148564,0.3076988532172916,0.4048170899329336,0.37418826694952606,322.83168914906156,268.16831085093844,0.3618834293515716,0.39323930034047216,NPB-P1,synthetic_transfer,True
H-0110,Hitter 110,2016,NPB,NPB-TX,batter,24.2,493.0,122.10412029604619,0.017077814910437045,0.20645229026633127,0.1733770367591434,0.25812328637841586,0.01,0.20192496102567548,0.25,0.499189365396985,0.32665499088728034,223.8444002675614,269.1555997324386,0.3394840611351164,0.35361178004619254,NPB-P1,synthetic_transfer,True
H-0075,Hitter 75,2017,NPB,NPB-TX,batter,29.6,554.0,142.58558035350865,0.07795016252769477,0.15858591957582405,0.10298443580815096,0.3091468088476577,0.024481488546983968,0.23969465717007493,0.2903703530269194,0.43389911669291675,0.3614412762528351,265.4690805604926,288.5309194395074,0.38874305414618293,0.38061259075785425,NPB-P1,synthetic_transfer,True
H-0085,Hitter 85,2022,NPB,NPB-TX,batter,33.7,633.0,154.4936662374309,0.020245970585344532,0.24549611113798167,0.017987470396691227,0.31081114763310563,0.01,0.2297155462382681,0.25,0.3490685851600018,0.26184918979950833,307.4381949180823,325.5618050819177,0.24547614966873046,0.2687873978470623,NPB-P1,synthetic_transfer,True
H-0100,Hitter 100,2019,NPB,NPB-TX,batter,29.6,189.0,48.23203794006906,0.09062420389049024,0.16847891452905148,0.19479767490219313,0.35817350196016523,0.01434470291689145,0.26752133610457235,0.329456871490825,0.5306150250982097,0.4288466222308095,94.91588227330642,94.08411772669358,0.4409741480358942,0.4449350386001719,NPB-P1,synthetic_transfer,True
H-0199,Hitter 199,2018,NPB,NPB-TX,batter,26.1,430.0,112.08547376186544,0.034005123502752935,0.21669495769082361,0.07599267064712786,0.2744692047738698,0.025040278499741275,0.20941579462688545,0.25,0.40343959112451483,0.304200027628469,210.35458990541784,219.64541009458216,0.3323043518033276,0.2936738936385046,NPB-P1,synthetic_transfer,True
H-0150,Hitter 150,2018,NPB,NPB-TX,batter,24.5,379.0,107.3654902963408,0.05312562236333512,0.2707858382692467,0.030656309978719206,0.23249167713554347,0.01,0.15868495840965094,0.25,0.35390547769227354,0.26442099314007034,175.1969839608483,203.8030160391517,0.26668804292339776,0.28275618316761975,NPB-P1,synthetic_transfer,True
H-0046,Hitter 46,2017,NPB,NPB-TX,batter,23.2,266.0,65.25788702249064,0.01961110112506521,0.2855894364462321,0.03036395025745492,0.29697218295132216,0.01,0.20783611307085695,0.25,0.36006116855258713,0.2633682074621086,130.99556982367326,135.00443017632674,0.25983444114389814,0.2636602600849099,NPB-P1,synthetic_transfer,True
H-0179,Hitter 179,2018,NPB,NPB-TX,batter,29.9,265.0,73.22245825196221,0.04559014328170688,0.24886016797464472,0.16069190427232857,0.3238667249531208,0.036361688827334336,0.23395832030919933,0.2512438035682961,0.4930785767676406,0.38637252132516875,140.53283095540544,124.46716904459456,0.39581692864268775,0.390404824444969,NPB-P1,synthetic_transfer,True
H-0090,Hitter 90,2018,NPB,NPB-TX,batter,28.5,539.0,136.29937345978328,0.12116538885003832,0.15481317450729037,0.167773886922376,0.30957164377763735,0.028847170929917947,0.22846358191120597,0.32288824449458475,0.4987310513001397,0.4314039391614328,283.1995256731888,255.80047432681118,0.4332923460997065,0.45445580070383446,NPB-P1,synthetic_transfer,True
H-0218,Hitter 218,2024,NPB,NPB-TX,batter,33.0,632.0,164.3305508622914,0.025482500921858414,0.31543442928055176,0.08692719464206257,0.2777319982419522,0.01,0.1845484579823247,0.25,0.4147003944662578,0.29185390708311854,326.6277896064505,305.3722103935495,0.2971524394322031,0.3073415467705051,NPB-P1,synthetic_transfer,True
H-0174,Hitter 174,2018,NPB,NPB-TX,batter,26.7,613.0,173.77101738381182,0.04707112664683334,0.16509228181832417,0.04399581433915997,0.3453524236694871,0.025020981558158805,0.2758344235757894,0.29194427535469236,0.37853105670610865,0.3205397182259847,278.0997270315145,334.9002729684855,0.3125718011556155,0.33273520905246307,NPB-P1,synthetic_transfer,True
H-0155,Hitter 155,2018,NPB,NPB-TX,batter,33.1,386.0,95.37592262251718,0.019159738280156657,0.24419461169789206,0.09242566041882072,0.24438899585061005,0.01,0.18152809070658463,0.25,0.4168645600038817,0.2787820785741746,201.66734725193737,184.33265274806263,0.2866933234215173,0.2936368166120713,NPB-P1,synthetic_transfer,True
H-0106,Hitter 106,2019,NPB,NPB-TX,batter,23.1,631.0,157.88142518709387,0.040354894437576054,0.2556073974211294,0.04144694165734489,0.3453879382914318,0.01,0.2446661324943465,0.25920441368248787,0.37598573548648806,0.300930022419844,342.3607108358727,288.6392891641273,0.3105078204621994,0.28178955177569587,NPB-P1,synthetic_transfer,True
H-0005,Hitter 5,2022,NPB,NPB-TX,batter,31.6,381.0,97.38791068465797,0.03776321250736078,0.17452940857047117,0.13840313336855717,0.3148462707630215,0.011856028106814258,0.24978513492218102,0.2609692701429038,0.46988776044485936,0.34342259217104937,178.78037947643153,202.21962052356847,0.35201243738036686,0.35172097086587356,NPB-P1,synthetic_transfer,True
H-0149,Hitter 149,2016,NPB,NPB-TX,batter,33.1,304.0,76.90306681785351,0.018812141752963935,0.13335887723864578,0.0690624375469162,0.2627571778195395,0.01,0.22427315032338058,0.25,0.3953381553288702,0.2721178521147175,166.7035942143027,137.2964057856973,0.24989708550995177,0.2956641524246399,NPB-P1,synthetic_transfer,True
H-0200,Hitter 200,2020,NPB,NPB-TX,batter,23.2,634.0,167.23279456785963,0.04611779745980585,0.17935420652797526,0.10748837910484786,0.27265682061715296,0.01,0.21268034087166654,0.25,0.4347540611665632,0.31583095394553395,293.424048784597,340.575951215403,0.3379911638217205,0.30538560667435827,NPB-P1,synthetic_transfer,True
H-0074,Hitter 74,2024,NPB,NPB-TX,batter,24.9,214.0,59.094087897665005,0.03639107526314502,0.21538684607386094,0.11457375551783587,0.2735238339078884,0.027880923119637302,0.20883871003837742,0.25,0.4419261389086247,0.32931549089444573,112.71831483907414,101.28168516092586,0.36556255526739856,0.31827600440754567,NPB-P1,synthetic_transfer,True
H-0070,Hitter 70,2017,NPB,NPB-TX,batter,32.9,373.0,89.96124885415105,0.022352357255338965,0.2584161818245446,0.01800895684558134,0.2927412999848134,0.01,0.21204875285973138,0.25,0.34728308684406267,0.2570110313384917,171.53375127924815,201.46624872075185,0.2404487252847416,0.270164784213743,NPB-P1,synthetic_transfer,True
H-0433,KBO Hitter 33,2022,NPB,NPB-TX,batter,31.2,454.0,122.61994838854521,0.06259010628069822,0.13563896722683086,0.1532762950172462,0.335971434762944,0.01,0.27087212852489034,0.30502502195309955,0.4868734384935406,0.3747050388230046,218.37820509063613,235.62179490936387,0.35829250554566944,0.4125835042282305,NPB-P1,synthetic_transfer,True
H-0413,KBO Hitter 13,2016,NPB,NPB-TX,batter,31.2,408.0,98.46785837982452,0.1091479128730162,0.1531396107088466,0.042161994988024094,0.264208795183525,0.01,0.19641012458629065,0.28456702500067776,0.36858287450637656,0.3210657145687583,189.75759441870056,218.24240558129944,0.3313084578084637,0.31501019115026313,NPB-P1,synthetic_transfer,True
H-0058,Hitter 58,2021,NPB,NPB-TX,batter,29.6,630.0,158.32046791128786,0.0695782812258843,0.18833195494500693,0.15302646854675006,0.322495374986907,0.01,0.24082051666001372,0.28496674621989665,0.48527600604544074,0.374742735804249,317.4634004445491,312.5365995554509,0.37681159471133263,0.3944314969874606,NPB-P1,synthetic_transfer,True
H-0372,NPB Hitter 22,2021,NPB,NPB-TX,batter,26.8,183.0,47.75794261903514,0.09545858734405906,0.19862733672878025,0.1265812178922302,0.30127862667200317,0.031004625555801767,0.21732751717714138,0.28686772835345303,0.4567090805594305,0.38979236331699063,87.70766651154501,95.29233348845499,0.4061173859061653,0.40294962990347805,NPB-P1,synthetic_transfer,True
H-0122,Hitter 122,2021,NPB,NPB-TX,batter,28.5,499.0,139.10258066502277,0.058560328863845344,0.18915285897575282,0.09838438341478375,0.26423128193066886,0.01,0.20027770875667927,0.25,0.4248075116078507,0.31658458975855686,238.5358792767047,260.4641207232953,0.3206218891292766,0.3436351772573354,NPB-P1,synthetic_transfer,True
